Report Number,Local Case Number,Agency Name,ACRS Report Type,Crash Date/Time,Route Type,Road Name,Cross-Street Type,Cross-Street Name,Off-Road Description,Municipality,Related Non-Motorist,Collision Type,Weather,Surface Condition,Light,Traffic Control,Driver Substance Abuse,Non-Motorist Substance Abuse,Person ID,Driver At Fault,Injury Severity,Circumstance,Driver Distracted By,Drivers License State,Vehicle ID,Vehicle Damage Extent,Vehicle Body Type,Vehicle Movement,Latitude,Longitude,Location
MCP29520013,15046431,MONTGOMERY,Property Damage Crash,09/14/2015 08:39:00 AM,Maryland (State),UNIVERSITY BLVD W,Unknown,CROSSOVER,,N/A,,ANGLE MEETS LEFT TURN,CLEAR,DRY,DAYLIGHT,TRAFFIC SIGNAL,NONE DETECTED,,78FE22D9-1807-4F05-9FF9-ED0E8BD49BCC,Unknown,NO APPARENT INJURY,N/A,NOT DISTRACTED,MD,BEE740D8-664E-43D5-8200-EDFCF246A4E8,DISABLING,PASSENGER CAR,MAKING LEFT TURN,39.020745,-77.01454667,"(39.020745, -77.01454667)"
MCP2728002F,16027845,Montgomery County Police,Property Damage Crash,06/03/2016 06:43:00 PM,County,DENNIS AVE,County,LANARK WAY,,N/A,,SAME DIRECTION RIGHT TURN,CLEAR,WET,DAYLIGHT,NO CONTROLS,ALCOHOL PRESENT,,F16FCB8B-2102-4132-80DA-1501062524DC,Yes,NO APPARENT INJURY,"N/A, WET",LOOKED BUT DID NOT SEE,MD,EF32E74C-E1BF-4567-8500-725113C4DED4,DISABLING,PICKUP TRUCK,ACCELERATING,39.02323051,-77.02648491,"(39.02323051, -77.02648491)"
MCP25040010,15057623,MONTGOMERY,Property Damage Crash,11/11/2015 08:31:00 PM,County,GAINSBOROUGH RD,County,HUNTER CREEK TRAIL,,N/A,,SAME DIR REAR END,CLEAR,DRY,DARK LIGHTS ON,N/A,UNKNOWN,,52CFE326-60FE-4C15-99C7-1F0692FABB2A,Yes,NO APPARENT INJURY,N/A,UNKNOWN,MD,668DA91D-1517-4A4E-8291-6F3BB17BF34C,UNKNOWN,(SPORT) UTILITY VEHICLE,MOVING CONSTANT SPEED,39.03344667,-77.17364,"(39.03344667, -77.17364)"
MCP91180009,15056741,MONTGOMERY,Property Damage Crash,11/07/2015 05:10:00 AM,County,FERRARA DR,County,FERRARA CT,,N/A,,OTHER,CLEAR,DRY,DARK LIGHTS ON,N/A,NONE DETECTED,,DAC93CFE-747A-44EA-A6CD-037B6AD2BE1F,Yes,NO APPARENT INJURY,N/A,NOT DISTRACTED,MD,A4DDB11F-2457-484C-AD7E-A7A4EF4019AD,DISABLING,PASSENGER CAR,MOVING CONSTANT SPEED,39.05816667,-77.04842,"(39.05816667, -77.04842)"
MCP2425004D,15004670,Montgomery County Police,Property Damage Crash,01/29/2015 01:00:00 PM,County,INDUSTRIAL PKWY,US (State),COLUMBIA PIKE,,N/A,,STRAIGHT MOVEMENT ANGLE,CLEAR,DRY,DAYLIGHT,TRAFFIC SIGNAL,NONE DETECTED,,A74A7C5C-3875-467A-A59C-5734BA323454,Yes,NO APPARENT INJURY,N/A,NOT DISTRACTED,MD,3DC0EDE2-DB7C-42D3-BD2A-5731B2F6CE8C,DISABLING,(SPORT) UTILITY VEHICLE,MAKING RIGHT TURN,39.05593,-76.97080833,"(39.05593, -76.97080833)"
MCP2016000N,15037305,MONTGOMERY,Property Damage Crash,07/28/2015 01:18:00 PM,,,,,in parking lot of 152 rollins avenue,,,OPPOSITE DIRECTION SIDESWIPE,CLOUDY,,DAYLIGHT,NO CONTROLS,N/A,,61BA8EA8-A7F6-4612-90B6-C796ABB9A540,No,NO APPARENT INJURY,N/A,NOT DISTRACTED,MD,6EF23C51-32DE-4DC5-BA1A-F77495ADFB2E,SUPERFICIAL,"OTHER LIGHT TRUCKS (10,000LBS (4,536KG) OR LESS)",PARKED,39.0585918,-77.12447405,"(39.0585918, -77.12447405)"
MCP2040000F,16009550,Montgomery County Police,Injury Crash,02/26/2016 07:38:00 AM,Maryland (State),DARNESTOWN RD,Maryland (State),BUCKLODGE RD,,N/A,,SINGLE VEHICLE,CLEAR,ICE,DAYLIGHT,N/A,NONE DETECTED,,EB5C8FAE-62BB-4940-8382-84E03E8C089E,Yes,SUSPECTED MINOR INJURY,"ICY OR SNOW-COVERED, V WIPERS|W OTHER ENVIRONMENTAL",NOT DISTRACTED,MD,0D24172A-DC03-4410-91BB-CCD6A33396FD,DESTROYED,(SPORT) UTILITY VEHICLE,MOVING CONSTANT SPEED,39.15700833,-77.37517833,"(39.15700833, -77.37517833)"
DD5567000H,170527226,Rockville Police Departme,Injury Crash,08/27/2017 10:00:00 PM,Maryland (State),W MONTGOMERY AVE,Ramp,RAMP 5 FR IS 270 SB TO MD 28 EB,,N/A,,SAME DIR REAR END,CLEAR,DRY,DARK LIGHTS ON,TRAFFIC SIGNAL,NONE DETECTED,,19C4DEFF-37DA-4F6E-A69E-7AB9E5B7EFE9,Yes,NO APPARENT INJURY,N/A,NOT DISTRACTED,MD,B96E4820-E5C3-447D-AB67-9BCAD9D7890F,DISABLING,PASSENGER CAR,MOVING CONSTANT SPEED,39.08733167,-77.176225,"(39.08733167, -77.176225)"
MCP1378009R,16025594,Montgomery County Police,Property Damage Crash,05/23/2016 12:03:00 PM,County,GOSHEN RD,County,EAST VILLAGE AVE,,N/A,,STRAIGHT MOVEMENT ANGLE,CLOUDY,DRY,DAYLIGHT,TRAFFIC SIGNAL,NONE DETECTED,,0EA3F584-6423-40DE-98E0-7A58F85F761D,Yes,NO APPARENT INJURY,N/A,LOOKED BUT DID NOT SEE,MD,9105F73E-9B63-45C3-B353-F8D64F341F08,FUNCTIONAL,(SPORT) UTILITY VEHICLE,MAKING LEFT TURN,39.190085,-77.18536167,"(39.190085, -77.18536167)"
MCP2504002D,170518529,Montgomery County Police,Injury Crash,07/11/2017 07:03:00 PM,County,PINEY MEETINGHOUSE RD,County,SHADY GROVE RD,,N/A,,OPPOSITE DIRECTION SIDESWIPE,RAINING,WET,DAYLIGHT,NO CONTROLS,NONE DETECTED,,883E15FA-CF09-4242-9483-3BD2D08AB370,Yes,NO APPARENT INJURY,"RAIN, SNOW, WET",NOT DISTRACTED,MD,A7E4412F-EE27-4555-9DB8-588A695F242D,FUNCTIONAL,(SPORT) UTILITY VEHICLE,SKIDDING,39.08370333,-77.21794,"(39.08370333, -77.21794)"
MCP1465002H,16057642,Montgomery County Police,Injury Crash,11/08/2016 05:00:00 PM,County,BELLS MILL RD,County,GAINSBOROUGH RD,,N/A,,SAME DIR REAR END,CLEAR,DRY,DARK LIGHTS ON,STOP SIGN,NONE DETECTED,,C7485294-6D99-441F-8FD0-89060FC1295E,Yes,POSSIBLE INJURY,N/A,OTHER DISTRACTION,MD,252BBD06-3F58-469D-A668-23F615098F01,DISABLING,(SPORT) UTILITY VEHICLE,MOVING CONSTANT SPEED,39.030465,-77.17294,"(39.030465, -77.17294)"
MCP2805001T,16007800,Montgomery County Police,Injury Crash,02/16/2016 03:39:00 PM,County,SNOUFFERS SCHOOL RD,County,CHERRY LAUREL LA,,N/A,,SAME DIR REAR END,CLEAR,WET,DAYLIGHT,TRAFFIC SIGNAL,NONE DETECTED,,2FA5E27A-5B05-4036-A0EF-FC4836DCE695,No,POSSIBLE INJURY,"N/A, WET",NOT DISTRACTED,MD,284F608C-3D81-402A-8484-D81350465DDD,SUPERFICIAL,(SPORT) UTILITY VEHICLE,STOPPED IN TRAFFIC LANE,39.16271333,-77.16594667,"(39.16271333, -77.16594667)"
MCP1064003L,15055149,MONTGOMERY,Property Damage Crash,10/30/2015 09:23:00 AM,Maryland (State),COLESVILLE RD,Maryland (State),EAST WEST HWY,,N/A,,OTHER,CLEAR,DRY,DAYLIGHT,TRAFFIC SIGNAL,N/A,,B507918F-DA86-4210-A151-A1D655A1CD76,No,NO APPARENT INJURY,N/A,NOT DISTRACTED,DC,9CBD1193-E2C2-46B3-95E6-5549B203E055,SUPERFICIAL,TRANSIT BUS,MAKING RIGHT TURN,38.99389,-77.03259667,"(38.99389, -77.03259667)"
MCP0704000M,15059022,MONTGOMERY,Property Damage Crash,12/03/2015 07:29:00 AM,County,FALLS CHAPEL WAY,Maryland (State),FALLS RD,,N/A,,HEAD ON LEFT TURN,N/A,DRY,DAYLIGHT,TRAFFIC SIGNAL,NONE DETECTED,,845E51AE-02EF-48A4-8024-5C4F3868F2C6,No,NO APPARENT INJURY,N/A,NOT DISTRACTED,MD,0D4A843D-C047-4AD9-8DAE-4EB2DF109039,FUNCTIONAL,PASSENGER CAR,MOVING CONSTANT SPEED,39.05043667,-77.18796333,"(39.05043667, -77.18796333)"
MCP2971000K,15035942,MONTGOMERY,Property Damage Crash,07/21/2015 05:35:00 PM,US (State),COLESVILLE RD,County,SPRING ST,,N/A,,SAME DIR REAR END,CLEAR,DRY,DAYLIGHT,NO CONTROLS,NONE DETECTED,,F2A9707A-E32F-4505-8EDB-5B0B07928455,No,NO APPARENT INJURY,N/A,NOT DISTRACTED,VA,F29CDB69-78BA-4E58-BAFD-D55154F58EC9,SUPERFICIAL,(SPORT) UTILITY VEHICLE,STOPPED IN TRAFFIC LANE,38.99942333,-77.02649167,"(38.99942333, -77.02649167)"
MCP29860009,16006400,Montgomery County Police,Property Damage Crash,02/07/2016 04:49:00 PM,County,FENTON ST,County,SILVER SPRING AVE,,N/A,,SAME DIRECTION SIDESWIPE,CLEAR,DRY,DAYLIGHT,TRAFFIC SIGNAL,NONE DETECTED,,9FDB8954-CD03-4C3A-9047-B2A69A25F34E,No,NO APPARENT INJURY,N/A,NOT DISTRACTED,MD,E890265C-E680-43C2-9987-E8353BD39103,SUPERFICIAL,PASSENGER CAR,STOPPED IN TRAFFIC LANE,38.99017833,-77.02298833,"(38.99017833, -77.02298833)"
MCP1433000K,16019062,Montgomery County Police,Injury Crash,04/18/2016 06:36:00 PM,County,SHADY GROVE RD,Municipality,CHOKE CHERRY RD,,ROCKVILLE,,SAME DIR REAR END,CLEAR,DRY,DAYLIGHT,TRAFFIC SIGNAL,NONE DETECTED,,CE74BBCF-CCD3-4D52-917C-F161351D0CFB,Yes,NO APPARENT INJURY,N/A,DISTRACTED BY OUTSIDE PERSON OBJECT OR EVENT,MD,F6AD5CA8-13ED-4CAD-8650-5919ED024061,FUNCTIONAL,(SPORT) UTILITY VEHICLE,SLOWING OR STOPPING,39.115525,-77.184959,"(39.115525, -77.184959)"
MCP0936001T,16035609,Montgomery County Police,Property Damage Crash,07/14/2016 09:44:00 AM,Maryland (State),ROCKVILLE PIKE,County,OLD GEORGETOWN RD,,N/A,,SAME DIRECTION SIDESWIPE,CLEAR,DRY,DAYLIGHT,YIELD SIGN,NONE DETECTED,,82D10B8D-4D0A-4413-818F-ACAB3DE496C9,Yes,NO APPARENT INJURY,N/A,LOOKED BUT DID NOT SEE,DC,852D32E8-74FD-47E9-AE9D-5C284D97F600,DISABLING,PASSENGER CAR,MAKING RIGHT TURN,39.04916677,-77.11421996,"(39.04916677, -77.11421996)"
MCP1378009B,16021149,Montgomery County Police,Injury Crash,04/29/2016 05:08:00 PM,Maryland (State),FREDERICK RD,Municipality,WALKER AVE,,GAITHERSBURG,,SAME DIR REAR END,CLOUDY,DRY,DAYLIGHT,NO CONTROLS,NONE DETECTED,,E0AFBAC9-AF8F-4469-BA04-DD4936995B1E,No,POSSIBLE INJURY,N/A,NOT DISTRACTED,MD,822A413E-866C-4985-98AF-00B0D00DD25B,FUNCTIONAL,PASSENGER CAR,STOPPED IN TRAFFIC LANE,39.14330013,-77.20076144,"(39.14330013, -77.20076144)"
MCP24560012,16047355,Montgomery County Police,Property Damage Crash,09/15/2016 01:16:00 PM,Maryland (State),PINEY BRANCH RD,Maryland (State),UNIVERSITY BLVD E,,N/A,,SAME DIR REAR END,CLEAR,DRY,DAYLIGHT,TRAFFIC SIGNAL,UNKNOWN,,92F51DA3-FBD8-4B36-A1F8-0E701F404DDA,Yes,NO APPARENT INJURY,N/A,UNKNOWN,XX,900278D9-EEF1-491C-B657-A88CB017F3C8,SUPERFICIAL,PASSENGER CAR,ACCELERATING,38.99942,-76.99582167,"(38.99942, -76.99582167)"
MCP94420013,170524637,Montgomery County Police,Property Damage Crash,08/12/2017 09:30:00 PM,County,CLUB HOUSE RD,County,WATKINS MILL RD,,N/A,,OTHER,CLEAR,DRY,DARK LIGHTS ON,N/A,UNKNOWN,,6082F2EF-3914-4494-A11C-AFAF35DB25C5,No,NO APPARENT INJURY,N/A,NOT DISTRACTED,MD,961EC6C1-6AF8-49A1-9423-44865EB36AA4,FUNCTIONAL,PASSENGER CAR,PARKING,39.17408926,-77.20814824,"(39.17408926, -77.20814824)"
MCP2789000M,15008232,Montgomery County Police,Property Damage Crash,02/19/2015 05:06:00 PM,US (State),COLESVILLE RD,County,DALE DR,,N/A,,SAME DIR REAR END,CLEAR,N/A,DAYLIGHT,TRAFFIC SIGNAL,N/A,,995B9922-E06F-48E9-8396-55801657A339,Yes,NO APPARENT INJURY,N/A,NOT DISTRACTED,MD,65F3FB30-C69B-48FC-9D92-D7EB310447F7,FUNCTIONAL,PASSENGER CAR,MOVING CONSTANT SPEED,39.00714667,-77.01820667,"(39.00714667, -77.01820667)"
MCP2291001B,15047173,MONTGOMERY,Property Damage Crash,09/17/2015 06:19:00 PM,County,GRUBB RD,County,COLSTON DR,,N/A,,STRAIGHT MOVEMENT ANGLE,CLEAR,DRY,DAYLIGHT,STOP SIGN,NONE DETECTED,,3C0039AB-D569-4673-AF2A-0368D8BBA1EC,No,NO APPARENT INJURY,N/A,NOT DISTRACTED,DC,8C1AD6FF-9654-4CBD-B3DA-B66FD10302BA,DISABLING,PASSENGER CAR,MOVING CONSTANT SPEED,38.99309333,-77.050815,"(38.99309333, -77.050815)"
MCP2973000S,15052559,MONTGOMERY,Property Damage Crash,10/16/2015 02:59:00 PM,Maryland (State),VEIRS MILL RD,County,GRIDLEY RD,,N/A,,STRAIGHT MOVEMENT ANGLE,CLEAR,DRY,DAYLIGHT,TRAFFIC SIGNAL,NONE DETECTED,,6C08A107-859D-4D62-8946-187F1923128F,Yes,NO APPARENT INJURY,N/A,LOOKED BUT DID NOT SEE,MD,E3C0DBA6-455B-4DEC-94DB-585EC8E04CC7,DISABLING,PASSENGER CAR,MOVING CONSTANT SPEED,39.05721718,-77.08445549,"(39.05721718, -77.08445549)"
MCP9118000P,16065617,Montgomery County Police,Property Damage Crash,12/22/2016 03:56:00 AM,Maryland (State),UNIVERSITY BLVD W,County,AMHERST AVE,,N/A,,STRAIGHT MOVEMENT ANGLE,CLEAR,DRY,DARK LIGHTS ON,FLASHING TRAFFIC SIGNAL,NONE DETECTED,,1ED45A31-CD11-40C4-B387-897C455EFC8E,No,NO APPARENT INJURY,N/A,NOT DISTRACTED,MD,B8197784-ACF8-4D1C-A8BE-1D5EE4869A9F,FUNCTIONAL,PASSENGER CAR,MOVING CONSTANT SPEED,39.058405,-77.04852167,"(39.058405, -77.04852167)"
MCP2251001Q,16065293,Montgomery County Police,Property Damage Crash,12/20/2016 04:36:00 PM,Maryland (State),GEORGIA AVE,County,WINDHAM LA,,N/A,,SAME DIRECTION LEFT TURN,CLEAR,DRY,DUSK,TRAFFIC SIGNAL,NONE DETECTED,,434952A8-6C72-44BF-9EA5-9811DC254529,No,NO APPARENT INJURY,N/A,NOT DISTRACTED,NC,002989BE-E8DC-4C98-992B-F549BE310FF4,FUNCTIONAL,PASSENGER CAR,MAKING LEFT TURN,39.03130833,-77.04823167,"(39.03130833, -77.04823167)"
MCP2780002C,17004934,Montgomery County Police,Property Damage Crash,01/28/2017 01:52:00 PM,Maryland (State),FREDERICK RD,County,GUNNERS BRANCH RD,,N/A,,SAME DIRECTION LEFT TURN,CLEAR,DRY,DAYLIGHT,TRAFFIC SIGNAL,NONE DETECTED,,F01E0C36-2936-49B5-8680-C52643F39472,Yes,NO APPARENT INJURY,N/A,NOT DISTRACTED,MD,8387F32F-6A66-4111-9A1E-2A119F28440A,FUNCTIONAL,PASSENGER CAR,ACCELERATING,39.17734333,-77.238605,"(39.17734333, -77.238605)"
MCP1550001F,15039312,MONTGOMERY,Injury Crash,08/07/2015 05:03:00 PM,Maryland (State),CONNECTICUT AVE,Maryland (State),KNOWLES AVE,,N/A,,SAME DIR REAR END,CLEAR,DRY,DAYLIGHT,TRAFFIC SIGNAL,NONE DETECTED,,3CCF21A6-980A-4BF8-A7C8-AD3D444A1AE6,Yes,NO APPARENT INJURY,N/A,NOT DISTRACTED,MD,2BD396A7-3A75-48A2-8F1F-316078D599FB,SUPERFICIAL,ALL TERRAIN VEHICLE (ATV),MOVING CONSTANT SPEED,39.027145,-77.07671667,"(39.027145, -77.07671667)"
MCP2723001F,16014034,MONTGOMERY,Property Damage Crash,03/22/2016 02:27:00 PM,Maryland (State),NORBECK RD,Maryland (State),GEORGIA AVE,,N/A,,SAME DIR REAR END,CLEAR,DRY,DAYLIGHT,TRAFFIC SIGNAL,N/A,,D7FC182C-F483-4429-8183-186D9ED6C4CE,Yes,NO APPARENT INJURY,N/A,INATTENTIVE OR LOST IN THOUGHT,MD,B0B261BF-7D90-4B3D-B48F-B31CC476B48D,SUPERFICIAL,PASSENGER CAR,SLOWING OR STOPPING,39.081945,-77.14772833,"(39.081945, -77.14772833)"
MCP1553001X,170512646,Montgomery County Police,Property Damage Crash,06/09/2017 09:57:00 AM,,,,,PARKING LOT OF 6900 ARLINGTON ROAD,,,OTHER,CLEAR,,DAYLIGHT,N/A,NONE DETECTED,,E951F1E7-59DC-49CF-A306-E83D3686695B,No,NO APPARENT INJURY,N/A,NOT DISTRACTED,MD,C7A3A68D-2E53-4A68-AAE8-834C1B3B1294,FUNCTIONAL,VAN,PARKED,38.97833833,-77.09900667,"(38.97833833, -77.09900667)"
MCP13090003,16064320,Montgomery County Police,Property Damage Crash,12/15/2016 08:30:00 AM,County,SNOWDEN FARM PKWY,Unknown,FOREMAN BLVD,,N/A,,SAME DIRECTION SIDESWIPE,CLEAR,DRY,DAYLIGHT,OTHER,UNKNOWN,,6080BEE4-A0FA-4E06-8C52-FCB398C1E8E5,Yes,NO APPARENT INJURY,N/A,NOT DISTRACTED,,B7294EAF-A1A6-4FA0-BC66-0D23D0F453C0,FUNCTIONAL,,MOVING CONSTANT SPEED,39.22946078,-77.25242615,"(39.22946078, -77.25242615)"
MCP2504001S,16055164,Montgomery County Police,Injury Crash,10/26/2016 05:20:00 PM,Interstate (State),EISENHOWER MEMORIAL HWY,Ramp,RAMP 6 FR IS 270 EB TO MD 355 SB,,N/A,,SAME DIR REAR END,CLEAR,DRY,DUSK,NO CONTROLS,NONE DETECTED,,9398F605-CDA4-428D-B0A3-810996C18EAF,No,NO APPARENT INJURY,N/A,NOT DISTRACTED,MD,9F81AB7B-B94F-4D49-9A3A-4BEF1E1B4080,FUNCTIONAL,VAN,SLOWING OR STOPPING,39.025048,-77.108609,"(39.025048, -77.108609)"
MCP2466001T,17002281,Montgomery County Police,Property Damage Crash,01/13/2017 04:31:00 PM,County,EDNOR RD,Other Public Roadway,HAW LA,,N/A,,SAME DIR REAR END,CLEAR,WET,DAYLIGHT,NO CONTROLS,NONE DETECTED,,14563798-C867-4D39-A76F-FBA77621317E,No,NO APPARENT INJURY,"ANIMAL, N/A",NOT DISTRACTED,MD,952DB96C-BBB8-432C-95B6-9A603C290B9E,FUNCTIONAL,PASSENGER CAR,STOPPED IN TRAFFIC LANE,39.138415,-76.98949333,"(39.138415, -76.98949333)"
MCP2635003L,17005256,Montgomery County Police,Property Damage Crash,01/30/2017 04:31:00 PM,County,BROOKEVILLE RD,County,GRAYHEAVEN MANOR RD,,N/A,,STRAIGHT MOVEMENT ANGLE,CLEAR,DRY,DAYLIGHT,STOP SIGN,N/A,,A48CFD78-3D4F-4F60-A69B-5F6186E093CC,No,NO APPARENT INJURY,N/A,NOT DISTRACTED,MD,4604AE64-5E52-47D7-999A-F00511DB4741,DISABLING,PASSENGER CAR,MOVING CONSTANT SPEED,39.18072667,-77.07571,"(39.18072667, -77.07571)"
MCP2818002H,17012975,Montgomery County Police,Property Damage Crash,03/12/2017 03:16:00 PM,County,SILVER SPRING AVE,County,NOLTE AVE,,N/A,,OPPOSITE DIRECTION SIDESWIPE,CLEAR,DRY,DAYLIGHT,NO CONTROLS,NONE DETECTED,,B639C705-F349-45FC-9983-5B4CFC094F86,Yes,NO APPARENT INJURY,N/A,NOT DISTRACTED,MD,DBD90C54-D492-4B00-808D-9E11098DB729,SUPERFICIAL,TRANSIT BUS,SLOWING OR STOPPING,38.99266,-77.01323667,"(38.99266, -77.01323667)"
MCP27020011,15053892,MONTGOMERY,Property Damage Crash,10/23/2015 06:27:00 PM,Maryland (State),BURLINGTON AVE,US (State),GEORGIA AVE,,N/A,,SAME DIRECTION SIDESWIPE,CLEAR,DRY,DUSK,TRAFFIC SIGNAL,NONE DETECTED,,BBF88AD3-D768-4760-A88C-A4E62D55D5B8,No,NO APPARENT INJURY,N/A,NOT DISTRACTED,MD,5CB965A1-AFD9-4BD6-8B02-3CC64C5473B3,SUPERFICIAL,PICKUP TRUCK,ACCELERATING,38.98731833,-77.02578667,"(38.98731833, -77.02578667)"
MCP1554001M,16055171,Montgomery County Police,Injury Crash,10/26/2016 06:22:00 PM,County,MUDDY BRANCH RD,Other Public Roadway,FORREST LANDING WAY,,N/A,,HEAD ON LEFT TURN,CLEAR,DRY,DARK LIGHTS ON,NO CONTROLS,NONE DETECTED,,DF9B78A3-80C8-4832-97D9-8670C4D793D3,No,NO APPARENT INJURY,N/A,NOT DISTRACTED,MD,8E87113A-EDC3-4CEE-A556-B3FAB4C48F75,DISABLING,PASSENGER CAR,MOVING CONSTANT SPEED,39.10172,-77.22113167,"(39.10172, -77.22113167)"
MCP2330000K,15062908,MONTGOMERY,Property Damage Crash,12/09/2015 04:33:00 PM,Maryland (State),GEORGIA AVE,County,LINDELL ST,,N/A,,SAME DIR REAR END,FOGGY,DRY,DAYLIGHT,NO CONTROLS,NONE DETECTED,,892E7E6E-B533-4796-B83C-8404AC7D2D52,Yes,NO APPARENT INJURY,N/A,NOT DISTRACTED,MD,9DF8CA42-8E8D-46F1-B8A6-312330338605,FUNCTIONAL,PASSENGER CAR,SLOWING OR STOPPING,39.05456667,-77.05038833,"(39.05456667, -77.05038833)"
MCP9442000M,16061235,Montgomery County Police,Injury Crash,11/29/2016 02:19:00 PM,Maryland (State),FREDERICK RD,Maryland (State),MONTGOMERY VILLAGE AVE,,N/A,,OTHER,RAINING,WET,DAYLIGHT,NO CONTROLS,NONE DETECTED,,A1FE5EBF-C27C-4872-BBA8-1E4E5E63540D,No,NO APPARENT INJURY,N/A,NOT DISTRACTED,MD,9EE96016-5DE0-463E-B477-3A2AB55AB69B,FUNCTIONAL,PASSENGER CAR,MOVING CONSTANT SPEED,39.15204167,-77.21155167,"(39.15204167, -77.21155167)"
DD5508002B,16046780,Rockville Police Departme,Property Damage Crash,09/12/2016 06:08:00 PM,Municipality,S STONESTREET AVE,Municipality,READING TERR,,ROCKVILLE,,SAME DIR REAR END,CLEAR,DRY,DAYLIGHT,N/A,NONE DETECTED,,5D8E8682-E69C-4BF3-88F9-B9477945B2D0,No,NO APPARENT INJURY,N/A,NOT DISTRACTED,MD,850BF2BC-AA8F-4979-9D79-2BCE16B1D73B,FUNCTIONAL,PASSENGER CAR,MAKING LEFT TURN,39.08540833,-77.14498167,"(39.08540833, -77.14498167)"
MCP30050028,170512483,Montgomery County Police,Property Damage Crash,06/08/2017 01:05:00 PM,,,,,PARKING LOT OF 2800 UNIVERSITY BLVD W,,,STRAIGHT MOVEMENT ANGLE,CLEAR,,DAYLIGHT,NO CONTROLS,NONE DETECTED,,38CDA92F-44A2-404B-88B8-6BA5AE71861E,Yes,NO APPARENT INJURY,N/A,LOOKED BUT DID NOT SEE,MD,3A90C76D-D66E-4518-8216-D38344666182,SUPERFICIAL,PASSENGER CAR,BACKING,39.03838945,-77.05731824,"(39.03838945, -77.05731824)"
DD56110013,16004529,Rockville Police Departme,Property Damage Crash,01/28/2016 10:21:00 AM,County,GLEN MILL RD,County,DARNESTOWN RD,,N/A,,OTHER,SNOW,WET,DAYLIGHT,TRAFFIC SIGNAL,NONE DETECTED,,96E07C2D-6FA7-4A1F-8605-E892467063A7,No,NO APPARENT INJURY,"N/A, RAIN, SNOW",NOT DISTRACTED,MD,7810EF1E-941E-4964-A7D7-39C37EFCA349,FUNCTIONAL,PASSENGER CAR,MAKING RIGHT TURN,39.09249833,-77.19433333,"(39.09249833, -77.19433333)"
MCP2891003W,170516957,Montgomery County Police,Injury Crash,07/02/2017 01:53:00 PM,County,MCKENNEY AVE,County,HILDAROSE DR,,N/A,,OPPOSITE DIRECTION SIDESWIPE,CLEAR,DRY,DAYLIGHT,N/A,NONE DETECTED,,63FABB77-A06A-489C-8B95-FB86EB6A95BA,Yes,NO APPARENT INJURY,N/A,EATING OR DRINKING,MD,927339E9-937F-4272-8F1C-40DC68D7F0B7,DISABLING,PASSENGER CAR,MOVING CONSTANT SPEED,39.02051317,-77.04677317,"(39.02051317, -77.04677317)"
MCP2286000K,15048625,MONTGOMERY,Property Damage Crash,09/25/2015 11:50:00 AM,County,REDLAND RD,County,BRIARDALE RD,,N/A,,SAME DIR REAR END,CLEAR,DRY,DAYLIGHT,NO CONTROLS,NONE DETECTED,,5C0DBDBF-A036-4C40-8B6E-DA0EBC95DBB0,Yes,NO APPARENT INJURY,N/A,NOT DISTRACTED,MD,CE4D0061-FB0B-424B-8E86-AA628AA9CB3C,FUNCTIONAL,PASSENGER CAR,SKIDDING,39.12942773,-77.14919329,"(39.12942773, -77.14919329)"
DD5594002F,16054534,Rockville Police Departme,Injury Crash,10/23/2016 10:05:00 AM,Municipality,BALTIMORE RD,Municipality,MAPLE AVE,,ROCKVILLE,,OTHER,CLEAR,DRY,DAYLIGHT,N/A,NONE DETECTED,,2E981342-0D54-4B24-96C8-AEC202597871,Yes,POSSIBLE INJURY,N/A,NOT DISTRACTED,MD,ECF4D6AD-706E-4654-BA07-8057F9575C59,DISABLING,PASSENGER CAR,MOVING CONSTANT SPEED,39.0841,-77.14041833,"(39.0841, -77.14041833)"
MCP2653000X,16019720,Montgomery County Police,Injury Crash,04/21/2016 10:08:00 PM,Maryland (State),UNIVERSITY BLVD E,County,WILLIAMSBURG DR,,N/A,,SAME DIR REAR END,CLEAR,DRY,DARK LIGHTS ON,TRAFFIC SIGNAL,NONE DETECTED,,6CA7AA2F-77FE-43C1-B7C1-3DCCD3E0221C,No,SUSPECTED MINOR INJURY,N/A,NOT DISTRACTED,MD,B4138ECD-ECD3-43A1-960D-7D6FBF1712BC,SUPERFICIAL,PASSENGER CAR,SLOWING OR STOPPING,39.02006,-77.01242833,"(39.02006, -77.01242833)"
MCP2425005T,15054278,MONTGOMERY,Injury Crash,10/26/2015 08:29:00 AM,Maryland (State),UNIVERSITY BLVD E,Ramp,RAMP 4 FR MD 193 NB TO IS 495 EB,,N/A,,SAME DIRECTION LEFT TURN,CLOUDY,DRY,DAYLIGHT,NO CONTROLS,NONE DETECTED,,499AF248-1A2D-413D-859A-B04B22EA698A,No,NO APPARENT INJURY,N/A,NOT DISTRACTED,MD,3A5118CB-71B0-4FE1-9097-6B79836A903D,SUPERFICIAL,"MEDIUM/HEAVY TRUCKS 3 AXLES (OVER 10,000LBS (4,536KG))",MOVING CONSTANT SPEED,39.01437833,-77.00425833,"(39.01437833, -77.00425833)"
MCP0899001F,16041237,Montgomery County Police,Injury Crash,08/14/2016 03:30:00 PM,Maryland (State),WISCONSIN AVE,Maryland (State),BRADLEY LA,,N/A,,SAME DIR REAR END,CLEAR,DRY,OTHER,TRAFFIC SIGNAL,NONE DETECTED,,411E652E-8EDC-4E3A-909D-D5F7C751DBC7,Yes,POSSIBLE INJURY,N/A,LOOKED BUT DID NOT SEE,MD,8430A69D-E9E9-4B75-94C4-B87A2830411B,FUNCTIONAL,PASSENGER CAR,ACCELERATING,38.97796042,-77.09115028,"(38.97796042, -77.09115028)"