Report Number,Local Case Number,Agency Name,ACRS Report Type,Crash Date/Time,Route Type,Road Name,Cross-Street Type,Cross-Street Name,Off-Road Description,Municipality,Related Non-Motorist,Collision Type,Weather,Surface Condition,Light,Traffic Control,Driver Substance Abuse,Non-Motorist Substance Abuse,Person ID,Driver At Fault,Injury Severity,Circumstance,Driver Distracted By,Drivers License State,Vehicle ID,Vehicle Damage Extent,Vehicle Body Type,Vehicle Movement,Latitude,Longitude,Location
MCP1268000J,170517726,Montgomery County Police,Property Damage Crash,07/06/2017 10:35:00 PM,Municipality,WOOTTON PKWY,Maryland (State),ROCKVILLE PIKE,,N/A,,SINGLE VEHICLE,RAINING,WET,DARK LIGHTS ON,N/A,NONE DETECTED,,D6A10DC3-B894-4EBA-9728-0D5B2B750A5C,Yes,NO APPARENT INJURY,"RAIN, SNOW, WET",UNKNOWN,MD,0DF88566-2088-45F3-9981-574C34B5F196,DISABLING,PASSENGER CAR,ACCELERATING,39.077425,-77.13915333,"(39.077425, -77.13915333)"
DD5616000G,15061691,ROCKVILLE,Property Damage Crash,12/03/2015 08:44:00 AM,Municipality,RESEARCH BLVD,Maryland (State),W MONTGOMERY AVE,,N/A,,SAME DIR REAR END,CLEAR,DRY,DAYLIGHT,NO CONTROLS,NONE DETECTED,,BD9E82F3-F3BB-4639-9077-3623DD910ABD,Yes,NO APPARENT INJURY,N/A,NOT DISTRACTED,MD,8D6EF916-A4DD-445A-A235-DE39412CDEA6,DISABLING,PASSENGER CAR,ACCELERATING,39.09221589,-77.1787405,"(39.09221589, -77.1787405)"
MCP11680009,15039762,MONTGOMERY,Injury Crash,08/10/2015 01:08:00 PM,Maryland (State),GEORGIA AVE,County,QUEEN ELIZABETH DR,,N/A,PEDESTRIAN,SINGLE VEHICLE,CLOUDY,DRY,DAYLIGHT,TRAFFIC SIGNAL,NONE DETECTED,NONE DETECTED,A371D8FF-053A-4F3F-980E-ABB71E91D90F,Yes,NO APPARENT INJURY,N/A,LOOKED BUT DID NOT SEE,MD,3270209E-DE35-40A4-BD54-FCF901A44781,NO DAMAGE,PASSENGER CAR,ACCELERATING,39.15919833,-77.064625,"(39.15919833, -77.064625)"
MCP2046004J,15059038,MONTGOMERY,Injury Crash,11/19/2015 09:17:00 AM,County,SOUTHWOOD AVE,County,EASTWOOD AVE,,N/A,,SAME DIR REAR END,RAINING,WET,DAYLIGHT,NO CONTROLS,NONE DETECTED,,A5A8D481-979B-4DF6-AF19-60665A5A36FA,No,SUSPECTED MINOR INJURY,"N/A, WET",NOT DISTRACTED,MD,0D2E3C25-07B0-4381-8733-6E0BE01E631A,SUPERFICIAL,PASSENGER CAR,STOPPED IN TRAFFIC LANE,39.02600189,-77.01154232,"(39.02600189, -77.01154232)"
MCP2870001L,16031202,Montgomery County Police,Property Damage Crash,06/20/2016 05:43:00 PM,County,PARKMAN RD,County,RODNEY RD,,N/A,,STRAIGHT MOVEMENT ANGLE,CLEAR,DRY,DAYLIGHT,N/A,N/A,,CD4DA0EE-AF5B-4083-A39D-CA116967D4A1,Yes,NO APPARENT INJURY,N/A,UNKNOWN,MD,5B246DC6-6350-404D-A848-C6C521E89208,FUNCTIONAL,PASSENGER CAR,ACCELERATING,39.02516007,-76.98340058,"(39.02516007, -76.98340058)"
MCP2713000N,16006937,Montgomery County Police,Property Damage Crash,02/10/2016 03:24:00 PM,Maryland (State),GEORGIA AVE,County,REEDIE DR,,N/A,,STRAIGHT MOVEMENT ANGLE,CLEAR,DRY,DAYLIGHT,TRAFFIC SIGNAL,N/A,,3A7F9403-84E9-4BD1-8267-5E07E247E80B,No,NO APPARENT INJURY,N/A,NOT DISTRACTED,MD,1085968D-D2E3-4252-A1FD-43E4E0F7A57C,SUPERFICIAL,TRANSIT BUS,SLOWING OR STOPPING,39.03884167,-77.05096333,"(39.03884167, -77.05096333)"
MCP28940034,16060552,Montgomery County Police,Injury Crash,11/25/2016 12:17:00 PM,Maryland (State),OLD GEORGETOWN RD,Ramp,RAMP 1 FR MD 187 NB TO RAMP 8 (TO IS495),,N/A,,STRAIGHT MOVEMENT ANGLE,CLOUDY,DRY,DAYLIGHT,TRAFFIC SIGNAL,NONE DETECTED,,E3EBC3F8-3BE6-40CE-A78A-A1ADB95B754C,No,NO APPARENT INJURY,N/A,NOT DISTRACTED,MD,2399FE46-AF38-4D9C-BB37-4D5C21385BF1,FUNCTIONAL,AMBULANCE/EMERGENCY,SLOWING OR STOPPING,39.01497333,-77.119195,"(39.01497333, -77.119195)"
MCP28790017,17008879,Montgomery County Police,Property Damage Crash,02/18/2017 04:38:00 PM,Maryland (State),FREDERICK RD,Municipality,REDLAND BLVD,,ROCKVILLE,,SAME DIR REAR END,CLEAR,DRY,DAYLIGHT,TRAFFIC SIGNAL,NONE DETECTED,,C2E40854-B5C3-4229-AADC-3B8ECC44E3C5,No,NO APPARENT INJURY,N/A,NOT DISTRACTED,MD,1D2CD034-395F-4FCF-AD59-D37784F63155,SUPERFICIAL,PASSENGER CAR,SLOWING OR STOPPING,39.11530667,-77.166345,"(39.11530667, -77.166345)"
MCP2286000R,15050750,MONTGOMERY,Injury Crash,10/07/2015 06:55:00 AM,County,DARNESTOWN RD,County,TRAVILLE  GATEWAY DR,,N/A,,HEAD ON LEFT TURN,CLEAR,DRY,DUSK,TRAFFIC SIGNAL,NONE DETECTED,,C2581E8E-6AF6-46A1-BEDA-DFCE96EEF911,No,POSSIBLE INJURY,N/A,NOT DISTRACTED,MD,D6EC6B24-4B98-4231-8503-78D46799F09C,DISABLING,PASSENGER CAR,MAKING LEFT TURN,39.09611333,-77.20155833,"(39.09611333, -77.20155833)"
MCP2162002C,170518023,Montgomery County Police,Injury Crash,07/08/2017 05:36:00 PM,County,HINES RD,Unknown,HINES CT,,N/A,,SINGLE VEHICLE,CLEAR,DRY,DAYLIGHT,N/A,N/A,,4AEC9DF5-F7A7-4346-B930-AD2C35A9E200,Yes,POSSIBLE INJURY,N/A,OTHER ELECTRONIC DEVICE (NAVIGATIONAL PALM PILOT),MD,95A84124-BD8B-4962-93D0-A3D6F916A83F,DESTROYED,PASSENGER CAR,MOVING CONSTANT SPEED,39.14107333,-77.08905333,"(39.14107333, -77.08905333)"
MCP2867004M,170527282,Montgomery County Police,Injury Crash,08/28/2017 08:45:00 AM,US (State),COLUMBIA PIKE,County,OAK LEAF DR,,N/A,,SAME DIR REAR END,CLEAR,DRY,DAYLIGHT,N/A,NONE DETECTED,,38FA60E7-A5E2-437E-9CD6-AA7A540E4C03,Yes,NO APPARENT INJURY,N/A,UNKNOWN,MD,1B0C0FD3-A9BD-44D2-B516-33EC057DDD44,DISABLING,PASSENGER CAR,SLOWING OR STOPPING,39.04196667,-76.99420667,"(39.04196667, -76.99420667)"
MCP3055000C,170527482,Montgomery County Police,Property Damage Crash,08/29/2017 08:07:00 AM,Maryland (State),NEW HAMPSHIRE AVE,County,GOOD HOPE RD,,N/A,,SAME DIRECTION RIGHT TURN,RAINING,WET,DAYLIGHT,TRAFFIC SIGNAL,N/A,,DF482C2B-F3F1-42D5-8AC7-35DD62DC6E44,Yes,NO APPARENT INJURY,"RAIN, SNOW, WET",LOOKED BUT DID NOT SEE,MD,3B975584-1F32-48FD-94D8-1B4CC300E3C0,FUNCTIONAL,PASSENGER CAR,CHANGING LANES,39.09441667,-77.00143,"(39.09441667, -77.00143)"
MCP2963000V,16053986,Montgomery County Police,Injury Crash,10/20/2016 12:19:00 PM,County,FLOWER AVE,County,ARLISS ST,,N/A,,OPPOSITE DIRECTION SIDESWIPE,CLEAR,N/A,DAYLIGHT,NO CONTROLS,NONE DETECTED,,873837EF-E33A-4B45-A166-FA706F226089,Yes,NO APPARENT INJURY,"N/A, V EXHAUST SYSTEM|R OTHER ROAD",OTHER DISTRACTION,VA,2EF94F58-CE2A-45EB-8901-C0852B040BC7,DISABLING,PASSENGER CAR,MOVING CONSTANT SPEED,39.00046333,-77.00422833,"(39.00046333, -77.00422833)"
MCP2059002M,16020895,Montgomery County Police,Property Damage Crash,04/28/2016 10:11:00 AM,Interstate (State),CAPITAL BELTWAY,Ramp,RAMP 4 FR MD 355 NB TO IS 495 EB,,N/A,,SAME DIRECTION SIDESWIPE,RAINING,WET,DAYLIGHT,NO CONTROLS,NONE DETECTED,,08594A8B-A51F-425D-B2B0-7FB376A4753D,No,NO APPARENT INJURY,"RAIN, SNOW, WET",UNKNOWN,MD,081C40C1-E349-4DCE-BFA7-7ABC678D36C1,SUPERFICIAL,PASSENGER CAR,MOVING CONSTANT SPEED,39.0159619,-77.0981428,"(39.0159619, -77.0981428)"
MCP2710000N,15048068,MONTGOMERY,Property Damage Crash,09/22/2015 05:00:00 PM,,,,,PARKING LOT OF PRAIRE ROSE CT,,,HEAD ON LEFT TURN,N/A,,DAYLIGHT,N/A,NONE DETECTED,,09FEA930-D506-4297-8F67-192822539F3C,Yes,NO APPARENT INJURY,N/A,UNKNOWN,MD,891F0F61-10BE-494C-9C28-4086591EB0F4,SUPERFICIAL,PASSENGER CAR,BACKING,39.118995,-77.20996333,"(39.118995, -77.20996333)"
MCP26490009,16032070,Montgomery County Police,Injury Crash,06/24/2016 09:58:00 AM,Maryland (State),CLOPPER RD,Maryland (State),GREAT SENECA HWY,,N/A,,HEAD ON LEFT TURN,CLEAR,DRY,DARK LIGHTS ON,TRAFFIC SIGNAL,NONE DETECTED,,8158C159-B3AE-4A89-885E-1D1F7745F9DD,No,SUSPECTED MINOR INJURY,N/A,UNKNOWN,MD,DBA8F79D-4DCF-484A-9353-3F8B00076F94,DISABLING,PASSENGER CAR,MAKING LEFT TURN,39.15903167,-77.27528,"(39.15903167, -77.27528)"
MCP2783001N,170524001,Montgomery County Police,Injury Crash,08/09/2017 06:25:00 PM,Maryland (State),NORBECK RD,County,BAUER DR,,N/A,,SAME DIR REAR END,N/A,DRY,DAYLIGHT,TRAFFIC SIGNAL,N/A,,00A89281-D6A7-4691-86F4-180B11FB9177,No,POSSIBLE INJURY,N/A,NOT DISTRACTED,MD,E9E1FCFC-F72D-4971-BDB3-CB4F3AEF2B66,SUPERFICIAL,PASSENGER CAR,SLOWING OR STOPPING,39.09603215,-77.10995324,"(39.09603215, -77.10995324)"
MCP30400010,170525581,Montgomery County Police,Injury Crash,08/18/2017 05:30:00 PM,County,RANDOLPH RD,County,KEMP MILL RD,,N/A,,SAME DIR REAR END,CLEAR,WET,DAYLIGHT,N/A,N/A,,C5FD723D-3D10-42FA-8A72-471EFA6FA6F0,No,POSSIBLE INJURY,"N/A, WET",NOT DISTRACTED,MD,9CEC16BB-2C37-408A-8C64-025DAA77AE8F,SUPERFICIAL,PASSENGER CAR,SLOWING OR STOPPING,39.06648078,-77.02996373,"(39.06648078, -77.02996373)"
MCP9321000Q,16019436,Montgomery County Police,Property Damage Crash,04/20/2016 03:13:00 PM,Maryland (State),UNIVERSITY BLVD W,Government,SLIGO CREEK PKWY,,N/A,,SAME DIR REAR END,CLEAR,DRY,DAYLIGHT,TRAFFIC SIGNAL,NONE DETECTED,,9A6D943F-D58A-434E-8D9D-00C590D0237A,No,NO APPARENT INJURY,N/A,NOT DISTRACTED,MD,DA529DAF-004A-434D-B162-AF03D5CE09D2,FUNCTIONAL,PASSENGER CAR,SLOWING OR STOPPING,39.03654333,-77.03118333,"(39.03654333, -77.03118333)"
MCP2475000Y,16025623,Montgomery County Police,Injury Crash,05/23/2016 03:05:00 PM,Maryland (State),NEW HAMPSHIRE AVE,County,CRESTHAVEN DR,,N/A,,STRAIGHT MOVEMENT ANGLE,RAINING,WET,DAYLIGHT,NO CONTROLS,N/A,,84E1832C-9E39-492A-AD11-406C45BC40E0,No,POSSIBLE INJURY,"N/A, WET",NOT DISTRACTED,MD,9C607951-09C4-4B54-986C-DEBD04F4657E,DISABLING,PASSENGER CAR,MOVING CONSTANT SPEED,39.03091833,-76.98431167,"(39.03091833, -76.98431167)"
DD5593001Y,16005991,Rockville Police Departme,Property Damage Crash,02/05/2016 10:12:00 AM,Municipality,GAITHER RD,Municipality,LONGHORN CRESENT,,ROCKVILLE,,OTHER,CLEAR,DRY,DAYLIGHT,NO CONTROLS,NONE DETECTED,,82FD3E47-BD32-482B-95DF-D5EC53F15CC2,Yes,NO APPARENT INJURY,N/A,UNKNOWN,MD,99E4FA4F-D43F-43E9-969A-CFDC2FD14813,NO DAMAGE,OTHER,MAKING LEFT TURN,39.10903833,-77.17363833,"(39.10903833, -77.17363833)"
MCP2952003N,170511063,Montgomery County Police,Injury Crash,06/01/2017 07:48:00 AM,County,SAYBROOK AVE,County,FRANKLIN AVE,,N/A,,ANGLE MEETS LEFT TURN,CLEAR,DRY,DAYLIGHT,STOP SIGN,NONE DETECTED,,80F86B8D-60AD-434E-AEED-FEE406D2D2B0,Yes,NO APPARENT INJURY,N/A,UNKNOWN,DC,827EDDC8-737F-486C-B26E-8228D187CEEE,DISABLING,PASSENGER CAR,MAKING LEFT TURN,39.01032833,-77.00942833,"(39.01032833, -77.00942833)"
MCP2508000J,16064371,Montgomery County Police,Property Damage Crash,12/15/2016 02:45:00 PM,Maryland (State),FREDERICK RD,Other Public Roadway,PRESCOTT RD,,N/A,,SAME DIR REAR END,CLEAR,DRY,DAYLIGHT,NO CONTROLS,NONE DETECTED,,25C9F944-07B2-47AA-B871-977C1716B4D7,Yes,NO APPARENT INJURY,N/A,NOT DISTRACTED,MD,C9A87837-2023-4577-A6B1-FD996DBDE3D7,DISABLING,PASSENGER CAR,MOVING CONSTANT SPEED,39.26543667,-77.30525,"(39.26543667, -77.30525)"
MCP29770017,16002162,Montgomery County Police,Property Damage Crash,01/11/2016 11:00:00 AM,,,,,"PARKING LOT OF 7-11 STORE AT 14430 LAYHILL RD ASPEN HILL, MD 20906",,,OTHER,CLEAR,,DAYLIGHT,NO CONTROLS,N/A,,BDAFC444-D793-4B7D-8AA4-ED4A9766B955,Yes,NO APPARENT INJURY,N/A,UNKNOWN,,A880C974-43CD-4C7B-98EE-9B9A68F40F5C,UNKNOWN,UNKNOWN,BACKING,39.09122497,-77.04722643,"(39.09122497, -77.04722643)"
DD56170011,170519620,Rockville Police Departme,Injury Crash,07/17/2017 07:01:00 PM,,,,,PARKING LOT OF 225 N WASHINGTON AVE,,PEDESTRIAN,SINGLE VEHICLE,CLEAR,,DUSK,NO CONTROLS,N/A,N/A,244292D9-8594-43BD-83F3-08DEE4538D36,Yes,NO APPARENT INJURY,N/A,UNKNOWN,MD,1F3FB43D-6390-4481-ADF0-734A3FC6C33F,NO DAMAGE,PASSENGER CAR,MOVING CONSTANT SPEED,39.08618,-77.152725,"(39.08618, -77.152725)"
MCP2940001H,170504316,Montgomery County Police,Property Damage Crash,04/26/2017 02:15:00 PM,Maryland (State),CONNECTICUT AVE,Municipality,BRADLEY LA,,CHEVY CHASE VILLAGE,,SAME DIR REAR END,CLOUDY,DRY,DAYLIGHT,N/A,NONE DETECTED,,02E90DE9-369D-4B80-B885-85EF9EB3D257,No,NO APPARENT INJURY,N/A,NOT DISTRACTED,MD,C191C8FD-7CBE-4423-BB3B-AE4EA33BC8D5,DISABLING,(SPORT) UTILITY VEHICLE,STOPPED IN TRAFFIC LANE,38.97675522,-77.07963824,"(38.97675522, -77.07963824)"
DD5616001J,16065702,Rockville Police Departme,Property Damage Crash,12/22/2016 01:36:00 PM,Maryland (State),FIRST ST,Maryland (State),VEIRS MILL RD,,N/A,,SAME DIR REAR END,CLEAR,DRY,DAYLIGHT,TRAFFIC SIGNAL,NONE DETECTED,,EA4CB965-E413-4956-AF95-1B09877EE480,Yes,NO APPARENT INJURY,N/A,OTHER DISTRACTION,MD,5E395F37-0304-4E64-B47C-EE142C1672DD,SUPERFICIAL,AUTOCYCLE,MOVING CONSTANT SPEED,39.08099967,-77.13718767,"(39.08099967, -77.13718767)"
MCP137800CP,16049953,Montgomery County Police,Injury Crash,09/28/2016 05:03:00 PM,County,ODENDHAL AVE,County,GOSHEN RD,,N/A,,STRAIGHT MOVEMENT ANGLE,RAINING,WET,DAYLIGHT,TRAFFIC SIGNAL,NONE DETECTED,,47DE3006-89BB-4EC1-9DC7-872BB48BDAB4,Yes,NO APPARENT INJURY,"RAIN, SNOW, WET",NOT DISTRACTED,MD,50444227-0849-48BF-896F-2409A358C46B,DISABLING,PASSENGER CAR,ACCELERATING,39.15243833,-77.19300167,"(39.15243833, -77.19300167)"
DD5593001Z,16008848,Rockville Police Departme,Injury Crash,02/22/2016 11:37:00 AM,,,,,51 MANNAKEE ST (MONTGOMERY COLLEGE) IN PARKING LOT IN FRONT OF SECURITY BUILDING,,,SAME DIRECTION SIDESWIPE,CLEAR,,DAYLIGHT,NO CONTROLS,UNKNOWN,,46218BC4-0DEA-430A-8280-BA4D237D6A8C,Yes,NO APPARENT INJURY,N/A,UNKNOWN,MD,D0803F5C-A684-4EFF-86C2-695118793B64,UNKNOWN,(SPORT) UTILITY VEHICLE,MOVING CONSTANT SPEED,39.09761167,-77.15823667,"(39.09761167, -77.15823667)"
MCP26670014,15043567,MONTGOMERY,Property Damage Crash,08/30/2015 11:15:00 AM,County,SHADY GROVE RD,County,EPSILON DR,,N/A,,SAME DIR REAR END,CLEAR,DRY,DAYLIGHT,TRAFFIC SIGNAL,NONE DETECTED,,B7654B07-DCD6-453F-A325-B067351C7AB9,No,NO APPARENT INJURY,N/A,NOT DISTRACTED,MD,27010CAC-F8C6-43BB-990A-60DAA439424A,DISABLING,PASSENGER CAR,SLOWING OR STOPPING,39.13850667,-77.15342833,"(39.13850667, -77.15342833)"
MCP2504001M,16038034,Montgomery County Police,Injury Crash,07/27/2016 03:48:00 PM,County,MONTROSE RD,County,SEVEN LOCKS RD,,N/A,,SAME DIR REAR END,CLEAR,DRY,DAYLIGHT,TRAFFIC SIGNAL,NONE DETECTED,,52F36CAD-8C71-4425-B3A4-7FBE2A85ED77,No,NO APPARENT INJURY,N/A,NOT DISTRACTED,TN,68ECE4A1-0984-4F79-9573-B6C7CCA8F91A,FUNCTIONAL,PASSENGER CAR,STOPPED IN TRAFFIC LANE,39.05719,-77.16046333,"(39.05719, -77.16046333)"
MCP08990029,170523506,Montgomery County Police,Injury Crash,08/07/2017 03:08:00 PM,Maryland (State),WISCONSIN AVE,County,WALSH ST,,N/A,,SAME DIR REAR END,RAINING,WET,DAYLIGHT,NO CONTROLS,NONE DETECTED,,A56DED6E-9FC3-4BA0-A288-62A2E6C3B522,No,POSSIBLE INJURY,"RAIN, SNOW, WET",NOT DISTRACTED,MD,F7F3F061-EBAB-424E-AF77-EA9D22B0FE85,FUNCTIONAL,PASSENGER CAR,STOPPED IN TRAFFIC LANE,38.97940833,-77.09165167,"(38.97940833, -77.09165167)"
MCP29230013,15050235,MONTGOMERY,Injury Crash,10/04/2015 07:19:00 AM,County,PLYERS MILL RD,Maryland (State),GEORGIA AVE,,N/A,,STRAIGHT MOVEMENT ANGLE,CLOUDY,WET,DAWN,TRAFFIC SIGNAL,NONE DETECTED,,8EB25F7E-B872-45FB-8CAF-CFD8AF21F586,No,SUSPECTED MINOR INJURY,"N/A, WET",NOT DISTRACTED,MD,0E1A5F3D-3CF4-448E-9CDE-F0AD9F25D97E,DISABLING,PASSENGER CAR,MOVING CONSTANT SPEED,39.04696082,-77.0523119,"(39.04696082, -77.0523119)"
MCP26070010,15039135,MONTGOMERY,Property Damage Crash,08/06/2015 06:20:00 PM,Maryland (State),CLOPPER RD,County,STONERIDGE DR,,N/A,,SAME DIR REAR END,CLEAR,DRY,DAYLIGHT,NO CONTROLS,NONE DETECTED,,32DB212B-9601-4DBF-9E07-E93D12469161,Yes,NO APPARENT INJURY,N/A,NOT DISTRACTED,MD,3033DB74-45C6-4E51-95B8-F9C8E9605807,DISABLING,PASSENGER CAR,SLOWING OR STOPPING,39.14921333,-77.24137333,"(39.14921333, -77.24137333)"
MCP2686000F,15003073,Montgomery County Police,Property Damage Crash,01/19/2015 08:57:00 PM,,,,,"In the drive through of Taco Bell located at 19923 Century Blvd, Germantown MD 20874.",,,SAME DIRECTION SIDESWIPE,N/A,,DARK LIGHTS ON,N/A,NONE DETECTED,,DC4D912B-7683-45C7-9F99-DCC3867595DB,No,NO APPARENT INJURY,N/A,NOT DISTRACTED,MD,11F9E6AB-BB75-45F7-B99B-F3C46A760BC4,FUNCTIONAL,VAN,SLOWING OR STOPPING,39.18234,-77.262655,"(39.18234, -77.262655)"
MCP2891001Q,15060096,MONTGOMERY,Property Damage Crash,11/24/2015 03:22:00 PM,County,SEMINARY PL,County,SELWAY LA,,N/A,,STRAIGHT MOVEMENT ANGLE,CLEAR,DRY,DAYLIGHT,STOP SIGN,NONE DETECTED,,56DFFB7F-6F1C-44C6-A51D-CCF71A774E81,Yes,NO APPARENT INJURY,N/A,LOOKED BUT DID NOT SEE,MD,F7409B88-9BD4-4393-B834-35833B95B36C,DISABLING,PASSENGER CAR,MOVING CONSTANT SPEED,39.00983833,-77.04129167,"(39.00983833, -77.04129167)"
MCP2455001F,17007165,Montgomery County Police,Injury Crash,02/09/2017 06:25:00 PM,Maryland (State),DARNESTOWN RD,County,BERRYVILLE RD,,N/A,,SAME DIR REAR END,N/A,DRY,DARK NO LIGHTS,N/A,N/A,,6186EF7D-5BCC-4971-955C-B087B503597D,Yes,NO APPARENT INJURY,N/A,UNKNOWN,MD,4F4B2795-CA5C-418B-A0C4-ED193605D4ED,FUNCTIONAL,PASSENGER CAR,MOVING CONSTANT SPEED,39.114559,-77.310257,"(39.114559, -77.310257)"
MCP3001000M,16009654,Montgomery County Police,Injury Crash,02/26/2016 06:16:00 PM,County,ARCOLA AVE,County,KEMP MILL RD,,N/A,,SAME DIRECTION SIDESWIPE,N/A,DRY,DARK -- UNKNOWN LIGHTING,N/A,NONE DETECTED,,1D932C15-DB41-48B8-82EB-0821804DA033,No,POSSIBLE INJURY,N/A,NOT DISTRACTED,MD,9158978D-F71C-4047-9D99-AFB2ADC0BE73,DISABLING,PASSENGER CAR,PARKED,39.04644005,-77.03331113,"(39.04644005, -77.03331113)"
MCP2784002P,16051016,Montgomery County Police,Property Damage Crash,10/04/2016 06:06:00 PM,County,RANDOLPH RD,County,KEMP MILL RD,,N/A,,SAME DIR REAR END,CLEAR,DRY,DAYLIGHT,TRAFFIC SIGNAL,NONE DETECTED,,AFFAC33B-5CCF-4D0A-9DB7-CE4536B8849A,No,NO APPARENT INJURY,N/A,NOT DISTRACTED,MD,CE9CC0A9-16AA-4896-B9F2-41608722F3F2,FUNCTIONAL,PASSENGER CAR,SLOWING OR STOPPING,39.06626667,-77.0328,"(39.06626667, -77.0328)"
MCP1113000J,15032530,MONTGOMERY,Property Damage Crash,07/03/2015 02:10:00 PM,Maryland (State),RIDGE RD,County,TUNE AVE,,N/A,,SAME DIR REAR END,CLEAR,DRY,DAYLIGHT,NO CONTROLS,NONE DETECTED,,5DD7014F-7999-457F-A426-F9C9913FFAC9,Yes,NO APPARENT INJURY,N/A,USING OTHER DEVICE CONTROLS INTEGRAL TO VEHICLE,MD,F579DB9D-0116-4556-BCEA-7F57D51B128F,DISABLING,PASSENGER CAR,MOVING CONSTANT SPEED,39.29654641,-77.20393181,"(39.29654641, -77.20393181)"
MCP93220007,15043140,MONTGOMERY,Property Damage Crash,08/28/2015 12:50:00 AM,County,OLNEY MILL RD,County,GOLD MINE RD,,N/A,,SAME DIR REAR END,CLEAR,DRY,DARK LIGHTS ON,NO CONTROLS,ALCOHOL PRESENT,,B4697AE4-15C0-4429-883A-D75124F9E796,Yes,NO APPARENT INJURY,N/A,NOT DISTRACTED,MD,9426198F-A19B-423D-BD12-30ACF779B371,DISABLING,PASSENGER CAR,MOVING CONSTANT SPEED,39.17187682,-77.06304073,"(39.17187682, -77.06304073)"
MCP29320019,17001227,Montgomery County Police,Property Damage Crash,01/07/2017 09:36:00 PM,County,SLIGO AVE,County,FENTON ST,,N/A,,OTHER,CLEAR,ICE,DARK LIGHTS ON,TRAFFIC SIGNAL,NONE DETECTED,,7EEA9EB0-DC5E-4E01-BF3D-3A947F695FD5,Unknown,NO APPARENT INJURY,"ICY OR SNOW-COVERED, N/A",NOT DISTRACTED,DC,3BE7AABF-F7AE-440A-A797-9CAB382184FE,SUPERFICIAL,PASSENGER CAR,BACKING,38.99019483,-77.02388048,"(38.99019483, -77.02388048)"
HA23770001,15000041,Maryland-National Capital,Property Damage Crash,01/15/2015 03:51:00 PM,Maryland (State),GEORGIA AVE,Maryland (State),FOREST GLEN RD,,N/A,,SAME DIR REAR END,CLEAR,DRY,DAYLIGHT,NO CONTROLS,N/A,,1D89F159-2B5C-4B0E-AA86-24D389853272,Yes,NO APPARENT INJURY,N/A,NOT DISTRACTED,MD,522B7BB5-2604-46F7-A041-6D98469E9E2B,SUPERFICIAL,PASSENGER CAR,ACCELERATING,39.01593273,-77.04282761,"(39.01593273, -77.04282761)"
MCP0936001L,16031704,Montgomery County Police,Property Damage Crash,06/23/2016 10:05:00 AM,Government,BEACH DR,County,FRANKLIN ST,,N/A,,HEAD ON LEFT TURN,CLOUDY,WET,DAYLIGHT,NO CONTROLS,NONE DETECTED,,7C13FE59-D395-41A6-B866-127400709ADA,No,NO APPARENT INJURY,"N/A, WET",NOT DISTRACTED,MD,1124C27C-6EC5-4686-9D2B-4DE2457A5D36,FUNCTIONAL,PASSENGER CAR,MOVING CONSTANT SPEED,39.02041735,-77.10076332,"(39.02041735, -77.10076332)"
MCP2894001T,16010402,MONTGOMERY,Property Damage Crash,03/02/2016 08:52:00 AM,Other Public Roadway,MONTROSE PKWY,Unknown,BEGIN BRIDGE,,N/A,,SAME DIR REAR END,CLEAR,DRY,DAYLIGHT,N/A,NONE DETECTED,,6A697D3C-9246-4808-A532-CAC0ADB06774,No,NO APPARENT INJURY,N/A,NOT DISTRACTED,MD,B2726FEE-7372-4641-8082-4F6B0C3CC75C,FUNCTIONAL,PASSENGER CAR,STOPPED IN TRAFFIC LANE,39.052435,-77.11845667,"(39.052435, -77.11845667)"
MCP29690022,16024235,Montgomery County Police,Property Damage Crash,05/16/2016 07:31:00 AM,,,,,"FRONT YARD OF 11400 SHERRIE LA, SILVER SPRING MD 20902",,,SINGLE VEHICLE,CLEAR,,DAYLIGHT,NO CONTROLS,NONE DETECTED,,99299ECE-5EA6-454B-90E7-27D72E1560C5,Yes,NO APPARENT INJURY,N/A,UNKNOWN,MD,BB829B21-EBE3-4036-A09F-06CACAE4172D,DISABLING,PASSENGER CAR,PASSING,39.04232,-77.05910167,"(39.04232, -77.05910167)"
MCP2866002Z,16051656,Montgomery County Police,Injury Crash,10/07/2016 06:57:00 PM,County,RANDOLPH RD,County,SHERWOOD FOREST DR,,N/A,,STRAIGHT MOVEMENT ANGLE,CLEAR,DRY,DARK LIGHTS ON,NO CONTROLS,NONE DETECTED,,F679BF6A-FD2E-4E6A-82A8-5BCBF32DA9B1,Yes,NO APPARENT INJURY,N/A,UNKNOWN,MD,574F2E5A-DD5B-4A3B-AFA1-F025F23A6D24,DISABLING,PASSENGER CAR,MAKING RIGHT TURN,39.07393833,-77.00677333,"(39.07393833, -77.00677333)"
DD5583001Y,16057357,Rockville Police Departme,Property Damage Crash,11/07/2016 07:30:00 AM,Maryland (State),FIRST ST,Maryland (State),VEIRS MILL RD,,N/A,,SAME DIRECTION SIDESWIPE,N/A,DRY,DAYLIGHT,TRAFFIC SIGNAL,UNKNOWN,,BBA52363-0EE4-46D0-A336-1DC65D2C60FA,Yes,NO APPARENT INJURY,N/A,NOT DISTRACTED,,303C5796-4BE6-4B7B-B92F-54D3BC048A7D,SUPERFICIAL,,MAKING LEFT TURN,39.07990544,-77.1379602,"(39.07990544, -77.1379602)"