Report Number,Local Case Number,Agency Name,ACRS Report Type,Crash Date/Time,Route Type,Road Name,Cross-Street Type,Cross-Street Name,Off-Road Description,Municipality,Related Non-Motorist,Collision Type,Weather,Surface Condition,Light,Traffic Control,Driver Substance Abuse,Non-Motorist Substance Abuse,Person ID,Driver At Fault,Injury Severity,Circumstance,Driver Distracted By,Drivers License State,Vehicle ID,Vehicle Damage Extent,Vehicle Body Type,Vehicle Movement,Latitude,Longitude,Location
MCP27670017,15044599,MONTGOMERY,Property Damage Crash,09/04/2015 03:33:00 PM,County,ARCOLA AVE,County,KEMP MILL RD,,N/A,,SAME DIRECTION LEFT TURN,CLEAR,DRY,DAYLIGHT,OTHER,NONE DETECTED,,8DD588C9-9A15-40EE-9E48-9B29BC4E1A5A,Yes,NO APPARENT INJURY,N/A,LOOKED BUT DID NOT SEE,MD,C20CF40A-DAD3-4482-AF9A-E8AC1C3E58DD,FUNCTIONAL,PASSENGER CAR,MAKING U TURN,39.04641333,-77.03312,"(39.04641333, -77.03312)"
MCP2820002B,16034555,Montgomery County Police,Property Damage Crash,07/08/2016 11:11:00 AM,Maryland (State),VEIRS MILL RD,County,PARKLAND DR,,N/A,,SAME DIR REAR END,CLEAR,DRY,DAYLIGHT,TRAFFIC SIGNAL,NONE DETECTED,,0DCACA45-59CA-4CAB-97FA-6F437846680C,Yes,NO APPARENT INJURY,N/A,NOT DISTRACTED,MD,1E45925A-9E38-478C-AAB3-49D2A2734D64,DISABLING,PASSENGER CAR,SLOWING OR STOPPING,39.06137333,-77.09153,"(39.06137333, -77.09153)"
MCP2922000G,16002891,Montgomery County Police,Injury Crash,01/15/2016 09:26:00 PM,County,PROSPERITY DR,County,OLD COLUMBIA PIKE (AHEAD),,N/A,,STRAIGHT MOVEMENT ANGLE,RAINING,WET,DARK LIGHTS ON,STOP SIGN,N/A,,E2C07959-756D-4F11-9020-9845C94E4B55,No,NO APPARENT INJURY,"RAIN, SNOW, WET",NOT DISTRACTED,MD,B0CA28AC-A665-4EB3-ACB3-E938D8632B06,SUPERFICIAL,TRANSIT BUS,MOVING CONSTANT SPEED,39.05738667,-76.967895,"(39.05738667, -76.967895)"
MCP137800CV,16050284,Montgomery County Police,Injury Crash,09/30/2016 02:30:00 PM,Interstate (State),NO NAME,Ramp,RAMP 4 FR RAMP 1 (FR IS270) TO IS 370 EB,,N/A,,SINGLE VEHICLE,N/A,DRY,DAYLIGHT,NO CONTROLS,MEDICATION PRESENT,,41232D11-5F5E-4C2F-B079-A73EA44CC59A,Yes,POSSIBLE INJURY,N/A,NOT DISTRACTED,MD,DA9181B0-6661-409E-8365-1438110C6C8C,DISABLING,(SPORT) UTILITY VEHICLE,SLOWING OR STOPPING,39.12283592,-77.1902284,"(39.12283592, -77.1902284)"
MCP2952000X,15040339,MONTGOMERY,Injury Crash,08/13/2015 10:05:00 AM,County,POWDER MILL RD,County,KINLOCH RD,,N/A,,STRAIGHT MOVEMENT ANGLE,CLEAR,DRY,DAYLIGHT,N/A,NONE DETECTED,,83573A32-6802-4FE5-9114-6311A69DA989,No,NO APPARENT INJURY,N/A,NOT DISTRACTED,MD,B0413B82-5227-4CC7-A0A4-F31F6680EF50,FUNCTIONAL,PASSENGER CAR,MOVING CONSTANT SPEED,39.02563333,-76.96788667,"(39.02563333, -76.96788667)"
MCP2549005R,170500293,Montgomery County Police,Property Damage Crash,04/04/2017 07:49:00 AM,Maryland (State),ROCKVILLE PIKE,County,BELLEVUE DR,,N/A,,SAME DIRECTION SIDESWIPE,CLOUDY,WET,DAYLIGHT,TRAFFIC SIGNAL,NONE DETECTED,,80A0081A-AAB7-4291-81DF-471030D297DB,No,NO APPARENT INJURY,N/A,NOT DISTRACTED,MD,C491B96E-1AD5-46A1-8490-7A2224F2B32A,DISABLING,(SPORT) UTILITY VEHICLE,SLOWING OR STOPPING,39.01298,-77.09853167,"(39.01298, -77.09853167)"
DD5615002H,16047309,Rockville Police Departme,Property Damage Crash,09/15/2016 09:42:00 AM,Maryland (State),VEIRS MILL RD,County,TWINBROOK PKWY,,N/A,,SINGLE VEHICLE,CLEAR,DRY,DAYLIGHT,NO CONTROLS,MEDICATION CONTRIBUTED,,B8357E87-2180-4892-B409-6D5446A7B872,Yes,NO APPARENT INJURY,N/A,NOT DISTRACTED,MD,6AB6D281-885D-4574-8C94-01FB4079EF64,FUNCTIONAL,PASSENGER CAR,MOVING CONSTANT SPEED,39.07291833,-77.111135,"(39.07291833, -77.111135)"
MCP1221003Q,170521121,Montgomery County Police,Injury Crash,07/25/2017 05:56:00 PM,Maryland (State),QUINCE ORCHARD RD,Maryland (State),W DIAMOND AVE,,N/A,,HEAD ON LEFT TURN,CLEAR,DRY,DAYLIGHT,TRAFFIC SIGNAL,NONE DETECTED,,A6126E03-FC4A-4098-B932-D1C02979DCAA,No,SUSPECTED MINOR INJURY,N/A,NOT DISTRACTED,MD,DD23DAF0-A4D6-4FEA-9042-1EC0ED5D80C3,DISABLING,PASSENGER CAR,MOVING CONSTANT SPEED,39.14276167,-77.220935,"(39.14276167, -77.220935)"
MCP2116005J,17001586,Montgomery County Police,Injury Crash,01/10/2017 09:39:00 AM,Maryland (State),RIVER RD,County,ESWORTHY RD,,N/A,,STRAIGHT MOVEMENT ANGLE,CLOUDY,DRY,DAYLIGHT,STOP SIGN,NONE DETECTED,,796B74DF-67C7-4D01-8FBB-4A6B909769C8,No,NO APPARENT INJURY,N/A,NOT DISTRACTED,MD,FDC550EF-A05C-4E54-85D1-0E7E30C486D1,DISABLING,PASSENGER CAR,MOVING CONSTANT SPEED,39.06236167,-77.28418333,"(39.06236167, -77.28418333)"
MCP24560010,16028738,Montgomery County Police,Injury Crash,06/08/2016 09:06:00 AM,US (State),COLESVILLE RD,County,LANARK WAY,,N/A,,SAME DIR REAR END,CLEAR,DRY,DAYLIGHT,NO CONTROLS,NONE DETECTED,,9AE8CD9D-2E18-41FC-B4A4-567D1C4C8CD0,No,POSSIBLE INJURY,N/A,NOT DISTRACTED,MD,52580557-6C62-4834-B8A2-D2FA5A7DC03A,FUNCTIONAL,PASSENGER CAR,STOPPED IN TRAFFIC LANE,39.02047667,-76.97974333,"(39.02047667, -76.97974333)"
MCP2363000N,16003456,Montgomery County Police,Injury Crash,01/19/2016 03:02:00 PM,Maryland (State),CLOPPER RD,Other Public Roadway,ALLSPICE RD,,N/A,,SAME DIR REAR END,CLEAR,DRY,DAYLIGHT,NO CONTROLS,NONE DETECTED,,3653C4EA-5911-4233-9C55-D82A7E1E3FA1,No,SUSPECTED MINOR INJURY,N/A,NOT DISTRACTED,MD,7490E4DA-C0F4-4978-B0E4-24810F62B08F,DISABLING,PASSENGER CAR,MAKING LEFT TURN,39.15522833,-77.260445,"(39.15522833, -77.260445)"
MCP2667002B,16002368,Montgomery County Police,Property Damage Crash,01/13/2016 02:51:00 PM,Maryland (State),QUINCE ORCHARD RD,Unknown,SPUR TO MD 355,,N/A,,SAME DIRECTION SIDESWIPE,CLEAR,DRY,DAYLIGHT,N/A,NONE DETECTED,,ECC9DD0C-03D9-45DC-8ADA-DE52B13C83D4,Yes,NO APPARENT INJURY,N/A,NOT DISTRACTED,MD,863C57D2-C895-49D2-9DD7-1850D1596D2D,DISABLING,PASSENGER CAR,CHANGING LANES,39.15875,-77.21863667,"(39.15875, -77.21863667)"
MCP2398000S,16041623,Montgomery County Police,Property Damage Crash,08/16/2016 06:55:00 PM,Maryland (State),FREDERICK RD,Unknown,WATKINS MILL RD,,N/A,,SAME DIR REAR END,CLOUDY,WET,DAYLIGHT,TRAFFIC SIGNAL,NONE DETECTED,,60A9C032-1A21-418F-BA25-2DD3B63BE2A0,No,NO APPARENT INJURY,"VISION OBSTRUCTION (INCL. BLINDED BY SUN), WET",NOT DISTRACTED,MD,241B8572-9968-4777-909A-5F8020B30F49,SUPERFICIAL,PASSENGER CAR,STOPPED IN TRAFFIC LANE,39.15948667,-77.21856667,"(39.15948667, -77.21856667)"
MCP2420001D,16015604,Montgomery County Police,Property Damage Crash,03/30/2016 06:07:00 PM,County,MACDUFF AVE,County,HINES RD,,N/A,,HEAD ON,CLEAR,DRY,DAYLIGHT,NO CONTROLS,ALCOHOL PRESENT,,E88F670E-5060-40A1-87EE-E2111CCB7296,Yes,NO APPARENT INJURY,N/A,NOT DISTRACTED,MD,2BD9C801-A2DB-4088-ACCD-C9A1980D3AA1,SUPERFICIAL,(SPORT) UTILITY VEHICLE,MOVING CONSTANT SPEED,39.1414,-77.08845333,"(39.1414, -77.08845333)"
MCP29190026,16064347,Montgomery County Police,Injury Crash,12/15/2016 12:04:00 PM,Maryland (State),GEORGIA AVE,Ramp,RAMP 8 FR MD 97 SB TO IS 495 WB,,N/A,,SAME DIRECTION RIGHT TURN,CLEAR,DRY,DAYLIGHT,N/A,NONE DETECTED,,096428E3-612F-4AC4-A8DD-F8C28E2804E2,Yes,NO APPARENT INJURY,N/A,LOOKED BUT DID NOT SEE,MD,7C291118-A10B-4F73-BE65-80B6FEFDA2FD,SUPERFICIAL,PICKUP TRUCK,CHANGING LANES,39.01463833,-77.04283167,"(39.01463833, -77.04283167)"
MCP2929001N,16038200,Montgomery County Police,Property Damage Crash,07/28/2016 02:39:00 PM,Maryland (State),NORBECK RD,Maryland (State),GEORGIA AVE,,N/A,,SAME DIR REAR END,CLOUDY,DRY,DAYLIGHT,TRAFFIC SIGNAL,NONE DETECTED,,91212ED1-89A2-474B-B909-9E8439E44BDD,No,NO APPARENT INJURY,N/A,NOT DISTRACTED,MD,99D8D3AA-2F0A-4D2A-9173-DD469F339AFB,DISABLING,PASSENGER CAR,STOPPED IN TRAFFIC LANE,39.10938406,-77.07638741,"(39.10938406, -77.07638741)"
HA24190009,16001294,Maryland-National Capital,Property Damage Crash,10/14/2016 09:23:00 PM,Government,SLIGO CREEK PKWY,County,BRUNETT AVE,,N/A,,HEAD ON,CLEAR,N/A,DARK LIGHTS ON,NO CONTROLS,N/A,,DAA5DB2F-C001-4B96-AB09-3629B0718C42,No,NO APPARENT INJURY,N/A,NOT DISTRACTED,MD,0BCC1A0E-BFE2-46D5-8076-8CF46356DF3A,FUNCTIONAL,PASSENGER CAR,SLOWING OR STOPPING,39.00948871,-77.02158451,"(39.00948871, -77.02158451)"
MCP2512002K,17016394,Montgomery County Police,Injury Crash,03/31/2017 04:18:00 PM,County,MUDDY BRANCH RD,Maryland (State),DARNESTOWN RD,,N/A,,STRAIGHT MOVEMENT ANGLE,RAINING,WET,DAYLIGHT,TRAFFIC SIGNAL,NONE DETECTED,,91B8CF0F-E163-4C14-AEC9-40F2D000AC48,No,POSSIBLE INJURY,"N/A, WET",NOT DISTRACTED,MD,DBA2B3C6-D837-42B2-AF04-D6B6BE14AB6F,FUNCTIONAL,PICKUP TRUCK,MOVING CONSTANT SPEED,39.10240667,-77.22002333,"(39.10240667, -77.22002333)"
MCP2422001J,16042499,Montgomery County Police,Property Damage Crash,08/20/2016 11:00:00 AM,,,,,PARKING LOT OF 19204 MONTGOMERY VILLAGE AVE,,,OTHER,UNKNOWN,,DAYLIGHT,N/A,UNKNOWN,,8398B98E-1405-4188-88DD-8E047D6EB439,Yes,NO APPARENT INJURY,N/A,UNKNOWN,,BC1E118A-0389-4242-9A47-EE716593C0B5,UNKNOWN,PASSENGER CAR,BACKING,39.17178533,-77.20490277,"(39.17178533, -77.20490277)"
MCP1099000V,16040156,Montgomery County Police,Property Damage Crash,08/08/2016 01:14:00 PM,Maryland (State),MUNCASTER MILL RD,County,REDLAND RD,,N/A,,STRAIGHT MOVEMENT ANGLE,CLEAR,DRY,DAYLIGHT,NO CONTROLS,NONE DETECTED,,6C30E2B8-7913-4129-85DF-B5EE1FB71F0F,Yes,NO APPARENT INJURY,N/A,LOOKED BUT DID NOT SEE,MD,A3C4D8FE-6C81-4829-8D42-87D84E661233,FUNCTIONAL,PASSENGER CAR,MAKING LEFT TURN,39.14582134,-77.14452624,"(39.14582134, -77.14452624)"
MCP2598000J,15066170,MONTGOMERY,Property Damage Crash,12/25/2015 07:59:00 PM,Maryland (State),FOREST GLEN RD,County,DARCY FOREST DR,,N/A,,STRAIGHT MOVEMENT ANGLE,RAINING,WET,DARK LIGHTS ON,STOP SIGN,NONE DETECTED,,75CAA1C0-25E1-4125-836A-FA4435DAD612,Yes,NO APPARENT INJURY,"N/A, WET",NOT DISTRACTED,MD,4FA1B784-6EC7-48AB-B04B-FA5BFB0F7605,FUNCTIONAL,PASSENGER CAR,ACCELERATING,39.01535,-77.04733167,"(39.01535, -77.04733167)"
MCP2831001S,17003129,Montgomery County Police,Injury Crash,01/18/2017 04:39:00 PM,Maryland (State),GREAT SENECA HWY,County,GREY EAGLE CT,,N/A,,STRAIGHT MOVEMENT ANGLE,CLEAR,DRY,DAYLIGHT,NO CONTROLS,NONE DETECTED,,42F304E2-D270-42DE-A299-16E4C848157A,No,SUSPECTED MINOR INJURY,N/A,NOT DISTRACTED,MD,D98B30BF-3FD1-4F94-99BD-79680FB631D4,DESTROYED,PASSENGER CAR,MOVING CONSTANT SPEED,39.16961833,-77.26409833,"(39.16961833, -77.26409833)"
MCP27460019,16012814,MONTGOMERY,Property Damage Crash,03/15/2016 04:57:00 PM,Maryland (State),GEORGIA AVE,County,HEATHFIELD RD,,N/A,,SAME DIRECTION SIDESWIPE,CLEAR,N/A,DAYLIGHT,NO CONTROLS,NONE DETECTED,,43D32D33-8D2F-4B4B-8A2F-B67E53E6A53A,Yes,NO APPARENT INJURY,N/A,NOT DISTRACTED,MD,356819C5-21E6-4C3C-8203-38C896CF7F8D,FUNCTIONAL,"OTHER LIGHT TRUCKS (10,000LBS (4,536KG) OR LESS)",MOVING CONSTANT SPEED,39.08764422,-77.07946658,"(39.08764422, -77.07946658)"
MCP15940002,16013847,MONTGOMERY,Injury Crash,03/21/2016 02:10:00 PM,US (State),COLUMBIA PIKE,County,PRELUDE DR,,N/A,,SAME DIRECTION RIGHT TURN,CLEAR,DRY,DAYLIGHT,NO CONTROLS,NONE DETECTED,,E80FA7D5-4F99-422D-9A0D-8834DCE019C4,No,SUSPECTED MINOR INJURY,N/A,NOT DISTRACTED,MD,0A912048-FA96-45D7-B435-C1B46B4CA324,FUNCTIONAL,PASSENGER CAR,MOVING CONSTANT SPEED,39.04008319,-76.99706644,"(39.04008319, -76.99706644)"
MCP30000012,16041417,Montgomery County Police,Injury Crash,08/15/2016 04:54:00 PM,Maryland (State),CLOPPER RD,County,KINGSVIEW RD,,N/A,,SAME DIRECTION SIDESWIPE,CLEAR,DRY,DAYLIGHT,NO CONTROLS,NONE DETECTED,,AB3B4334-0161-4039-893A-1D489C64EF43,Yes,SUSPECTED MINOR INJURY,N/A,UNKNOWN,MD,5399D4CD-CFE8-4576-AB93-63BEEB75DEE0,DISABLING,PASSENGER CAR,MOVING CONSTANT SPEED,39.16071,-77.279135,"(39.16071, -77.279135)"
MCP2437000S,15004268,Montgomery County Police,Property Damage Crash,01/27/2015 08:54:00 AM,Maryland (State),GEORGIA AVE,Unknown,DIRECTIONAL CROSSOVER,,N/A,,SINGLE VEHICLE,CLOUDY,SLUSH,DAYLIGHT,NO CONTROLS,NONE DETECTED,,4B1D2785-C6E6-4183-AC2F-B2681A47835B,Yes,NO APPARENT INJURY,"ICY OR SNOW-COVERED, N/A",NOT DISTRACTED,MD,A6AFAB23-A667-4BDA-90A0-F655974DA756,DISABLING,PASSENGER CAR,MAKING LEFT TURN,39.07981667,-77.07363333,"(39.07981667, -77.07363333)"
MCP2339001J,16022496,Montgomery County Police,Property Damage Crash,05/06/2016 05:06:00 PM,Maryland (State),OLNEY SANDY SPRING RD,Other Public Roadway,PORTER RD,,N/A,,SAME DIR REAR END,RAINING,WET,DAYLIGHT,NO CONTROLS,NONE DETECTED,,4362F712-49B5-441E-B441-BDB9BB7444C6,No,NO APPARENT INJURY,"RAIN, SNOW, WET",NOT DISTRACTED,MD,C386A5B6-8A79-4E50-AF1F-41AD944B2100,FUNCTIONAL,VAN,STOPPED IN TRAFFIC LANE,39.14915833,-77.01364,"(39.14915833, -77.01364)"
MCP28000029,15033248,MONTGOMERY,Injury Crash,07/07/2015 05:17:00 PM,Maryland (State),OLD GEORGETOWN RD,Ramp,RAMP 6 FR RAMP 10 (FR IS270) TO MD 187,,N/A,,STRAIGHT MOVEMENT ANGLE,CLEAR,DRY,DAYLIGHT,TRAFFIC SIGNAL,NONE DETECTED,,AE4D2E0E-CCD2-44E0-B990-6958143B09CE,Yes,POSSIBLE INJURY,N/A,LOOKED BUT DID NOT SEE,MD,6D5A07E7-F6AE-46CC-95D3-489957893450,FUNCTIONAL,"OTHER LIGHT TRUCKS (10,000LBS (4,536KG) OR LESS)",MOVING CONSTANT SPEED,39.03086,-77.126315,"(39.03086, -77.126315)"
MCP2631000M,15033984,MONTGOMERY,Injury Crash,07/11/2015 03:42:00 AM,Government,BEACH DR,Maryland (State),KNOWLES AVE,,N/A,,OTHER,RAINING,WET,DARK LIGHTS ON,FLASHING TRAFFIC SIGNAL,N/A,,6E89AA39-2404-46C4-9C62-1EF062BB5BE6,Yes,SUSPECTED MINOR INJURY,"N/A, WET",OTHER DISTRACTION,DC,7E135D66-688A-4BB8-B2F7-F3FBA797074A,FUNCTIONAL,POLICE VEHICLE/EMERGENCY,BACKING,39.03084333,-77.08602,"(39.03084333, -77.08602)"
MCP1417007T,170519907,Montgomery County Police,Property Damage Crash,07/19/2017 07:50:00 AM,Maryland (State),QUINCE ORCHARD RD,Unknown,SPUR FR MD 355,,N/A,,SAME DIR REAR END,CLEAR,DRY,DAYLIGHT,NO CONTROLS,NONE DETECTED,,622BD7E0-8B7B-4809-A564-18707DE9BD3E,No,NO APPARENT INJURY,N/A,NOT DISTRACTED,MD,FA0A26AD-7A5A-413F-9BC9-DF95EB0D389E,FUNCTIONAL,(SPORT) UTILITY VEHICLE,SLOWING OR STOPPING,39.15239,-77.212655,"(39.15239, -77.212655)"
MCP0934000B,16041526,Montgomery County Police,Property Damage Crash,08/16/2016 09:01:00 AM,Municipality,REDLAND BLVD,Municipality,ELMCROFT BLVD,,ROCKVILLE,,STRAIGHT MOVEMENT ANGLE,CLEAR,DRY,DAYLIGHT,STOP SIGN,NONE DETECTED,,D54D5F6C-7D42-48E2-8C76-1784A8356040,Yes,NO APPARENT INJURY,N/A,LOOKED BUT DID NOT SEE,MD,FD6A2919-C950-4607-AA5D-8A929C1D2EF4,FUNCTIONAL,PASSENGER CAR,STARTING FROM LANE,39.11458697,-77.16717482,"(39.11458697, -77.16717482)"
MCP1378009W,16027808,Montgomery County Police,Injury Crash,06/03/2016 04:15:00 PM,Maryland (State),KEY WEST AVE,Maryland (State),GREAT SENECA HWY,,N/A,,SINGLE VEHICLE,RAINING,WET,DAYLIGHT,TRAFFIC SIGNAL,NONE DETECTED,,952C7680-A5C1-4702-94DF-22F290EB0360,Yes,SUSPECTED MINOR INJURY,"RAIN, SNOW, WET",NOT DISTRACTED,MD,84C6749D-6406-40D8-B6B1-21A8C2743B89,DISABLING,PASSENGER CAR,MOVING CONSTANT SPEED,39.103295,-77.20604167,"(39.103295, -77.20604167)"
MCP2946001W,16051455,Montgomery County Police,Injury Crash,10/06/2016 06:55:00 PM,Maryland (State),FREDERICK RD,County,BOLAND FARM RD,,N/A,,HEAD ON LEFT TURN,CLEAR,DRY,DUSK,N/A,NONE DETECTED,,CE283CEA-0FDE-49E7-B598-C06E85A20FBE,No,NO APPARENT INJURY,"N/A, VISION OBSTRUCTION (INCL. BLINDED BY SUN)",NOT DISTRACTED,MD,793C352E-C67B-4F63-8B98-0CFBD0CE9D50,DESTROYED,PASSENGER CAR,MOVING CONSTANT SPEED,39.19657667,-77.24437833,"(39.19657667, -77.24437833)"
MCP28130023,16010887,MONTGOMERY,Property Damage Crash,03/04/2016 07:22:00 PM,County,ELKIN ST,County,PRICE AVE,,N/A,,OTHER,N/A,DRY,DARK LIGHTS ON,NO CONTROLS,UNKNOWN,,278A282B-1FBC-4264-98E6-32647F33808D,Yes,NO APPARENT INJURY,N/A,UNKNOWN,,85FC37F4-971E-4B57-BB47-5D01DCA6BC1F,FUNCTIONAL,PICKUP TRUCK,STARTING FROM PARKED,39.04060833,-77.05039167,"(39.04060833, -77.05039167)"
MCP2765002K,16032229,Montgomery County Police,Injury Crash,06/25/2016 06:49:00 PM,County,BERRYVILLE RD,Other Public Roadway,POPLAR HILL RD,,N/A,,SINGLE VEHICLE,CLEAR,DRY,DAYLIGHT,N/A,NONE DETECTED,,7287D5E9-CB16-4305-BBAC-716F4244A5D6,Yes,POSSIBLE INJURY,"DEBRIS OR OBSTRUCTION, N/A",UNKNOWN,VA,4DA8941A-9190-4C3D-8BAD-785144B38BAA,FUNCTIONAL,OTHER,MAKING U TURN,39.08819,-77.32526167,"(39.08819, -77.32526167)"
MCP26390018,16018889,Montgomery County Police,Injury Crash,04/17/2016 10:42:00 AM,Maryland (State),GEORGIA AVE,County,DENNIS AVE,,N/A,,STRAIGHT MOVEMENT ANGLE,CLEAR,DRY,DARK LIGHTS ON,TRAFFIC SIGNAL,NONE DETECTED,,DA86C2B6-6AF9-4CB4-A2D2-C97615825C4C,No,SUSPECTED MINOR INJURY,N/A,NOT DISTRACTED,MD,8C8B145F-7091-4269-BD11-63E4B7C12449,DISABLING,PASSENGER CAR,STARTING FROM LANE,39.02522167,-77.046105,"(39.02522167, -77.046105)"
MCP28480017,15037048,MONTGOMERY,Property Damage Crash,07/27/2015 10:19:00 AM,Maryland (State),ROCKVILLE PIKE,County,CEDAR LA,,N/A,,SAME DIRECTION SIDESWIPE,CLOUDY,WET,DAYLIGHT,TRAFFIC SIGNAL,NONE DETECTED,,A33D4023-11B9-4EC9-8C67-E517524D8122,Yes,NO APPARENT INJURY,N/A,NOT DISTRACTED,VA,17664C99-C12C-4404-9672-929DC02EB9BA,SUPERFICIAL,TRUCK TRACTOR,SLOWING OR STOPPING,39.006787,-77.097667,"(39.006787, -77.097667)"
MCP2651000Z,17015394,Montgomery County Police,Property Damage Crash,03/26/2017 05:31:00 AM,County,BRIGGS CHANEY RD,County,ROBEY RD,,N/A,,SINGLE VEHICLE,CLEAR,DRY,DARK LIGHTS ON,N/A,N/A,,854BB426-F7A3-4DCE-9E91-9756D6F7C895,Yes,NO APPARENT INJURY,N/A,NOT DISTRACTED,MD,77D9C3B4-A206-4C70-9541-4A4AB933647C,DISABLING,PASSENGER CAR,MOVING CONSTANT SPEED,39.07935333,-76.94526667,"(39.07935333, -76.94526667)"
MCP2902001C,16038555,Montgomery County Police,Injury Crash,07/30/2016 12:07:00 PM,Maryland (State),FREDERICK RD,County,OXBRIDGE DR,,N/A,,SAME DIR REAR END,CLEAR,DRY,DAYLIGHT,NO CONTROLS,N/A,,2E29D1DC-CA9E-4888-9A22-EB648C5781B1,No,NO APPARENT INJURY,N/A,NOT DISTRACTED,MD,B1B2E1A4-4218-4E95-A0B6-AB485995A27A,SUPERFICIAL,(SPORT) UTILITY VEHICLE,MOVING CONSTANT SPEED,39.18998,-77.24153,"(39.18998, -77.24153)"
MCP2362001Z,170526369,Montgomery County Police,Property Damage Crash,08/23/2017 11:15:00 AM,Maryland (State),UNIVERSITY BLVD E,Interstate (State),CAPITAL BELTWAY,,N/A,,STRAIGHT MOVEMENT ANGLE,CLOUDY,DRY,DAYLIGHT,NO CONTROLS,N/A,,2C04D6DE-1392-49D9-BBA3-80307E8C0F7B,No,NO APPARENT INJURY,N/A,NOT DISTRACTED,DC,D291E58B-6F77-4663-B42F-BFCD39733979,FUNCTIONAL,TRANSIT BUS,MOVING CONSTANT SPEED,39.01407833,-77.00424,"(39.01407833, -77.00424)"
MCP3082000F,170529069,Montgomery County Police,Property Damage Crash,09/06/2017 09:45:00 PM,Maryland (State),16TH ST,Maryland (State),COLESVILLE RD,,N/A,,ANGLE MEETS LEFT TURN,RAINING,WET,DARK LIGHTS ON,TRAFFIC SIGNAL,N/A,,233C1009-A62A-40C7-BFF2-0FD5088EDF19,Yes,NO APPARENT INJURY,"N/A, WET",LOOKED BUT DID NOT SEE,OR,105710F1-F396-474E-8FA7-0BCF346F6ABE,FUNCTIONAL,PASSENGER CAR,ACCELERATING,38.99249833,-77.03524167,"(38.99249833, -77.03524167)"
MCP29640021,16057918,Montgomery County Police,Property Damage Crash,11/09/2016 11:08:00 PM,County,WATERFORD HILLS BLVD,Unknown,DOVER CLIFFS CIRCLE,,N/A,,SAME DIR REAR END,CLEAR,DRY,DARK LIGHTS ON,NO CONTROLS,UNKNOWN,,4ACA47F6-1B5C-4AF2-83A4-A465F01F126D,Yes,NO APPARENT INJURY,N/A,UNKNOWN,,5C711B58-59C7-46E8-A6E3-F9BF1055CB0C,DISABLING,AMBULANCE/NON EMERGENCY,MOVING CONSTANT SPEED,39.17840667,-77.27906,"(39.17840667, -77.27906)"
MCP13580009,16024706,Montgomery County Police,Property Damage Crash,05/18/2016 02:10:00 PM,County,MIDDLEBROOK RD,County,CELEBRATION WAY,,N/A,,STRAIGHT MOVEMENT ANGLE,CLEAR,DRY,DAYLIGHT,STOP SIGN,NONE DETECTED,,1D232D01-D5FA-4AD7-BFAF-6A7EA98CE1D3,No,NO APPARENT INJURY,N/A,NOT DISTRACTED,MD,0C0C21FE-9E2A-41DE-9970-0BD8EDC255DF,FUNCTIONAL,PASSENGER CAR,SLOWING OR STOPPING,39.18113333,-77.26946167,"(39.18113333, -77.26946167)"
EJ7856000Y,15054996,GAITHERSBURG,Injury Crash,10/29/2015 02:38:00 PM,Municipality,FIRSTFIELD RD,Municipality,QUINCE ORCHARD BLVD,,GAITHERSBURG,,SAME DIRECTION SIDESWIPE,CLOUDY,DRY,DAYLIGHT,NO CONTROLS,N/A,,E7823A9F-917E-45DF-9B25-03FBD9F7D066,Unknown,SUSPECTED MINOR INJURY,N/A,UNKNOWN,MD,DE446195-60C7-4E1F-AA4A-AACD8E8CE273,SUPERFICIAL,PASSENGER CAR,MOVING CONSTANT SPEED,39.13491833,-77.22613833,"(39.13491833, -77.22613833)"
MCP94170022,170517094,Montgomery County Police,Property Damage Crash,07/03/2017 01:00:00 PM,,,,,MONTROSE CROSSING CENTER,,,SINGLE VEHICLE,CLEAR,,DAYLIGHT,N/A,UNKNOWN,,EC1F244A-60B9-4E76-84D1-81E139D685B6,Yes,NO APPARENT INJURY,N/A,UNKNOWN,KY,8F2A7E80-7CD4-4995-AE89-F8EB59E8506C,FUNCTIONAL,PICKUP TRUCK,ACCELERATING,39.05427,-77.11494167,"(39.05427, -77.11494167)"
EJ7858000J,15063943,GAITHERSBURG,Injury Crash,12/14/2015 09:35:00 PM,Interstate (State),EISENHOWER MEMORIAL HWY,Maryland (State),QUINCE ORCHARD RD,,N/A,,STRAIGHT MOVEMENT ANGLE,CLOUDY,WET,DARK LIGHTS ON,NO CONTROLS,NONE DETECTED,,E06E2DFA-F2CA-4691-8503-DC1C9FABF940,Yes,NO APPARENT INJURY,"N/A, WET",NOT DISTRACTED,MD,C195ED54-5D37-4316-AAAD-159E922073B5,FUNCTIONAL,OTHER,SKIDDING,39.14886871,-77.21714437,"(39.14886871, -77.21714437)"
MCP27910029,16024924,Montgomery County Police,Property Damage Crash,05/19/2016 05:31:00 PM,US (State),COLUMBIA PIKE,County,FAIRLAND RD,,N/A,,SAME DIR REAR END,CLEAR,DRY,DAYLIGHT,TRAFFIC SIGNAL,NONE DETECTED,,609180F8-F82F-4E0A-850C-51BB3B605BD2,Yes,NO APPARENT INJURY,N/A,LOOKED BUT DID NOT SEE,MD,4231A50B-8B37-4F1E-B5DE-0BD6DC175E7B,DISABLING,PASSENGER CAR,SLOWING OR STOPPING,39.07485667,-76.95482333,"(39.07485667, -76.95482333)"