Report Number,Local Case Number,Agency Name,ACRS Report Type,Crash Date/Time,Route Type,Road Name,Cross-Street Type,Cross-Street Name,Off-Road Description,Municipality,Related Non-Motorist,Collision Type,Weather,Surface Condition,Light,Traffic Control,Driver Substance Abuse,Non-Motorist Substance Abuse,Person ID,Driver At Fault,Injury Severity,Circumstance,Driver Distracted By,Drivers License State,Vehicle ID,Vehicle Damage Extent,Vehicle Body Type,Vehicle Movement,Latitude,Longitude,Location
MCP10220057,16034141,Montgomery County Police,Injury Crash,07/06/2016 08:03:00 AM,County,GERMANTOWN RD,County,SCENERY DR,,N/A,,HEAD ON LEFT TURN,CLEAR,DRY,DAYLIGHT,TRAFFIC SIGNAL,NONE DETECTED,,34734B0A-A1C8-4505-8768-8992E7EEC984,Yes,NO APPARENT INJURY,N/A,NOT DISTRACTED,MD,1DD542C9-3CB3-4456-A09D-53B94EC3CA5D,DISABLING,PASSENGER CAR,MAKING LEFT TURN,39.192115,-77.23345667,"(39.192115, -77.23345667)"
MCP2959001Z,16052632,Montgomery County Police,Property Damage Crash,10/13/2016 11:31:00 AM,Maryland (State),GEORGIA AVE,County,BLUERIDGE AVE,,N/A,,SAME DIRECTION SIDESWIPE,CLEAR,DRY,DAYLIGHT,TRAFFIC SIGNAL,NONE DETECTED,,9DBCF285-8867-471C-B7D0-DC2DA5B7FF5B,No,NO APPARENT INJURY,N/A,NOT DISTRACTED,MD,D859976D-F39A-4433-BF4E-A41B2F70DF5D,NO DAMAGE,PICKUP TRUCK,MOVING CONSTANT SPEED,39.04307785,-77.05212951,"(39.04307785, -77.05212951)"
MCP3008000X,170509952,Montgomery County Police,Injury Crash,05/26/2017 05:44:00 AM,Maryland (State),NEW HAMPSHIRE AVE,County,OAKVIEW DR,,N/A,,SAME DIRECTION RIGHT TURN,CLEAR,DRY,DAWN,NO CONTROLS,NONE DETECTED,,21BF8B74-59E2-4E2A-9B6E-E988DB1820DE,No,NO APPARENT INJURY,N/A,NOT DISTRACTED,MD,6AB84D01-FACE-4025-9D88-904E02F5CE6E,SUPERFICIAL,PASSENGER CAR,MOVING CONSTANT SPEED,39.01584333,-76.97744667,"(39.01584333, -76.97744667)"
MCP2874001N,16061515,Montgomery County Police,Injury Crash,11/30/2016 05:10:00 PM,Maryland (State),VEIRS MILL RD,County,CENTERHILL ST,,N/A,,STRAIGHT MOVEMENT ANGLE,RAINING,WET,DARK LIGHTS ON,N/A,ILLEGAL DRUG PRESENT,,FACFE3FC-8646-4883-B57E-62874E44A797,No,SUSPECTED MINOR INJURY,"N/A, WET",NOT DISTRACTED,MD,B7794AE6-71CE-40AD-8013-9C8286245215,DISABLING,PASSENGER CAR,MOVING CONSTANT SPEED,39.05095606,-77.07364082,"(39.05095606, -77.07364082)"
MCP3003001C,170513434,Montgomery County Police,Property Damage Crash,06/13/2017 03:54:00 PM,Maryland (State),FREDERICK RD,County,SHAKESPEARE BLVD,,N/A,,STRAIGHT MOVEMENT ANGLE,CLEAR,DRY,DAYLIGHT,TRAFFIC SIGNAL,NONE DETECTED,,4688A21E-925C-4492-8763-3219FB3ECA3B,No,NO APPARENT INJURY,N/A,NOT DISTRACTED,MD,33A101B7-A123-4B98-ABE8-B020DCE74999,DESTROYED,PASSENGER CAR,MOVING CONSTANT SPEED,39.19820333,-77.24501,"(39.19820333, -77.24501)"
MCP1366004F,16015944,Montgomery County Police,Property Damage Crash,04/01/2016 04:01:00 PM,County,REDLAND RD,County,NEEDWOOD RD,,N/A,,HEAD ON LEFT TURN,CLEAR,DRY,DAYLIGHT,TRAFFIC SIGNAL,NONE DETECTED,,8F51C611-8973-466B-9BF8-3311D11DEA7C,No,NO APPARENT INJURY,N/A,NOT DISTRACTED,MD,33897593-8B5C-44DB-B57D-26FC6FFC8BA5,FUNCTIONAL,(SPORT) UTILITY VEHICLE,MOVING CONSTANT SPEED,39.12381667,-77.15434,"(39.12381667, -77.15434)"
MCP22010010,170512332,Montgomery County Police,Property Damage Crash,06/07/2017 05:30:00 PM,Maryland (State),COLESVILLE RD,Maryland (State),EAST WEST HWY,,N/A,,SAME DIRECTION RIGHT TURN,CLEAR,DRY,DAYLIGHT,TRAFFIC SIGNAL,NONE DETECTED,,B1C19B9C-02E9-4854-90D6-C750B2CDD80E,No,NO APPARENT INJURY,N/A,NOT DISTRACTED,MD,5739204B-D09E-4BFD-8D97-74BD2F1E484D,SUPERFICIAL,TRANSIT BUS,SLOWING OR STOPPING,38.99236167,-77.03097667,"(38.99236167, -77.03097667)"
MCP2349000X,16055032,Montgomery County Police,Injury Crash,10/26/2016 06:46:00 AM,Maryland (State),FREDERICK RD,County,ROSECREST DR,,N/A,,OTHER,CLEAR,DRY,DARK -- UNKNOWN LIGHTING,NO CONTROLS,NONE DETECTED,,101B61E5-1D18-42DC-8D98-D93F1D971085,No,POSSIBLE INJURY,N/A,NOT DISTRACTED,MD,99378420-C4A6-4D53-8491-20455AA1EB86,FUNCTIONAL,VAN,SLOWING OR STOPPING,39.21990691,-77.25766987,"(39.21990691, -77.25766987)"
MCP3000001N,17005459,Montgomery County Police,Property Damage Crash,01/31/2017 05:59:00 PM,Maryland (State),GERMANTOWN RD,County,SENECA MEADOWS PKWY,,N/A,,HEAD ON LEFT TURN,CLEAR,DRY,DARK LIGHTS ON,TRAFFIC SIGNAL,NONE DETECTED,,0AAFC214-9354-42B6-8555-DF9CC8592F87,No,NO APPARENT INJURY,N/A,NOT DISTRACTED,MD,8CB34D5A-355A-41A7-9CF9-E13346D22427,FUNCTIONAL,(SPORT) UTILITY VEHICLE,MOVING CONSTANT SPEED,39.188425,-77.25195667,"(39.188425, -77.25195667)"
DD5600000D,15035438,ROCKVILLE,Property Damage Crash,07/18/2015 08:23:00 PM,Municipality,SPRING AVE,Municipality,DOUGLAS AVE,,ROCKVILLE,,OTHER,CLEAR,DRY,DUSK,N/A,ALCOHOL CONTRIBUTED,,9A6022C4-27DA-42C2-891B-04F85DC684BE,Yes,NO APPARENT INJURY,N/A,OTHER DISTRACTION,MD,DBA96219-D085-40FC-887E-4450A75ECFBB,SUPERFICIAL,PASSENGER CAR,PASSING,39.09542833,-77.13987167,"(39.09542833, -77.13987167)"
MCP22470011,15059601,MONTGOMERY,Property Damage Crash,11/21/2015 09:05:00 PM,County,BRIGGS CHANEY RD,County,AUTOMOBILE BLVD,,N/A,,SAME DIR REAR END,N/A,DRY,DARK LIGHTS ON,TRAFFIC SIGNAL,NONE DETECTED,,45373DF7-824A-4751-9520-F341125E62DB,No,NO APPARENT INJURY,N/A,NOT DISTRACTED,MD,47567A11-55DF-4A98-A481-0E0A87ED097B,FUNCTIONAL,PASSENGER CAR,STOPPED IN TRAFFIC LANE,39.08104833,-76.94659,"(39.08104833, -76.94659)"
MCP22740007,15002327,Montgomery County Police,Injury Crash,01/15/2015 10:20:00 AM,County,AIRPARK RD,Maryland (State),WOODFIELD RD,,N/A,,SINGLE VEHICLE,CLEAR,DRY,DAYLIGHT,NO CONTROLS,NONE DETECTED,,A885F1BF-D0EA-4D5F-BCAE-D1B692884E7E,Yes,POSSIBLE INJURY,N/A,INATTENTIVE OR LOST IN THOUGHT,MD,6B16095D-EAFB-4206-A62B-93B1FB9966BA,DISABLING,PASSENGER CAR,MOVING CONSTANT SPEED,39.167905,-77.15201,"(39.167905, -77.15201)"
MCP2923002Z,170509188,Montgomery County Police,Property Damage Crash,05/22/2017 11:17:00 AM,County,FERRARA AVE,Maryland (State),VEIRS MILL RD,,N/A,,OTHER,CLOUDY,WET,DAYLIGHT,TRAFFIC SIGNAL,NONE DETECTED,,7CC01B72-BE58-4B99-876B-EC77CF113F70,No,NO APPARENT INJURY,N/A,NOT DISTRACTED,MD,CCADA53A-CE86-4E31-8E5E-6B7E15D59B80,SUPERFICIAL,TRANSIT BUS,STOPPED IN TRAFFIC LANE,39.05268333,-77.07718833,"(39.05268333, -77.07718833)"
MCP28180019,15050168,MONTGOMERY,Property Damage Crash,10/03/2015 06:05:00 PM,Interstate (State),CAPITAL BELTWAY,Unknown,EXIT #33,,N/A,,SINGLE VEHICLE,RAINING,WET,DUSK,NO CONTROLS,NONE DETECTED,,07843E08-65F6-44B0-B4C8-CDE1426DDA3B,Yes,NO APPARENT INJURY,"RAIN, SNOW, WET",NOT DISTRACTED,DC,BF570944-4FD7-408E-82BB-75CF117994C9,DISABLING,PASSENGER CAR,MOVING CONSTANT SPEED,39.00876,-77.088005,"(39.00876, -77.088005)"
MCP2916000X,15045119,MONTGOMERY,Property Damage Crash,09/07/2015 03:19:00 PM,,,,,"Parking lot of 11311 Lockwood Drive Silver Spring, MD 20904",,,OTHER,CLEAR,,DAYLIGHT,NO CONTROLS,NONE DETECTED,,9DE90117-E0E7-49F9-A64E-3BB27B9932FF,Yes,NO APPARENT INJURY,N/A,UNKNOWN,MD,8747DF44-9CD7-4859-AD6C-49E3F3DB4258,SUPERFICIAL,PASSENGER CAR,OTHER,39.04008735,-76.98919281,"(39.04008735, -76.98919281)"
MCP25450006,16053287,Montgomery County Police,Property Damage Crash,10/17/2016 07:36:00 AM,County,ARCOLA AVE,Maryland (State),UNIVERSITY BLVD W,,N/A,,STRAIGHT MOVEMENT ANGLE,CLEAR,DRY,DAYLIGHT,NO CONTROLS,NONE DETECTED,,AC8F829E-E41C-46E6-BEC6-EDC1DC6BB6F4,No,NO APPARENT INJURY,N/A,NOT DISTRACTED,MD,4A7FEE20-C008-4286-B52A-98483C792DF7,SUPERFICIAL,SCHOOL BUS,SLOWING OR STOPPING,39.036365,-77.02557167,"(39.036365, -77.02557167)"
MCP2783000Y,16043477,Montgomery County Police,Injury Crash,08/26/2016 05:21:00 PM,County,NORWOOD RD,Maryland (State),OLNEY SANDY SPRING RD,,N/A,,OPPOSITE DIRECTION SIDESWIPE,N/A,DRY,DAYLIGHT,NO CONTROLS,NONE DETECTED,,9E1C45ED-EA6C-4941-9965-7CF9297A1E3C,Unknown,POSSIBLE INJURY,N/A,UNKNOWN,MD,2E377F8C-86C9-49E7-A7BC-B3AF5CD4AFAE,SUPERFICIAL,PASSENGER CAR,MOVING CONSTANT SPEED,39.14878833,-77.02923667,"(39.14878833, -77.02923667)"
MCP3020000L,170508319,Montgomery County Police,Property Damage Crash,05/17/2017 03:51:00 PM,County,BEL PRE RD,Maryland (State),LAYHILL RD,,N/A,,SAME DIRECTION LEFT TURN,CLEAR,DRY,DAYLIGHT,N/A,NONE DETECTED,,0A783BB2-D254-41A7-9F88-6595E7567509,Yes,NO APPARENT INJURY,N/A,LOOKED BUT DID NOT SEE,MD,F5096808-1182-4740-8895-2A1D7C88C843,FUNCTIONAL,PASSENGER CAR,CHANGING LANES,39.09053798,-77.04569489,"(39.09053798, -77.04569489)"
MCP30290019,170528221,Montgomery County Police,Injury Crash,09/01/2017 07:23:00 PM,County,BEL PRE RD,County,ARCTIC AVE,,N/A,,SAME DIR REAR END,CLEAR,DRY,DAWN,STOP SIGN,NONE DETECTED,,DF72627C-F297-48F8-B227-E33796BA013F,No,NO APPARENT INJURY,N/A,NOT DISTRACTED,MD,0D217959-AB3F-4F67-9C7F-0F16418B258B,FUNCTIONAL,PASSENGER CAR,STOPPED IN TRAFFIC LANE,39.09464,-77.09145,"(39.09464, -77.09145)"
MCP25680004,15031859,MONTGOMERY,Injury Crash,06/29/2015 10:38:00 PM,County,SHADY GROVE RD,Municipality,CHOKE CHERRY RD,,N/A,,SAME DIRECTION RIGHT TURN,CLEAR,DRY,DARK LIGHTS ON,NO CONTROLS,NONE DETECTED,,1912E347-2924-4322-9535-7CCFF37DD2B2,No,NO APPARENT INJURY,N/A,NOT DISTRACTED,MD,B6261131-37F2-46E2-93AA-0BEF3463E9B4,DISABLING,(SPORT) UTILITY VEHICLE,MOVING CONSTANT SPEED,39.11381,-77.186238,"(39.11381, -77.186238)"
MCP2116003Y,16012775,MONTGOMERY,Injury Crash,03/15/2016 02:54:00 PM,County,SHADY GROVE RD,Municipality,CHOKE CHERRY RD,,ROCKVILLE,,STRAIGHT MOVEMENT ANGLE,CLEAR,DRY,DAYLIGHT,TRAFFIC SIGNAL,NONE DETECTED,,78313AFF-5CEB-476B-A299-A6915375CD0C,No,SUSPECTED MINOR INJURY,N/A,NOT DISTRACTED,MD,9A85EDAE-67E2-4ED4-A6A8-C9E24C3196F6,DISABLING,(SPORT) UTILITY VEHICLE,MOVING CONSTANT SPEED,39.11461,-77.185965,"(39.11461, -77.185965)"
MCP1121001T,17003136,Montgomery County Police,Property Damage Crash,01/18/2017 05:10:00 PM,Maryland (State),MUNCASTER MILL RD,Maryland (State),WOODFIELD RD,,N/A,,SAME DIRECTION SIDESWIPE,CLEAR,DRY,DAYLIGHT,TRAFFIC SIGNAL,NONE DETECTED,,FD21D201-988F-4A66-AC9E-262FEB5CA5F2,Yes,NO APPARENT INJURY,N/A,NOT DISTRACTED,MD,B1493368-66C9-4315-8D8E-DC399E7D4B55,FUNCTIONAL,(SPORT) UTILITY VEHICLE,MAKING RIGHT TURN,39.15857,-77.15973833,"(39.15857, -77.15973833)"
MCP2087000Q,17006692,Montgomery County Police,Injury Crash,02/07/2017 04:02:00 PM,Maryland (State),UNIVERSITY BLVD W,County,EISNER ST,,N/A,,SAME DIR REAR END,CLEAR,DRY,DAYLIGHT,N/A,NONE DETECTED,,1D41523E-904E-4EDB-8B5C-3CF91ADA40BB,Unknown,POSSIBLE INJURY,N/A,UNKNOWN,MD,2223699D-93DF-4B03-B32C-B0B3BF8E3736,SUPERFICIAL,PASSENGER CAR,MAKING RIGHT TURN,39.02997333,-77.0208,"(39.02997333, -77.0208)"
MCP2675000Y,16001711,Montgomery County Police,Property Damage Crash,01/10/2016 01:26:00 AM,Maryland (State),UNIVERSITY BLVD W,County,DENNIS AVE,,N/A,,STRAIGHT MOVEMENT ANGLE,RAINING,WET,DARK LIGHTS ON,TRAFFIC SIGNAL,NONE DETECTED,,87D1DC4A-9F96-4E27-A379-4475D6EE8638,Yes,NO APPARENT INJURY,"RAIN, SNOW, WET",LOOKED BUT DID NOT SEE,MD,24D90D50-8AC0-482B-9BA8-5827441535DE,DISABLING,PASSENGER CAR,ENTERING TRAFFIC LANE,39.0263207,-77.0201683,"(39.0263207, -77.0201683)"
MCP137800DS,16058663,Montgomery County Police,Property Damage Crash,11/14/2016 02:02:00 PM,Maryland (State),MONTGOMERY VILLAGE AVE,Maryland (State),FREDERICK RD,,N/A,,SAME DIRECTION SIDESWIPE,CLOUDY,DRY,DAYLIGHT,NO CONTROLS,NONE DETECTED,,BACF3B21-695C-4641-AA30-6ECB93C78ECF,Yes,NO APPARENT INJURY,"N/A, ROAD UNDER CONSTRUCTION/MAINTENANCE",NOT DISTRACTED,MD,073D7C21-DB74-4920-822A-0EDD9324C0A9,NO DAMAGE,"CARGO VAN/LIGHT TRUCK 2 AXLES (OVER 10,000LBS (4,536 KG))",MOVING CONSTANT SPEED,39.14931667,-77.2161,"(39.14931667, -77.2161)"
MCP2718001N,15059125,MONTGOMERY,Property Damage Crash,11/19/2015 04:09:00 PM,County,SEVEN LOCKS RD,County,TUCKERMAN LA,,N/A,,OTHER,RAINING,WET,DAYLIGHT,TRAFFIC SIGNAL,N/A,,D486331D-FA81-4F03-9799-A6467EEE247D,Yes,NO APPARENT INJURY,"RAIN, SNOW, WET",UNKNOWN,MD,016B5E6F-5C1F-48EC-BE50-C080B3FC8BCB,DISABLING,PASSENGER CAR,MAKING LEFT TURN,39.04076667,-77.15905667,"(39.04076667, -77.15905667)"
MCP2717007X,16050093,Montgomery County Police,Injury Crash,09/29/2016 01:15:00 PM,Maryland (State),MASSACHUSETTS AVE,County,SANGAMORE RD,,N/A,,STRAIGHT MOVEMENT ANGLE,RAINING,WET,DAYLIGHT,TRAFFIC SIGNAL,NONE DETECTED,,4C505DE3-FA22-43D5-9BD9-406A4B764272,No,SUSPECTED MINOR INJURY,"RAIN, SNOW, WET",NOT DISTRACTED,VA,72AD85F0-46B9-4DD1-9C76-864F8E09B5B6,DISABLING,PASSENGER CAR,MOVING CONSTANT SPEED,38.96351667,-77.121205,"(38.96351667, -77.121205)"
MCP29140034,16027685,Montgomery County Police,Injury Crash,06/02/2016 09:34:00 PM,Maryland (State),UNIVERSITY BLVD W,County,ROYALTON RD,,N/A,,OTHER,CLEAR,N/A,DARK LIGHTS ON,NO CONTROLS,N/A,,CC497DAC-B374-423F-A2E3-6379F3C7CE02,No,NO APPARENT INJURY,N/A,NOT DISTRACTED,MD,2FDBA7D1-342C-4674-867B-C8F9AEF4FBF7,SUPERFICIAL,PASSENGER CAR,MOVING CONSTANT SPEED,39.02396921,-77.01772615,"(39.02396921, -77.01772615)"
MCP29600016,16046412,Montgomery County Police,Property Damage Crash,09/10/2016 01:10:00 PM,Maryland (State),GEORGIA AVE,County,ROSSMOOR BLVD,,N/A,,SAME DIRECTION SIDESWIPE,N/A,DRY,DAYLIGHT,NO CONTROLS,ALCOHOL PRESENT,,DB0F1411-209A-4B4D-97B2-052EAFE09EE4,Yes,NO APPARENT INJURY,N/A,UNKNOWN,MD,3013DE79-32DD-45D3-9EFC-C30D43ECCE7D,SUPERFICIAL,PASSENGER CAR,MOVING CONSTANT SPEED,39.10110127,-77.07618758,"(39.10110127, -77.07618758)"
MCP28770023,16005386,Montgomery County Police,Property Damage Crash,02/02/2016 08:32:00 AM,County,SEMINARY RD,County,GWYNDALE DR,,N/A,,SAME DIR REAR END,CLEAR,WET,DAYLIGHT,NO CONTROLS,NONE DETECTED,,3C17F0A3-5D80-49FD-AEF0-9AEE595B3995,Yes,NO APPARENT INJURY,"N/A, WET",NOT DISTRACTED,MD,6F3503F8-B0CC-4D66-B905-BE9CDF7067D0,DISABLING,PASSENGER CAR,SLOWING OR STOPPING,39.01251,-77.05215667,"(39.01251, -77.05215667)"
MCP29420018,15059373,MONTGOMERY,Property Damage Crash,11/25/2015 03:30:00 PM,Maryland (State),E JEFFERSON ST,Municipality,MONROE ST,,ROCKVILLE,,SAME DIR REAR END,CLEAR,DRY,DAYLIGHT,TRAFFIC SIGNAL,NONE DETECTED,,483125F1-2C2C-4703-ACE3-3D4C5C8478D0,Yes,NO APPARENT INJURY,N/A,UNKNOWN,MD,145C0002-4658-4F20-A41D-3DD44654CC99,SUPERFICIAL,PASSENGER CAR,STARTING FROM LANE,39.08191464,-77.14920402,"(39.08191464, -77.14920402)"
MCP2552000X,16029030,Montgomery County Police,Injury Crash,06/09/2016 04:42:00 PM,,,,,"PARKING LOT OF 12321 PARKLAWN DRIVE, ROCKVILLE, MD 20852",,PEDESTRIAN,OTHER,CLEAR,,DAYLIGHT,N/A,UNKNOWN,N/A,84624BDB-C73E-46BE-BCFA-F25BDC9C448C,Yes,NO APPARENT INJURY,N/A,UNKNOWN,MD,D43BDB3A-BD5F-49A0-A159-9E9CC80E9062,NO DAMAGE,OTHER,BACKING,39.059955,-77.11130667,"(39.059955, -77.11130667)"
MCP28450029,17006138,Montgomery County Police,Property Damage Crash,02/04/2017 11:46:00 AM,Maryland (State),UNIVERSITY BLVD W,County,SUTHERLAND RD,,N/A,,SAME DIRECTION SIDESWIPE,CLEAR,DRY,DAYLIGHT,NO CONTROLS,NONE DETECTED,,E94C4BED-9321-4E7A-9D0D-C827A89AE685,Yes,NO APPARENT INJURY,N/A,LOOKED BUT DID NOT SEE,MD,9EA1F70B-B85E-430E-A1EF-CA31F2FD3533,SUPERFICIAL,PASSENGER CAR,CHANGING LANES,39.02074333,-77.01318833,"(39.02074333, -77.01318833)"
MCP30480010,170512547,Montgomery County Police,Property Damage Crash,06/08/2017 06:54:00 PM,County,TILDEN LA,Maryland (State),OLD GEORGETOWN RD,,N/A,,ANGLE MEETS RIGHT TURN,CLEAR,DRY,DAYLIGHT,TRAFFIC SIGNAL,NONE DETECTED,,6E7D9D76-1815-4DCD-9BFC-EFF83CCAB986,Yes,NO APPARENT INJURY,N/A,LOOKED BUT DID NOT SEE,MD,65D74FB2-1615-4F79-897E-8F4A114496CB,DISABLING,PASSENGER CAR,RIGHT TURN ON RED,39.04476333,-77.12101333,"(39.04476333, -77.12101333)"
MCP2954002S,16066390,Montgomery County Police,Injury Crash,12/26/2016 12:38:00 PM,Maryland (State),UNIVERSITY BLVD E,County,E WAYNE AVE,,N/A,,SAME DIRECTION SIDESWIPE,CLOUDY,DRY,DAYLIGHT,NO CONTROLS,NONE DETECTED,,0256F590-18A1-4004-9CAD-41B44CC4C9E8,No,NO APPARENT INJURY,N/A,UNKNOWN,MD,4B39D115-14C9-4329-AEE5-F605F5263B80,FUNCTIONAL,PASSENGER CAR,ACCELERATING,39.0060122,-76.99755192,"(39.0060122, -76.99755192)"
MCP9130003P,170522522,Montgomery County Police,Property Damage Crash,08/02/2017 01:16:00 PM,Maryland (State),NEW HAMPSHIRE AVE,County,CHALMERS RD,,N/A,,SAME DIR REAR END,N/A,DRY,DAYLIGHT,TRAFFIC SIGNAL,NONE DETECTED,,535391F2-B729-4564-A9AE-1740362A5A1C,No,NO APPARENT INJURY,"N/A, ROAD UNDER CONSTRUCTION/MAINTENANCE",NOT DISTRACTED,MD,C6D163C6-FF14-43C6-9154-7CB88711D997,FUNCTIONAL,(SPORT) UTILITY VEHICLE,MOVING CONSTANT SPEED,39.03030333,-76.98359833,"(39.03030333, -76.98359833)"
MCP24560011,16030587,Montgomery County Police,Property Damage Crash,06/17/2016 07:22:00 AM,County,OLD COLUMBIA PIKE,County,STEWART LA,,N/A,,SAME DIR REAR END,N/A,DRY,DAYLIGHT,NO CONTROLS,NONE DETECTED,,34411795-7A66-4CDA-BF34-370D749719AE,Yes,NO APPARENT INJURY,N/A,NOT DISTRACTED,MD,20A1D446-FDF3-4FF6-A9B7-B89ED4457949,DISABLING,PASSENGER CAR,MOVING CONSTANT SPEED,39.04908167,-76.98302,"(39.04908167, -76.98302)"
MCP27170029,15039915,MONTGOMERY,Injury Crash,08/11/2015 08:54:00 AM,Interstate (State),CAPITAL BELTWAY,County,MACARTHUR BLVD,,N/A,,OTHER,CLEAR,DRY,DAYLIGHT,NO CONTROLS,NONE DETECTED,,1CDB11E4-D47B-4C12-A472-693E0C37B995,Yes,NO APPARENT INJURY,N/A,UNKNOWN,VA,A2B779B8-091C-4EA3-AEE0-6A91CB6E4A88,DISABLING,PASSENGER CAR,ACCELERATING,38.97609833,-77.17816667,"(38.97609833, -77.17816667)"
MCP13050017,17014639,Montgomery County Police,Property Damage Crash,03/22/2017 12:23:00 PM,Maryland (State),MUNCASTER MILL RD,Unknown,NO NAME,,N/A,,SAME DIRECTION LEFT TURN,CLEAR,DRY,DAYLIGHT,OTHER,NONE DETECTED,,C6E9DD16-97D6-4D7C-97DF-6EA705A4351E,No,NO APPARENT INJURY,N/A,NOT DISTRACTED,PA,19FD7D04-1D05-4C71-8369-78A55ED7D75A,SUPERFICIAL,"MEDIUM/HEAVY TRUCKS 3 AXLES (OVER 10,000LBS (4,536KG))",MOVING CONSTANT SPEED,39.15668728,-77.15701997,"(39.15668728, -77.15701997)"
MCP1221002P,16056025,Montgomery County Police,Property Damage Crash,10/31/2016 08:45:00 AM,Maryland (State),W DIAMOND AVE,Maryland (State),QUINCE ORCHARD RD,,N/A,,SAME DIR REAR END,CLEAR,DRY,DAYLIGHT,NO CONTROLS,NONE DETECTED,,4B708F3C-529B-42B4-BDFD-7A9370187E44,No,NO APPARENT INJURY,N/A,NOT DISTRACTED,MD,58312A0D-8A52-4666-977E-EC1CA74ED51F,DISABLING,PASSENGER CAR,SLOWING OR STOPPING,39.14239667,-77.220295,"(39.14239667, -77.220295)"
DD5611000Z,16002310,Rockville Police Departme,Injury Crash,01/13/2016 10:17:00 AM,Maryland (State),ROCKVILLE PIKE,Municipality,HALPINE RD,,ROCKVILLE,,HEAD ON LEFT TURN,CLEAR,DRY,DAYLIGHT,TRAFFIC SIGNAL,NONE DETECTED,,633216D1-341F-46ED-87CF-3411F33FB07F,No,POSSIBLE INJURY,N/A,NOT DISTRACTED,MD,4DDFFBDF-3F2B-4663-9DD5-57C94CF2A8AE,DISABLING,PASSENGER CAR,MOVING CONSTANT SPEED,39.0640025,-77.1239315,"(39.0640025, -77.1239315)"
MCP2535000N,16040781,Montgomery County Police,Property Damage Crash,08/14/2016 05:59:00 PM,Maryland (State),UNIVERSITY BLVD W,County,GRANDVIEW AVE,,N/A,,SAME DIRECTION SIDESWIPE,CLEAR,DRY,DAYLIGHT,NO CONTROLS,ALCOHOL PRESENT,,A9898300-C158-4CF3-B609-0A8AD5870731,Yes,NO APPARENT INJURY,N/A,OTHER DISTRACTION,MD,DE2DCBBA-5029-4B61-9368-289F19C9C5DD,SUPERFICIAL,PICKUP TRUCK,CHANGING LANES,39.04094667,-77.05361833,"(39.04094667, -77.05361833)"
MCP2832001K,15046477,MONTGOMERY,Property Damage Crash,09/14/2015 12:44:00 PM,,,,,In the parking lot of 10431 Metropolitan Ave,,,OTHER,CLEAR,,DAYLIGHT,N/A,N/A,,9CF2CBD1-F0A0-43FE-8BA2-57D5A535B813,No,NO APPARENT INJURY,N/A,NOT DISTRACTED,MD,7F5A2C0F-6599-4D8F-A64B-DD8BE52D3D74,SUPERFICIAL,PASSENGER CAR,PARKED,39.02642167,-77.07016667,"(39.02642167, -77.07016667)"
MCP2783000P,15059187,MONTGOMERY,Injury Crash,08/06/2015 11:19:00 PM,County,CONNECTICUT AVE,Maryland (State),GEORGIA AVE,,N/A,,ANGLE MEETS RIGHT TURN,RAINING,WET,DARK LIGHTS ON,STOP SIGN,NONE DETECTED,,D17640D5-7B5D-4394-8F29-9C7769E4B982,No,SUSPECTED MINOR INJURY,"N/A, WET",UNKNOWN,MD,2F0E7DE5-7CAF-4992-B889-736AC25D67CD,NO DAMAGE,PASSENGER CAR,MOVING CONSTANT SPEED,39.07672833,-77.13983833,"(39.07672833, -77.13983833)"
MCP21670007,15001512,Montgomery County Police,Property Damage Crash,01/10/2015 01:08:00 AM,,,,,"Parking lot of 7-11
7820 Wisconsin Ave",,,OTHER,CLEAR,,DARK LIGHTS ON,N/A,NONE DETECTED,,4F15D6C6-A27C-477A-AAFF-69F81291889A,Yes,NO APPARENT INJURY,N/A,LOOKED BUT DID NOT SEE,MD,3D9C1F49-C08E-42AA-A43F-3E42479BFAD0,SUPERFICIAL,PASSENGER CAR,BACKING,38.98902167,-77.09576333,"(38.98902167, -77.09576333)"
EJ78580016,170530283,Gaithersburg Police Depar,Injury Crash,09/13/2017 07:58:00 AM,Maryland (State),FREDERICK RD,Municipality,MONTGOMERY AVE,,GAITHERSBURG,PEDESTRIAN,OTHER,RAINING,WET,DAYLIGHT,NO CONTROLS,NONE DETECTED,NONE DETECTED,F2949256-1684-40C0-81E8-605763B1C0E1,No,NO APPARENT INJURY,"RAIN, SNOW, WET",NOT DISTRACTED,MD,03B9C029-0900-474B-8A1E-02525A1AB7AD,NO DAMAGE,PASSENGER CAR,STARTING FROM LANE,39.14555667,-77.20349667,"(39.14555667, -77.20349667)"
MCP2639001H,16043911,Montgomery County Police,Injury Crash,08/29/2016 12:57:00 AM,Maryland (State),UNIVERSITY BLVD W,Maryland (State),VEIRS MILL RD,,N/A,,STRAIGHT MOVEMENT ANGLE,CLEAR,DRY,DARK LIGHTS ON,TRAFFIC SIGNAL,NONE DETECTED,,AF970AD4-AFCB-4575-9DDE-DEA75F9724A5,No,NO APPARENT INJURY,N/A,NOT DISTRACTED,MD,6188A632-3E26-4F69-AF55-EE5158B4588B,SUPERFICIAL,PASSENGER CAR,STARTING FROM LANE,39.03988667,-77.05551667,"(39.03988667, -77.05551667)"