Report Number,Local Case Number,Agency Name,ACRS Report Type,Crash Date/Time,Route Type,Road Name,Cross-Street Type,Cross-Street Name,Off-Road Description,Municipality,Related Non-Motorist,Collision Type,Weather,Surface Condition,Light,Traffic Control,Driver Substance Abuse,Non-Motorist Substance Abuse,Person ID,Driver At Fault,Injury Severity,Circumstance,Driver Distracted By,Drivers License State,Vehicle ID,Vehicle Damage Extent,Vehicle Body Type,Vehicle Movement,Latitude,Longitude,Location
MCP2720001M,15055240,MONTGOMERY,Property Damage Crash,10/30/2015 05:54:00 PM,Maryland (State),CONNECTICUT AVE,County,ASPEN HILL RD,,N/A,BICYCLIST,STRAIGHT MOVEMENT ANGLE,CLEAR,DRY,DUSK,TRAFFIC SIGNAL,NONE DETECTED,NONE DETECTED,379346BA-BA08-44AE-85DA-E48965FED431,Yes,NO APPARENT INJURY,N/A,LOOKED BUT DID NOT SEE,MD,8CCA0AE4-E591-439E-920C-5D50AE1BF9E1,SUPERFICIAL,PASSENGER CAR,RIGHT TURN ON RED,39.07991,-77.08024833,"(39.07991, -77.08024833)"
DD5621000N,17012869,Rockville Police Departme,Property Damage Crash,03/11/2017 07:08:00 PM,Maryland (State),VEIRS MILL RD,County,TWINBROOK PKWY,,N/A,,OTHER,CLEAR,DRY,DARK LIGHTS ON,TRAFFIC SIGNAL,NONE DETECTED,,231AD388-AA57-4275-85FD-B9AA76037D13,No,NO APPARENT INJURY,N/A,NOT DISTRACTED,MD,4463D07C-B81B-44CD-BA83-0AF3615F0571,FUNCTIONAL,(SPORT) UTILITY VEHICLE,STOPPED IN TRAFFIC LANE,39.07357683,-77.112192,"(39.07357683, -77.112192)"
MCP2976001X,16041845,Montgomery County Police,Property Damage Crash,08/18/2016 12:32:00 AM,County,OLD COLUMBIA PIKE,County,NO NAME,,N/A,,OTHER,RAINING,WET,DARK LIGHTS ON,NO CONTROLS,NONE DETECTED,,C4C31714-2CE4-4B9C-85B7-845B0307A977,Yes,NO APPARENT INJURY,"RAIN, SNOW, WET",INATTENTIVE OR LOST IN THOUGHT,CA,A804CBB2-3E1E-4712-AC98-562549CDA200,FUNCTIONAL,(SPORT) UTILITY VEHICLE,MAKING U TURN,39.04813167,-76.983555,"(39.04813167, -76.983555)"
DD55900009,15006212,Rockville Police Departme,Injury Crash,02/07/2015 03:22:00 AM,Maryland (State),ROCKVILLE PIKE,Municipality,W EDMONSTON DR,,ROCKVILLE,,HEAD ON LEFT TURN,CLEAR,DRY,DARK LIGHTS ON,FLASHING TRAFFIC SIGNAL,NONE DETECTED,,C5B6D267-AD9A-4875-9809-B78C6D412CAA,Yes,NO APPARENT INJURY,N/A,NOT DISTRACTED,MD,8547F26E-5E0F-454E-9C91-2D7639C67755,DESTROYED,PASSENGER CAR,STARTING FROM LANE,39.07443167,-77.13576,"(39.07443167, -77.13576)"
MCP2286000K,15048625,MONTGOMERY,Property Damage Crash,09/25/2015 11:50:00 AM,County,REDLAND RD,County,BRIARDALE RD,,N/A,,SAME DIR REAR END,CLEAR,DRY,DAYLIGHT,NO CONTROLS,NONE DETECTED,,1ECC8080-D36D-4E79-82DA-3EF6569682DD,Yes,NO APPARENT INJURY,N/A,NOT DISTRACTED,MD,1AD1242C-A7E4-45B3-8363-2E6538E10C58,FUNCTIONAL,PASSENGER CAR,SKIDDING,39.12942773,-77.14919329,"(39.12942773, -77.14919329)"
MCP2910002X,16058971,Montgomery County Police,Property Damage Crash,11/16/2016 08:00:00 AM,US (State),COLUMBIA PIKE,Ramp,RAMP 6 FR MD 198 EB TO US 29 SB,,N/A,,SAME DIR REAR END,CLEAR,DRY,DAYLIGHT,NO CONTROLS,NONE DETECTED,,1C165B12-65ED-4C44-B6A2-BFF7613E6F87,No,NO APPARENT INJURY,N/A,NOT DISTRACTED,MD,D39F04FD-D254-4065-B5A7-87B864C21624,FUNCTIONAL,PASSENGER CAR,STOPPED IN TRAFFIC LANE,39.10878167,-76.93078833,"(39.10878167, -76.93078833)"
MCP2339002W,170525367,Montgomery County Police,Property Damage Crash,08/17/2017 03:18:00 PM,County,NEBEL ST,County,RANDOLPH RD,,N/A,,ANGLE MEETS LEFT TURN,N/A,DRY,DAYLIGHT,NO CONTROLS,NONE DETECTED,,E6DE2C94-22AF-41B1-84EB-9D4AFA760918,No,NO APPARENT INJURY,N/A,NOT DISTRACTED,MD,990BD66D-193B-4A2E-8971-CBBACA37A11F,DISABLING,PASSENGER CAR,MOVING CONSTANT SPEED,39.05292833,-77.11095167,"(39.05292833, -77.11095167)"
MCP2879001G,170526626,Montgomery County Police,Property Damage Crash,08/24/2017 03:15:00 PM,County,E GUDE DR,Unknown,CALHOUN DR,,N/A,,HEAD ON LEFT TURN,CLEAR,DRY,DAYLIGHT,TRAFFIC SIGNAL,NONE DETECTED,,709683FF-B44E-49E9-A85B-756C74B2DE12,Yes,NO APPARENT INJURY,N/A,INATTENTIVE OR LOST IN THOUGHT,MD,D6C941B1-F1A3-4370-835B-1A5E6366429F,DISABLING,PASSENGER CAR,MOVING CONSTANT SPEED,39.10635167,-77.1493,"(39.10635167, -77.1493)"
MCP2871003X,17002498,Montgomery County Police,Property Damage Crash,01/14/2017 08:15:00 PM,,,,,5225 POOKS HILL RD ENTERNCE TO THE PROMENADE,,,SINGLE VEHICLE,RAINING,,DARK LIGHTS ON,OTHER,NONE DETECTED,,22C527C7-E9AE-491A-9637-620123AB1AF8,Yes,NO APPARENT INJURY,"RAIN, SNOW, WET",NOT DISTRACTED,MD,60552543-A739-44B9-9B07-9BF5BB09B4B4,NO DAMAGE,AMBULANCE/NON EMERGENCY,ACCELERATING,39.01582667,-77.10694167,"(39.01582667, -77.10694167)"
MCP2298008H,16019481,Montgomery County Police,Property Damage Crash,04/20/2016 06:00:00 PM,County,SCOTTSBURY DR,County,SCOTTSBURY TERR,,N/A,,SAME DIR REAR END,CLEAR,DRY,DAYLIGHT,NO CONTROLS,NONE DETECTED,,703F0FC4-4A6A-43C1-97DC-07F3E89C7164,Yes,NO APPARENT INJURY,N/A,NOT DISTRACTED,MD,93CF98B2-2861-404A-93CF-5EEB3724F915,FUNCTIONAL,PASSENGER CAR,MOVING CONSTANT SPEED,39.19865833,-77.238975,"(39.19865833, -77.238975)"
MCP11510029,15005274,Montgomery County Police,Injury Crash,02/02/2015 10:35:00 AM,Maryland (State),GREAT SENECA HWY,Maryland (State),CLOPPER RD,,N/A,,SAME DIR REAR END,RAINING,WET,DAYLIGHT,TRAFFIC SIGNAL,NONE DETECTED,,F13EC9FF-7B19-4E00-B230-20783196FAF7,Yes,NO APPARENT INJURY,"RAIN, SNOW, WET",INATTENTIVE OR LOST IN THOUGHT,MD,571500C1-30A8-4F62-B8F3-256638BDD087,SUPERFICIAL,(SPORT) UTILITY VEHICLE,SLOWING OR STOPPING,39.15842167,-77.27572667,"(39.15842167, -77.27572667)"
MCP21870006,15002537,Montgomery County Police,Injury Crash,01/16/2015 09:14:00 AM,County,ARCOLA AVE,County,KEMP MILL RD,,N/A,,HEAD ON LEFT TURN,CLEAR,DRY,DAYLIGHT,NO CONTROLS,NONE DETECTED,,81EB16D1-0969-46A3-B104-C4BC72A60728,No,SUSPECTED MINOR INJURY,N/A,NOT DISTRACTED,MD,E046209E-50E3-488B-928B-E4591D9A399E,DISABLING,PASSENGER CAR,MOVING CONSTANT SPEED,39.04524667,-77.03145833,"(39.04524667, -77.03145833)"
MCP2438000P,16051959,Montgomery County Police,Property Damage Crash,10/09/2016 05:51:00 PM,Maryland (State),NEW HAMPSHIRE AVE,County,WOLF DR,,N/A,,SAME DIR REAR END,CLEAR,DRY,DAYLIGHT,N/A,N/A,,634C8A03-C1B7-4269-B77D-23ED74C761A1,No,NO APPARENT INJURY,N/A,NOT DISTRACTED,MD,42362472-02BA-4272-B3EF-668B60E62C21,SUPERFICIAL,PASSENGER CAR,STOPPED IN TRAFFIC LANE,39.07351667,-77.00265833,"(39.07351667, -77.00265833)"
MCP25460025,16064007,Montgomery County Police,Property Damage Crash,12/13/2016 05:10:00 PM,Maryland (State),CONNECTICUT AVE,County,INDEPENDENCE ST,,N/A,,SAME DIR REAR END,CLEAR,DRY,DARK LIGHTS ON,TRAFFIC SIGNAL,NONE DETECTED,,CCA712A8-338F-4DA4-8288-A2E5795A5699,No,NO APPARENT INJURY,N/A,NOT DISTRACTED,MD,C1892F50-CD6C-49F3-8E48-27D9CC59682A,FUNCTIONAL,VAN,STOPPED IN TRAFFIC LANE,39.07590667,-77.080295,"(39.07590667, -77.080295)"
MCP2518000R,15047521,MONTGOMERY,Injury Crash,09/19/2015 10:45:00 AM,Maryland (State),WOODFIELD RD,County,MOYER RD,,N/A,,SAME DIR REAR END,CLEAR,DRY,DAYLIGHT,NO CONTROLS,NONE DETECTED,,7D3B0C81-88ED-4E33-964A-F2A04BF53B77,No,NO APPARENT INJURY,N/A,NOT DISTRACTED,MD,F8C3BC96-6D39-4327-AF73-27601A38DE85,SUPERFICIAL,PASSENGER CAR,STOPPED IN TRAFFIC LANE,39.267935,-77.20504667,"(39.267935, -77.20504667)"
DD5604000X,15007501,Rockville Police Departme,Property Damage Crash,02/14/2015 07:01:00 PM,Municipality,N WASHINGTON ST,Municipality,DAWSON AVE,,ROCKVILLE,,SAME DIR REAR END,BLOWING SNOW,SNOW,DARK LIGHTS ON,TRAFFIC SIGNAL,NONE DETECTED,,4C7EF962-6B52-46C9-B96C-C65BC5D8573B,No,NO APPARENT INJURY,"ICY OR SNOW-COVERED, RAIN, SNOW, SEVERE CROSSWINDS, SLEET, HAIL, FREEZ. RAIN",NOT DISTRACTED,MD,F63A6066-A1D8-4C04-9A00-79668C04B196,SUPERFICIAL,PASSENGER CAR,SLOWING OR STOPPING,39.08867,-77.153625,"(39.08867, -77.153625)"
DD5508001Z,16036390,Rockville Police Departme,Property Damage Crash,07/18/2016 04:30:00 PM,Municipality,WOOTTON PKWY,Municipality,LINDLEY TERR,,ROCKVILLE,,ANGLE MEETS LEFT HEAD ON,RAINING,WET,DAYLIGHT,STOP SIGN,NONE DETECTED,,4036F8AD-B7F5-4E93-9FA6-E7F306BA408D,Yes,NO APPARENT INJURY,N/A,UNKNOWN,MD,544F503F-FD6D-46AD-AE9D-8B636D495FFA,DISABLING,PASSENGER CAR,MAKING LEFT TURN,39.08742833,-77.19113833,"(39.08742833, -77.19113833)"
MCP2717007F,16045607,Montgomery County Police,Injury Crash,09/06/2016 05:40:00 PM,County,CEDAR LA,Government,BEACH DR,,N/A,,SAME DIR REAR END,CLEAR,DRY,DAYLIGHT,TRAFFIC SIGNAL,NONE DETECTED,,407F54F6-0BDB-40DA-92FF-A34FABFC843A,No,SUSPECTED MINOR INJURY,N/A,NOT DISTRACTED,MD,ADBDDA78-3BE1-405D-BF76-15DE96366187,SUPERFICIAL,PASSENGER CAR,SLOWING OR STOPPING,39.01241167,-77.09076667,"(39.01241167, -77.09076667)"
DD5615000R,15058476,ROCKVILLE,Property Damage Crash,11/16/2015 02:26:00 PM,Municipality,S STONESTREET AVE,Other Public Roadway,BALTIMORE RD,,N/A,,HEAD ON LEFT TURN,CLEAR,DRY,DAYLIGHT,NO CONTROLS,NONE DETECTED,,38431FBC-C98A-4448-9D11-87F672C6425C,Yes,NO APPARENT INJURY,N/A,NOT DISTRACTED,MD,58312FE5-E0D0-4435-B0F1-C03434FD711D,DISABLING,PASSENGER CAR,MAKING LEFT TURN,39.08288904,-77.14354992,"(39.08288904, -77.14354992)"
MCP26670026,16000972,Montgomery County Police,Injury Crash,01/06/2016 03:38:00 PM,County,MIDCOUNTY HWY,Maryland (State),WOODFIELD RD,,N/A,,STRAIGHT MOVEMENT ANGLE,CLEAR,DRY,DAYLIGHT,TRAFFIC SIGNAL,NONE DETECTED,,F116A45C-C797-4434-B717-D5B4DF753224,No,NO APPARENT INJURY,N/A,NOT DISTRACTED,MD,AF170DA9-9221-49D4-9B36-2F4F57252BA5,FUNCTIONAL,PASSENGER CAR,STOPPED IN TRAFFIC LANE,39.15101833,-77.174205,"(39.15101833, -77.174205)"
MCP2872001G,16044878,Montgomery County Police,Injury Crash,09/02/2016 01:33:00 PM,Maryland (State),VEIRS MILL RD,Maryland (State),FIRST ST,,N/A,,SAME DIR REAR END,UNKNOWN,UNKNOWN,DAYLIGHT,TRAFFIC SIGNAL,NONE DETECTED,,3AF2B5C3-1594-4AE7-97D4-166F3787F59A,No,SUSPECTED MINOR INJURY,N/A,NOT DISTRACTED,MD,192E2C2D-2439-422D-9199-6547DFF75297,SUPERFICIAL,PASSENGER CAR,STOPPED IN TRAFFIC LANE,39.07967432,-77.13741302,"(39.07967432, -77.13741302)"
MCP2181001F,17009140,Montgomery County Police,Property Damage Crash,02/20/2017 09:22:00 AM,County,GLEN RD,County,PINEY MEETINGHOUSE RD,,N/A,,OPPOSITE DIRECTION SIDESWIPE,CLEAR,DRY,DAYLIGHT,N/A,N/A,,294C7299-2297-4A71-9323-81127A292DE8,No,NO APPARENT INJURY,N/A,NOT DISTRACTED,MD,4137734F-C381-43EA-8A87-CC1370A7270C,NO DAMAGE,AMBULANCE/EMERGENCY,MOVING CONSTANT SPEED,39.04885,-77.23384,"(39.04885, -77.23384)"
MCP14380048,17009723,Montgomery County Police,Property Damage Crash,02/23/2017 09:05:00 AM,County,GAITHER RD,County,SHADY GROVE RD,,N/A,,SAME DIR REAR END,CLEAR,DRY,DAYLIGHT,TRAFFIC SIGNAL,NONE DETECTED,,DE9BC4BC-E114-4C4A-80A9-ADE1D739448B,No,NO APPARENT INJURY,N/A,NOT DISTRACTED,MD,E807DAEB-C753-4AF8-A450-BA4321BD72C3,SUPERFICIAL,"OTHER LIGHT TRUCKS (10,000LBS (4,536KG) OR LESS)",STOPPED IN TRAFFIC LANE,39.11741333,-77.18440167,"(39.11741333, -77.18440167)"
MCP2552000P,16002896,Montgomery County Police,Property Damage Crash,01/15/2016 10:03:00 PM,County,PARKLAWN DR,County,TWINBROOK PKWY,,N/A,,OTHER,RAINING,WET,DARK LIGHTS ON,N/A,UNKNOWN,,A04E91DB-4925-43C7-8FDD-9A100201782B,Yes,NO APPARENT INJURY,"RAIN, SNOW, WET",UNKNOWN,,20B5D157-CBA1-4957-82F1-D34F69AEFFE9,DESTROYED,PICKUP TRUCK,UNKNOWN,39.06148667,-77.11468833,"(39.06148667, -77.11468833)"
EJ7851002N,170524602,Gaithersburg Police Depar,Injury Crash,08/13/2017 09:51:00 AM,Maryland (State),CLOPPER RD,Municipality,FIRSTFIELD RD,,GAITHERSBURG,,STRAIGHT MOVEMENT ANGLE,CLEAR,DRY,DAYLIGHT,TRAFFIC SIGNAL,NONE DETECTED,,48F51A51-9252-440A-B003-7D40F278E14C,Unknown,POSSIBLE INJURY,N/A,UNKNOWN,MD,F4496505-8D5E-4C15-BB10-1091FE5E4F6C,DISABLING,PASSENGER CAR,ACCELERATING,39.1439,-77.22352667,"(39.1439, -77.22352667)"
MCP26760012,15008236,Montgomery County Police,Injury Crash,02/19/2015 05:54:00 PM,County,KEMP MILL RD,Other Public Roadway,GLENALLAN AVE,,N/A,,HEAD ON LEFT TURN,CLEAR,DRY,DAWN,NO CONTROLS,N/A,,B5908319-1F08-448A-9DF1-65380B59A8B1,No,POSSIBLE INJURY,N/A,NOT DISTRACTED,MD,5D40FE00-EB6F-4244-B1D9-0EDFBB36ADF9,DISABLING,PASSENGER CAR,MOVING CONSTANT SPEED,39.06167667,-77.026075,"(39.06167667, -77.026075)"
MCP2831001T,17008877,Montgomery County Police,Injury Crash,02/18/2017 04:36:00 PM,County,FATHER HURLEY BLVD,Ramp,RAMP 8 FR IS270 SB TO FATHER HURLEY BLVD,,N/A,,STRAIGHT MOVEMENT ANGLE,CLEAR,DRY,DAYLIGHT,TRAFFIC SIGNAL,NONE DETECTED,,0B9D81D4-F8BF-41DD-B8CF-3D151349F6AD,Yes,NO APPARENT INJURY,N/A,LOOKED BUT DID NOT SEE,MD,029F84CA-BE20-4AD5-B553-A3D9B47A10B1,DISABLING,PASSENGER CAR,MOVING CONSTANT SPEED,39.19661167,-77.26554,"(39.19661167, -77.26554)"
MCP229800FM,170528973,Montgomery County Police,Property Damage Crash,09/06/2017 11:35:00 AM,,OBSERVATION DR,,GOLDENROD LANE,,N/A,,SINGLE VEHICLE,RAINING,WET,DAYLIGHT,N/A,NONE DETECTED,,9226A6C4-C1F7-4194-802B-B1C479005747,Yes,NO APPARENT INJURY,"RAIN, SNOW, WET",NOT DISTRACTED,MD,9FA9BB16-172F-4A72-880B-BB2236E1EA1F,DISABLING,PASSENGER CAR,MOVING CONSTANT SPEED,39.18440667,-77.24568,"(39.18440667, -77.24568)"
MCP11280041,15040554,MONTGOMERY,Injury Crash,08/14/2015 12:24:00 PM,County,BURNING TREE RD,County,BEECH TREE RD,,N/A,,SINGLE VEHICLE,N/A,DRY,DAYLIGHT,N/A,NONE DETECTED,,B22F0911-BECF-49A5-8310-81E5F44E4E3F,Yes,POSSIBLE INJURY,N/A,UNKNOWN,MD,4811EE8F-FE0F-4956-8C5D-4B12FA093236,DESTROYED,(SPORT) UTILITY VEHICLE,MOVING CONSTANT SPEED,38.99742333,-77.13906667,"(38.99742333, -77.13906667)"
MCP2654000W,170520484,Montgomery County Police,Property Damage Crash,07/22/2017 12:40:00 AM,,,,,REAR PARKING LOT OF 2300 RANDOLPH RD,,,OTHER,N/A,,DARK LIGHTS ON,NO CONTROLS,NONE DETECTED,,8D37BED3-DAF5-4CA5-BDB3-BAAE3E2E6F56,Yes,NO APPARENT INJURY,N/A,NOT DISTRACTED,MD,2DDCBF2D-E0B6-449E-9CE8-F8EA41153FE6,DISABLING,POLICE VEHICLE/NON EMERGENCY,BACKING,39.05824833,-77.04781333,"(39.05824833, -77.04781333)"
MCP2812001X,16036755,Montgomery County Police,Property Damage Crash,07/05/2016 04:20:00 PM,,,,,IN THE PARKING LOT OF THE 7-11 AT 8101 FENTON STREET,,,SAME DIRECTION SIDESWIPE,CLEAR,,N/A,NO CONTROLS,N/A,,22029CC1-5AC7-43D6-84E9-D8142CD7554C,No,NO APPARENT INJURY,N/A,NOT DISTRACTED,DC,ADF3341E-CE6B-4024-8DF4-44363B31F6BE,FUNCTIONAL,PASSENGER CAR,PARKED,38.99056905,-77.0237276,"(38.99056905, -77.0237276)"
MCP2855001J,170518178,Montgomery County Police,Property Damage Crash,07/09/2017 07:55:00 PM,County,LOCKWOOD DR,Unknown,HEATHER HOLLOW CIR,,N/A,,SAME DIR REAR END,CLEAR,DRY,DAYLIGHT,PERSON,NONE DETECTED,,AA407486-7E0B-4576-90F0-F2E1FB4C9651,No,NO APPARENT INJURY,N/A,NOT DISTRACTED,MD,A6457D12-7425-4FEF-ACBC-605BF7C2E09B,FUNCTIONAL,PASSENGER CAR,STOPPED IN TRAFFIC LANE,39.04615333,-76.99423167,"(39.04615333, -76.99423167)"
DD5583001G,16031690,Rockville Police Departme,Injury Crash,06/23/2016 08:28:00 AM,County,MONTROSE RD,Municipality,NORTH FARM LA,,ROCKVILLE,,SAME DIR REAR END,RAINING,WET,DAYLIGHT,TRAFFIC SIGNAL,NONE DETECTED,,D1C341EE-A6D5-41C4-8388-27B941C19B30,Yes,SUSPECTED MINOR INJURY,"RAIN, SNOW, WET",NOT DISTRACTED,FL,FB1D18E5-AB46-4F45-9B0E-72328C398387,DISABLING,PASSENGER CAR,SLOWING OR STOPPING,39.05512667,-77.14662333,"(39.05512667, -77.14662333)"
MCP2976002L,170506389,Montgomery County Police,Injury Crash,05/07/2017 03:57:00 AM,US (State),COLUMBIA PIKE,County,FAIRLAND RD,,N/A,,STRAIGHT MOVEMENT ANGLE,CLEAR,DRY,DARK LIGHTS ON,TRAFFIC SIGNAL,NONE DETECTED,,D58E48FA-58CC-4A4C-A930-E4866FBE6980,Yes,NO APPARENT INJURY,N/A,LOOKED BUT DID NOT SEE,MD,9681B7E6-76A6-4B14-AE60-49B32D0EE5F4,DISABLING,PASSENGER CAR,MOVING CONSTANT SPEED,39.07344435,-76.95589185,"(39.07344435, -76.95589185)"
MCP2198001F,15062194,MONTGOMERY,Property Damage Crash,12/05/2015 06:06:00 PM,Maryland (State),GREAT SENECA HWY,Municipality,KENTLANDS BLVD,,GAITHERSBURG,,SAME DIR REAR END,CLEAR,DRY,DARK LIGHTS ON,N/A,N/A,,8E9492A6-8FBD-4EF6-A902-3D859B87141F,Yes,NO APPARENT INJURY,N/A,UNKNOWN,MD,0E7117EC-61DD-469F-9030-C861DEF3CAF1,FUNCTIONAL,PICKUP TRUCK,MOVING CONSTANT SPEED,39.12324,-77.23083167,"(39.12324, -77.23083167)"
MCP2874000T,15052915,MONTGOMERY,Property Damage Crash,10/18/2015 07:17:00 PM,Maryland (State),GEORGIA AVE,County,REEDIE DR,,N/A,,OTHER,CLEAR,DRY,DARK LIGHTS ON,TRAFFIC SIGNAL,NONE DETECTED,,0E58AB47-5170-4884-9D21-F8B79AC2260E,Unknown,NO APPARENT INJURY,N/A,UNKNOWN,MD,1C2E3906-70C6-45F6-88FD-ACDCB0A99311,FUNCTIONAL,PASSENGER CAR,MOVING CONSTANT SPEED,39.03885833,-77.05081333,"(39.03885833, -77.05081333)"
DD5594000S,15008972,Rockville Police Departme,Property Damage Crash,02/24/2015 06:05:00 PM,Municipality,FALLSGROVE DR,Maryland (State),W MONTGOMERY AVE,,N/A,,HEAD ON LEFT TURN,CLEAR,DRY,DARK LIGHTS ON,TRAFFIC SIGNAL,NONE DETECTED,,8FA7B0B7-6F01-4EB6-8BD7-AD764830103D,Yes,NO APPARENT INJURY,N/A,UNKNOWN,MD,50A6AD1C-ADD6-454A-8CAD-57014551DB6E,FUNCTIONAL,PASSENGER CAR,MAKING LEFT TURN,39.09959833,-77.18463833,"(39.09959833, -77.18463833)"
MCP1417003Z,15050756,MONTGOMERY,Property Damage Crash,10/07/2015 06:55:00 AM,County,SHADY GROVE RD,County,BRIARDALE RD,,N/A,,SAME DIR REAR END,CLEAR,DRY,DAWN,NO CONTROLS,NONE DETECTED,,5443FC45-2B84-4766-B9C6-EB0947190EC6,No,NO APPARENT INJURY,N/A,NOT DISTRACTED,MD,658EA372-E1F1-4070-8C43-4841AE489975,FUNCTIONAL,PASSENGER CAR,SLOWING OR STOPPING,39.13426667,-77.15764,"(39.13426667, -77.15764)"
MCP2617003Q,170513445,Montgomery County Police,Property Damage Crash,06/13/2017 04:10:00 PM,County,OLD GEORGETOWN RD,Maryland (State),ROCKVILLE PIKE,,N/A,,SAME DIRECTION LEFT TURN,CLEAR,DRY,DAYLIGHT,NO CONTROLS,NONE DETECTED,,BAA91E9C-D7AB-46AF-A35D-8D1AE145458D,Yes,NO APPARENT INJURY,N/A,TALKING OR LISTENING TO CELLULAR PHONE,MA,F8F2C657-0394-4D0D-8853-CBB1F8836D0B,DISABLING,PASSENGER CAR,ACCELERATING,39.00916167,-77.1141,"(39.00916167, -77.1141)"
MCP9130001S,15060954,MONTGOMERY,Property Damage Crash,11/29/2015 01:20:00 PM,Interstate (State),CAPITAL BELTWAY,US (State),COLESVILLE RD,,N/A,,SAME DIRECTION SIDESWIPE,RAINING,WET,DAYLIGHT,NO CONTROLS,NONE DETECTED,,43ACE383-3C83-4145-9D44-A8F030E49F13,No,NO APPARENT INJURY,"N/A, WET",UNKNOWN,NY,3AC26BC7-2B5B-4011-8DAE-92467F76DDC1,DISABLING,VAN,MOVING CONSTANT SPEED,39.01601,-77.01703333,"(39.01601, -77.01703333)"
MCP2107000V,16053038,Montgomery County Police,Property Damage Crash,10/15/2016 02:58:00 PM,Maryland (State),OLD HUNDRED RD,County,COMUS RD,,N/A,,STRAIGHT MOVEMENT ANGLE,CLEAR,DRY,DAYLIGHT,STOP SIGN,NONE DETECTED,,0CFE857C-CF63-413D-8595-60F0C38E2C01,Yes,NO APPARENT INJURY,N/A,NOT DISTRACTED,MD,D2554228-DEFE-4A94-B347-945E4F31E673,FUNCTIONAL,PASSENGER CAR,STARTING FROM LANE,39.24693833,-77.349945,"(39.24693833, -77.349945)"
MCP2896000J,15002516,Montgomery County Police,Property Damage Crash,01/16/2015 05:45:00 AM,Maryland (State),CONNECTICUT AVE,Maryland (State),BRADLEY LA,,N/A,,SAME DIR REAR END,N/A,N/A,DARK LIGHTS ON,NO CONTROLS,UNKNOWN,,3103353E-8449-4553-805F-3AD63E8D1C3C,Yes,NO APPARENT INJURY,N/A,UNKNOWN,MD,A58059AB-7857-4B3F-B15C-4C014FB63BA0,UNKNOWN,PASSENGER CAR,MOVING CONSTANT SPEED,38.97659257,-77.07715988,"(38.97659257, -77.07715988)"
MCP1475000T,16020189,Montgomery County Police,Property Damage Crash,04/24/2016 03:20:00 PM,Maryland (State),MUNCASTER MILL RD,County,SHADY GROVE RD,,N/A,,SAME DIR REAR END,CLEAR,DRY,DAYLIGHT,TRAFFIC SIGNAL,N/A,,D56AC5DB-7FCB-4F2C-88DA-8211FFAA1524,Yes,NO APPARENT INJURY,N/A,NOT DISTRACTED,MD,331FD993-7543-49B1-A653-EB74FD4DB248,DISABLING,PASSENGER CAR,MOVING CONSTANT SPEED,39.149155,-77.14667667,"(39.149155, -77.14667667)"
MCP27170045,15062460,Montgomery County Police,Property Damage Crash,12/07/2015 11:30:00 AM,Maryland (State),CONNECTICUT AVE,Maryland (State),KNOWLES AVE,,N/A,,SAME DIR BOTH LEFT TURN,CLEAR,DRY,DAYLIGHT,TRAFFIC SIGNAL,NONE DETECTED,,A331E99C-AAE3-44CE-AD10-3E2FF1BBACEB,No,NO APPARENT INJURY,N/A,NOT DISTRACTED,MD,52CCF257-1B3C-4002-BA20-AC6FAD7160A1,SUPERFICIAL,SCHOOL BUS,MAKING LEFT TURN,39.02769667,-77.07607167,"(39.02769667, -77.07607167)"
DD5605001R,15049924,ROCKVILLE,Injury Crash,10/02/2015 11:10:00 AM,Municipality,MANNAKEE ST,Service Road,S CAMPUS DR,,N/A,,STRAIGHT MOVEMENT ANGLE,RAINING,WET,DAYLIGHT,STOP SIGN,NONE DETECTED,,5E132DF7-7269-456B-8E72-EDEA10E79E8E,No,NO APPARENT INJURY,"N/A, WET",NOT DISTRACTED,MD,FB5BA89B-0FBD-4CB3-8433-A103CE496103,DISABLING,PASSENGER CAR,STARTING FROM LANE,39.09603333,-77.156955,"(39.09603333, -77.156955)"
MCP2871002Y,16015948,Montgomery County Police,Injury Crash,04/01/2016 04:19:00 PM,Maryland (State),OLD GEORGETOWN RD,County,TUCKERMAN LA,,N/A,,SAME DIR REAR END,CLEAR,DRY,DAYLIGHT,NO CONTROLS,NONE DETECTED,,F92807EE-AB66-4900-8A9A-31A204370D59,No,NO APPARENT INJURY,N/A,NOT DISTRACTED,SC,A9CF4E83-B0A2-47A3-A9FF-10CE6F7CC9AB,FUNCTIONAL,PASSENGER CAR,SLOWING OR STOPPING,39.03327667,-77.125985,"(39.03327667, -77.125985)"
MCP2981000V,16045569,Montgomery County Police,Property Damage Crash,09/06/2016 04:10:00 PM,Maryland (State),MASSACHUSETTS AVE,County,WYNNWOOD RD,,N/A,,SAME DIR REAR END,CLEAR,DRY,DAYLIGHT,NO CONTROLS,NONE DETECTED,,2148568B-DC1B-45A0-9868-439DDD10155D,No,NO APPARENT INJURY,N/A,NOT DISTRACTED,MD,4DAD42DA-5B2F-455D-B54B-FB12CC8F3D81,DISABLING,PASSENGER CAR,SLOWING OR STOPPING,38.96682167,-77.12562833,"(38.96682167, -77.12562833)"