Report Number,Local Case Number,Agency Name,ACRS Report Type,Crash Date/Time,Route Type,Road Name,Cross-Street Type,Cross-Street Name,Off-Road Description,Municipality,Related Non-Motorist,Collision Type,Weather,Surface Condition,Light,Traffic Control,Driver Substance Abuse,Non-Motorist Substance Abuse,Person ID,Driver At Fault,Injury Severity,Circumstance,Driver Distracted By,Drivers License State,Vehicle ID,Vehicle Damage Extent,Vehicle Body Type,Vehicle Movement,Latitude,Longitude,Location
MCP1550000Y,15007631,Montgomery County Police,Property Damage Crash,02/15/2015 04:09:00 PM,Maryland (State),CAPITOL VIEW AVE,County,STONEYBROOK DR,,N/A,,SAME DIR REAR END,CLEAR,DRY,DAYLIGHT,NO CONTROLS,NONE DETECTED,,D42046DA-4EEC-4315-A3C9-A2F898B0C625,Yes,NO APPARENT INJURY,N/A,NOT DISTRACTED,MD,DE253492-0195-4113-92EE-ECC129ECAEC9,DISABLING,"OTHER LIGHT TRUCKS (10,000LBS (4,536KG) OR LESS)",MOVING CONSTANT SPEED,39.02105833,-77.06184,"(39.02105833, -77.06184)"
MCP2693000M,15007335,Montgomery County Police,Injury Crash,02/13/2015 04:00:00 PM,Maryland (State),GEORGIA AVE,County,SHOREFIELD RD,,N/A,PEDESTRIAN,SINGLE VEHICLE,CLEAR,DRY,DAYLIGHT,TRAFFIC SIGNAL,NONE DETECTED,NONE DETECTED,E32E6203-4791-4D03-AAC0-394D33C48881,Yes,NO APPARENT INJURY,N/A,LOOKED BUT DID NOT SEE,MD,96303F4C-0506-4D7D-929E-ED59A1896E31,NO DAMAGE,PASSENGER CAR,MAKING LEFT TURN,39.05347833,-77.05083,"(39.05347833, -77.05083)"
MCP2683002H,170503932,Montgomery County Police,Property Damage Crash,04/24/2017 04:42:00 PM,County,REDLAND RD,Maryland (State),MUNCASTER MILL RD,,N/A,,SAME DIR REAR END,RAINING,WET,DAYLIGHT,TRAFFIC SIGNAL,NONE DETECTED,,5B16656B-F98E-43F3-B32F-8B0B237E3FB8,No,NO APPARENT INJURY,"RAIN, SNOW, WET",NOT DISTRACTED,MD,93E1309C-5D84-4C4D-9F8F-25F55468321E,FUNCTIONAL,PASSENGER CAR,STOPPED IN TRAFFIC LANE,39.14495333,-77.144355,"(39.14495333, -77.144355)"
MCP11280048,15062650,Montgomery County Police,Property Damage Crash,12/08/2015 11:12:00 AM,Maryland (State),WISCONSIN AVE,County,BATTERY LA,,N/A,,OTHER,CLEAR,DRY,DAYLIGHT,N/A,NONE DETECTED,,34F79F74-9AF3-49A6-BE1B-295E426D7D42,No,NO APPARENT INJURY,N/A,NOT DISTRACTED,PA,36ED55C6-2064-4797-AFB0-15424F62C104,SUPERFICIAL,FIRE VEHICLE/EMERGENCY,STOPPED IN TRAFFIC LANE,38.99353167,-77.09624333,"(38.99353167, -77.09624333)"
MCP2361000D,170528315,Montgomery County Police,Injury Crash,09/02/2017 11:50:00 AM,County,SHADY GROVE RD,Ramp,RAMP 5 FR IS 270 SB TO SHADY GROVE RD,,N/A,,HEAD ON LEFT TURN,RAINING,WET,DAYLIGHT,TRAFFIC SIGNAL,NONE DETECTED,,D5618896-6D12-4433-9293-75421EC3C9BF,No,POSSIBLE INJURY,"N/A, RAIN, SNOW",NOT DISTRACTED,AZ,F811A0FB-E1F9-429D-BFA6-B3F53019F9D3,DISABLING,PASSENGER CAR,MAKING LEFT TURN,39.11201167,-77.18697,"(39.11201167, -77.18697)"
MCP28300035,170517053,Montgomery County Police,Property Damage Crash,07/03/2017 08:28:00 AM,Maryland (State),DR BIRD RD,Maryland (State),OLNEY SANDY SPRING RD,,N/A,,SAME DIR REAR END,N/A,N/A,DAYLIGHT,TRAFFIC SIGNAL,NONE DETECTED,,1B84A718-3702-44BB-A7FE-404425681A3C,No,NO APPARENT INJURY,N/A,NOT DISTRACTED,MD,1C8F9E4C-AEB0-4FD9-AB05-3E08B702678E,SUPERFICIAL,PASSENGER CAR,SLOWING OR STOPPING,39.14368833,-77.04316,"(39.14368833, -77.04316)"
MCP23450008,16034134,Montgomery County Police,Property Damage Crash,07/06/2016 03:58:00 AM,Maryland (State),DARNESTOWN RD,Maryland (State),SENECA RD,,N/A,,STRAIGHT MOVEMENT ANGLE,N/A,DRY,DARK LIGHTS ON,FLASHING TRAFFIC SIGNAL,NONE DETECTED,,551C2E65-B11C-4C46-904E-6725805A13C9,No,NO APPARENT INJURY,N/A,NOT DISTRACTED,MD,BD8A29DC-1ADF-46C0-96D6-B5190187474C,DISABLING,PICKUP TRUCK,MOVING CONSTANT SPEED,39.10286667,-77.29169333,"(39.10286667, -77.29169333)"
MCP2446001C,15049189,MONTGOMERY,Property Damage Crash,09/28/2015 03:16:00 PM,County,WISTERIA DR,County,WANEGARDEN DR,,N/A,,OTHER,CLOUDY,DRY,DAYLIGHT,N/A,NONE DETECTED,,9349A8FB-9FC6-4836-AC39-9797CE2BC8BD,No,NO APPARENT INJURY,N/A,NOT DISTRACTED,MD,13C74918-54F0-4F05-A560-DD923ED66919,SUPERFICIAL,PICKUP TRUCK,STOPPED IN TRAFFIC LANE,39.180285,-77.28502667,"(39.180285, -77.28502667)"
MCP1453002B,15061900,MONTGOMERY,Injury Crash,12/04/2015 08:23:00 AM,County,CLARKSBURG RD,County,LEWISDALE RD,,N/A,,SINGLE VEHICLE,CLEAR,DRY,DAYLIGHT,NO CONTROLS,NONE DETECTED,,3496AB58-B2A5-4ED9-A188-69B7B9B7B567,Yes,POSSIBLE INJURY,N/A,INATTENTIVE OR LOST IN THOUGHT,MD,F9A6C95A-7E3F-49CC-BE75-848806801FA3,DISABLING,PASSENGER CAR,MOVING CONSTANT SPEED,39.28460833,-77.27329333,"(39.28460833, -77.27329333)"
MCP2688001W,16013504,MONTGOMERY,Property Damage Crash,03/19/2016 01:13:00 AM,County,CRESTHAVEN DR,County,DUNOON RD,,N/A,,SAME DIR REAR END,CLEAR,DRY,DARK LIGHTS ON,NO CONTROLS,ALCOHOL PRESENT,,0BC9ECDF-2034-47C2-B537-7D0CB5FDC740,Yes,NO APPARENT INJURY,N/A,NOT DISTRACTED,MD,15A4BAA0-9E06-45EE-B73B-51420C73A1D1,DISABLING,PASSENGER CAR,MOVING CONSTANT SPEED,39.02530833,-76.98763667,"(39.02530833, -76.98763667)"
MCP2446001S,16020226,Montgomery County Police,Property Damage Crash,04/24/2016 07:17:00 PM,County,CRYSTAL ROCK DR,Maryland (State),GERMANTOWN RD,,N/A,,SAME DIR REAR END,CLEAR,DRY,DUSK,TRAFFIC SIGNAL,NONE DETECTED,,6A51E2BE-3B24-4567-A302-82F05664BC0C,No,NO APPARENT INJURY,N/A,NOT DISTRACTED,MD,0C898734-77D0-495A-9B53-219C39E16FFA,SUPERFICIAL,PASSENGER CAR,SLOWING OR STOPPING,39.180893,-77.262039,"(39.180893, -77.262039)"
DD5594002Y,170523705,Rockville Police Departme,Property Damage Crash,08/08/2017 06:14:00 PM,Municipality,DAWSON AVE,Municipality,N WASHINGTON ST,,ROCKVILLE,,ANGLE MEETS LEFT HEAD ON,CLEAR,DRY,DAYLIGHT,N/A,N/A,,700C5365-C5B1-45D4-A060-F665FAC754BD,No,NO APPARENT INJURY,N/A,NOT DISTRACTED,MD,83C5F0DE-8A3B-4F84-8407-6F6DEE4AD685,DISABLING,PASSENGER CAR,MOVING CONSTANT SPEED,39.08847,-77.15354167,"(39.08847, -77.15354167)"
EJ78460025,170500570,Gaithersburg Police Depar,Property Damage Crash,04/05/2017 06:59:00 PM,Municipality,GIRARD ST,Municipality,VICTORY FARM DR,,GAITHERSBURG,,SAME DIRECTION SIDESWIPE,CLEAR,DRY,DAYLIGHT,NO CONTROLS,NONE DETECTED,,B5B45E67-E89E-4F96-A72D-20BB44A8BBD4,No,NO APPARENT INJURY,N/A,NOT DISTRACTED,MD,02475B88-B21B-4333-A362-1625A653DA2E,SUPERFICIAL,(SPORT) UTILITY VEHICLE,MOVING CONSTANT SPEED,39.146245,-77.18482833,"(39.146245, -77.18482833)"
MCP2791002F,16030919,Montgomery County Police,Injury Crash,06/18/2016 08:01:00 PM,US (State),COLUMBIA PIKE,Ramp,RAMP 8 FR US 29 SB TO DUSTIN RD,,N/A,,SAME DIR REAR END,CLEAR,DRY,DAYLIGHT,N/A,NONE DETECTED,,8A2B2EC7-65A0-4775-AF00-570AA9489782,Yes,NO APPARENT INJURY,N/A,NOT DISTRACTED,LA,FFFF9EE4-48F5-4BBC-9A9A-DCA6374901EA,SUPERFICIAL,PASSENGER CAR,MOVING CONSTANT SPEED,39.118975,-76.92666333,"(39.118975, -76.92666333)"
MCP3051000D,170527836,Montgomery County Police,Injury Crash,08/30/2017 06:48:00 PM,Maryland (State),RIVER RD,Ramp,RAMP 6 FR MD 190 TO RAMP 11 (TO IS495X),,N/A,,SAME DIR REAR END,CLEAR,DRY,DAYLIGHT,NO CONTROLS,NONE DETECTED,,AFA573D3-9757-4546-AC1D-5E9745D0F526,No,NO APPARENT INJURY,N/A,UNKNOWN,MD,61391636-A8C7-4292-BBE8-D79EDEB4F4C0,DISABLING,PASSENGER CAR,SLOWING OR STOPPING,38.99070143,-77.15454966,"(38.99070143, -77.15454966)"
MCP2398000M,15053305,MONTGOMERY,Property Damage Crash,10/20/2015 09:02:00 PM,County,MONTGOMERY VILLAGE AVE,County,CENTERWAY RD,,N/A,,HEAD ON LEFT TURN,CLEAR,N/A,DARK LIGHTS ON,TRAFFIC SIGNAL,NONE DETECTED,,BB5204FD-D56E-4284-8388-4D642D25BA0C,Yes,NO APPARENT INJURY,N/A,UNKNOWN,MD,32FE9B35-D4ED-4320-AB05-2B3432EB7DC4,FUNCTIONAL,PASSENGER CAR,MAKING U TURN,39.17290167,-77.20397167,"(39.17290167, -77.20397167)"
MCP25590011,16031760,Montgomery County Police,Injury Crash,06/23/2016 01:03:00 PM,County,BROADBIRCH DR,County,PLUM ORCHARD DR,,N/A,,ANGLE MEETS LEFT TURN,CLOUDY,DRY,DAYLIGHT,STOP SIGN,N/A,,247FED34-9813-4FE2-BDCB-B36BB608B403,No,NO APPARENT INJURY,N/A,NOT DISTRACTED,MD,2D76C01C-0A9F-4255-A8A1-20C069B39AFA,FUNCTIONAL,PASSENGER CAR,MAKING LEFT TURN,39.05553011,-76.95725575,"(39.05553011, -76.95725575)"
MCP2492000M,16027601,Montgomery County Police,Fatal Crash,06/02/2016 02:34:00 PM,Maryland (State),S FREDERICK RD,Municipality,CEDAR AVE,,GAITHERSBURG,BICYCLIST,OTHER,CLEAR,DRY,DAYLIGHT,N/A,NONE DETECTED,NONE DETECTED,30C9E21A-362B-410C-B9BE-9FCA99FC5F94,Unknown,NO APPARENT INJURY,N/A,UNKNOWN,PA,7B9FB6B1-20BF-4AC9-8FA1-CD5E766650F0,NO DAMAGE,(SPORT) UTILITY VEHICLE,MOVING CONSTANT SPEED,39.13928333,-77.196055,"(39.13928333, -77.196055)"
MCP1555001S,170504113,Montgomery County Police,Property Damage Crash,04/25/2017 01:16:00 PM,County,OLD COLUMBIA PIKE,Maryland (State),OLD COLUMBIA PIKE,,N/A,,STRAIGHT MOVEMENT ANGLE,RAINING,WET,DAYLIGHT,NO CONTROLS,N/A,,E371C8C0-F364-47CA-AD0A-E2188FEF8F38,Yes,NO APPARENT INJURY,"N/A, RAIN, SNOW",NOT DISTRACTED,MD,4229DA36-A36D-4149-9585-91C67CC7CB8A,DESTROYED,PASSENGER CAR,MAKING RIGHT TURN,39.10965046,-76.93491697,"(39.10965046, -76.93491697)"
MCP2868001D,15040411,MONTGOMERY,Property Damage Crash,08/13/2015 05:42:00 PM,Maryland (State),RIVER RD,County,TARA RD,,N/A,,SAME DIR REAR END,CLEAR,DRY,DAYLIGHT,NO CONTROLS,NONE DETECTED,,29FEC31B-4783-4CEF-A265-086D7A6B9D2F,No,NO APPARENT INJURY,N/A,NOT DISTRACTED,MD,8245BB18-88EF-4F99-856B-4C8BA74A0F00,SUPERFICIAL,PASSENGER CAR,MOVING CONSTANT SPEED,39.030675,-77.23090333,"(39.030675, -77.23090333)"
MCP2633000Y,16013432,MONTGOMERY,Injury Crash,03/18/2016 07:00:00 PM,County,ODENDHAL AVE,County,ROYAL BONNET CIR,,N/A,,SAME DIR REAR END,CLEAR,DRY,DAYLIGHT,N/A,NONE DETECTED,,30DA7D3F-CF37-4327-AAEF-E2CD77A83BC3,Yes,SUSPECTED MINOR INJURY,"N/A, VISION OBSTRUCTION (INCL. BLINDED BY SUN)",UNKNOWN,MD,04FCB34A-F21E-46F6-B4A2-0035D9BF5AC3,DISABLING,PASSENGER CAR,MOVING CONSTANT SPEED,39.15252747,-77.1939218,"(39.15252747, -77.1939218)"
DD55670005,15008061,Rockville Police Departme,Property Damage Crash,02/18/2015 06:24:00 PM,Maryland (State),ROCKVILLE PIKE,Municipality,TEMPLETON PL,,ROCKVILLE,,SAME DIR REAR END,SNOW,WET,DARK LIGHTS ON,N/A,NONE DETECTED,,3F838CF8-8A5C-4440-8C3B-9D79237582BD,Yes,NO APPARENT INJURY,"RAIN, SNOW, WET",UNKNOWN,MD,B73DAD16-0C66-4B63-BD81-5C39FF808925,FUNCTIONAL,"OTHER LIGHT TRUCKS (10,000LBS (4,536KG) OR LESS)",MOVING CONSTANT SPEED,39.068115,-77.1292,"(39.068115, -77.1292)"
MCP3044000H,17010508,Montgomery County Police,Property Damage Crash,02/27/2017 02:12:00 PM,US (State),COLUMBIA PIKE,County,PRELUDE DR,,N/A,,SAME DIR REAR END,CLEAR,DRY,DAYLIGHT,TRAFFIC SIGNAL,UNKNOWN,,95BE8FCF-3EF3-490C-AD15-64CDE8A589DB,Yes,NO APPARENT INJURY,N/A,UNKNOWN,,51CD2EC3-38E4-401B-9986-6D6D7C52F7DC,FUNCTIONAL,PASSENGER CAR,SLOWING OR STOPPING,39.0395832,-76.99761629,"(39.0395832, -76.99761629)"
MCP28230013,15005904,Montgomery County Police,Property Damage Crash,02/05/2015 03:23:00 PM,County,ASPEN HILL RD,County,IRIS ST,,N/A,,SAME DIRECTION RIGHT TURN,N/A,DRY,DAYLIGHT,NO CONTROLS,NONE DETECTED,,03086D3A-87D7-4DF4-8730-BE3477A021BB,No,NO APPARENT INJURY,N/A,NOT DISTRACTED,MD,9C6F6157-0151-4174-B5D5-9EBCF55104A5,SUPERFICIAL,TRANSIT BUS,STOPPED IN TRAFFIC LANE,39.07573,-77.09338833,"(39.07573, -77.09338833)"
MCP2799000R,15004205,Montgomery County Police,Property Damage Crash,01/26/2015 04:26:00 PM,Maryland (State),SPENCERVILLE RD,County,GOOD HOPE RD,,N/A,,SINGLE VEHICLE,RAINING,WET,DAYLIGHT,NO CONTROLS,NONE DETECTED,,4989B06C-905A-4DFF-8CA1-E7753CD06F28,Yes,NO APPARENT INJURY,"RAIN, SNOW, WET",NOT DISTRACTED,MD,71BEDC8C-9925-460A-9CB4-9519DFEF41DB,SUPERFICIAL,PASSENGER CAR,SLOWING OR STOPPING,39.118245,-76.97287,"(39.118245, -76.97287)"
MCP25650022,15054616,MONTGOMERY,Property Damage Crash,10/27/2015 08:01:00 PM,Maryland (State),CONNECTICUT AVE,County,PARSONS RD,,N/A,,SAME DIR REAR END,CLEAR,DRY,DARK LIGHTS ON,NO CONTROLS,ALCOHOL PRESENT,,973F8022-7BFE-46E4-B6E3-D7F4FD8F2709,Yes,NO APPARENT INJURY,N/A,INATTENTIVE OR LOST IN THOUGHT,MD,260AB362-D007-468A-B708-60D6D70700FA,DISABLING,PASSENGER CAR,MOVING CONSTANT SPEED,39.00109333,-77.07705,"(39.00109333, -77.07705)"
MCP23800007,16033986,Montgomery County Police,Property Damage Crash,07/05/2016 02:10:00 PM,Maryland (State),NEW HAMPSHIRE AVE,County,NORTHAMPTON DR,,N/A,,STRAIGHT MOVEMENT ANGLE,CLEAR,DRY,DAYLIGHT,FLASHING TRAFFIC SIGNAL,NONE DETECTED,,AD70440F-EE1E-4219-AF27-E4EE179114D0,No,NO APPARENT INJURY,"N/A, TRAFFIC CONTROL DEVICE INOPERATIVE",NOT DISTRACTED,MD,96C4B1FB-1EED-4E25-9A46-528B30E215D3,FUNCTIONAL,VAN,MOVING CONSTANT SPEED,39.00684833,-76.98025,"(39.00684833, -76.98025)"
MCP2946001Y,16055345,Montgomery County Police,Injury Crash,10/27/2016 05:21:00 PM,County,CLARKSBURG RD,County,LEWISDALE RD,,N/A,,SINGLE VEHICLE,CLOUDY,WET,DAYLIGHT,N/A,NONE DETECTED,,ADC19DDD-6A82-4D73-9955-9722633F6D18,Yes,SUSPECTED MINOR INJURY,"N/A, WET",NOT DISTRACTED,MD,E0F72F69-0786-4CCB-95A0-99EEFD055515,DESTROYED,PASSENGER CAR,NEGOTIATING A CURVE,39.28263833,-77.274605,"(39.28263833, -77.274605)"
EJ7777001G,170528754,Gaithersburg Police Depar,Property Damage Crash,09/05/2017 09:27:00 AM,Municipality,MARQUISE DR,Municipality,DIAMOND DR,,GAITHERSBURG,,SAME DIRECTION SIDESWIPE,CLOUDY,DRY,DAYLIGHT,NO CONTROLS,NONE DETECTED,,4453C0D6-54FB-46BD-B540-3189C2829266,Yes,NO APPARENT INJURY,N/A,NOT DISTRACTED,MD,24E1F398-8EDE-4636-8722-0B2801D753E6,NO DAMAGE,OTHER BUS,SLOWING OR STOPPING,39.13505,-77.23743333,"(39.13505, -77.23743333)"
MCP2671000P,15008794,Montgomery County Police,Property Damage Crash,02/24/2015 05:30:00 PM,County,FENTON ST,County,KING ST,,N/A,,HEAD ON LEFT TURN,CLEAR,WET,DUSK,NO CONTROLS,NONE DETECTED,,E56B55FA-6127-4CA7-A7FC-2093D89241F2,Yes,NO APPARENT INJURY,"N/A, WET",LOOKED BUT DID NOT SEE,MD,1C0B94DE-D77A-42B1-96E8-4AAEACF08832,SUPERFICIAL,PASSENGER CAR,MAKING LEFT TURN,38.98730667,-77.02338667,"(38.98730667, -77.02338667)"
EJ7856001M,16036039,Gaithersburg Police Depar,Injury Crash,07/16/2016 10:19:00 AM,Maryland (State),S FREDERICK RD,County,CENTRAL AVE,,N/A,,STRAIGHT MOVEMENT ANGLE,CLEAR,DRY,DAYLIGHT,NO CONTROLS,N/A,,D93806CE-4002-45CD-B1F4-6D24AB79C335,No,POSSIBLE INJURY,N/A,NOT DISTRACTED,MD,A7004220-8F36-46D9-B734-AF81342B7A82,DISABLING,PASSENGER CAR,MOVING CONSTANT SPEED,39.13024542,-77.18720421,"(39.13024542, -77.18720421)"
MCP25820011,16013493,MONTGOMERY,Property Damage Crash,03/19/2016 10:36:00 PM,Maryland (State),CONNECTICUT AVE,County,RANDOLPH RD,,N/A,,SAME DIRECTION RIGHT TURN,CLEAR,DRY,DARK LIGHTS ON,NO CONTROLS,UNKNOWN,,B897FFD7-2848-4670-B71D-A3260FD883DB,Yes,NO APPARENT INJURY,N/A,UNKNOWN,,94B2097A-4C37-4112-AF46-C53CE3DC07D4,UNKNOWN,,MAKING RIGHT TURN,39.056777,-77.073465,"(39.056777, -77.073465)"
MCP1119003Z,170512247,Montgomery County Police,Property Damage Crash,06/07/2017 08:10:00 AM,County,RANDOLPH RD,County,GLENALLAN AVE,,N/A,,SAME DIR REAR END,CLOUDY,DRY,DAYLIGHT,N/A,NONE DETECTED,,06AD5311-8F2A-4E4E-83D0-8B91EAC289A2,No,NO APPARENT INJURY,N/A,NOT DISTRACTED,MD,FF88DAD8-9426-4516-AE4C-0DC60A92C496,SUPERFICIAL,PICKUP TRUCK,STOPPED IN TRAFFIC LANE,39.060967,-77.0455675,"(39.060967, -77.0455675)"
MCP0872000Y,16037692,Montgomery County Police,Injury Crash,07/25/2016 02:44:00 PM,County,SLIGO AVE,County,CHESAPEAKE AVE,,N/A,,HEAD ON LEFT TURN,CLEAR,DRY,DAYLIGHT,N/A,NONE DETECTED,,E8174021-EB6E-48EA-86EB-4048FEEE5950,Yes,NO APPARENT INJURY,N/A,NOT DISTRACTED,MD,E5FFE6CA-158A-4697-B551-DFA51737B11C,DISABLING,PASSENGER CAR,MAKING LEFT TURN,38.990115,-77.02064,"(38.990115, -77.02064)"
MCP2298005M,15035710,MONTGOMERY,Property Damage Crash,07/20/2015 01:23:00 PM,County,OBSERVATION DR,County,RIDGE RD,,N/A,,ANGLE MEETS LEFT TURN,CLEAR,DRY,DAYLIGHT,TRAFFIC SIGNAL,NONE DETECTED,,2FCD087D-F11C-4DE4-9546-5D890286F189,No,NO APPARENT INJURY,N/A,LOOKED BUT DID NOT SEE,MD,28AF59D8-4AA6-4744-999F-0D405C419D52,DISABLING,PASSENGER CAR,MOVING CONSTANT SPEED,39.20183036,-77.25305915,"(39.20183036, -77.25305915)"
MCP27830017,16064751,Montgomery County Police,Injury Crash,12/17/2016 06:15:00 PM,County,GOOD HOPE RD,County,TWIG RD,,N/A,,HEAD ON,RAINING,N/A,DARK LIGHTS ON,STOP SIGN,ALCOHOL PRESENT,,94186997-7A7D-4A59-9DAA-04756F0540F8,Yes,POSSIBLE INJURY,"N/A, WET",UNKNOWN,MD,459C4A22-4B83-40F1-B7BC-AF100F52FDB7,DISABLING,PASSENGER CAR,MOVING CONSTANT SPEED,39.09632333,-76.98734833,"(39.09632333, -76.98734833)"
EJ78510025,170501762,Gaithersburg Police Depar,Injury Crash,04/12/2017 12:39:00 PM,Municipality,FULKS CORNER AVE,Municipality,OLDE TOWNE AVE,,GAITHERSBURG,,STRAIGHT MOVEMENT ANGLE,CLEAR,DRY,DAYLIGHT,STOP SIGN,N/A,,EB618928-30D7-4B23-BC0A-0B59A892DD0E,Yes,NO APPARENT INJURY,N/A,LOOKED BUT DID NOT SEE,MD,B3F58C6E-02E9-445D-8304-3244A898A59D,SUPERFICIAL,"MEDIUM/HEAVY TRUCKS 3 AXLES (OVER 10,000LBS (4,536KG))",MAKING LEFT TURN,39.13983833,-77.19563667,"(39.13983833, -77.19563667)"
MCP2679001Y,17016666,Montgomery County Police,Property Damage Crash,04/02/2017 12:49:00 AM,Maryland (State),PINEY BRANCH RD,County,SILVER SPRING AVE,,N/A,,SAME DIR REAR END,CLEAR,DRY,DARK LIGHTS ON,N/A,NONE DETECTED,,717351C7-7F44-4A3B-B217-9B148077BBA3,No,NO APPARENT INJURY,N/A,NOT DISTRACTED,MD,BC71DACE-AF2E-4EE8-93CD-D3D30D7E86A8,SUPERFICIAL,PASSENGER CAR,MOVING CONSTANT SPEED,38.99269167,-77.00948833,"(38.99269167, -77.00948833)"
DD5595002M,16024290,Rockville Police Departme,Property Damage Crash,05/16/2016 12:36:00 PM,Maryland (State),ROCKVILLE PIKE,Municipality,ROLLINS AVE,,ROCKVILLE,,OTHER,CLEAR,DRY,DAYLIGHT,TRAFFIC SIGNAL,NONE DETECTED,,F1BB184E-EF1A-4A5B-87C1-394850D3F3E0,Yes,NO APPARENT INJURY,N/A,NOT DISTRACTED,PA,0FCF1A2D-08F6-4EC7-BE3F-881AEF146F65,SUPERFICIAL,TRANSIT BUS,BACKING,39.05928467,-77.12174583,"(39.05928467, -77.12174583)"
MCP2664001J,15062124,MONTGOMERY,Property Damage Crash,12/05/2015 10:29:00 AM,Maryland (State),UNIVERSITY BLVD W,County,REEDIE DR,,N/A,,SAME DIR REAR END,CLEAR,N/A,DAYLIGHT,TRAFFIC SIGNAL,NONE DETECTED,,B83E0D83-1771-46D9-8E01-E4D606740B9D,Yes,NO APPARENT INJURY,N/A,EATING OR DRINKING,MD,2588CE6B-C2C5-4D1E-B891-F1388A3E4A81,DISABLING,PASSENGER CAR,MOVING CONSTANT SPEED,39.04013167,-77.04298667,"(39.04013167, -77.04298667)"
MCP08990013,16013701,MONTGOMERY,Injury Crash,03/20/2016 04:00:00 PM,County,ELM ST,County,ARLINGTON RD,,N/A,,SAME DIR REAR END,CLEAR,DRY,DAYLIGHT,TRAFFIC SIGNAL,NONE DETECTED,,B7302D4D-967A-4B05-9076-A01E9BE7DA74,No,NO APPARENT INJURY,N/A,NOT DISTRACTED,MD,BCC1A173-CE3E-4BEA-8BED-F00D3E4317F2,SUPERFICIAL,PASSENGER CAR,STOPPED IN TRAFFIC LANE,38.981385,-77.09969333,"(38.981385, -77.09969333)"
MCP2919000P,15042563,MONTGOMERY,Property Damage Crash,08/25/2015 10:05:00 AM,Government,SLIGO CREEK PKWY,County,BRUNETT AVE,,N/A,,OTHER,CLEAR,N/A,DAYLIGHT,STOP SIGN,NONE DETECTED,,16720D49-5D6C-4481-B3AA-19EF10B5CA26,No,NO APPARENT INJURY,N/A,NOT DISTRACTED,MD,B73BF337-25B6-41D7-A7B6-A660A186804E,SUPERFICIAL,PASSENGER CAR,MOVING CONSTANT SPEED,39.00911167,-77.02134,"(39.00911167, -77.02134)"
HA23860005,17000335,Maryland-National Capital,Property Damage Crash,03/28/2017 02:50:00 PM,Other Public Roadway,STRINGTOWN RD,Maryland (State),FREDERICK RD,,N/A,,SAME DIR REAR END,CLEAR,DRY,DAYLIGHT,TRAFFIC SIGNAL,N/A,,9DB5754D-C583-42F9-9A97-7D037F1A2865,No,NO APPARENT INJURY,N/A,NOT DISTRACTED,MD,4ED8D8EE-611D-413F-9538-F8EBDDD9D805,FUNCTIONAL,POLICE VEHICLE/EMERGENCY,STOPPED IN TRAFFIC LANE,39.23739088,-77.27793798,"(39.23739088, -77.27793798)"
MCP21980018,15052588,MONTGOMERY,Injury Crash,10/16/2015 05:55:00 PM,County,SAM EIG HWY,Ramp,RAMP 1 FR IS 270 NB TO IS 370 WB,,N/A,,SINGLE VEHICLE,CLEAR,DRY,DAYLIGHT,N/A,N/A,,036902DC-0C70-40C6-85C4-CE975F29CF23,Yes,SUSPECTED MINOR INJURY,N/A,NOT DISTRACTED,MD,CCD69932-193B-4611-85F8-13ED5D760C8C,DESTROYED,PASSENGER CAR,MOVING CONSTANT SPEED,39.12210333,-77.19822833,"(39.12210333, -77.19822833)"
MCP2657000Q,15039539,MONTGOMERY,Injury Crash,08/08/2015 11:59:00 PM,Maryland (State),NEW HAMPSHIRE AVE,Unknown,ENT TO WHITE OAK SHOPPING CENTER,,N/A,,HEAD ON LEFT TURN,CLEAR,DRY,DARK LIGHTS ON,N/A,N/A,,ABAE7ECF-4841-4FE9-9D89-3C4E62B59FA5,No,NO APPARENT INJURY,N/A,NOT DISTRACTED,MD,19B3D319-A8A9-468B-A5F7-43B2272AAAC7,DISABLING,PASSENGER CAR,MOVING CONSTANT SPEED,39.04068629,-76.99098587,"(39.04068629, -76.99098587)"
MCP2717002N,15047421,MONTGOMERY,Injury Crash,09/18/2015 07:10:00 PM,Maryland (State),BRADLEY BLVD,County,LELAND ST,,N/A,,OTHER,CLEAR,DRY,DARK NO LIGHTS,TRAFFIC SIGNAL,NONE DETECTED,,5FC70807-AC63-4F3F-9ED6-43A9A1615218,Yes,SUSPECTED MINOR INJURY,"N/A, TRAFFIC CONTROL DEVICE INOPERATIVE",UNKNOWN,MD,F729CC54-B5BA-4F29-A0D8-2E95F9CBDAF5,DISABLING,PASSENGER CAR,MOVING CONSTANT SPEED,39.02569,-77.20216333,"(39.02569, -77.20216333)"
MCP2552001Q,17013190,Montgomery County Police,Injury Crash,03/13/2017 07:49:00 PM,Maryland (State),ROCKVILLE PIKE,Unknown,ENT TO WINTERGREEN PLAZA,,N/A,,STRAIGHT MOVEMENT ANGLE,WINTRY MIX,WET,DARK LIGHTS ON,N/A,N/A,,408C253F-0C10-427F-A93B-B3F77CB98B98,Yes,SUSPECTED MINOR INJURY,"N/A, WET",UNKNOWN,MD,E1B6460A-418C-4E76-8FA1-7BA7C7B70A07,DESTROYED,PASSENGER CAR,MAKING LEFT TURN,39.07543188,-77.13722661,"(39.07543188, -77.13722661)"