Report Number,Local Case Number,Agency Name,ACRS Report Type,Crash Date/Time,Route Type,Road Name,Cross-Street Type,Cross-Street Name,Off-Road Description,Municipality,Related Non-Motorist,Collision Type,Weather,Surface Condition,Light,Traffic Control,Driver Substance Abuse,Non-Motorist Substance Abuse,Person ID,Driver At Fault,Injury Severity,Circumstance,Driver Distracted By,Drivers License State,Vehicle ID,Vehicle Damage Extent,Vehicle Body Type,Vehicle Movement,Latitude,Longitude,Location
MCP2728001X,16001041,Montgomery County Police,Property Damage Crash,01/06/2016 07:46:00 PM,Maryland (State),UNIVERSITY BLVD E,Ramp,RAMP 4 FR MD 193 NB TO IS 495 EB,,N/A,,SAME DIR REAR END,CLEAR,DRY,DARK LIGHTS ON,NO CONTROLS,NONE DETECTED,,646DC085-50BF-41E9-8335-4802875B9F4A,Yes,NO APPARENT INJURY,N/A,ADJUSTING AUDIO AND OR CLIMATE CONTROLS,MD,D9D72A0C-1516-4EB8-BC67-3F5C6DEECFEA,DISABLING,PASSENGER CAR,SLOWING OR STOPPING,39.01410167,-77.004005,"(39.01410167, -77.004005)"
DD5611001T,16064033,Rockville Police Departme,Property Damage Crash,12/13/2016 07:02:00 PM,Maryland (State),FALLS RD,Municipality,GREAT FALLS RD (AHEAD),,ROCKVILLE,,SAME DIR REAR END,CLEAR,DRY,DARK LIGHTS ON,NO CONTROLS,NONE DETECTED,,96CDDE7D-5D54-415A-9ED5-BA6EE2DFD706,Yes,NO APPARENT INJURY,N/A,NOT DISTRACTED,MD,2F871585-0691-467C-AEF3-B9E55F02AF26,DISABLING,PASSENGER CAR,ENTERING TRAFFIC LANE,39.07597133,-77.16289633,"(39.07597133, -77.16289633)"
MCP10790004,16048829,Montgomery County Police,Property Damage Crash,09/22/2016 09:20:00 PM,Maryland (State),CLOPPER RD,Municipality,METROPOLITAN GROVE RD,,GAITHERSBURG,,HEAD ON LEFT TURN,CLEAR,DRY,DARK LIGHTS ON,TRAFFIC SIGNAL,N/A,,DF59F257-C08A-4BA8-8162-5E4894318111,No,NO APPARENT INJURY,N/A,NOT DISTRACTED,MD,94D3A3A1-9905-40F2-81EB-53D4C8C7AE8D,FUNCTIONAL,PASSENGER CAR,MOVING CONSTANT SPEED,39.14599,-77.22826,"(39.14599, -77.22826)"
MCP2881000T,15000904,Montgomery County Police,Property Damage Crash,01/06/2015 12:00:00 PM,County,WHEATFIELD DR,Maryland (State),FREDERICK RD,,N/A,,SAME DIR REAR END,SNOW,ICE,DAYLIGHT,NO CONTROLS,NONE DETECTED,,5CC9E6C9-40C7-464F-B7D5-9BBB4781BCCA,No,NO APPARENT INJURY,"ICY OR SNOW-COVERED, RAIN, SNOW",NOT DISTRACTED,MD,50258263-B0E4-4553-AA55-0D6467D47EBA,SUPERFICIAL,VAN,PARKED,39.18451167,-77.26285167,"(39.18451167, -77.26285167)"
MCP3042000B,17009190,Montgomery County Police,Property Damage Crash,02/20/2017 02:07:00 PM,County,OAK DR,County,HILLSDALE DR,,N/A,,STRAIGHT MOVEMENT ANGLE,CLEAR,DRY,DAYLIGHT,NO CONTROLS,NONE DETECTED,,53FE7B94-D39B-434C-8E47-DF94EB00B217,No,NO APPARENT INJURY,N/A,NOT DISTRACTED,MD,0E9A8562-8B4F-43EF-A412-B9267F2B5D90,DISABLING,PASSENGER CAR,MOVING CONSTANT SPEED,39.03798841,-77.06282079,"(39.03798841, -77.06282079)"
MCP2676001P,15058958,MONTGOMERY,Injury Crash,11/18/2015 06:51:00 PM,County,GOSHEN RD,County,WIGHTMAN RD,,N/A,,HEAD ON LEFT TURN,CLOUDY,WET,DARK LIGHTS ON,TRAFFIC SIGNAL,N/A,,532FD316-187C-4205-843C-7BD13A516FE9,Yes,NO APPARENT INJURY,"N/A, WET",NOT DISTRACTED,NY,B1075A01-F042-402C-A64C-94AA40B8ECE7,FUNCTIONAL,OTHER,MAKING LEFT TURN,39.18783167,-77.18696667,"(39.18783167, -77.18696667)"
MCP3004000B,16007656,Montgomery County Police,Injury Crash,02/15/2016 10:18:00 AM,County,EXECUTIVE BLVD,County,E JEFFERSON ST (AHEAD),,N/A,,OTHER,SNOW,SNOW,DAYLIGHT,N/A,NONE DETECTED,,46939E55-029A-411B-A784-D72295CE9597,Yes,SUSPECTED MINOR INJURY,"ICY OR SNOW-COVERED, RAIN, SNOW, WET",UNKNOWN,MD,D0BA3755-CAF4-46AF-BAEB-1F37F6F10540,FUNCTIONAL,(SPORT) UTILITY VEHICLE,SKIDDING,39.04856894,-77.12409854,"(39.04856894, -77.12409854)"
MCP24220029,170522018,Montgomery County Police,Property Damage Crash,07/30/2017 08:51:00 PM,Maryland (State),MUNCASTER MILL RD,County,REDLAND RD,,N/A,,SAME DIR REAR END,CLEAR,N/A,DARK LIGHTS ON,N/A,N/A,,3D057995-366D-43A3-8626-34ACACF9A67F,No,NO APPARENT INJURY,N/A,NOT DISTRACTED,MD,3B17AEAA-B09F-4A6A-A836-92A95644A13C,NO DAMAGE,PASSENGER CAR,STOPPED IN TRAFFIC LANE,39.14502,-77.14291167,"(39.14502, -77.14291167)"
MCP2694001Z,16005119,Montgomery County Police,Property Damage Crash,01/31/2016 06:05:00 PM,Maryland (State),OLD GEORGETOWN RD,County,CHESHIRE DR,,N/A,,STRAIGHT MOVEMENT ANGLE,CLEAR,WET,DARK LIGHTS ON,TRAFFIC SIGNAL,NONE DETECTED,,C8516D1B-9480-4A82-8928-6A68CD40B2FA,Yes,NO APPARENT INJURY,"N/A, WET",LOOKED BUT DID NOT SEE,MD,AF1139C2-77FC-4135-8AAB-29C25D2A31CE,DISABLING,PASSENGER CAR,MOVING CONSTANT SPEED,39.02253333,-77.12365167,"(39.02253333, -77.12365167)"
MCP2311000X,15047272,MONTGOMERY,Property Damage Crash,09/18/2015 07:51:00 AM,Maryland (State),GREAT SENECA HWY,County,SAM EIG HWY,,N/A,,SAME DIR REAR END,CLEAR,DRY,DAYLIGHT,NO CONTROLS,N/A,,577503C3-4919-43F8-96CE-4ACC30F922D0,No,NO APPARENT INJURY,N/A,NOT DISTRACTED,MD,8FE9CB38-8555-4017-808D-8BEA5CAAF2FB,SUPERFICIAL,PASSENGER CAR,SLOWING OR STOPPING,39.10986333,-77.21661667,"(39.10986333, -77.21661667)"
MCP91300023,16017864,Montgomery County Police,Injury Crash,04/12/2016 01:33:00 PM,Maryland (State),UNIVERSITY BLVD E,County,BAYFIELD ST,,N/A,,SAME DIR REAR END,CLEAR,DRY,DAYLIGHT,NO CONTROLS,NONE DETECTED,,CA9B21C9-3FA2-45BA-B41E-9393F2DF029C,No,SUSPECTED MINOR INJURY,N/A,NOT DISTRACTED,VA,A9404737-1B56-4A35-AA74-C8B000915240,FUNCTIONAL,PASSENGER CAR,SLOWING OR STOPPING,38.995225,-76.99282667,"(38.995225, -76.99282667)"
MCP1519000T,16021576,Montgomery County Police,Injury Crash,05/02/2016 09:45:00 AM,Interstate (State),EISENHOWER MEMORIAL HWY,Ramp,RAMP 8 FR IS 270 SB TO MD 118 WB,,N/A,,SAME DIR REAR END,CLOUDY,WET,DAYLIGHT,N/A,NONE DETECTED,,E9469187-A3E2-4CD5-B76D-547E70E6BCBA,No,POSSIBLE INJURY,"N/A, WET",NOT DISTRACTED,MD,4B043036-B779-4DB3-A35B-15E9E085521D,SUPERFICIAL,PASSENGER CAR,STOPPED IN TRAFFIC LANE,39.18838632,-77.25811645,"(39.18838632, -77.25811645)"
EJ7833002H,16066034,Gaithersburg Police Depar,Property Damage Crash,12/23/2016 06:16:00 PM,County,SHADY GROVE RD,Unknown,ENT TO BUSINESS,,N/A,,SAME DIR REAR END,CLEAR,DRY,DARK LIGHTS ON,TRAFFIC SIGNAL,NONE DETECTED,,CA322106-982A-4CA2-A5C8-E4BB301F9CF9,No,NO APPARENT INJURY,N/A,NOT DISTRACTED,MD,67882910-72E5-4AFA-BDFE-DF2B2E2D7E1F,DISABLING,PASSENGER CAR,MOVING CONSTANT SPEED,39.12466,-77.17569333,"(39.12466, -77.17569333)"
MCP2843000V,16026040,Montgomery County Police,Property Damage Crash,05/25/2016 08:00:00 AM,,,,,"PARKING LOT OF 12900 MIDDLEBROOK RD, GERMANTOWN MD, 20874.",,,UNKNOWN,OTHER,,DAYLIGHT,N/A,UNKNOWN,,DEC1AA66-04BF-4F74-9DFF-350619C12CE5,Yes,NO APPARENT INJURY,N/A,UNKNOWN,,FC5A6C03-1EA6-4A6C-B026-1E5D4A0F38D2,UNKNOWN,,UNKNOWN,39.10644,-77.20292833,"(39.10644, -77.20292833)"
MCP2869000X,15034579,MONTGOMERY,Property Damage Crash,06/19/2015 03:30:00 AM,Interstate (State),CAPITAL BELTWAY,Unknown,EXIT #31,,N/A,,OTHER,UNKNOWN,WET,DARK LIGHTS ON,NO CONTROLS,NONE DETECTED,,907A95E6-832E-49D7-8541-4436EF5EBBED,No,NO APPARENT INJURY,"N/A, WET",NOT DISTRACTED,MD,F6B6F60E-6DC5-459E-B04C-4D421B383F1E,SUPERFICIAL,PASSENGER CAR,MOVING CONSTANT SPEED,39.05813,-77.04980167,"(39.05813, -77.04980167)"
DD5615003D,170508051,Rockville Police Departme,Injury Crash,05/16/2017 09:44:00 AM,Maryland (State),HUNGERFORD DR,Municipality,FREDERICK AVE #2,,ROCKVILLE,PEDESTRIAN,OTHER,CLEAR,DRY,DAYLIGHT,NO CONTROLS,NONE DETECTED,NONE DETECTED,64DB4C57-84BE-4DBD-959C-95F5A6040E69,No,NO APPARENT INJURY,N/A,NOT DISTRACTED,MD,1D1675C8-5F23-4052-B4CB-494C008210F8,FUNCTIONAL,(SPORT) UTILITY VEHICLE,MAKING RIGHT TURN,39.09451,-77.15309667,"(39.09451, -77.15309667)"
MCP2087000K,16061603,Montgomery County Police,Injury Crash,12/01/2016 06:51:00 AM,Maryland (State),VEIRS MILL RD,County,CENTERHILL ST,,N/A,PEDESTRIAN,OTHER,CLEAR,DRY,DARK LIGHTS ON,NO CONTROLS,NONE DETECTED,NONE DETECTED,6560EEA6-FC1D-4A61-9F05-D2A72D2EEFF3,No,NO APPARENT INJURY,N/A,NOT DISTRACTED,MD,C9A6C123-F95A-401D-AC9C-976F870CB4C0,FUNCTIONAL,PASSENGER CAR,MOVING CONSTANT SPEED,39.05046833,-77.07252167,"(39.05046833, -77.07252167)"
MCP2048000Q,15055959,MONTGOMERY,Property Damage Crash,11/02/2015 09:13:00 PM,Maryland (State),NEW HAMPSHIRE AVE,Interstate (State),CAPITAL BELTWAY,,N/A,,SAME DIRECTION SIDESWIPE,CLEAR,DRY,DARK -- UNKNOWN LIGHTING,N/A,UNKNOWN,,8772BDFA-DBCA-4813-B1B1-F08FA8533E7D,Yes,NO APPARENT INJURY,N/A,NOT DISTRACTED,OK,1BD7B3D5-7B9D-41A5-B3D0-D99196A96E4A,UNKNOWN,"CARGO VAN/LIGHT TRUCK 2 AXLES (OVER 10,000LBS (4,536 KG))",MOVING CONSTANT SPEED,39.01955879,-76.97653413,"(39.01955879, -76.97653413)"
MCP2722001J,16014011,MONTGOMERY,Injury Crash,03/22/2016 12:44:00 PM,Maryland (State),VEIRS MILL RD,Unknown,ENT TO STONEY MILL SQUARE,,N/A,,SAME DIR REND RIGHT TURN,CLEAR,DRY,DAYLIGHT,NO CONTROLS,N/A,,58859B44-A08E-4B33-A9AE-B314D287C365,Yes,NO APPARENT INJURY,N/A,NOT DISTRACTED,MD,B6041546-2F9B-4B8F-A1D5-2A7C49593524,FUNCTIONAL,PASSENGER CAR,MAKING RIGHT TURN,39.05675,-77.08316667,"(39.05675, -77.08316667)"
MCP2469001B,16048062,Montgomery County Police,Property Damage Crash,09/19/2016 09:52:00 AM,County,PROSPERITY DR,County,WHITETHORN CT,,N/A,,SAME DIRECTION RIGHT TURN,RAINING,WET,DAYLIGHT,NO CONTROLS,NONE DETECTED,,D287B138-F2DF-44F5-8F42-646ACF0EE5F3,Yes,NO APPARENT INJURY,"N/A, RAIN, SNOW",LOOKED BUT DID NOT SEE,MD,EAC4E630-6CD4-4161-AD65-2D7A4047C4DE,DISABLING,PASSENGER CAR,MOVING CONSTANT SPEED,39.06061167,-76.96350333,"(39.06061167, -76.96350333)"
MCP26030005,15008307,Montgomery County Police,Property Damage Crash,02/20/2015 09:23:00 AM,County,MONTGOMERY VILLAGE AVE,County,WALKERS CHOICE RD,,N/A,,SAME DIR REAR END,CLEAR,DRY,DAYLIGHT,NO CONTROLS,N/A,,50A1304E-605A-4A23-86F2-512EA3620409,No,NO APPARENT INJURY,N/A,NOT DISTRACTED,MD,47E010B1-8929-433D-B17A-F3A1C81E2359,SUPERFICIAL,PASSENGER CAR,SLOWING OR STOPPING,39.16316333,-77.20309667,"(39.16316333, -77.20309667)"
MCP2195000L,16011492,MONTGOMERY,Property Damage Crash,03/08/2016 02:09:00 PM,Municipality,MANNAKEE ST,Maryland (State),W MONTGOMERY AVE,,N/A,,OTHER,CLEAR,DRY,DAYLIGHT,NO CONTROLS,NONE DETECTED,,4450B674-4F54-4A26-A476-3408BDE4FFEF,No,NO APPARENT INJURY,N/A,NOT DISTRACTED,MD,30E00C71-110B-42F5-949A-A62736C16B3E,SUPERFICIAL,(SPORT) UTILITY VEHICLE,STARTING FROM LANE,39.08555398,-77.16763616,"(39.08555398, -77.16763616)"
MCP2048000Z,16065303,Montgomery County Police,Property Damage Crash,12/20/2016 06:12:00 PM,US (State),COLUMBIA PIKE,County,BLACKBURN RD,,N/A,,SAME DIR REAR END,CLEAR,DRY,DARK LIGHTS ON,N/A,NONE DETECTED,,A9C9D46D-772A-46C4-AEC4-D88059D1FC87,No,NO APPARENT INJURY,N/A,NOT DISTRACTED,MD,E5076CAB-838D-4CD6-9368-36DD42949F4E,DISABLING,PASSENGER CAR,STOPPED IN TRAFFIC LANE,39.10666333,-76.93198167,"(39.10666333, -76.93198167)"
MCP2666000V,15040111,MONTGOMERY,Property Damage Crash,08/12/2015 02:16:00 AM,County,BRIGGS CHANEY RD,Maryland (State),INTERCOUNTY CONNECTOR,,N/A,,SINGLE VEHICLE,CLEAR,DRY,DARK LIGHTS ON,TRAFFIC SIGNAL,ILLEGAL DRUG PRESENT,,40EC7144-A286-4C37-AB13-90551BB08466,Yes,NO APPARENT INJURY,N/A,UNKNOWN,,7D087E92-A261-491A-8FA3-E83A20BC26EE,DISABLING,PASSENGER CAR,MAKING RIGHT TURN,39.07451,-76.940245,"(39.07451, -76.940245)"
EJ7809000W,17007620,Gaithersburg Police Depar,Injury Crash,02/12/2017 03:34:00 AM,,,,,"117 E. DIAMOND AVE. GAITHERSBURG, MD. 20877 (CANCUN RESTAURANT / REAR PARKING LOT)",,PEDESTRIAN,SINGLE VEHICLE,CLEAR,,DARK LIGHTS ON,NO CONTROLS,ALCOHOL CONTRIBUTED,ALCOHOL PRESENT,9686B84D-CB67-4E3D-9219-0B10370FDF74,Yes,NO APPARENT INJURY,N/A,NOT DISTRACTED,MD,AA219821-FA14-46BF-BDF1-C4923C1193CA,SUPERFICIAL,PASSENGER CAR,ACCELERATING,39.14187307,-77.19475061,"(39.14187307, -77.19475061)"
MCP2951000R,15056308,MONTGOMERY,Property Damage Crash,11/05/2015 07:09:00 AM,County,WICKHAM DR,County,WICKHAM RD,,N/A,,SAME DIRECTION RIGHT TURN,N/A,WET,DAYLIGHT,NO CONTROLS,NONE DETECTED,,51881830-04C9-4101-9A53-BEF886865A22,Yes,NO APPARENT INJURY,"N/A, WET",LOOKED BUT DID NOT SEE,MD,577C96BC-52C4-4AA0-9394-97E57B03C06A,SUPERFICIAL,PASSENGER CAR,MOVING CONSTANT SPEED,39.15565167,-77.09559333,"(39.15565167, -77.09559333)"
MCP1121001N,16063241,Montgomery County Police,Property Damage Crash,12/09/2016 03:58:00 PM,Maryland (State),MUNCASTER MILL RD,County,OLDE MILL RUN,,N/A,,OTHER,CLEAR,DRY,DAYLIGHT,NO CONTROLS,NONE DETECTED,,B841FFDB-9A4B-4518-88AF-C768D13BC0BB,Yes,NO APPARENT INJURY,N/A,NOT DISTRACTED,MD,EAAE4329-A108-497B-A285-FC2079666EFA,FUNCTIONAL,PASSENGER CAR,MAKING LEFT TURN,39.13971667,-77.133665,"(39.13971667, -77.133665)"
MCP2052000G,15040297,MONTGOMERY,Property Damage Crash,08/13/2015 12:09:00 AM,County,SHALLOW BROOK LA,County,QUEEN ELIZABETH DR,,N/A,,SINGLE VEHICLE,CLEAR,DRY,DARK LIGHTS ON,N/A,UNKNOWN,,8A8DEC23-A09E-4CD8-869E-B0DE704211DD,Yes,NO APPARENT INJURY,N/A,UNKNOWN,,F96912BC-6D4D-49ED-8BF9-B8F7F437A40A,FUNCTIONAL,(SPORT) UTILITY VEHICLE,UNKNOWN,39.15359241,-77.08057165,"(39.15359241, -77.08057165)"
MCP13340054,170519047,Montgomery County Police,Property Damage Crash,07/14/2017 11:10:00 AM,Maryland (State),W DIAMOND AVE,Municipality,CHESTNUT ST,,GAITHERSBURG,,SAME DIR REAR END,CLEAR,DRY,DAYLIGHT,N/A,NONE DETECTED,,D4668A30-A6A3-43F7-BD27-FE6426994DA1,No,NO APPARENT INJURY,N/A,NOT DISTRACTED,MD,C0AB4E5F-0F40-46C8-87B0-7C86EBD89C34,SUPERFICIAL,SCHOOL BUS,STOPPED IN TRAFFIC LANE,39.140045,-77.20414333,"(39.140045, -77.20414333)"
MCP28130035,170506306,Montgomery County Police,Property Damage Crash,05/06/2017 03:40:00 PM,Maryland (State),VEIRS MILL RD,Maryland (State),UNIVERSITY BLVD W,,N/A,,SAME DIRECTION SIDESWIPE,RAINING,WET,DAYLIGHT,TRAFFIC SIGNAL,N/A,,4F485AAF-3FE1-4246-B683-FC5C8CB9384E,No,NO APPARENT INJURY,N/A,NOT DISTRACTED,MD,0D62378A-8405-4FD2-AB7D-A93CD8FD92BF,SUPERFICIAL,PASSENGER CAR,STOPPED IN TRAFFIC LANE,39.04053167,-77.05656667,"(39.04053167, -77.05656667)"
MCP29870015,16057267,Montgomery County Police,Property Damage Crash,11/06/2016 02:30:00 PM,Maryland (State),NEW HAMPSHIRE AVE,County,ELTON RD,,N/A,,SAME DIR REAR END,CLEAR,DRY,DAYLIGHT,N/A,UNKNOWN,,CCA5EDDE-3AE6-4D2B-9D80-BD9675BB9C81,Yes,NO APPARENT INJURY,N/A,UNKNOWN,,877406C4-4159-40C5-ABCD-9E6F6838DCF5,UNKNOWN,PASSENGER CAR,ENTERING TRAFFIC LANE,39.0201006,-76.97654486,"(39.0201006, -76.97654486)"
MCP2910002J,16036908,Montgomery County Police,Property Damage Crash,07/21/2016 11:50:00 AM,County,BRIGGS CHANEY RD,County,OLD COLUMBIA PIKE,,N/A,,STRAIGHT MOVEMENT ANGLE,CLEAR,DRY,DAYLIGHT,TRAFFIC SIGNAL,NONE DETECTED,,EF25BE52-C1A7-4AF1-9BD2-419E6B976267,No,NO APPARENT INJURY,N/A,NOT DISTRACTED,MD,DA5DA25C-07DA-4600-82A4-67EE5CE40AB9,DISABLING,PASSENGER CAR,MOVING CONSTANT SPEED,39.08400167,-76.95137667,"(39.08400167, -76.95137667)"
MCP2947001F,15066124,MONTGOMERY,Property Damage Crash,12/25/2015 11:24:00 AM,,,,,"PARKING LOT OF LAUNDRY BUSINESS LOCATED AT 14021-A GEORGIA AVE, SILVER SPRING, MONTGOMERY COUNTY MD",,,HEAD ON,CLOUDY,,DAYLIGHT,NO CONTROLS,ALCOHOL PRESENT,,D2CA72FF-C781-4D95-A002-2E14D4218B0F,Yes,NO APPARENT INJURY,"N/A, WET",UNKNOWN,MD,6365F7E4-42D7-4AC7-A2C9-A7D6A3134196,FUNCTIONAL,(SPORT) UTILITY VEHICLE,MOVING CONSTANT SPEED,39.083875,-77.07744167,"(39.083875, -77.07744167)"
MCP2357001G,16011266,MONTGOMERY,Property Damage Crash,03/07/2016 10:06:00 AM,Maryland (State),GEORGIA AVE,County,DEXTER AVE,,N/A,,SAME DIR REAR END,CLEAR,DRY,DAYLIGHT,NO CONTROLS,NONE DETECTED,,B1FCFD76-D234-4C0E-A501-2C47582D8025,Yes,NO APPARENT INJURY,N/A,NOT DISTRACTED,MD,20D17EF0-5D61-4EB8-8B3C-3D380506BB47,SUPERFICIAL,PASSENGER CAR,MOVING CONSTANT SPEED,39.021985,-77.044875,"(39.021985, -77.044875)"
MCP30370019,170526076,Montgomery County Police,Injury Crash,08/21/2017 05:48:00 PM,County,EAST VILLAGE AVE,Maryland (State),WOODFIELD RD,,N/A,,SINGLE VEHICLE,CLEAR,DRY,DAYLIGHT,NO CONTROLS,NONE DETECTED,,A519F54F-BBCE-4D56-8660-696E544702C6,Yes,SUSPECTED MINOR INJURY,N/A,OTHER CELLULAR PHONE RELATED,MD,5B0DD5F2-DE94-484E-8F54-A7F378295540,DISABLING,(SPORT) UTILITY VEHICLE,MOVING CONSTANT SPEED,39.19166988,-77.15272307,"(39.19166988, -77.15272307)"
MCP2291001F,15050840,MONTGOMERY,Injury Crash,10/07/2015 02:20:00 PM,Maryland (State),EAST WEST HWY,County,MEADOWBROOK LA,,N/A,,SAME DIR REAR END,CLEAR,DRY,DAYLIGHT,NO CONTROLS,NONE DETECTED,,72F13A90-0C8A-46AD-A8CD-FA4CED0E55AA,Yes,NO APPARENT INJURY,N/A,UNKNOWN,MD,6B8F9322-CA7E-4D17-9D0E-B8A8C3D8418B,SUPERFICIAL,PASSENGER CAR,SLOWING OR STOPPING,38.98038833,-77.07817,"(38.98038833, -77.07817)"
MCP2952003P,170511276,Montgomery County Police,Property Damage Crash,06/02/2017 06:41:00 AM,US (State),COLESVILLE RD,County,FENTON ST,,N/A,,SAME DIRECTION SIDESWIPE,CLEAR,DRY,DAYLIGHT,NO CONTROLS,NONE DETECTED,,877C1E86-E122-41F7-B1E8-428395DEFCB2,No,NO APPARENT INJURY,N/A,NOT DISTRACTED,MD,148CB376-3589-4B4F-B0DD-5A44A9249806,SUPERFICIAL,PICKUP TRUCK,STOPPED IN TRAFFIC LANE,38.99852333,-77.03114,"(38.99852333, -77.03114)"
MCP29770014,15060953,MONTGOMERY,Property Damage Crash,11/14/2015 02:00:00 PM,,,,,"Parking lot of CVS Pharmacy located at 10113 New Hampshire Ave, Silver Spring, MD 20903",,,STRAIGHT MOVEMENT ANGLE,CLEAR,,DAYLIGHT,NO CONTROLS,N/A,,72EACC5E-10A2-4E77-9499-2B616F26311F,Yes,NO APPARENT INJURY,N/A,UNKNOWN,MD,44AB6EEF-3CCA-4549-9117-BD4CAAA34AAB,UNKNOWN,PASSENGER CAR,SLOWING OR STOPPING,39.02120667,-76.97534333,"(39.02120667, -76.97534333)"
MCP2904001D,15053492,MONTGOMERY,Injury Crash,10/21/2015 07:57:00 PM,Interstate (State),CAPITAL BELTWAY,Maryland (State),UNIVERSITY BLVD E,,N/A,,SAME DIRECTION RIGHT TURN,CLEAR,DRY,DARK NO LIGHTS,NO CONTROLS,NONE DETECTED,,801271ED-BFEB-4DA4-BF08-076A9282CA10,Yes,NO APPARENT INJURY,N/A,LOOKED BUT DID NOT SEE,MD,CBB0A060-1854-4E10-9D52-E7DD2A7A2B76,FUNCTIONAL,PASSENGER CAR,MOVING CONSTANT SPEED,39.01597667,-77.01333333,"(39.01597667, -77.01333333)"
MCP0113001B,170505192,Montgomery County Police,Property Damage Crash,05/01/2017 08:51:00 AM,County,RANDOLPH RD,County,GAYNOR RD,,N/A,,SAME DIRECTION SIDESWIPE,CLOUDY,DRY,DAYLIGHT,NO CONTROLS,N/A,,8BDFCAC4-B69F-472F-8984-7DE825E0C0E5,Yes,NO APPARENT INJURY,N/A,NOT DISTRACTED,MD,1C3A8BFD-86D0-439E-BAD7-8DE33AACB8D7,UNKNOWN,PASSENGER CAR,MOVING CONSTANT SPEED,39.05397005,-77.09350124,"(39.05397005, -77.09350124)"
MCP2615001P,17013151,Montgomery County Police,Property Damage Crash,03/13/2017 04:12:00 PM,Other Public Roadway,CEDAR TREE DR,Unknown,CROSSWOOD DR,,N/A,,ANGLE MEETS LEFT HEAD ON,CLOUDY,DRY,DAYLIGHT,STOP SIGN,NONE DETECTED,,858744A1-C487-4EFB-B5F3-7AB8939DA167,No,NO APPARENT INJURY,N/A,NOT DISTRACTED,MD,548156F4-4056-4E39-B748-6758EBC23EB0,SUPERFICIAL,PASSENGER CAR,MOVING CONSTANT SPEED,39.09680391,-76.92223549,"(39.09680391, -76.92223549)"
MCP1438002P,16029947,Montgomery County Police,Property Damage Crash,06/14/2016 08:47:00 AM,Municipality,E DEER PARK DR,Maryland (State),S FREDERICK RD,,N/A,,SAME DIRECTION RIGHT TURN,CLEAR,DRY,DAYLIGHT,NO CONTROLS,NONE DETECTED,,9F741CE9-3C20-4A84-970A-7CA8B875A0FC,Yes,NO APPARENT INJURY,N/A,NOT DISTRACTED,MD,35E991E9-5BE8-423A-9788-24A9040E543F,SUPERFICIAL,VAN,CHANGING LANES,39.13316833,-77.18748833,"(39.13316833, -77.18748833)"
MCP2612001M,16062142,Montgomery County Police,Property Damage Crash,12/03/2016 03:45:00 PM,Maryland (State),GEORGIA AVE,County,WINDHAM LA,,N/A,,SAME DIRECTION LEFT TURN,CLEAR,DRY,DAYLIGHT,TRAFFIC SIGNAL,NONE DETECTED,,4B5C7CD4-C513-452C-90F9-9A988F6CB2C5,No,NO APPARENT INJURY,N/A,NOT DISTRACTED,MD,40FA016E-391F-430B-BD6A-45FB51400839,FUNCTIONAL,PASSENGER CAR,STOPPED IN TRAFFIC LANE,39.03199167,-77.04784333,"(39.03199167, -77.04784333)"
MCP2087001Q,170522491,Montgomery County Police,Injury Crash,08/02/2017 09:31:00 AM,Maryland (State),GEORGIA AVE,Maryland (State),VEIRS MILL RD,,N/A,,STRAIGHT MOVEMENT ANGLE,CLEAR,DRY,DAYLIGHT,TRAFFIC SIGNAL,NONE DETECTED,,B6635928-80BC-4FD4-8DDD-C7CCFCDA86D7,Yes,NO APPARENT INJURY,N/A,NOT DISTRACTED,MD,8BFB6731-BD38-4A72-ABCB-38E0C4503E8E,SUPERFICIAL,TRANSIT BUS,MAKING LEFT TURN,39.03365833,-77.048975,"(39.03365833, -77.048975)"
MCP3050000N,170502919,Montgomery County Police,Injury Crash,04/19/2017 08:41:00 AM,,,,,DUNKIN DONUTS 13810 CONNECTICUT AVE SILVER SPRING 20906,,OTHER,SINGLE VEHICLE,CLEAR,,DAYLIGHT,N/A,NONE DETECTED,NONE DETECTED,562259AD-F584-4D5E-BB45-DC7787658106,Yes,NO APPARENT INJURY,N/A,UNKNOWN,MD,CBB8DC9C-E924-45CD-AA18-C481517DE09D,SUPERFICIAL,PASSENGER CAR,PARKING,39.08526833,-77.07725333,"(39.08526833, -77.07725333)"
EJ7826001C,16020932,Gaithersburg Police Depar,Property Damage Crash,04/28/2016 01:30:00 PM,Municipality,E DIAMOND AVE,Municipality,ALLEY #3,,GAITHERSBURG,,OTHER,CLOUDY,WET,DAYLIGHT,NO CONTROLS,NONE DETECTED,,96A45498-4413-4EB2-ADE9-09E030190A73,Yes,NO APPARENT INJURY,N/A,LOOKED BUT DID NOT SEE,MD,73189560-5723-45F4-A3D9-07F05240A53C,SUPERFICIAL,PASSENGER CAR,MOVING CONSTANT SPEED,39.14213519,-77.19187997,"(39.14213519, -77.19187997)"
MCP28680023,16049540,Montgomery County Police,Injury Crash,09/26/2016 04:56:00 PM,Maryland (State),MONTGOMERY AVE,County,PEARL ST,,N/A,,SAME DIRECTION LEFT TURN,CLOUDY,DRY,DAYLIGHT,TRAFFIC SIGNAL,NONE DETECTED,,56B25985-7646-4BE6-BCF8-2404449396C4,No,NO APPARENT INJURY,N/A,NOT DISTRACTED,MD,D2D8F1B5-A57A-443B-8411-D8E94794BD97,DISABLING,VAN,MOVING CONSTANT SPEED,38.98415833,-77.090935,"(38.98415833, -77.090935)"