Report Number,Local Case Number,Agency Name,ACRS Report Type,Crash Date/Time,Route Type,Road Name,Cross-Street Type,Cross-Street Name,Off-Road Description,Municipality,Related Non-Motorist,Collision Type,Weather,Surface Condition,Light,Traffic Control,Driver Substance Abuse,Non-Motorist Substance Abuse,Person ID,Driver At Fault,Injury Severity,Circumstance,Driver Distracted By,Drivers License State,Vehicle ID,Vehicle Damage Extent,Vehicle Body Type,Vehicle Movement,Latitude,Longitude,Location
MCP2849002F,17012994,Montgomery County Police,Injury Crash,03/12/2017 06:01:00 PM,Maryland (State),GEORGIA AVE,County,PRINCE PHILIP DR,,N/A,,SAME DIR REAR END,CLEAR,DRY,DAYLIGHT,TRAFFIC SIGNAL,NONE DETECTED,,5214EBBB-7E93-418F-8B55-C046BE6BB40D,Yes,NO APPARENT INJURY,N/A,LOOKED BUT DID NOT SEE,MD,5577E753-B552-4559-A0D6-601A8072D209,SUPERFICIAL,PASSENGER CAR,MOVING CONSTANT SPEED,39.14256333,-77.06710833,"(39.14256333, -77.06710833)"
MCP2717001M,15033804,MONTGOMERY,Property Damage Crash,07/10/2015 12:24:00 PM,,,,,Rear Parking Lot of Tilden Middle School (11211 Old Georgetown Road),,,OTHER,CLEAR,,DAYLIGHT,NO CONTROLS,NONE DETECTED,,8C848B4E-D47C-4273-A5C5-97236F26453C,No,NO APPARENT INJURY,N/A,NOT DISTRACTED,MD,6504D735-B6B3-4B4F-893B-08CCF666C314,SUPERFICIAL,"CARGO VAN/LIGHT TRUCK 2 AXLES (OVER 10,000LBS (4,536 KG))",PARKED,39.03857167,-77.121225,"(39.03857167, -77.121225)"
MCP27670031,170520436,Montgomery County Police,Injury Crash,07/18/2017 07:29:00 PM,,,,,"IN PARKING LOT IN FRONT OF 13817 OUTLET DRIVE, SILVER SPRING MD.",,PEDESTRIAN,SINGLE VEHICLE,UNKNOWN,,DAYLIGHT,NO CONTROLS,UNKNOWN,NONE DETECTED,55B7E82B-B71A-4B1B-9F0D-9E803693A4BF,Yes,NO APPARENT INJURY,N/A,UNKNOWN,,93D3931B-C076-425C-9B38-9E5EBB26DEB5,UNKNOWN,PASSENGER CAR,BACKING,39.08252156,-76.9451268,"(39.08252156, -76.9451268)"
MCP1119000R,15009056,Montgomery County Police,Property Damage Crash,02/25/2015 09:12:00 AM,County,HOMELAND DR,Maryland (State),OLNEY LAYTONSVILLE RD,,N/A,,SAME DIR REAR END,CLEAR,WET,DAYLIGHT,NO CONTROLS,NONE DETECTED,,1EA6BA5D-2CD5-4D3F-9AB4-B08E293E9104,No,NO APPARENT INJURY,N/A,NOT DISTRACTED,MD,52292597-400E-43DB-B777-F6598B1C273F,SUPERFICIAL,(SPORT) UTILITY VEHICLE,STOPPED IN TRAFFIC LANE,39.15455,-77.06965167,"(39.15455, -77.06965167)"
MCP1030000J,16057128,Montgomery County Police,Property Damage Crash,11/09/2016 07:36:00 AM,Maryland (State),GERMANTOWN RD,County,GERMANTOWN RD (AHEAD),,N/A,,SAME DIR REAR END,RAINING,WET,DAWN,TRAFFIC SIGNAL,N/A,,47822931-B69A-4E6E-B8BD-7C082191BE79,Yes,NO APPARENT INJURY,"RAIN, SNOW, WET",NOT DISTRACTED,MD,E806677B-7E83-4152-9DF0-0BA4739B7511,DISABLING,PASSENGER CAR,SLOWING OR STOPPING,39.19220667,-77.23311333,"(39.19220667, -77.23311333)"
MCP3000001C,16050641,Montgomery County Police,Property Damage Crash,10/02/2016 06:12:00 PM,Maryland (State),GERMANTOWN RD,County,LEAMAN FARM RD,,N/A,,STRAIGHT MOVEMENT ANGLE,CLEAR,DRY,DAYLIGHT,STOP SIGN,NONE DETECTED,,B5A35E25-355F-4FAE-A123-E7AE8F2F4644,Yes,NO APPARENT INJURY,N/A,LOOKED BUT DID NOT SEE,MD,4C84F808-0341-4E84-BBF2-EDB6C53AAD3B,DISABLING,PICKUP TRUCK,MAKING LEFT TURN,39.15996333,-77.28384,"(39.15996333, -77.28384)"
MCP2254001B,170530949,Montgomery County Police,Injury Crash,09/16/2017 01:00:00 PM,County,SNOWDEN FARM PKWY,Unknown,FOREMAN BLVD,,N/A,,STRAIGHT MOVEMENT ANGLE,N/A,DRY,DAYLIGHT,STOP SIGN,NONE DETECTED,,690506F6-145C-4271-A93F-7A80F080E303,No,NO APPARENT INJURY,N/A,LOOKED BUT DID NOT SEE,MD,88F05247-AB78-4352-A374-7D07209F5EB2,DISABLING,PASSENGER CAR,STOPPED IN TRAFFIC LANE,39.23175833,-77.25867,"(39.23175833, -77.25867)"
MCP3004001Q,170527206,Montgomery County Police,Injury Crash,08/27/2017 06:44:00 PM,County,GROSVENOR LA,Maryland (State),ROCKVILLE PIKE,,N/A,,OTHER,CLEAR,DRY,DUSK,TRAFFIC SIGNAL,NONE DETECTED,,ABEA17F5-3460-41D1-A4AC-7CA56D5F8A62,Yes,NO APPARENT INJURY,N/A,UNKNOWN,VA,BD4FEC28-929A-4F59-8AFD-178E0D352C8F,DISABLING,PASSENGER CAR,MOVING CONSTANT SPEED,39.02250848,-77.10303046,"(39.02250848, -77.10303046)"
MCP11230015,16015724,Montgomery County Police,Property Damage Crash,03/31/2016 03:05:00 PM,County,ROSSMOOR BLVD,Unknown,PVT RD (AHEAD),,N/A,,SINGLE VEHICLE,CLOUDY,DRY,DAYLIGHT,OTHER,NONE DETECTED,,B4249F33-2AC2-45C8-9D36-83FB6489D08B,No,NO APPARENT INJURY,N/A,NOT DISTRACTED,MD,0B94E22F-54A2-4ED8-AE8E-EE1F23A8D7B9,NO DAMAGE,OTHER BUS,SLOWING OR STOPPING,39.10078667,-77.07517667,"(39.10078667, -77.07517667)"
MCP2398000Z,16064171,Montgomery County Police,Property Damage Crash,12/14/2016 02:09:00 PM,County,SHADY GROVE RD,County,BRIARDALE RD,,N/A,,SAME DIR REND RIGHT TURN,CLEAR,DRY,DAYLIGHT,TRAFFIC SIGNAL,NONE DETECTED,,705DCE00-FE25-4C0A-A1E9-6DF8E71B35F3,No,NO APPARENT INJURY,"N/A, VISION OBSTRUCTION (INCL. BLINDED BY SUN)",NOT DISTRACTED,MD,DA9C02CB-9D8B-45E3-A6B7-D9F773049F7E,DISABLING,PASSENGER CAR,MOVING CONSTANT SPEED,39.13341167,-77.158445,"(39.13341167, -77.158445)"
MCP2869000Y,15037257,MONTGOMERY,Injury Crash,07/28/2015 10:38:00 AM,Maryland (State),VEIRS MILL RD,County,GALT AVE,,N/A,,OTHER,CLEAR,DRY,DAYLIGHT,NO CONTROLS,NONE DETECTED,,37C3BFCD-334E-46F4-B5CC-FB724DD53BF2,Yes,POSSIBLE INJURY,N/A,LOOKED BUT DID NOT SEE,MN,FC69D9F7-4E51-4AD9-B777-83D71A99CB48,DISABLING,PASSENGER CAR,CHANGING LANES,39.04154876,-77.05824494,"(39.04154876, -77.05824494)"
EJ7847001X,16033380,Gaithersburg Police Depar,Injury Crash,07/01/2016 07:39:00 PM,County,MUDDY BRANCH RD,Maryland (State),W DIAMOND AVE,,N/A,,SAME DIR REAR END,RAINING,WET,DAYLIGHT,TRAFFIC SIGNAL,NONE DETECTED,,C0B91104-C37A-46C8-BF58-80D8078ACA7E,Yes,NO APPARENT INJURY,"SLEET, HAIL, FREEZ. RAIN, WET",UNKNOWN,MD,023B80E3-028E-4528-B3B0-A2CFC35AA249,FUNCTIONAL,PASSENGER CAR,SLOWING OR STOPPING,39.13994,-77.20496333,"(39.13994, -77.20496333)"
MCP2723001M,16026390,Montgomery County Police,Injury Crash,05/27/2016 12:03:00 PM,County,RANDOLPH RD,County,HAMMONTON RD,,N/A,,STRAIGHT MOVEMENT ANGLE,CLEAR,DRY,DAYLIGHT,NO CONTROLS,N/A,,4DDADBF0-87EC-4ADB-A75E-3B15EB445B2E,No,NO APPARENT INJURY,N/A,NOT DISTRACTED,MD,EC516527-3700-4B91-98A2-ECC496C75FDF,DISABLING,PASSENGER CAR,MOVING CONSTANT SPEED,39.06889833,-77.014955,"(39.06889833, -77.014955)"
MCP3006000J,16006922,Montgomery County Police,Injury Crash,02/10/2016 01:55:00 PM,Maryland (State),GEORGIA AVE,Unknown,ENT TO BUSINESS,,N/A,,STRAIGHT MOVEMENT ANGLE,CLEAR,DRY,DAYLIGHT,STOP SIGN,NONE DETECTED,,DE843847-1133-4115-8CA1-16F6AD4BEEF6,Yes,NO APPARENT INJURY,N/A,LOOKED BUT DID NOT SEE,MD,3E5CF7DF-4AB0-4F9B-825A-5EC9DDAE8E0D,DISABLING,PASSENGER CAR,MAKING LEFT TURN,39.08519,-77.07859833,"(39.08519, -77.07859833)"
DD5603003N,17011157,Rockville Police Departme,Property Damage Crash,03/02/2017 06:06:00 PM,Municipality,TOWER OAKS BLVD,Ramp,RAMP 9 FR TOWER OAKS BLVD TO RAMP 2,,N/A,,HEAD ON LEFT TURN,CLEAR,DRY,DAWN,TRAFFIC SIGNAL,NONE DETECTED,,06D832F7-1EDA-4F62-96E3-054C5C22CEDC,Yes,NO APPARENT INJURY,N/A,LOOKED BUT DID NOT SEE,MD,3E4FFB3E-8D86-4925-834F-1C56658A0FC5,DISABLING,PASSENGER CAR,MAKING LEFT TURN,39.05843833,-77.15227333,"(39.05843833, -77.15227333)"
MCP2635002G,15051051,MONTGOMERY,Injury Crash,10/08/2015 04:20:00 PM,Maryland (State),NEW HAMPSHIRE AVE,County,GOLD MINE RD,,N/A,,SAME DIR REAR END,CLEAR,DRY,DAYLIGHT,NO CONTROLS,N/A,,FB3519BD-9CAF-4C25-B2A3-28ADDC649A47,Yes,NO APPARENT INJURY,N/A,NOT DISTRACTED,MD,43E082AD-5913-4165-97A4-125C4C3E14AE,DISABLING,PASSENGER CAR,SLOWING OR STOPPING,39.18061333,-77.02747167,"(39.18061333, -77.02747167)"
MCP28000027,15032222,MONTGOMERY,Injury Crash,07/01/2015 05:08:00 PM,Maryland (State),BRADLEY BLVD,County,SEVEN LOCKS RD,,N/A,,SAME DIR REAR END,CLEAR,DRY,DAYLIGHT,NO CONTROLS,NONE DETECTED,,66B03252-6317-4B4E-934A-B130AAA5F90F,No,NO APPARENT INJURY,N/A,NOT DISTRACTED,MD,05EDDE75-D2A7-4353-877C-53EAAE09AB4E,FUNCTIONAL,PASSENGER CAR,MAKING LEFT TURN,39.01166667,-77.15532833,"(39.01166667, -77.15532833)"
MCP28200021,16010038,MONTGOMERY,Injury Crash,02/29/2016 09:51:00 AM,County,BEL PRE RD,Maryland (State),LAYHILL RD,,N/A,,HEAD ON LEFT TURN,N/A,DRY,DAYLIGHT,TRAFFIC SIGNAL,NONE DETECTED,,D44EB108-EB19-41E5-A929-0CCF828EDCD6,Yes,NO APPARENT INJURY,N/A,NOT DISTRACTED,MD,366313F1-188C-4C63-8735-63999CE82396,DISABLING,PASSENGER CAR,MOVING CONSTANT SPEED,39.09057333,-77.04506,"(39.09057333, -77.04506)"
MCP00360061,17014589,Montgomery County Police,Injury Crash,03/22/2017 06:57:00 AM,Maryland (State),OLNEY LAYTONSVILLE RD,County,FIELDCREST RD,,N/A,,STRAIGHT MOVEMENT ANGLE,CLEAR,DRY,DAWN,TRAFFIC SIGNAL,NONE DETECTED,,01784F10-10D3-4DF4-A54F-45C15D45930C,No,SUSPECTED MINOR INJURY,N/A,NOT DISTRACTED,MD,DAD42DFC-F703-4D30-A30E-862E9D191436,DISABLING,PASSENGER CAR,MOVING CONSTANT SPEED,39.18891367,-77.1203195,"(39.18891367, -77.1203195)"
MCP23480019,16000766,Montgomery County Police,Property Damage Crash,01/05/2016 12:46:00 PM,County,AMHERST AVE,Maryland (State),UNIVERSITY BLVD W,,N/A,,SAME DIRECTION SIDESWIPE,CLEAR,DRY,DAYLIGHT,N/A,NONE DETECTED,,052BCB5F-85CA-49F0-AEB7-1946736FA4EF,No,NO APPARENT INJURY,N/A,NOT DISTRACTED,VA,F45DF0F3-2566-4ACF-8007-17CE111CC04F,SUPERFICIAL,TRUCK TRACTOR,PARKED,39.04292,-77.04772,"(39.04292, -77.04772)"
MCP2181001F,17009140,Montgomery County Police,Property Damage Crash,02/20/2017 09:22:00 AM,County,GLEN RD,County,PINEY MEETINGHOUSE RD,,N/A,,OPPOSITE DIRECTION SIDESWIPE,CLEAR,DRY,DAYLIGHT,N/A,N/A,,861C6B1D-6809-41DF-AB3C-875DD5EC3264,Yes,NO APPARENT INJURY,N/A,NOT DISTRACTED,MD,0EC369E6-976F-4683-95CC-98D0C54A9E5B,SUPERFICIAL,"CARGO VAN/LIGHT TRUCK 2 AXLES (OVER 10,000LBS (4,536 KG))",MOVING CONSTANT SPEED,39.04885,-77.23384,"(39.04885, -77.23384)"
MCP2713000K,16002862,Montgomery County Police,Injury Crash,01/15/2016 06:58:00 PM,Maryland (State),GEORGIA AVE,County,DAYTON ST,,N/A,,HEAD ON LEFT TURN,RAINING,WET,DARK LIGHTS ON,NO CONTROLS,N/A,,9886F1EB-2869-4B36-9098-D56ADF55F111,No,SUSPECTED MINOR INJURY,"RAIN, SNOW, WET",NOT DISTRACTED,MD,676B2FB7-F339-4A12-A8DC-61044E5A5904,FUNCTIONAL,PASSENGER CAR,MOVING CONSTANT SPEED,39.02830667,-77.04715833,"(39.02830667, -77.04715833)"
MCP2623002S,170516747,Montgomery County Police,Property Damage Crash,07/01/2017 02:06:00 AM,Maryland (State),NEW HAMPSHIRE AVE,County,NORTHWEST DR,,N/A,,SINGLE VEHICLE,CLEAR,DRY,DARK LIGHTS ON,NO CONTROLS,NONE DETECTED,,D7B49A10-FBE5-4CE6-A924-FD4AB85C1A0C,No,NO APPARENT INJURY,N/A,NOT DISTRACTED,MD,E64DE871-B4B3-4639-964A-E77FFDF302F1,DISABLING,POLICE VEHICLE/NON EMERGENCY,MOVING CONSTANT SPEED,39.03615333,-76.98880667,"(39.03615333, -76.98880667)"
MCP22440016,16052511,Montgomery County Police,Property Damage Crash,10/12/2016 05:12:00 PM,Maryland (State),NEW HAMPSHIRE AVE,County,OAKVIEW DR,,N/A,,SAME DIRECTION SIDESWIPE,CLEAR,DRY,DAYLIGHT,NO CONTROLS,NONE DETECTED,,4BB34298-2E7D-4C3B-A906-54D4DD3E9FAA,No,NO APPARENT INJURY,N/A,NOT DISTRACTED,MD,C6AA0368-0D87-4B93-A3FF-80851C44DF1C,SUPERFICIAL,PASSENGER CAR,SLOWING OR STOPPING,39.01550446,-76.97787926,"(39.01550446, -76.97787926)"
MCP29890006,15039883,MONTGOMERY,Injury Crash,08/11/2015 12:14:00 AM,US (State),COLUMBIA PIKE,County,FAIRLAND RD,,N/A,,SAME DIR REAR END,RAINING,WET,DARK LIGHTS ON,TRAFFIC SIGNAL,NONE DETECTED,,21AA1FE3-5664-4568-BBE3-D3ADCAFBF9F9,No,POSSIBLE INJURY,"RAIN, SNOW, WET",NOT DISTRACTED,MD,0D88379C-BF7C-443F-8C59-1680FE73E883,DISABLING,PASSENGER CAR,SLOWING OR STOPPING,39.04518333,-76.95321,"(39.04518333, -76.95321)"
MCP3010000J,16007533,Montgomery County Police,Property Damage Crash,02/14/2016 01:14:00 PM,County,SEVEN LOCKS RD,County,GAINSBOROUGH RD,,N/A,,SAME DIR REAR END,CLEAR,DRY,DAYLIGHT,NO CONTROLS,N/A,,D478AF3E-4ECF-42FA-A7CB-DBF913E56A83,No,NO APPARENT INJURY,N/A,NOT DISTRACTED,MD,684EFDBD-6BF8-4963-8589-4D8AE86B2DA0,SUPERFICIAL,PASSENGER CAR,MOVING CONSTANT SPEED,38.99717833,-77.169635,"(38.99717833, -77.169635)"
MCP28940022,16022621,Montgomery County Police,Property Damage Crash,05/07/2016 10:17:00 AM,Maryland (State),BRADLEY BLVD,County,BURDETTE RD,,N/A,,SAME DIR REAR END,CLEAR,WET,DAYLIGHT,TRAFFIC SIGNAL,NONE DETECTED,,90684B4B-E0CC-4D50-B120-CFED0D9DB110,No,NO APPARENT INJURY,"N/A, WET",NOT DISTRACTED,MD,4B8A6D06-07C2-4ACF-B4CF-4F57C896CBE6,FUNCTIONAL,PASSENGER CAR,SLOWING OR STOPPING,39.00560333,-77.14071167,"(39.00560333, -77.14071167)"
MCP2922000G,16002891,Montgomery County Police,Injury Crash,01/15/2016 09:26:00 PM,County,PROSPERITY DR,County,OLD COLUMBIA PIKE (AHEAD),,N/A,,STRAIGHT MOVEMENT ANGLE,RAINING,WET,DARK LIGHTS ON,STOP SIGN,N/A,,43349EC2-4B0B-42AD-B924-0E124244E47B,Yes,POSSIBLE INJURY,"RAIN, SNOW, WET",NOT DISTRACTED,MD,409B9255-C3C7-4F3C-A21D-F5C7B986ABB1,DISABLING,PASSENGER CAR,MOVING CONSTANT SPEED,39.05738667,-76.967895,"(39.05738667, -76.967895)"
MCP2961001S,17005654,Montgomery County Police,Injury Crash,02/01/2017 06:20:00 PM,,,,,PARKING LOT ENTRANCE LOCATED AT 2424 UNIVERSITY BLVD W,,PEDESTRIAN,OTHER,N/A,,DARK LIGHTS ON,NO CONTROLS,UNKNOWN,NONE DETECTED,59F59296-C2D7-44CB-9C3F-F51C0C752837,Yes,NO APPARENT INJURY,N/A,UNKNOWN,,4FCB19C7-F3B8-4A42-96BD-DD57647963B6,UNKNOWN,,MAKING RIGHT TURN,39.04144668,-77.05142811,"(39.04144668, -77.05142811)"
MCP23530048,170525299,Montgomery County Police,Injury Crash,08/17/2017 09:35:00 AM,,,,,SEARS PARKINGLOT OF 7101 DEMOCRACY BLVD,,PEDESTRIAN,SINGLE VEHICLE,CLOUDY,,DAYLIGHT,N/A,NONE DETECTED,NONE DETECTED,100262D7-E209-4B2B-AB98-29319CE0D331,Yes,NO APPARENT INJURY,N/A,LOOKED BUT DID NOT SEE,VA,60C5926A-58A2-4889-8483-6FB44A2A3F9E,NO DAMAGE,PASSENGER CAR,BACKING,39.02520667,-77.14488,"(39.02520667, -77.14488)"
MCP2892002Q,170520574,Montgomery County Police,Property Damage Crash,07/22/2017 03:41:00 PM,County,FLOWER AVE,County,E HAMILTON AVE,,N/A,,SAME DIR REAR END,RAINING,WET,DAYLIGHT,NO CONTROLS,NONE DETECTED,,0077FBD1-428E-4B08-8876-8620B573141E,No,NO APPARENT INJURY,"RAIN, SNOW, WET",NOT DISTRACTED,MD,A6F8AB13-F1F5-46A6-B4C3-D66F2173A3B7,SUPERFICIAL,PASSENGER CAR,MOVING CONSTANT SPEED,39.00816167,-77.008365,"(39.00816167, -77.008365)"
MCP2617001S,16019405,Montgomery County Police,Property Damage Crash,04/20/2016 12:53:00 PM,Maryland (State),OLD GEORGETOWN RD,County,TUCKERMAN LA,,N/A,,SAME DIRECTION SIDESWIPE,CLEAR,DRY,DAYLIGHT,NO CONTROLS,NONE DETECTED,,44CC09CF-0588-4EB4-ABF0-7352B80D0BEA,No,NO APPARENT INJURY,"DEBRIS OR OBSTRUCTION, N/A",NOT DISTRACTED,MD,6B9BAA8A-968F-4EFA-ACD9-B3FC0C6DCC22,FUNCTIONAL,(SPORT) UTILITY VEHICLE,MOVING CONSTANT SPEED,39.033725,-77.12528167,"(39.033725, -77.12528167)"
MCP2498000R,16039909,Montgomery County Police,Property Damage Crash,08/06/2016 10:12:00 PM,,,,,IN THE PARKING LOT OF 20727 CRYSTAL HILL CIRCLE,,,OTHER,CLEAR,,DARK LIGHTS ON,NO CONTROLS,N/A,,F12996FE-5260-4CCD-9D5C-BF2A969AA80F,Yes,NO APPARENT INJURY,N/A,UNKNOWN,,D730DE73-D120-47E9-85D6-D80BD514A2FD,UNKNOWN,,UNKNOWN,39.19857333,-77.27778833,"(39.19857333, -77.27778833)"
MCP2395000K,170510938,Montgomery County Police,Property Damage Crash,05/31/2017 04:33:00 PM,Maryland (State),DARNESTOWN RD,County,MARTINSBURG RD,,N/A,,SAME DIR REAR END,CLEAR,DRY,DAYLIGHT,NO CONTROLS,NONE DETECTED,,A2472FCA-1EE4-4E8C-AD4B-22E935873E84,No,NO APPARENT INJURY,N/A,NOT DISTRACTED,MD,BF5AB417-421A-4467-A171-B900A81C970C,DISABLING,PASSENGER CAR,SLOWING OR STOPPING,39.20325,-77.43308333,"(39.20325, -77.43308333)"
MCP27220029,17005735,Montgomery County Police,Property Damage Crash,02/02/2017 09:28:00 AM,County,BAUER DR,Maryland (State),NORBECK RD,,N/A,,SAME DIR REND RIGHT TURN,CLEAR,DRY,DAYLIGHT,NO CONTROLS,N/A,,40E7E7F4-3C0D-4956-AF95-9120F88A9D1A,Yes,NO APPARENT INJURY,N/A,NOT DISTRACTED,MD,8C1E98AA-F968-4D07-A70A-A0C82B19699F,SUPERFICIAL,PASSENGER CAR,MOVING CONSTANT SPEED,39.09516833,-77.109855,"(39.09516833, -77.109855)"
MCP12200035,15062429,MONTGOMERY,Injury Crash,12/07/2015 08:19:00 AM,US (State),COLUMBIA PIKE,County,BLACKBURN RD,,N/A,,SAME DIR REAR END,CLEAR,DRY,DAYLIGHT,NO CONTROLS,NONE DETECTED,,E7A45E57-417B-41A2-BFA3-5EFCAD3C0F32,No,NO APPARENT INJURY,N/A,NOT DISTRACTED,MD,CDB46B5C-B25E-460A-85E1-53200FF4F06E,SUPERFICIAL,(SPORT) UTILITY VEHICLE,SLOWING OR STOPPING,39.099005,-76.93575,"(39.099005, -76.93575)"
MCP21890003,17016077,Montgomery County Police,Property Damage Crash,03/29/2017 10:19:00 PM,County,EAST VILLAGE AVE,County,CINNABAR DR,,N/A,,STRAIGHT MOVEMENT ANGLE,CLEAR,DRY,DARK LIGHTS ON,STOP SIGN,NONE DETECTED,,870C9D05-5C41-41EC-80A7-F3C74A93B171,Yes,NO APPARENT INJURY,N/A,UNKNOWN,MD,6B097C9B-7BD6-49D3-8C19-81C4B8709B71,FUNCTIONAL,PASSENGER CAR,ACCELERATING,39.188945,-77.158535,"(39.188945, -77.158535)"
MCP2965002D,170530554,Montgomery County Police,Property Damage Crash,09/14/2017 02:45:00 PM,Maryland (State),OLNEY SANDY SPRING RD,County,SKYMEADOW WAY,,N/A,,SAME DIR REAR END,CLEAR,DRY,DAYLIGHT,NO CONTROLS,NONE DETECTED,,38537EDF-B6D0-4CDA-8B64-F1FA8EB3593C,No,NO APPARENT INJURY,N/A,NOT DISTRACTED,MD,7421E13D-B7ED-4BD9-9C76-0329CE335FE7,FUNCTIONAL,PASSENGER CAR,SLOWING OR STOPPING,39.14936,-77.02498333,"(39.14936, -77.02498333)"
MCP13340043,16036670,Montgomery County Police,Property Damage Crash,07/20/2016 08:19:00 AM,County,STRAWBERRY KNOLL RD,County,BELL TOWER DR,,N/A,,OPPOSITE DIRECTION SIDESWIPE,CLEAR,DRY,DAYLIGHT,NO CONTROLS,NONE DETECTED,,C2767E42-EEFA-4AC3-B734-5F0CCE6259F8,No,NO APPARENT INJURY,N/A,NOT DISTRACTED,MD,37B41845-DBC2-4489-9C52-F86C01FD43D7,DISABLING,PASSENGER CAR,MOVING CONSTANT SPEED,39.16661472,-77.18100026,"(39.16661472, -77.18100026)"
MCP1220003Q,16030663,Montgomery County Police,Property Damage Crash,06/17/2016 02:48:00 PM,Maryland (State),COLESVILLE RD,County,WAYNE AVE,,N/A,,SAME DIR REAR END,CLEAR,DRY,DAYLIGHT,TRAFFIC SIGNAL,NONE DETECTED,,98AE9BD7-C9E2-4747-B154-825B3B0E1FCE,No,NO APPARENT INJURY,N/A,NOT DISTRACTED,VA,7CA81C66-882F-47AE-BBAD-3322F386779B,FUNCTIONAL,PASSENGER CAR,SLOWING OR STOPPING,38.99477073,-77.03007236,"(38.99477073, -77.03007236)"
MCP2761001C,16048354,Montgomery County Police,Property Damage Crash,09/20/2016 03:19:00 PM,Maryland (State),RIDGE RD,County,LEWIS DR,,N/A,,HEAD ON LEFT TURN,CLEAR,DRY,DAYLIGHT,NO CONTROLS,NONE DETECTED,,E961591B-6E67-49A9-A610-EE06B50E96A6,Yes,NO APPARENT INJURY,N/A,NOT DISTRACTED,MD,21B30F9B-E53A-423D-9329-3F15F7FBC622,FUNCTIONAL,PASSENGER CAR,MAKING LEFT TURN,39.28766184,-77.20695734,"(39.28766184, -77.20695734)"
DD55380013,15057177,ROCKVILLE,Property Damage Crash,11/09/2015 06:30:00 PM,Maryland (State),ROCKVILLE PIKE,Municipality,EDMONSTON DR,,ROCKVILLE,,SAME DIR REAR END,RAINING,WET,DARK LIGHTS ON,TRAFFIC SIGNAL,NONE DETECTED,,ED928385-3C32-46E5-8F25-A6C83CFBE6FF,No,NO APPARENT INJURY,"RAIN, SNOW, WET",NOT DISTRACTED,MD,678FE5C0-9531-4F55-B2DF-ACA7E03D78F4,SUPERFICIAL,(SPORT) UTILITY VEHICLE,STOPPED IN TRAFFIC LANE,39.07224167,-77.13379667,"(39.07224167, -77.13379667)"
MCP1382002Y,16054219,Montgomery County Police,Property Damage Crash,10/21/2016 12:51:00 PM,Maryland (State),OLD COLUMBIA PIKE,Unknown,SPUR FR US 29A,,N/A,,SAME DIRECTION SIDESWIPE,CLEAR,DRY,DAYLIGHT,TRAFFIC SIGNAL,NONE DETECTED,,99D3F786-C687-402D-B9FD-7D4A2357B64B,No,NO APPARENT INJURY,N/A,NOT DISTRACTED,MD,3BD9A106-F68F-408F-BF8B-F90FEAD24832,FUNCTIONAL,(SPORT) UTILITY VEHICLE,STOPPED IN TRAFFIC LANE,39.11115333,-76.93251667,"(39.11115333, -76.93251667)"
MCP1283000R,16053203,Montgomery County Police,Injury Crash,10/16/2016 01:50:00 PM,Maryland (State),CLARKSBURG RD,County,WEST OLD BALTIMORE RD,,N/A,,HEAD ON LEFT TURN,CLEAR,DRY,DAYLIGHT,N/A,NONE DETECTED,,7B042E5B-AB1C-4D5F-92BE-AA92EA453DF7,Yes,NO APPARENT INJURY,N/A,NOT DISTRACTED,MD,73016618-2EE4-4937-891D-ECECF50FA579,FUNCTIONAL,PASSENGER CAR,MAKING LEFT TURN,39.21383167,-77.29776333,"(39.21383167, -77.29776333)"
MCP2740000M,15002097,Montgomery County Police,Injury Crash,01/13/2015 08:30:00 PM,County,HOUSTON AVE,Maryland (State),FLOWER AVE,,N/A,,OTHER,N/A,N/A,DARK LIGHTS ON,STOP SIGN,N/A,,849E00F6-C297-4424-946B-6005A735D3D4,No,POSSIBLE INJURY,N/A,NOT DISTRACTED,MD,094FEA62-8B1F-423D-B969-790A8D653233,FUNCTIONAL,PASSENGER CAR,ACCELERATING,38.991155,-77.00192167,"(38.991155, -77.00192167)"
MCP2598000J,15066170,MONTGOMERY,Property Damage Crash,12/25/2015 07:59:00 PM,Maryland (State),FOREST GLEN RD,County,DARCY FOREST DR,,N/A,,STRAIGHT MOVEMENT ANGLE,RAINING,WET,DARK LIGHTS ON,STOP SIGN,NONE DETECTED,,BD9031DA-57AA-4898-B17A-724D4725058A,No,NO APPARENT INJURY,"N/A, WET",NOT DISTRACTED,MD,23B7798B-F3F1-4ACF-A5FF-29CE94AE4C71,DISABLING,PASSENGER CAR,MOVING CONSTANT SPEED,39.01535,-77.04733167,"(39.01535, -77.04733167)"
MCP3045000N,170521417,Montgomery County Police,Property Damage Crash,07/27/2017 09:27:00 AM,Maryland (State),CONNECTICUT AVE,County,JONES BRIDGE RD,,N/A,,SAME DIR REAR END,CLEAR,DRY,DAYLIGHT,NO CONTROLS,NONE DETECTED,,7C91A919-C6BF-418E-B419-B5DF879DCD91,Yes,NO APPARENT INJURY,N/A,OTHER CELLULAR PHONE RELATED,MD,5DA1BDFB-912C-40B9-BC5C-561113D9F132,SUPERFICIAL,PASSENGER CAR,MOVING CONSTANT SPEED,39.06612667,-77.15954667,"(39.06612667, -77.15954667)"