Report Number,Local Case Number,Agency Name,ACRS Report Type,Crash Date/Time,Route Type,Road Name,Cross-Street Type,Cross-Street Name,Off-Road Description,Municipality,Related Non-Motorist,Collision Type,Weather,Surface Condition,Light,Traffic Control,Driver Substance Abuse,Non-Motorist Substance Abuse,Person ID,Driver At Fault,Injury Severity,Circumstance,Driver Distracted By,Drivers License State,Vehicle ID,Vehicle Damage Extent,Vehicle Body Type,Vehicle Movement,Latitude,Longitude,Location
MCP1205001P,16004917,Montgomery County Police,Property Damage Crash,01/30/2016 11:40:00 AM,County,HUNTINGTON PKWY,County,CUSTER RD,,N/A,,SAME DIR REND LEFT TURN,CLOUDY,ICE,DAYLIGHT,NO CONTROLS,NONE DETECTED,,1ABE0D98-9456-47F3-8167-3086D3B69349,Yes,NO APPARENT INJURY,"ICY OR SNOW-COVERED, RAIN, SNOW",NOT DISTRACTED,MD,0527CA05-3E67-417C-9F3B-533B193E8F24,FUNCTIONAL,OTHER,MAKING LEFT TURN,38.99254536,-77.10849345,"(38.99254536, -77.10849345)"
MCP2947001C,15065688,MONTGOMERY,Property Damage Crash,12/23/2015 08:46:00 AM,County,TURKEY BRANCH PKWY,County,INDEPENDENCE ST,,N/A,,STRAIGHT MOVEMENT ANGLE,FOGGY,WET,DAYLIGHT,STOP SIGN,NONE DETECTED,,6CD814F2-B97F-40A2-9EBD-DF91155AAE99,No,NO APPARENT INJURY,"N/A, WET",NOT DISTRACTED,MD,7B5A51D8-4A30-4B22-8F19-BAC6B420B979,DISABLING,PASSENGER CAR,MOVING CONSTANT SPEED,39.07579,-77.08175167,"(39.07579, -77.08175167)"
MCP1020001F,16007210,Montgomery County Police,Injury Crash,02/12/2016 06:45:00 AM,,PINE RIDGE LN,,TRAILSIDE WAY,,N/A,PEDESTRIAN,OTHER,CLEAR,DRY,DARK LIGHTS ON,STOP SIGN,UNKNOWN,NONE DETECTED,6EAF5D3C-313F-4154-A542-8155B6D8CAA5,Yes,NO APPARENT INJURY,N/A,LOOKED BUT DID NOT SEE,,CF65BCA6-08C3-40E3-A33E-C95A3C4DC411,NO DAMAGE,PASSENGER CAR,MAKING RIGHT TURN,39.16432,-77.27047333,"(39.16432, -77.27047333)"
MCP2162002B,170512577,Montgomery County Police,Injury Crash,06/08/2017 09:17:00 PM,Maryland (State),GEORGIA AVE,County,EMORY LA,,N/A,,SAME DIR REAR END,CLEAR,DRY,DARK LIGHTS ON,TRAFFIC SIGNAL,N/A,,4F1749BC-F9A8-4C5E-A35E-364EE3D585D1,No,POSSIBLE INJURY,N/A,NOT DISTRACTED,MD,A0DEFF4B-F7E3-44CA-B97E-16835F65EE45,FUNCTIONAL,PASSENGER CAR,MOVING CONSTANT SPEED,39.127225,-77.07208,"(39.127225, -77.07208)"
MCP2497000Q,170501228,Montgomery County Police,Injury Crash,04/09/2017 11:00:00 AM,Maryland (State),DARNESTOWN RD,County,ANCIENT OAK DR,,N/A,,SAME DIR REAR END,CLEAR,DRY,DAYLIGHT,NO CONTROLS,NONE DETECTED,,AD567A11-6455-4C07-9A19-BC2AFA2F2C4C,No,POSSIBLE INJURY,N/A,NOT DISTRACTED,MD,EB668262-844F-4B18-9779-B36A19037628,DISABLING,PASSENGER CAR,MAKING LEFT TURN,39.11312187,-77.26987123,"(39.11312187, -77.26987123)"
MCP13090009,170505367,Montgomery County Police,Property Damage Crash,05/02/2017 07:44:00 AM,County,SNOWDEN FARM PKWY,County,SNOWDEN FARM PKWY (PROP) (AHEAD),,N/A,,STRAIGHT MOVEMENT ANGLE,CLEAR,DRY,DAYLIGHT,STOP SIGN,NONE DETECTED,,830ACE71-902B-4E9D-B754-1C8C86CF78D6,No,NO APPARENT INJURY,"N/A, VISION OBSTRUCTION (INCL. BLINDED BY SUN)",NOT DISTRACTED,MD,9ECFFAEE-2A23-44C9-A142-35E92BE20443,DISABLING,PASSENGER CAR,MOVING CONSTANT SPEED,39.22985167,-77.25123667,"(39.22985167, -77.25123667)"
MCP2008003W,170514971,Montgomery County Police,Property Damage Crash,06/21/2017 04:30:00 PM,Maryland (State),OLD GEORGETOWN RD,County,AUBURN AVE,,N/A,,OTHER,CLEAR,DRY,DAYLIGHT,N/A,NONE DETECTED,,266BC336-302F-4405-ADC7-24952237B762,Yes,NO APPARENT INJURY,N/A,NOT DISTRACTED,MD,447FA4D9-044D-48D6-AFD9-AF1F8DD9232A,NO DAMAGE,PASSENGER CAR,BACKING,38.98901381,-77.10125953,"(38.98901381, -77.10125953)"
MCP26780018,16041945,Montgomery County Police,Property Damage Crash,08/18/2016 02:22:00 PM,Maryland (State),VEIRS MILL RD,Unknown,ENT TO BUSINESS,,N/A,,STRAIGHT MOVEMENT ANGLE,CLEAR,DRY,DAYLIGHT,STOP SIGN,NONE DETECTED,,E34A3041-E7A6-489A-818C-0284B33FDE80,No,NO APPARENT INJURY,N/A,NOT DISTRACTED,MD,023DDAB5-20F8-4E36-8FEA-A7D3D2C0D251,DISABLING,PASSENGER CAR,MOVING CONSTANT SPEED,39.03913,-77.05415333,"(39.03913, -77.05415333)"
MCP29350017,170500966,Montgomery County Police,Property Damage Crash,04/07/2017 08:16:00 PM,County,MISSISSIPPI AVE,Maryland (State),PINEY BRANCH RD,,N/A,,SAME DIR REAR END,CLEAR,DRY,DARK LIGHTS ON,NO CONTROLS,NONE DETECTED,,7EB65481-B023-436E-AC73-2F7E51B4DB2A,Yes,NO APPARENT INJURY,N/A,NOT DISTRACTED,DC,D824CA7A-E835-4FC9-B609-1972A64C6E86,SUPERFICIAL,PASSENGER CAR,MOVING CONSTANT SPEED,38.98735833,-77.007355,"(38.98735833, -77.007355)"
MCP2785001S,16036511,Montgomery County Police,Property Damage Crash,07/12/2016 12:30:00 AM,County,LOCKWOOD DR,Maryland (State),NEW HAMPSHIRE AVE,,N/A,,OTHER,UNKNOWN,UNKNOWN,UNKNOWN,N/A,N/A,,A40AD228-516B-4DE4-8DF5-11102A543B22,Yes,NO APPARENT INJURY,N/A,UNKNOWN,,A1C00E48-1CB8-447F-BF1A-8B5D9E3C17F8,UNKNOWN,PASSENGER CAR,UNKNOWN,39.03905299,-76.99220896,"(39.03905299, -76.99220896)"
MCP2960000W,16004907,Montgomery County Police,Injury Crash,01/30/2016 10:42:00 AM,Maryland (State),GEORGIA AVE,Maryland (State),NORBECK RD,,N/A,,SAME DIR REAR END,CLEAR,DRY,DAYLIGHT,TRAFFIC SIGNAL,N/A,,B8C95588-7A0D-4ADB-8BD6-03F018E1D487,Yes,SUSPECTED MINOR INJURY,N/A,UNKNOWN,MD,1FC8506E-2322-4EBF-B05B-B09FA541537B,DISABLING,PASSENGER CAR,MOVING CONSTANT SPEED,39.10943333,-77.07553833,"(39.10943333, -77.07553833)"
MCP26350032,16044238,Montgomery County Police,Property Damage Crash,08/30/2016 04:19:00 PM,Maryland (State),OLNEY SANDY SPRING RD,County,MEETING HOUSE RD,,N/A,,SAME DIR REAR END,CLEAR,DRY,DAYLIGHT,TRAFFIC SIGNAL,N/A,,F5AF3595-3B5A-47E3-BE01-AE3CFE4DBF58,No,NO APPARENT INJURY,N/A,NOT DISTRACTED,MD,67A35A18-CDEF-4D6A-A56E-C7F51E68CB17,FUNCTIONAL,PASSENGER CAR,STOPPED IN TRAFFIC LANE,39.14929667,-77.02704667,"(39.14929667, -77.02704667)"
MCP2712000T,16001620,Montgomery County Police,Property Damage Crash,01/09/2016 01:56:00 PM,,,,,"RESIDENTIAL PARKING LOT - 3300 BLOCK OF SIR THOMAS DRIVE, SILVER SPRING, MD",,,N/A,CLOUDY,,UNKNOWN,NO CONTROLS,N/A,,59990B18-3499-4935-B7EF-F54B32DC46B4,Yes,NO APPARENT INJURY,N/A,UNKNOWN,MD,277F69FA-289A-4E7A-BA27-38F843C4EA6A,FUNCTIONAL,PASSENGER CAR,STARTING FROM PARKED,39.08120674,-76.93721294,"(39.08120674, -76.93721294)"
MCP2973002X,170504904,Montgomery County Police,Injury Crash,04/29/2017 08:14:00 AM,Maryland (State),GEORGIA AVE,County,HATHAWAY DR,,N/A,,STRAIGHT MOVEMENT ANGLE,CLOUDY,DRY,DAYLIGHT,TRAFFIC SIGNAL,NONE DETECTED,,E1F0C1CD-45FA-47E4-917E-23D5BC3F1CD6,No,NO APPARENT INJURY,N/A,NOT DISTRACTED,MD,67C3FBCB-9E14-43A5-B9C5-CC831B848D9C,DISABLING,PASSENGER CAR,MAKING LEFT TURN,39.06821341,-77.06106395,"(39.06821341, -77.06106395)"
MCP9390000S,17503262,Montgomery County Police,Property Damage Crash,04/20/2017 11:50:00 PM,County,WATKINS MILL RD,County,WAYFARER RD,,N/A,,SINGLE VEHICLE,RAINING,WET,DARK LIGHTS ON,N/A,N/A,,8D660147-BF29-41D1-B042-0158CAA5ECCC,Yes,NO APPARENT INJURY,"N/A, WET",NOT DISTRACTED,MD,912450AF-44AA-4C1C-9F3A-92A46B965449,DISABLING,POLICE VEHICLE/EMERGENCY,SLOWING OR STOPPING,39.19041167,-77.22490333,"(39.19041167, -77.22490333)"
MCP2974000T,16003365,Montgomery County Police,Property Damage Crash,01/18/2016 10:23:00 PM,Maryland (State),E RANDOLPH RD,Maryland (State),OLD COLUMBIA PIKE,,N/A,,SAME DIR REAR END,CLEAR,DRY,DARK LIGHTS ON,N/A,NONE DETECTED,,F7B456DC-036D-4C30-9676-E4585336A531,No,NO APPARENT INJURY,N/A,NOT DISTRACTED,MD,D8B7BD27-0281-4187-A0AF-48E65384BC26,FUNCTIONAL,PASSENGER CAR,MOVING CONSTANT SPEED,39.06401505,-76.96794033,"(39.06401505, -76.96794033)"
MCP29950015,16060969,Montgomery County Police,Injury Crash,11/27/2016 08:59:00 PM,County,RANDOLPH RD,County,LIVINGSTON ST,,N/A,,SAME DIR REND RIGHT TURN,CLEAR,DRY,DARK LIGHTS ON,NO CONTROLS,NONE DETECTED,,D806CCDC-BD45-4959-A88A-8A05D8D87CB1,Yes,NO APPARENT INJURY,N/A,NOT DISTRACTED,MD,F682DDD6-AD91-4817-8166-E2E7CC2991D4,DESTROYED,PASSENGER CAR,MOVING CONSTANT SPEED,39.05847,-77.055755,"(39.05847, -77.055755)"
MCP3008000X,170509952,Montgomery County Police,Injury Crash,05/26/2017 05:44:00 AM,Maryland (State),NEW HAMPSHIRE AVE,County,OAKVIEW DR,,N/A,,SAME DIRECTION RIGHT TURN,CLEAR,DRY,DAWN,NO CONTROLS,NONE DETECTED,,016CB2F8-2E66-4FB2-9E97-912B3EEEAF75,No,NO APPARENT INJURY,N/A,NOT DISTRACTED,DC,1A1657EF-6E2D-4025-B737-9F512BFCBF70,SUPERFICIAL,PICKUP TRUCK,MOVING CONSTANT SPEED,39.01584333,-76.97744667,"(39.01584333, -76.97744667)"
MCP2745001P,16064824,Montgomery County Police,Property Damage Crash,12/18/2016 03:46:00 AM,County,DAIRYTON CT,County,SHADOW OAK DR,,N/A,,SAME DIR REAR END,CLEAR,N/A,DARK LIGHTS ON,NO CONTROLS,UNKNOWN,,79BCE5BC-CCCC-4525-A634-BB1018042603,Yes,NO APPARENT INJURY,N/A,UNKNOWN,,118E909D-9900-411C-A187-091621903BA6,UNKNOWN,PASSENGER CAR,BACKING,39.189535,-77.20150333,"(39.189535, -77.20150333)"
MCP20810009,16030505,Montgomery County Police,Injury Crash,06/16/2016 05:56:00 PM,County,REEDIE DR,County,TRIANGLE LA,,N/A,,SAME DIRECTION LEFT TURN,CLEAR,DRY,DAYLIGHT,NO CONTROLS,NONE DETECTED,,DC1B38CA-D85C-445E-A508-B0FA1EE5F9F0,No,NO APPARENT INJURY,N/A,NOT DISTRACTED,MD,F104B530-7951-4C1D-BF2F-BF051B44F10A,SUPERFICIAL,OTHER BUS,MOVING CONSTANT SPEED,39.038485,-77.051415,"(39.038485, -77.051415)"
MCP26430007,15001855,Montgomery County Police,Property Damage Crash,01/12/2015 03:11:00 PM,Maryland (State),NEW HAMPSHIRE AVE,Interstate (State),CAPITAL BELTWAY,,N/A,,SAME DIRECTION SIDESWIPE,RAINING,WET,DAYLIGHT,NO CONTROLS,NONE DETECTED,,9E30968C-B1B1-4EE4-B615-4975B39DD69D,No,NO APPARENT INJURY,"RAIN, SNOW, WET",UNKNOWN,MD,81843460-3E57-4650-9678-861A62A08C79,SUPERFICIAL,PASSENGER CAR,MOVING CONSTANT SPEED,39.01916833,-76.97669667,"(39.01916833, -76.97669667)"
MCP3005002M,170519070,Montgomery County Police,Property Damage Crash,07/14/2017 12:40:00 PM,Maryland (State),UNIVERSITY BLVD W,County,DENNIS AVE,,N/A,,ANGLE MEETS LEFT TURN,CLEAR,DRY,DAYLIGHT,TRAFFIC SIGNAL,NONE DETECTED,,FB1D613D-0F96-4449-BB32-0A3E57ADD4FD,Yes,NO APPARENT INJURY,N/A,LOOKED BUT DID NOT SEE,MD,8D11752D-33FF-4EE6-B7E3-02DE41688FE0,FUNCTIONAL,PASSENGER CAR,MAKING LEFT TURN,39.02623527,-77.02014685,"(39.02623527, -77.02014685)"
MCP2556000P,16024946,Montgomery County Police,Injury Crash,05/19/2016 06:20:00 PM,County,SHADY GROVE RD,County,CRABBS BRANCH WAY,,N/A,,SAME DIR REAR END,CLEAR,DRY,DAYLIGHT,NO CONTROLS,NONE DETECTED,,995A5963-52BC-4137-9B3B-92D13B1721B2,Yes,NO APPARENT INJURY,N/A,LOOKED BUT DID NOT SEE,MD,F0914B73-27C4-47FD-A5BF-06A1E28B1B7E,SUPERFICIAL,PASSENGER CAR,SLOWING OR STOPPING,39.12909,-77.16609,"(39.12909, -77.16609)"
MCP2637001D,17005906,Montgomery County Police,Property Damage Crash,02/03/2017 08:46:00 AM,County,TUCKERMAN LA,County,GAINSBOROUGH RD,,N/A,,SAME DIR REAR END,CLOUDY,DRY,DAYLIGHT,NO CONTROLS,NONE DETECTED,,1EFA1702-F8A4-41A2-B98C-C77CC0A60671,No,NO APPARENT INJURY,N/A,NOT DISTRACTED,MD,CAD73E03-034A-46EB-B6B6-87D0BB2F8EA1,FUNCTIONAL,PASSENGER CAR,SLOWING OR STOPPING,39.04081583,-77.17426083,"(39.04081583, -77.17426083)"
MCP15750053,170512674,Montgomery County Police,Injury Crash,06/09/2017 12:24:00 PM,County,CRABBS BRANCH WAY,County,REDLAND RD,,N/A,,SAME DIRECTION LEFT TURN,CLEAR,DRY,DAYLIGHT,NO CONTROLS,NONE DETECTED,,C5A27EEA-1B31-4AEF-BCD6-C07F902128D4,No,POSSIBLE INJURY,N/A,NOT DISTRACTED,MD,F3BB5146-82C3-4DB7-B5DD-D2102960128C,DISABLING,PASSENGER CAR,MOVING CONSTANT SPEED,39.12244333,-77.16012833,"(39.12244333, -77.16012833)"
DD5603003F,16059777,Rockville Police Departme,Property Damage Crash,11/20/2016 05:50:00 PM,Maryland (State),E JEFFERSON ST,Municipality,MONROE ST,,ROCKVILLE,,SAME DIRECTION RIGHT TURN,CLEAR,DRY,DARK LIGHTS ON,TRAFFIC SIGNAL,NONE DETECTED,,AED21E97-946E-4FC1-9B9A-680E911CEFDF,Yes,NO APPARENT INJURY,N/A,NOT DISTRACTED,MD,FCA32EFD-593A-4FEA-97FC-92A31FE39681,FUNCTIONAL,PASSENGER CAR,CHANGING LANES,39.08186468,-77.14897871,"(39.08186468, -77.14897871)"
MCP2940000Z,16061435,Montgomery County Police,Property Damage Crash,11/30/2016 12:55:00 PM,Maryland (State),WISCONSIN AVE,County,WALSH ST,,N/A,,SAME DIR REAR END,CLOUDY,WET,DAYLIGHT,NO CONTROLS,NONE DETECTED,,C5CEFFE3-E65D-497A-9939-85953CDE2E5A,Yes,NO APPARENT INJURY,"RAIN, SNOW, WET",NOT DISTRACTED,DC,AD5657EA-7BA0-46F8-8F9B-E05608A6A677,FUNCTIONAL,(SPORT) UTILITY VEHICLE,MOVING CONSTANT SPEED,38.97938767,-77.09169611,"(38.97938767, -77.09169611)"
MCP2290000Q,170514948,Montgomery County Police,Property Damage Crash,06/21/2017 02:07:00 PM,County,E GUDE DR,Unknown,CALHOUN DR,,N/A,,STRAIGHT MOVEMENT ANGLE,CLEAR,DRY,DAYLIGHT,NO CONTROLS,NONE DETECTED,,F2D90A47-DB3C-42F8-B0FC-A1AA8281464C,Yes,NO APPARENT INJURY,N/A,NOT DISTRACTED,MD,6D2B8BAD-987D-4F27-AB9E-CE6C8B0F4838,FUNCTIONAL,PASSENGER CAR,ACCELERATING,39.1040645,-77.14309217,"(39.1040645, -77.14309217)"
EJ78570010,16053688,Gaithersburg Police Depar,Property Damage Crash,10/18/2016 10:00:00 PM,,,,,OCCURED IN PARKING GARAGE,,,OTHER,CLEAR,,DARK LIGHTS ON,NO CONTROLS,UNKNOWN,,1604E093-71CD-4EBB-BCC5-D27C3DC73627,Yes,NO APPARENT INJURY,N/A,UNKNOWN,,01F95D9F-934E-436F-9A8F-AED29CA68B9F,UNKNOWN,,STARTING FROM PARKED,39.11649667,-77.19756667,"(39.11649667, -77.19756667)"
MCP27990024,16063609,Montgomery County Police,Property Damage Crash,12/11/2016 05:27:00 PM,Maryland (State),NEW HAMPSHIRE AVE,County,RANDOLPH RD,,N/A,,SAME DIRECTION RIGHT TURN,CLEAR,DRY,DARK LIGHTS ON,TRAFFIC SIGNAL,NONE DETECTED,,7AFF6EE7-567A-4AD3-9429-E5BD339745D9,Yes,NO APPARENT INJURY,N/A,LOOKED BUT DID NOT SEE,MD,02D1D2AA-31A6-4BA4-9A37-81E5B10BA84F,SUPERFICIAL,PASSENGER CAR,CHANGING LANES,39.08608333,-76.94551167,"(39.08608333, -76.94551167)"
MCP1119001Y,16004572,Montgomery County Police,Injury Crash,01/28/2016 02:17:00 PM,Maryland (State),NORBECK RD,Unknown,COOLIDGE AVE,,N/A,,SAME DIR REAR END,CLEAR,WET,DAYLIGHT,NO CONTROLS,NONE DETECTED,,6FA17D16-81C0-4155-81D7-95D9EF9578E6,Yes,NO APPARENT INJURY,N/A,OTHER DISTRACTION,MD,E6287840-CCB5-4BEF-B66C-2A7DE18DBE5A,NO DAMAGE,"MEDIUM/HEAVY TRUCKS 3 AXLES (OVER 10,000LBS (4,536KG))",ACCELERATING,39.11258,-77.07094167,"(39.11258, -77.07094167)"
MCP20870014,17014186,Montgomery County Police,Property Damage Crash,03/20/2017 06:37:00 AM,Maryland (State),GEORGIA AVE,County,OWENS RD,,N/A,,STRAIGHT MOVEMENT ANGLE,N/A,DRY,DARK NO LIGHTS,NO CONTROLS,NONE DETECTED,,80B51D10-8CA2-4DEA-9962-B1DBE617F39E,Yes,NO APPARENT INJURY,N/A,LOOKED BUT DID NOT SEE,MD,318D3819-7AE9-4C27-84AC-87D9DCB5E3FB,DISABLING,PASSENGER CAR,MAKING LEFT TURN,39.16509667,-77.060575,"(39.16509667, -77.060575)"
MCP2754000N,16023874,Montgomery County Police,Property Damage Crash,05/13/2016 06:26:00 PM,Maryland (State),UNIVERSITY BLVD W,County,BRUNETT AVE,,N/A,,STRAIGHT MOVEMENT ANGLE,CLEAR,DRY,DAYLIGHT,NO CONTROLS,N/A,,FF475D53-8D84-446A-94E5-A61098BEB546,No,NO APPARENT INJURY,N/A,NOT DISTRACTED,MD,E96025D0-2D0D-46CC-A602-DA033CB594B6,DISABLING,PASSENGER CAR,MOVING CONSTANT SPEED,39.02295129,-77.01686382,"(39.02295129, -77.01686382)"
MCP2692000R,16057891,Montgomery County Police,Injury Crash,11/09/2016 09:10:00 PM,Maryland (State),GEORGIA AVE,County,DAYTON ST,,N/A,,SAME DIRECTION SIDESWIPE,CLEAR,DRY,DARK LIGHTS ON,OTHER,NONE DETECTED,,A567A6AC-7F17-4B6B-B492-B4550B9AEF77,No,NO APPARENT INJURY,N/A,NOT DISTRACTED,MD,434D221A-EC24-4EA5-B1D1-5580031E7834,SUPERFICIAL,PASSENGER CAR,MAKING LEFT TURN,39.028305,-77.047045,"(39.028305, -77.047045)"
MCP2952002G,16044895,Montgomery County Police,Property Damage Crash,09/02/2016 02:49:00 PM,Maryland (State),GEORGIA AVE,County,HIGHLAND DR,,N/A,,SAME DIR REAR END,CLEAR,DRY,DAYLIGHT,NO CONTROLS,NONE DETECTED,,7C740DF9-8C7F-4039-B4E0-2D437DF7D853,No,NO APPARENT INJURY,N/A,NOT DISTRACTED,DC,59087629-AD83-4563-91B6-26BF0173CE85,SUPERFICIAL,PASSENGER CAR,STOPPED IN TRAFFIC LANE,39.00413735,-77.03678325,"(39.00413735, -77.03678325)"
MCP14380036,16049756,Montgomery County Police,Property Damage Crash,09/27/2016 06:42:00 PM,County,SHADY GROVE RD,County,EPSILON DR,,N/A,,SAME DIR REAR END,CLEAR,DRY,DAYLIGHT,N/A,NONE DETECTED,,7ED58637-E4D2-4BC0-9162-10C78CD6EBC1,Yes,NO APPARENT INJURY,N/A,INATTENTIVE OR LOST IN THOUGHT,MD,863DE3FE-5A1D-460A-B1C3-B547018BC54F,SUPERFICIAL,PASSENGER CAR,SLOWING OR STOPPING,39.137475,-77.15411833,"(39.137475, -77.15411833)"
MCP2845002H,170500667,Montgomery County Police,Property Damage Crash,04/06/2017 10:07:00 AM,US (State),COLUMBIA PIKE,County,LOCKWOOD DR,,N/A,,SAME DIR REAR END,RAINING,WET,DAYLIGHT,NO CONTROLS,NONE DETECTED,,92BC8EEC-1106-4423-85E6-54361F76659E,Yes,NO APPARENT INJURY,"RAIN, SNOW, WET",INATTENTIVE OR LOST IN THOUGHT,MD,98F39883-C92E-4A97-843C-28EBE794F64A,DISABLING,PASSENGER CAR,SLOWING OR STOPPING,39.03369,-77.00247167,"(39.03369, -77.00247167)"
MCP2298006D,15051268,MONTGOMERY,Property Damage Crash,10/09/2015 03:40:00 PM,County,VALLEY BEND DR,County,CROSS LAUREL DR,,N/A,,SAME DIRECTION SIDESWIPE,CLOUDY,DRY,DAYLIGHT,NO CONTROLS,NONE DETECTED,,7D9AE564-60D9-4B6C-9CE8-8B3A643942E4,No,NO APPARENT INJURY,N/A,UNKNOWN,MD,9EBBE035-838F-4C28-96FE-A824A7F19A3C,NO DAMAGE,PICKUP TRUCK,PASSING,39.18896333,-77.230275,"(39.18896333, -77.230275)"
MCP0113000Q,16016756,Montgomery County Police,Property Damage Crash,04/06/2016 11:26:00 AM,Maryland (State),CONNECTICUT AVE,Ramp,RAMP 2 FR IS 495 WB TO MD 185 NB,,N/A,,STRAIGHT MOVEMENT ANGLE,CLEAR,DRY,DAYLIGHT,TRAFFIC SIGNAL,NONE DETECTED,,C769A83E-E89B-4193-B905-289942F4D135,Yes,NO APPARENT INJURY,N/A,LOOKED BUT DID NOT SEE,MD,5DF0C19D-DA73-4CA4-B505-48901BE883AD,DISABLING,(SPORT) UTILITY VEHICLE,MOVING CONSTANT SPEED,39.00623,-77.07865667,"(39.00623, -77.07865667)"
MCP2666000H,15001940,Montgomery County Police,Property Damage Crash,01/13/2015 12:05:00 AM,US (State),COLUMBIA PIKE,County,GREENCASTLE RD,,N/A,,SINGLE VEHICLE,RAINING,WET,DARK LIGHTS ON,NO CONTROLS,NONE DETECTED,,1DF05481-B22E-47B1-80A6-0BDCEB9758A8,No,NO APPARENT INJURY,"RAIN, SNOW, WET",NOT DISTRACTED,MD,7BBB91CE-0B48-4A9B-A993-B97F5F11ED79,FUNCTIONAL,PASSENGER CAR,MOVING CONSTANT SPEED,39.097425,-76.93676,"(39.097425, -76.93676)"
EJ7809000T,16035790,Gaithersburg Police Depar,Property Damage Crash,07/14/2016 10:52:00 PM,Maryland (State),W DIAMOND AVE,Ramp,RAMP 6 FR MD 117 EB TO IS 270 SB,,N/A,,OTHER,CLEAR,N/A,DARK LIGHTS ON,NO CONTROLS,NONE DETECTED,,F9997163-31FB-48EE-8414-52786CACEBDB,Yes,NO APPARENT INJURY,N/A,UNKNOWN,,646D82C0-17BE-4840-83F2-5497E40292C0,FUNCTIONAL,,SLOWING OR STOPPING,39.14060825,-77.21412957,"(39.14060825, -77.21412957)"
MCP2777002P,16027650,Montgomery County Police,Injury Crash,06/02/2016 05:57:00 PM,,,,,PRIVATE RD KNOWN AS CHAPMAN MILL DRIVE,,,OTHER,CLEAR,,DAYLIGHT,NO CONTROLS,NONE DETECTED,,DDF11E91-0C22-42B0-8A31-DB95DF73BD7C,Yes,SUSPECTED MINOR INJURY,N/A,NOT DISTRACTED,MD,1A32EEEC-07BD-42CB-9588-973CECE1439A,SUPERFICIAL,PICKUP TRUCK,BACKING,39.034709,-77.115238,"(39.034709, -77.115238)"
DD5583000K,15034924,ROCKVILLE,Injury Crash,07/16/2015 09:35:00 AM,Maryland (State),FALLS RD,Interstate (State),EISENHOWER MEMORIAL HWY,,N/A,,HEAD ON,CLEAR,DRY,DAYLIGHT,TRAFFIC SIGNAL,NONE DETECTED,,B051EE0B-6144-4D9E-BBEB-BD03239DC3CD,Yes,NO APPARENT INJURY,N/A,NOT DISTRACTED,MD,D29C2875-F0E1-4EE1-B9B5-44C3FF3A3FF1,DISABLING,VAN,MOVING CONSTANT SPEED,39.07383333,-77.164465,"(39.07383333, -77.164465)"
MCP2986000J,16010863,MONTGOMERY,Property Damage Crash,03/04/2016 05:44:00 PM,County,FENTON ST,County,WAYNE AVE,,N/A,,SAME DIRECTION SIDESWIPE,CLEAR,DRY,DUSK,TRAFFIC SIGNAL,NONE DETECTED,,245FD83D-C1B3-4697-B308-C8BE658E77B6,No,NO APPARENT INJURY,N/A,NOT DISTRACTED,MD,A88F53C1-2864-4803-908C-EB66D8188860,FUNCTIONAL,PASSENGER CAR,MOVING CONSTANT SPEED,38.99583667,-77.0243,"(38.99583667, -77.0243)"
EJ7839000N,15042893,GAITHERSBURG,Property Damage Crash,08/26/2015 07:11:00 PM,,,,,"Parking lot of 9801 Washingtonian Blvd. Gaithersburg, Montgomery County, MD 20878.",,,OTHER,CLEAR,,DAYLIGHT,N/A,NONE DETECTED,,2CF5CCF9-D86D-49EE-8922-9C1D9E88ECAA,Yes,NO APPARENT INJURY,N/A,NOT DISTRACTED,MD,B1813279-2D19-4ED9-AC68-90AD24806BF0,FUNCTIONAL,PASSENGER CAR,PARKING,39.11479667,-77.19755,"(39.11479667, -77.19755)"
MCP2904002N,16051045,Montgomery County Police,Property Damage Crash,10/04/2016 09:07:00 PM,Maryland (State),NEW HAMPSHIRE AVE,County,ADELPHI RD,,N/A,,SAME DIRECTION RIGHT TURN,CLEAR,DRY,DARK NO LIGHTS,TRAFFIC SIGNAL,UNKNOWN,,46349934-AEEB-47BD-A442-BC1D07B3065D,Yes,NO APPARENT INJURY,N/A,UNKNOWN,MD,54910E83-51F1-420C-A170-64CE2026C872,UNKNOWN,PASSENGER CAR,MAKING RIGHT TURN,39.01134882,-76.97888106,"(39.01134882, -76.97888106)"
MCP9110000H,15039492,MONTGOMERY,Property Damage Crash,08/08/2015 05:26:00 PM,Other Public Roadway,OBSERVATION DR,Maryland (State),GERMANTOWN RD,,N/A,,SINGLE VEHICLE,CLEAR,DRY,DAYLIGHT,N/A,NONE DETECTED,,776318F7-9E3A-4C8D-AC5C-BB9265AEE2BD,Yes,NO APPARENT INJURY,N/A,UNKNOWN,MD,1C2E7D30-1651-4EE6-9037-F8C996CC59FD,DISABLING,PASSENGER CAR,MOVING CONSTANT SPEED,39.18982167,-77.24738833,"(39.18982167, -77.24738833)"