Report Number,Local Case Number,Agency Name,ACRS Report Type,Crash Date/Time,Route Type,Road Name,Cross-Street Type,Cross-Street Name,Off-Road Description,Municipality,Related Non-Motorist,Collision Type,Weather,Surface Condition,Light,Traffic Control,Driver Substance Abuse,Non-Motorist Substance Abuse,Person ID,Driver At Fault,Injury Severity,Circumstance,Driver Distracted By,Drivers License State,Vehicle ID,Vehicle Damage Extent,Vehicle Body Type,Vehicle Movement,Latitude,Longitude,Location
MCP2818001S,16024169,Montgomery County Police,Injury Crash,05/15/2016 05:53:00 PM,County,SLIGO AVE,County,SCHRIDER ST,,N/A,,SINGLE VEHICLE,CLEAR,DRY,DAYLIGHT,NO CONTROLS,NONE DETECTED,,986D27C4-3A05-43C5-B785-5B510134BD23,Yes,POSSIBLE INJURY,N/A,NOT DISTRACTED,MD,92766F2D-7C11-42F7-ABB7-63E124D90810,DESTROYED,MOTORCYCLE,ACCELERATING,38.99125833,-77.013535,"(38.99125833, -77.013535)"
MCP2494000H,15056616,MONTGOMERY,Injury Crash,11/06/2015 05:51:00 PM,Maryland (State),FREDERICK RD,Unknown,ENT TO SHADY GROVE METRO STATION,,N/A,,SAME DIR REAR END,OTHER,DRY,DARK LIGHTS ON,N/A,N/A,,1CB58898-A58B-4369-91CC-64470230DACA,No,SUSPECTED MINOR INJURY,N/A,NOT DISTRACTED,MD,7CF4F9E3-EB4A-448E-994F-725BC49E4B88,DISABLING,PASSENGER CAR,SLOWING OR STOPPING,39.114447,-77.165907,"(39.114447, -77.165907)"
MCP1580003R,15035830,MONTGOMERY,Injury Crash,07/21/2015 06:48:00 AM,Maryland (State),QUINCE ORCHARD RD,Municipality,FIRSTFIELD RD,,GAITHERSBURG,,SAME DIR REAR END,CLEAR,DRY,DAYLIGHT,NO CONTROLS,NONE DETECTED,,382E78AC-36A1-4D9B-97E2-6E1BF80FA140,Yes,NO APPARENT INJURY,N/A,OTHER DISTRACTION,VA,BC7F1EDD-28AF-467B-B744-35DEB20BCBF0,DISABLING,PICKUP TRUCK,SLOWING OR STOPPING,39.14539833,-77.21965667,"(39.14539833, -77.21965667)"
MCP28860023,17001195,Montgomery County Police,Property Damage Crash,01/07/2017 04:36:00 PM,County,RANDOLPH RD,Maryland (State),VEIRS MILL RD,,N/A,,STRAIGHT MOVEMENT ANGLE,CLEAR,WET,DAYLIGHT,TRAFFIC SIGNAL,NONE DETECTED,,25A1F282-C13A-4612-A481-5091B0FEAA2A,No,NO APPARENT INJURY,"N/A, WET",NOT DISTRACTED,MD,28B856F1-6BBA-4B12-B927-A8BA1E707FE1,FUNCTIONAL,PASSENGER CAR,ACCELERATING,39.056325,-77.082555,"(39.056325, -77.082555)"
MCP2757001F,16062056,Montgomery County Police,Injury Crash,12/03/2016 04:45:00 AM,County,RANDOLPH RD,Unknown,CROSSOVER,,N/A,,SINGLE VEHICLE,CLEAR,DRY,DARK LIGHTS ON,NO CONTROLS,ALCOHOL PRESENT,,4E75BA97-C6CF-470F-9A59-5F53FE4509CF,Yes,NO APPARENT INJURY,N/A,UNKNOWN,MD,35A3ABE2-315B-491A-85FD-3D2564C581C4,DESTROYED,(SPORT) UTILITY VEHICLE,MOVING CONSTANT SPEED,39.05899754,-77.06324592,"(39.05899754, -77.06324592)"
MCP12200047,16048259,Montgomery County Police,Property Damage Crash,09/20/2016 08:30:00 AM,Maryland (State),PINEY BRANCH RD,County,MANCHESTER RD,,N/A,,SAME DIRECTION SIDESWIPE,CLOUDY,DRY,DAYLIGHT,NO CONTROLS,NONE DETECTED,,FD58BC78-4F94-4E6F-BA7C-3F5EA0A487A6,No,NO APPARENT INJURY,N/A,NOT DISTRACTED,MD,F19AF06D-8D1A-46D6-B2A7-288B86607D84,FUNCTIONAL,(SPORT) UTILITY VEHICLE,MOVING CONSTANT SPEED,38.99743167,-77.00505333,"(38.99743167, -77.00505333)"
MCP12050024,16035622,Montgomery County Police,Property Damage Crash,07/14/2016 10:28:00 AM,Maryland (State),CONNECTICUT AVE,Maryland (State),VEIRS MILL RD,,N/A,,SAME DIRECTION RIGHT TURN,CLEAR,DRY,DAYLIGHT,TRAFFIC SIGNAL,NONE DETECTED,,DDF084AF-73AE-4F6F-9579-8EF43E897D4E,No,NO APPARENT INJURY,N/A,NOT DISTRACTED,MD,710D3918-C160-4FFE-94A2-CFCA816283C7,SUPERFICIAL,PASSENGER CAR,MOVING CONSTANT SPEED,39.0516851,-77.07500339,"(39.0516851, -77.07500339)"
DD5582000F,15004552,Rockville Police Departme,Injury Crash,01/28/2015 06:33:00 PM,Maryland (State),HUNGERFORD DR,Municipality,BEALL AVE #2,,ROCKVILLE,,SAME DIR REND RIGHT TURN,CLEAR,DRY,DARK LIGHTS ON,TRAFFIC SIGNAL,NONE DETECTED,,EC0D4111-3184-4CCE-A771-FFB28B622263,No,NO APPARENT INJURY,N/A,NOT DISTRACTED,MD,BB0264B8-C8B9-4BD2-A232-FF3A6F66168D,FUNCTIONAL,PASSENGER CAR,MAKING RIGHT TURN,39.08912333,-77.15167833,"(39.08912333, -77.15167833)"
MCP2930000W,16020266,Montgomery County Police,Injury Crash,04/25/2016 02:05:00 AM,County,NORWOOD RD,County,BRYANTS NURSERY RD,,N/A,,SINGLE VEHICLE,N/A,DRY,DARK -- UNKNOWN LIGHTING,N/A,NONE DETECTED,,B4BAB809-8EC6-467E-902B-CD3F1B77B79F,Yes,SUSPECTED MINOR INJURY,N/A,UNKNOWN,MD,DE2E7732-EB95-4BCB-9FC4-7E303547A24E,DESTROYED,PASSENGER CAR,MOVING CONSTANT SPEED,39.05801333,-77.048415,"(39.05801333, -77.048415)"
MCP2425006X,16027748,Montgomery County Police,Property Damage Crash,06/03/2016 10:14:00 AM,Maryland (State),OLD COLUMBIA PIKE,Unknown,ENT TO OLD COLUMBIA SHOPPING CENTER,,N/A,,STRAIGHT MOVEMENT ANGLE,RAINING,WET,DAYLIGHT,TRAFFIC SIGNAL,NONE DETECTED,,5076C8C2-9A84-4C84-9F19-5016EDD17C75,Yes,NO APPARENT INJURY,"RAIN, SNOW, WET",UNKNOWN,FL,E0090570-B43B-475C-82C5-1FEBEA1C9F1C,FUNCTIONAL,PASSENGER CAR,MOVING CONSTANT SPEED,39.112845,-76.93225667,"(39.112845, -76.93225667)"
HA23050001,16000772,Maryland-National Capital,Property Damage Crash,06/21/2016 06:04:00 PM,County,CATTAIL RD,Maryland (State),DARNESTOWN RD,,N/A,,SINGLE VEHICLE,RAINING,WET,DARK LIGHTS ON,N/A,NONE DETECTED,,41FDA8DB-638A-44A6-A43E-EFFB7C10A61C,Yes,NO APPARENT INJURY,"N/A, PHYSICAL OBSTRUCTION(S), WET",NOT DISTRACTED,MD,8496C995-AF5E-48A6-A358-CE72D8E434AA,SUPERFICIAL,POLICE VEHICLE/EMERGENCY,MOVING CONSTANT SPEED,39.15668667,-77.38869167,"(39.15668667, -77.38869167)"
MCP3040000L,17050252,Montgomery County Police,Property Damage Crash,05/11/2017 04:14:00 PM,Maryland (State),GEORGIA AVE,Maryland (State),UNIVERSITY BLVD W,,N/A,,SAME DIR REAR END,RAINING,WET,DAYLIGHT,TRAFFIC SIGNAL,N/A,,6400EAC2-F9C1-4715-84D1-5ACDA5DC0A32,No,NO APPARENT INJURY,"RAIN, SNOW, WET",NOT DISTRACTED,MD,6368605B-0F00-4C3C-AC2D-04A528DCA4FB,SUPERFICIAL,PASSENGER CAR,STOPPED IN TRAFFIC LANE,39.04147667,-77.05120833,"(39.04147667, -77.05120833)"
MCP2116002F,15038924,MONTGOMERY,Property Damage Crash,08/05/2015 06:06:00 PM,County,TRAVILAH RD,County,TURKEY FOOT RD,,N/A,,STRAIGHT MOVEMENT ANGLE,CLEAR,DRY,DAYLIGHT,NO CONTROLS,N/A,,BACC059C-7A6D-4D5B-91F5-4D0F88FC5F95,No,NO APPARENT INJURY,N/A,NOT DISTRACTED,MD,DF8D5E6E-DF3B-4420-80BA-C4BC4E0D6EC4,DISABLING,PASSENGER CAR,MOVING CONSTANT SPEED,39.07976333,-77.25559,"(39.07976333, -77.25559)"
MCP1417006W,17011966,Montgomery County Police,Injury Crash,03/07/2017 09:27:00 AM,County,BLUE TEE TER,County,CLUB LAKE RD,,N/A,,OPPOSITE DIRECTION SIDESWIPE,N/A,WET,DAYLIGHT,NO CONTROLS,NONE DETECTED,,4EC97F49-EA84-424C-9139-01F858662E5F,No,NO APPARENT INJURY,N/A,NOT DISTRACTED,DC,03BB1797-2EB7-4C0A-8BD4-269F28926FCE,FUNCTIONAL,PASSENGER CAR,MOVING CONSTANT SPEED,39.178145,-77.208415,"(39.178145, -77.208415)"
MCP2667003D,16065961,Montgomery County Police,Property Damage Crash,12/23/2016 01:30:00 PM,Maryland (State),MUNCASTER MILL RD,Unknown,ENT TO REDLAND MIDDLE SCHOOL,,N/A,,OPPOSITE DIRECTION SIDESWIPE,CLEAR,DRY,DAYLIGHT,NO CONTROLS,NONE DETECTED,,8EA99CC5-D7F7-43C1-BCA1-B63B23B58772,No,NO APPARENT INJURY,N/A,NOT DISTRACTED,MD,7DC330E7-85E0-461E-8593-9408781E6A67,DISABLING,"OTHER LIGHT TRUCKS (10,000LBS (4,536KG) OR LESS)",MOVING CONSTANT SPEED,39.13971371,-77.13327169,"(39.13971371, -77.13327169)"
MCP15750031,15051061,MONTGOMERY,Property Damage Crash,10/08/2015 04:15:00 PM,Municipality,FARM HAVEN DR,Municipality,FARM HAVEN CT,,ROCKVILLE,,SAME DIRECTION SIDESWIPE,N/A,DRY,DAYLIGHT,NO CONTROLS,NONE DETECTED,,4F57A609-0195-4834-B702-D0834D8DD50F,Yes,NO APPARENT INJURY,N/A,NOT DISTRACTED,MD,EE18DD01-0E76-4FBA-8CE7-B59DBD942F84,SUPERFICIAL,SCHOOL BUS,OTHER,39.05823667,-77.141525,"(39.05823667, -77.141525)"
MCP28920012,15033409,MONTGOMERY,Property Damage Crash,07/08/2015 01:10:00 PM,County,BRIGGS CHANEY RD,County,ROBEY RD,,N/A,,STRAIGHT MOVEMENT ANGLE,RAINING,WET,DAYLIGHT,NO CONTROLS,NONE DETECTED,,35942AF0-EBEE-4227-A511-089A24CA74E5,No,NO APPARENT INJURY,"SLEET, HAIL, FREEZ. RAIN, WET",NOT DISTRACTED,MD,4FC9815B-6FD4-4601-A7E9-993E597CDBEC,DISABLING,PASSENGER CAR,MOVING CONSTANT SPEED,39.07945778,-76.94508791,"(39.07945778, -76.94508791)"
MCP3030000B,170502516,Montgomery County Police,Property Damage Crash,04/17/2017 12:30:00 AM,County,WOODMONT AVE,County,BATTERY LA,,N/A,,SINGLE VEHICLE,CLEAR,DRY,DARK LIGHTS ON,NO CONTROLS,NONE DETECTED,,C9D0A664-F753-41A8-9510-BDD9419906BF,Yes,NO APPARENT INJURY,N/A,NOT DISTRACTED,MD,9E65B15C-B7CA-4ABE-AA33-5A208D15712E,NO DAMAGE,PASSENGER CAR,MOVING CONSTANT SPEED,38.99214667,-77.09798833,"(38.99214667, -77.09798833)"
MCP13780040,15003250,Montgomery County Police,Injury Crash,01/20/2015 06:53:00 PM,,,,,PARKING LOT OF 9235 HUMMINGBIRD TERR,,PEDESTRIAN,SINGLE VEHICLE,CLOUDY,,DARK LIGHTS ON,N/A,NONE DETECTED,NONE DETECTED,A3783F23-5F95-48EE-81C7-3358EA8E46F4,Yes,NO APPARENT INJURY,N/A,NOT DISTRACTED,MD,C1189CCE-EE3A-4B5A-838C-E44B26485785,NO DAMAGE,(SPORT) UTILITY VEHICLE,BACKING,39.16101167,-77.190915,"(39.16101167, -77.190915)"
MCP1251000G,15032350,MONTGOMERY,Property Damage Crash,07/02/2015 09:56:00 AM,,,,,PARKING LOT OF 10104 RIVER ROAD (SAFEWAY),,,OTHER,CLOUDY,,DAYLIGHT,N/A,UNKNOWN,,838D23C7-BD58-436F-B9DB-E83636D635B8,Yes,NO APPARENT INJURY,N/A,NOT DISTRACTED,MD,E3B15FF9-6C68-432B-9D31-FF6DFD655D41,UNKNOWN,PICKUP TRUCK,BACKING,38.987795,-77.21803167,"(38.987795, -77.21803167)"
MCP26880026,16055649,Montgomery County Police,Injury Crash,10/29/2016 12:59:00 AM,Maryland (State),NEW HAMPSHIRE AVE,County,OAKVIEW DR,,N/A,,STRAIGHT MOVEMENT ANGLE,CLEAR,DRY,DARK LIGHTS ON,TRAFFIC SIGNAL,N/A,,C0EB6D03-9F2D-4676-9307-ECAA6D2800B7,Yes,NO APPARENT INJURY,N/A,NOT DISTRACTED,MD,50D2BB51-B23A-48FA-A210-605032E015BA,DISABLING,PASSENGER CAR,MAKING LEFT TURN,39.01534167,-76.97743333,"(39.01534167, -76.97743333)"
MCP1491000D,17009151,Montgomery County Police,Injury Crash,02/20/2017 10:52:00 AM,County,SHADY GROVE RD,Ramp,RAMP 5 FR IS 270 SB TO SHADY GROVE RD,,N/A,,STRAIGHT MOVEMENT ANGLE,CLEAR,DRY,DAYLIGHT,TRAFFIC SIGNAL,N/A,,C7BB6A0D-4ECE-486F-83D1-DE80F6B54315,No,NO APPARENT INJURY,N/A,NOT DISTRACTED,MD,58CAB68D-9865-45E1-B4E0-80E59465425D,SUPERFICIAL,PASSENGER CAR,MAKING LEFT TURN,39.10953167,-77.18797,"(39.10953167, -77.18797)"
MCP1433000B,15036368,MONTGOMERY,Injury Crash,07/23/2015 06:10:00 PM,Maryland (State),ROCKVILLE PIKE,Municipality,TALBOTT ST,,ROCKVILLE,,SAME DIR REAR END,CLEAR,DRY,DAYLIGHT,NO CONTROLS,NONE DETECTED,,DBE7E83C-065A-4260-86B8-DE07F55D1984,Yes,NO APPARENT INJURY,N/A,LOOKED BUT DID NOT SEE,MD,C4E25FA5-E700-4EB3-B579-E4E5A31DBC77,SUPERFICIAL,POLICE VEHICLE/EMERGENCY,SLOWING OR STOPPING,39.067185,-77.128509,"(39.067185, -77.128509)"
MCP2539000V,170504607,Montgomery County Police,Property Damage Crash,04/27/2017 09:52:00 PM,Maryland (State),WISCONSIN AVE,County,HAMPDEN LA,,N/A,,SAME DIR REAR END,CLEAR,DRY,DARK LIGHTS ON,NO CONTROLS,NONE DETECTED,,1EFFC67D-1B5E-4484-B788-D937ECB5ED68,No,NO APPARENT INJURY,N/A,NOT DISTRACTED,MD,A26CF933-D365-4B00-A0C2-0A538FE81CD4,SUPERFICIAL,PASSENGER CAR,SLOWING OR STOPPING,38.983485,-77.09357667,"(38.983485, -77.09357667)"
MCP27120012,16033825,Montgomery County Police,Property Damage Crash,07/04/2016 02:53:00 PM,County,PROSPERITY DR,County,WHITETHORN CT,,N/A,,STRAIGHT MOVEMENT ANGLE,RAINING,WET,DAYLIGHT,STOP SIGN,NONE DETECTED,,985A822B-8E5D-44AB-AE67-C460C6747063,No,NO APPARENT INJURY,"RAIN, SNOW, WET",NOT DISTRACTED,MD,393A7305-62DE-431E-839F-64064C7A4C82,FUNCTIONAL,PASSENGER CAR,MOVING CONSTANT SPEED,39.06075,-76.96310333,"(39.06075, -76.96310333)"
MCP2298006K,15052546,MONTGOMERY,Property Damage Crash,10/16/2015 01:55:00 PM,Interstate (State),EISENHOWER MEMORIAL HWY,Unknown,EXIT #16,,N/A,,SAME DIRECTION SIDESWIPE,CLEAR,DRY,DAYLIGHT,NO CONTROLS,NONE DETECTED,,0910542B-76B6-4630-8FFD-07B4EDFA369D,No,NO APPARENT INJURY,N/A,NOT DISTRACTED,MD,3130F11A-7956-4E55-9481-1F7A41CCB645,FUNCTIONAL,(SPORT) UTILITY VEHICLE,MOVING CONSTANT SPEED,39.19442217,-77.26078391,"(39.19442217, -77.26078391)"
MCP94390008,16064797,Montgomery County Police,Injury Crash,12/18/2016 01:08:00 AM,Maryland (State),FREDERICK RD,County,PARAMOUNT DR,,N/A,,SINGLE VEHICLE,RAINING,WET,DARK LIGHTS ON,N/A,N/A,,290A2447-3D19-4D74-B354-59C2AC8659EA,Yes,POSSIBLE INJURY,"RAIN, SNOW, WET",LOOKED BUT DID NOT SEE,NY,BB732527-E762-4835-8386-680A788F8EC6,DISABLING,PASSENGER CAR,MOVING CONSTANT SPEED,39.114175,-77.16389333,"(39.114175, -77.16389333)"
MCP24550011,15065521,MONTGOMERY,Property Damage Crash,12/02/2015 07:19:00 AM,Maryland (State),GEORGIA AVE,County,ASPEN HILL RD,,N/A,,SAME DIRECTION SIDESWIPE,N/A,UNKNOWN,UNKNOWN,N/A,N/A,,896AD2C8-CD76-4401-AEE1-AB6346A4BEF7,Yes,NO APPARENT INJURY,N/A,UNKNOWN,MD,EBDC8C07-87CE-43A6-9543-BAAAA4F524DD,FUNCTIONAL,PICKUP TRUCK,PASSING,39.080038,-77.074312,"(39.080038, -77.074312)"
MCP1366003L,15051891,MONTGOMERY,Injury Crash,10/13/2015 08:15:00 AM,Maryland (State),DARNESTOWN RD,Municipality,MAIN ST,,GAITHERSBURG,,HEAD ON LEFT TURN,CLOUDY,DRY,DAYLIGHT,TRAFFIC SIGNAL,NONE DETECTED,,43961ABF-9760-4284-8E1A-F0566E6F381B,No,NO APPARENT INJURY,N/A,NOT DISTRACTED,MD,F155CD78-2E5A-4D5E-9653-DF44B8CF47DC,FUNCTIONAL,(SPORT) UTILITY VEHICLE,STOPPED IN TRAFFIC LANE,39.11212667,-77.240385,"(39.11212667, -77.240385)"
MCP9312000C,15050508,MONTGOMERY,Property Damage Crash,10/05/2015 08:03:00 PM,Maryland (State),ROCKVILLE PIKE,County,POOKS HILL RD,,N/A,,SAME DIR REAR END,N/A,DRY,DARK LIGHTS ON,TRAFFIC SIGNAL,NONE DETECTED,,70AE0BF6-65C8-4D1A-86EC-AC9E8AD1CC1F,No,NO APPARENT INJURY,N/A,NOT DISTRACTED,MD,488CA0A1-8CE7-4C23-82D2-BE8C98AA1C51,NO DAMAGE,PASSENGER CAR,STOPPED IN TRAFFIC LANE,39.01491573,-77.09964752,"(39.01491573, -77.09964752)"
MCP15310004,16018570,Montgomery County Police,Property Damage Crash,04/15/2016 11:06:00 PM,County,WILLARD AVE,Maryland (State),RIVER RD,,N/A,,SAME DIR REAR END,CLEAR,DRY,DARK LIGHTS ON,TRAFFIC SIGNAL,NONE DETECTED,,F91ED765-C55D-4BAA-AF60-162986855A85,No,NO APPARENT INJURY,N/A,NOT DISTRACTED,MD,9B1320FC-1947-467B-B3D1-FB2B56F2B814,FUNCTIONAL,PASSENGER CAR,STOPPED IN TRAFFIC LANE,38.96082167,-77.09669333,"(38.96082167, -77.09669333)"
MCP10150017,170526613,Montgomery County Police,Property Damage Crash,08/24/2017 01:34:00 PM,Maryland (State),RIDGE RD,Other Public Roadway,VALLEY PARK DR,,N/A,,STRAIGHT MOVEMENT ANGLE,CLEAR,DRY,DAYLIGHT,STOP SIGN,NONE DETECTED,,94E59548-6396-4D43-BC85-410BB95D0859,Yes,NO APPARENT INJURY,N/A,NOT DISTRACTED,MD,8FF2E067-276D-4985-9BCC-6778E5AA20BB,DISABLING,PASSENGER CAR,ACCELERATING,39.274225,-77.21512667,"(39.274225, -77.21512667)"
MCP2040000P,170527270,Montgomery County Police,Property Damage Crash,08/28/2017 06:40:00 AM,Maryland (State),DICKERSON RD,County,MOUTH OF MONOCACY RD,,N/A,,SAME DIR REAR END,CLEAR,DRY,DAYLIGHT,NO CONTROLS,NONE DETECTED,,9A065B56-F991-4821-88F8-019EA1A7F927,No,NO APPARENT INJURY,N/A,NOT DISTRACTED,MD,C8F8C33E-C557-490E-BD54-A86C62D3C352,SUPERFICIAL,PASSENGER CAR,SLOWING OR STOPPING,39.22466,-77.42696333,"(39.22466, -77.42696333)"
MCP2425009Q,170518692,Montgomery County Police,Property Damage Crash,07/12/2017 04:35:00 PM,US (State),COLESVILLE RD,County,SPRING ST,,N/A,,SAME DIRECTION SIDESWIPE,CLEAR,DRY,DAYLIGHT,NO CONTROLS,NONE DETECTED,,C5D4B155-93F6-4138-ABBB-D2014234004E,Unknown,NO APPARENT INJURY,N/A,UNKNOWN,DC,8950EF70-DC4A-40A5-B107-063D8223FCA5,DISABLING,PASSENGER CAR,N/A,38.99943833,-77.02600833,"(38.99943833, -77.02600833)"
MCP0036006G,170512505,Montgomery County Police,Property Damage Crash,06/08/2017 02:33:00 PM,Maryland (State),GERMANTOWN RD,County,CRYSTAL ROCK DR,,N/A,,SAME DIR REAR END,CLEAR,DRY,DAYLIGHT,TRAFFIC SIGNAL,NONE DETECTED,,DC6F05AC-4195-4C77-B5B1-1FC6140856D8,No,NO APPARENT INJURY,N/A,NOT DISTRACTED,MD,4B8B9895-BEDD-488D-84B0-5B6C65CAAE76,NO DAMAGE,SCHOOL BUS,STOPPED IN TRAFFIC LANE,39.18120749,-77.26226315,"(39.18120749, -77.26226315)"
MCP2347000H,16036525,Montgomery County Police,Injury Crash,07/24/2016 12:23:00 PM,County,PROSPERITY DR,County,OLD COLUMBIA PIKE (AHEAD),,N/A,,STRAIGHT MOVEMENT ANGLE,CLEAR,DRY,DAYLIGHT,STOP SIGN,NONE DETECTED,,809C6140-B94E-43B3-AF76-E493F6A2E356,Yes,NO APPARENT INJURY,N/A,NOT DISTRACTED,MD,16E046D2-8F0D-476E-B52C-A8081C6DC4FE,DISABLING,PICKUP TRUCK,ACCELERATING,39.05722167,-76.96783333,"(39.05722167, -76.96783333)"
MCP2962001D,170514739,Montgomery County Police,Injury Crash,06/20/2017 01:17:00 PM,County,MIDDLEBROOK RD,County,OBSERVATION DR,,N/A,,STRAIGHT MOVEMENT ANGLE,CLEAR,DRY,DAYLIGHT,TRAFFIC SIGNAL,NONE DETECTED,,AE290534-904E-4DC6-8013-E731397D1BC7,Yes,SUSPECTED MINOR INJURY,N/A,UNKNOWN,MD,ED88CDD1-7A42-47FB-A18D-4B012123DF52,DISABLING,PASSENGER CAR,SLOWING OR STOPPING,39.17843649,-77.24191591,"(39.17843649, -77.24191591)"
MCP2866001J,15042115,MONTGOMERY,Injury Crash,08/22/2015 04:58:00 PM,County,TUCKERMAN LA,County,MONTROSE AVE,,N/A,BICYCLIST,STRAIGHT MOVEMENT ANGLE,CLEAR,DRY,DAYLIGHT,STOP SIGN,NONE DETECTED,NONE DETECTED,18B8CAF1-CF77-438F-B568-0564DC4E8A3D,Yes,NO APPARENT INJURY,N/A,UNKNOWN,MD,B9A8673E-16B8-41EE-BB94-DA3107CCDE2F,SUPERFICIAL,PASSENGER CAR,ACCELERATING,39.02618333,-77.10142833,"(39.02618333, -77.10142833)"
MCP24370016,15058528,MONTGOMERY,Property Damage Crash,11/16/2015 06:15:00 PM,County,BEL PRE RD,Maryland (State),LAYHILL RD,,N/A,,SAME DIRECTION SIDESWIPE,CLEAR,DRY,DARK LIGHTS ON,TRAFFIC SIGNAL,NONE DETECTED,,D2534A7F-D582-4F05-9528-825C9EC39450,Yes,NO APPARENT INJURY,N/A,UNKNOWN,MD,1D0B480B-FD08-4FAB-A857-465C57FF6E1F,FUNCTIONAL,PASSENGER CAR,CHANGING LANES,39.090595,-77.04519667,"(39.090595, -77.04519667)"
MCP2438000V,17000253,Montgomery County Police,Property Damage Crash,01/02/2017 04:29:00 PM,,,,,PARKING LOT OF 11516 LOCKWOOD DRIVE,,,OTHER,RAINING,,DAYLIGHT,N/A,N/A,,3E534029-3BA3-42D3-AD89-3F9D3DE73E2E,Yes,NO APPARENT INJURY,"N/A, WET",UNKNOWN,MD,4503AA10-831D-4277-822A-51E81ED65728,SUPERFICIAL,PASSENGER CAR,BACKING,39.04206,-76.98479333,"(39.04206, -76.98479333)"
MCP11700011,15038300,MONTGOMERY,Property Damage Crash,08/02/2015 01:28:00 PM,County,OLD COLUMBIA PIKE,County,TECH RD,,N/A,,HEAD ON LEFT TURN,N/A,DRY,DAYLIGHT,STOP SIGN,N/A,,57F660E1-6721-4587-8D9C-24F3D7F161F6,Yes,NO APPARENT INJURY,N/A,LOOKED BUT DID NOT SEE,MD,1B69D7FA-2EBD-47E2-A0CC-D7DE10724C61,SUPERFICIAL,PASSENGER CAR,ACCELERATING,39.07833833,-76.94362333,"(39.07833833, -76.94362333)"
MCP22980097,16039515,Montgomery County Police,Property Damage Crash,08/04/2016 06:45:00 PM,,,,,DRIVE WAY OF 18176 STAGS LEAP TERR,,,OTHER,N/A,,DAYLIGHT,NO CONTROLS,NONE DETECTED,,E6120460-2EF4-4284-B27B-5F929DC75717,Yes,NO APPARENT INJURY,N/A,LOOKED BUT DID NOT SEE,MD,1DC8A9A7-5084-406A-88D3-71D645FBF406,NO DAMAGE,PASSENGER CAR,BACKING,39.15115468,-77.27484941,"(39.15115468, -77.27484941)"
MCP23940021,16005692,Montgomery County Police,Injury Crash,02/03/2016 05:56:00 PM,Maryland (State),SENECA RD,County,SPRING MEADOWS DR,,N/A,,OPPOSITE DIRECTION SIDESWIPE,FOGGY,WET,DARK LIGHTS ON,N/A,NONE DETECTED,,36CEA8C2-01F6-4E72-B363-B718C7418ABE,Yes,SUSPECTED MINOR INJURY,"V WIPERS|W OTHER ENVIRONMENTAL, WET",NOT DISTRACTED,MD,4D274DBC-60D4-4CC6-B1A2-88DBAC0B4BBB,DISABLING,PASSENGER CAR,MOVING CONSTANT SPEED,39.11620833,-77.263875,"(39.11620833, -77.263875)"
MCP26590013,16033028,Montgomery County Police,Property Damage Crash,06/30/2016 12:04:00 AM,Maryland (State),GEORGIA AVE,Maryland (State),FOREST GLEN RD,,N/A,,SAME DIR REAR END,CLEAR,DRY,DARK LIGHTS ON,TRAFFIC SIGNAL,NONE DETECTED,,3E17853C-D4AC-4D7C-BCB9-ECD15F520B93,No,NO APPARENT INJURY,N/A,NOT DISTRACTED,MD,E1EBF5C5-6E06-4F7F-896E-7F78CB0514B5,FUNCTIONAL,"OTHER LIGHT TRUCKS (10,000LBS (4,536KG) OR LESS)",STOPPED IN TRAFFIC LANE,39.015945,-77.04271333,"(39.015945, -77.04271333)"
MCP26150020,170517848,Montgomery County Police,Property Damage Crash,07/07/2017 05:27:00 PM,County,BRIGGS CHANEY RD,US (State),COLUMBIA PIKE,,N/A,,SAME DIR REAR END,CLEAR,DRY,DAYLIGHT,TRAFFIC SIGNAL,N/A,,8F816F8E-3540-45EA-A632-10F00CEAB211,No,NO APPARENT INJURY,N/A,NOT DISTRACTED,MD,BEF05E90-1DC8-45F5-95B9-5F17E98F6472,FUNCTIONAL,PASSENGER CAR,SLOWING OR STOPPING,39.08296816,-76.94803298,"(39.08296816, -76.94803298)"
MCP2866001F,15035412,MONTGOMERY,Injury Crash,07/18/2015 05:27:00 PM,Maryland (State),CONNECTICUT AVE,Municipality,RAYMOND ST,,CHEVY CHASE #3,,STRAIGHT MOVEMENT ANGLE,CLEAR,DRY,DAYLIGHT,TRAFFIC SIGNAL,NONE DETECTED,,9DE95C8C-6461-4306-AB0E-B9E1138A298E,Yes,SUSPECTED MINOR INJURY,N/A,INATTENTIVE OR LOST IN THOUGHT,MD,4D6A1BF4-9AEB-43CC-B7AB-EA2F0AFF0DE4,DISABLING,PASSENGER CAR,MOVING CONSTANT SPEED,38.97795167,-77.07715,"(38.97795167, -77.07715)"
MCP2982000V,16020518,Montgomery County Police,Injury Crash,04/26/2016 09:21:00 AM,County,SEMINARY RD,Maryland (State),FOREST GLEN RD,,N/A,,SAME DIR REAR END,CLEAR,DRY,DAYLIGHT,TRAFFIC SIGNAL,NONE DETECTED,,5A56B25C-A1B4-409D-B516-E47978E7294B,Yes,NO APPARENT INJURY,N/A,INATTENTIVE OR LOST IN THOUGHT,MD,4943939E-6817-4FA6-A9A1-D515214DB644,FUNCTIONAL,PASSENGER CAR,MOVING CONSTANT SPEED,39.01484833,-77.05493,"(39.01484833, -77.05493)"