Report Number,Local Case Number,Agency Name,ACRS Report Type,Crash Date/Time,Route Type,Road Name,Cross-Street Type,Cross-Street Name,Off-Road Description,Municipality,Related Non-Motorist,Collision Type,Weather,Surface Condition,Light,Traffic Control,Driver Substance Abuse,Non-Motorist Substance Abuse,Person ID,Driver At Fault,Injury Severity,Circumstance,Driver Distracted By,Drivers License State,Vehicle ID,Vehicle Damage Extent,Vehicle Body Type,Vehicle Movement,Latitude,Longitude,Location
MCP2963000S,16049715,Montgomery County Police,Property Damage Crash,09/27/2016 03:28:00 PM,US (State),COLESVILLE RD,County,FENTON ST,,N/A,,SAME DIRECTION SIDESWIPE,CLEAR,DRY,DAYLIGHT,N/A,NONE DETECTED,,23DA2750-5215-40C6-83AA-38464B5824E3,Yes,NO APPARENT INJURY,N/A,NOT DISTRACTED,MD,F21A1B8A-8660-4B86-9479-791020F1DD2E,FUNCTIONAL,PASSENGER CAR,ACCELERATING,38.99785167,-77.02698167,"(38.99785167, -77.02698167)"
MCP23460004,15058525,MONTGOMERY,Property Damage Crash,11/16/2015 06:30:00 PM,Maryland (State),GERMANTOWN RD,County,GOLDENROD LA,,N/A,,SAME DIR REAR END,CLEAR,DRY,DARK LIGHTS ON,TRAFFIC SIGNAL,NONE DETECTED,,9CB29672-1BBD-4277-8B46-6CF608F61700,No,NO APPARENT INJURY,N/A,NOT DISTRACTED,MD,D22B2D08-41B1-43F1-B222-9A4B441E4E8A,SUPERFICIAL,PASSENGER CAR,STOPPED IN TRAFFIC LANE,39.18821333,-77.25119667,"(39.18821333, -77.25119667)"
MCP2689001S,16017516,Montgomery County Police,Property Damage Crash,04/10/2016 01:23:00 PM,Maryland (State),NORBECK RD,Municipality,AVERY RD,,ROCKVILLE,,SAME DIR REAR END,CLEAR,DRY,DAYLIGHT,NO CONTROLS,NONE DETECTED,,FCEB6AFE-0AE7-467B-B435-FBE5A29E1043,Yes,NO APPARENT INJURY,N/A,OTHER DISTRACTION,MD,978F802D-3028-40C5-B92A-125BBAF575D3,DISABLING,PASSENGER CAR,ACCELERATING,39.09323833,-77.122,"(39.09323833, -77.122)"
MCP29510028,170515224,Montgomery County Police,Property Damage Crash,06/22/2017 06:20:00 PM,Maryland (State),LAYHILL RD,County,GLENALLAN AVE,,N/A,,SAME DIRECTION LEFT TURN,N/A,DRY,DAYLIGHT,TRAFFIC SIGNAL,NONE DETECTED,,E2CA0FA9-C85A-44BF-A1F9-C32B89600188,Yes,NO APPARENT INJURY,N/A,NOT DISTRACTED,NM,7EF2128A-4EF1-4618-BFD0-5E0BC553C327,FUNCTIONAL,PASSENGER CAR,STARTING FROM LANE,39.06354683,-77.0500415,"(39.06354683, -77.0500415)"
MCP137800BZ,16045483,Montgomery County Police,Property Damage Crash,09/06/2016 07:56:00 AM,County,GREAT SENECA HWY,Unknown,ENT TO MONTGOMERY COUNTY PUBLIC TRAINING,,N/A,,SAME DIR REAR END,CLEAR,DRY,DAYLIGHT,NO CONTROLS,NONE DETECTED,,CF347A05-C12E-48D4-B20A-798189A7DA24,Yes,NO APPARENT INJURY,N/A,NOT DISTRACTED,PA,99545C95-0812-49CF-A6CC-B92946357FFB,FUNCTIONAL,(SPORT) UTILITY VEHICLE,ACCELERATING,39.09830333,-77.20438667,"(39.09830333, -77.20438667)"
MCP2365000S,170502912,Montgomery County Police,Injury Crash,04/19/2017 07:34:00 AM,US (State),COLUMBIA PIKE,County,GREENCASTLE RD,,N/A,,SAME DIR REAR END,CLOUDY,DRY,DAWN,NO CONTROLS,NONE DETECTED,,DE1F47AB-FBD5-4D8E-972C-6C593FD4E0A0,No,POSSIBLE INJURY,N/A,NOT DISTRACTED,MD,12305278-475D-4C30-88DF-A83B3435673C,FUNCTIONAL,PASSENGER CAR,SLOWING OR STOPPING,39.09765333,-76.9369,"(39.09765333, -76.9369)"
EJ7847000R,15003594,Gaithersburg Police Depar,Injury Crash,01/22/2015 05:30:00 PM,Municipality,MONTGOMERY AVE,Maryland (State),FREDERICK RD,,N/A,,STRAIGHT MOVEMENT ANGLE,CLEAR,DRY,DUSK,NO CONTROLS,N/A,,850CCDE1-06C3-4827-AB09-DBE98386056D,Yes,POSSIBLE INJURY,N/A,UNKNOWN,MD,367C4A14-90C7-4523-B750-21F1B9B467F6,SUPERFICIAL,PASSENGER CAR,MAKING LEFT TURN,39.14585333,-77.20333333,"(39.14585333, -77.20333333)"
MCP2905001V,16036231,Montgomery County Police,Injury Crash,07/17/2016 05:08:00 PM,Maryland (State),RIVER RD,County,DEVONSHIRE DR,,N/A,,SINGLE VEHICLE,CLEAR,DRY,DAYLIGHT,NO CONTROLS,N/A,,0CEEEBE5-F05B-49CA-9020-2EFBF02ED74D,Yes,SUSPECTED MINOR INJURY,N/A,UNKNOWN,MD,7C971A8E-FAF1-4D11-9190-05E60611206B,DESTROYED,PASSENGER CAR,MOVING CONSTANT SPEED,38.97201167,-77.120425,"(38.97201167, -77.120425)"
MCP2991000M,16009802,Montgomery County Police,Injury Crash,02/27/2016 02:38:00 PM,Maryland (State),GEORGIA AVE,Maryland (State),CONNECTICUT AVE,,N/A,PEDESTRIAN,SINGLE VEHICLE,CLEAR,DRY,DAYLIGHT,NO CONTROLS,NONE DETECTED,UNKNOWN,6839DACE-773B-4941-BFEE-2D40866AE86D,Yes,NO APPARENT INJURY,N/A,LOOKED BUT DID NOT SEE,MD,8158D4D3-0001-40B5-9EC2-CB6DB2607D7A,NO DAMAGE,(SPORT) UTILITY VEHICLE,ACCELERATING,39.08438183,-77.07791626,"(39.08438183, -77.07791626)"
MCP2951001Y,16061494,Montgomery County Police,Property Damage Crash,11/30/2016 04:42:00 PM,,,,,APARTMENT PARKING LOT 3347 HEWITT AVE SILVER SPRING MG 20906,,,N/A,N/A,,DAYLIGHT,NO CONTROLS,NONE DETECTED,,AD43770A-ABF8-4947-B036-D501C762C44A,Yes,NO APPARENT INJURY,N/A,INATTENTIVE OR LOST IN THOUGHT,XX,9E25030E-660C-4585-AC82-314554F09353,SUPERFICIAL,PASSENGER CAR,PARKING,39.07976333,-77.06764167,"(39.07976333, -77.06764167)"
EJ7846001H,16042355,Gaithersburg Police Depar,Property Damage Crash,08/20/2016 09:00:00 PM,,,,,PARKING LOT OF 18 ONEILL DR.,,PEDESTRIAN,SINGLE VEHICLE,CLEAR,,DARK LIGHTS ON,NO CONTROLS,NONE DETECTED,NONE DETECTED,514668BA-FE17-42DC-8C3E-F2D9DE67321F,Yes,NO APPARENT INJURY,N/A,NOT DISTRACTED,MD,49D124FB-D0B9-436D-98AF-757C26538CCE,NO DAMAGE,PASSENGER CAR,MOVING CONSTANT SPEED,39.124215,-77.22279667,"(39.124215, -77.22279667)"
MCP25720008,170508308,Montgomery County Police,Property Damage Crash,05/17/2017 03:02:00 PM,Interstate (State),EISENHOWER MEMORIAL HWY,Ramp,RAMP 7 FR MD 118 WB TO IS 270 SB,,N/A,,SINGLE VEHICLE,CLEAR,DRY,DAYLIGHT,N/A,NONE DETECTED,,040DB4BF-33B4-4C03-BFCC-5F8DBEEDC034,Yes,NO APPARENT INJURY,N/A,LOOKED BUT DID NOT SEE,MD,8BFEA43B-E5EF-4C97-BCEB-4F0F58A6A5F3,DESTROYED,PASSENGER CAR,ACCELERATING,39.18296328,-77.25354731,"(39.18296328, -77.25354731)"
MCP2800002M,16044940,Montgomery County Police,Injury Crash,09/02/2016 05:37:00 PM,County,SEVEN LOCKS RD,Maryland (State),BRADLEY BLVD,,N/A,,SAME DIR REAR END,CLEAR,DRY,DAYLIGHT,NO CONTROLS,NONE DETECTED,,868AEFFF-F304-46FD-9112-19FA8BC33E96,Yes,NO APPARENT INJURY,N/A,LOOKED BUT DID NOT SEE,MD,996AB738-CF5B-4E72-B70D-741C2AF769E3,FUNCTIONAL,PASSENGER CAR,MOVING CONSTANT SPEED,39.01392333,-77.160735,"(39.01392333, -77.160735)"
MCP1465001Y,16004696,Montgomery County Police,Injury Crash,01/29/2016 09:00:00 AM,County,TUCKERMAN LA,County,SEVEN LOCKS RD,,N/A,,SAME DIR REAR END,CLOUDY,DRY,DAYLIGHT,TRAFFIC SIGNAL,NONE DETECTED,,B5929DF1-5286-4594-B6E7-F6E0E4659694,Yes,SUSPECTED MINOR INJURY,N/A,ADJUSTING AUDIO AND OR CLIMATE CONTROLS,MD,0AE89329-6547-40EF-9A63-1D5464705CE9,SUPERFICIAL,PASSENGER CAR,SLOWING OR STOPPING,39.041055,-77.15841333,"(39.041055, -77.15841333)"
MCP2784002F,16021695,Montgomery County Police,Property Damage Crash,05/02/2016 06:39:00 PM,County,E RANDOLPH RD,Maryland (State),NEW HAMPSHIRE AVE,,N/A,,ANGLE MEETS RIGHT TURN,CLEAR,DRY,DAYLIGHT,TRAFFIC SIGNAL,UNKNOWN,,2FFA5D8A-0DCE-41C5-B2DD-A1327ED44B1D,Yes,NO APPARENT INJURY,N/A,UNKNOWN,,8824C070-65DC-47D3-B938-3CC65C1AA693,FUNCTIONAL,PASSENGER CAR,MAKING RIGHT TURN,39.07577857,-77.00147063,"(39.07577857, -77.00147063)"
MCP26390025,170517021,Montgomery County Police,Property Damage Crash,07/02/2017 10:00:00 PM,,,,,PARKING LOT OF 11445 AMHERST AVE,,,OTHER,N/A,,DARK LIGHTS ON,NO CONTROLS,UNKNOWN,,660147D2-3E55-45FA-92DD-72F8147EC4E2,Yes,NO APPARENT INJURY,N/A,UNKNOWN,MD,821613FC-399D-47DE-8B79-5329C9910FAD,SUPERFICIAL,PASSENGER CAR,BACKING,39.04302833,-77.04775,"(39.04302833, -77.04775)"
DD5601000L,15007602,Rockville Police Departme,Injury Crash,02/15/2015 10:38:00 AM,Maryland (State),VEIRS MILL RD,Municipality,ATLANTIC AVE,,ROCKVILLE,,STRAIGHT MOVEMENT ANGLE,CLEAR,ICE,DAYLIGHT,TRAFFIC SIGNAL,N/A,,5E3A8B66-F461-421B-A161-98A6023AAA53,No,POSSIBLE INJURY,"ICY OR SNOW-COVERED, N/A",NOT DISTRACTED,MD,3D372BD5-44A3-4561-921D-A71D03F14BF5,FUNCTIONAL,PASSENGER CAR,ACCELERATING,39.07483667,-77.11605833,"(39.07483667, -77.11605833)"
MCP2771000T,17000028,Montgomery County Police,Property Damage Crash,01/01/2017 02:18:00 AM,Maryland (State),FREDERICK RD,Maryland (State),MONTGOMERY VILLAGE AVE,,N/A,,SAME DIR REAR END,CLEAR,DRY,DARK LIGHTS ON,TRAFFIC SIGNAL,ALCOHOL PRESENT,,0B111FAE-F00F-4489-891C-60D3C6769414,Yes,NO APPARENT INJURY,N/A,NOT DISTRACTED,MD,8B716A34-DEAB-4B5C-838A-4B4B29C6EEA6,DISABLING,PASSENGER CAR,MOVING CONSTANT SPEED,39.15262419,-77.21232176,"(39.15262419, -77.21232176)"
MCP2982000D,16001107,Montgomery County Police,Property Damage Crash,01/07/2016 08:39:00 AM,,,,,PARKING LOT OF 9202 PINEY BRANCH APARTMENT COMPLEX.,,,SINGLE VEHICLE,CLEAR,,DAYLIGHT,N/A,NONE DETECTED,,070F360E-B100-43BA-9BB2-1333CFF9DAF0,Yes,NO APPARENT INJURY,N/A,OTHER DISTRACTION,MD,EFB525FD-E2D5-49D0-959D-3A0DB4E8875D,FUNCTIONAL,VAN,ACCELERATING,39.00285833,-76.98775667,"(39.00285833, -76.98775667)"
MCP30820006,170524536,Montgomery County Police,Property Damage Crash,08/13/2017 06:47:00 AM,Maryland (State),GEORGIA AVE,Maryland (State),FOREST GLEN RD,,N/A,,SAME DIR REAR END,CLOUDY,DRY,DAYLIGHT,TRAFFIC SIGNAL,N/A,,4C58816A-2622-4566-B54C-C8785C0216A5,No,NO APPARENT INJURY,N/A,NOT DISTRACTED,MD,B0997D46-B05E-46B9-B628-8CD7FD880EE4,FUNCTIONAL,PASSENGER CAR,STOPPED IN TRAFFIC LANE,39.01562118,-77.04270553,"(39.01562118, -77.04270553)"
MCP137800BH,16038229,Montgomery County Police,Injury Crash,07/28/2016 03:57:00 PM,County,NEEDWOOD RD,Government,BEACH DR,,N/A,,HEAD ON,RAINING,WET,DAYLIGHT,NO CONTROLS,NONE DETECTED,,22E6CB5A-AA24-4718-B0D9-77E30F8A0A35,No,SUSPECTED MINOR INJURY,"RAIN, SNOW, WET",NOT DISTRACTED,MD,C0C267EC-5F50-4330-A715-7F8150B31EE7,DISABLING,(SPORT) UTILITY VEHICLE,SLOWING OR STOPPING,39.12852056,-77.12876558,"(39.12852056, -77.12876558)"
MCP2770000W,16001991,Montgomery County Police,Injury Crash,01/11/2016 05:49:00 PM,Other Public Roadway,RESEARCH BLVD,County,OMEGA DR,,N/A,,HEAD ON LEFT TURN,CLEAR,N/A,DUSK,TRAFFIC SIGNAL,NONE DETECTED,,A886199C-DE93-4100-9FA5-68F8AABBDE03,Yes,NO APPARENT INJURY,N/A,NOT DISTRACTED,MD,8BAA0ACF-777E-4125-A4DA-384B39C96D3F,DISABLING,PASSENGER CAR,MAKING LEFT TURN,39.107055,-77.19511833,"(39.107055, -77.19511833)"
MCP2059002B,15065235,MONTGOMERY,Injury Crash,12/21/2015 09:29:00 AM,Maryland (State),OLD GEORGETOWN RD,Ramp,RAMP 4 FR MD 187 NB TO IS 270 EB,,N/A,,SAME DIRECTION LEFT TURN,CLOUDY,DRY,DAYLIGHT,TRAFFIC SIGNAL,NONE DETECTED,,97419161-804A-4C06-9C63-05186B60756A,Yes,NO APPARENT INJURY,N/A,UNKNOWN,MD,28F32F05-8E36-48F9-9380-D7316B1E2845,DISABLING,"MEDIUM/HEAVY TRUCKS 3 AXLES (OVER 10,000LBS (4,536KG))",MOVING CONSTANT SPEED,39.030115,-77.126235,"(39.030115, -77.126235)"
MCP3035000P,17014474,Montgomery County Police,Injury Crash,03/21/2017 05:26:00 PM,County,SHADY GROVE RD,County,MIDCOUNTY HWY,,N/A,,SAME DIR REAR END,CLEAR,DRY,DAYLIGHT,TRAFFIC SIGNAL,NONE DETECTED,,9789E388-AF08-469F-8C3B-E1940E9951DA,No,POSSIBLE INJURY,N/A,NOT DISTRACTED,MD,78B798EC-B4D4-411F-AA2E-5515EFA06DD6,SUPERFICIAL,PASSENGER CAR,MAKING RIGHT TURN,39.14098895,-77.152192,"(39.14098895, -77.152192)"
DD56010022,16048726,Rockville Police Departme,Property Damage Crash,09/22/2016 12:29:00 PM,Maryland (State),W MONTGOMERY AVE,Ramp,RAMP 4 FR IS 270 NB TO MD 28 EB,,N/A,,SAME DIR REAR END,CLEAR,DRY,DAYLIGHT,TRAFFIC SIGNAL,N/A,,D765546F-CD95-436C-8551-EB173EB79DD5,Yes,NO APPARENT INJURY,N/A,INATTENTIVE OR LOST IN THOUGHT,MD,5C999516-66D5-49B0-9E87-F80735434C5B,DISABLING,PASSENGER CAR,ACCELERATING,39.08572467,-77.17070383,"(39.08572467, -77.17070383)"
MCP3008000H,16028114,Montgomery County Police,Property Damage Crash,06/05/2016 05:17:00 AM,Maryland (State),UNIVERSITY BLVD E,County,LEXINGTON DR,,N/A,,SINGLE VEHICLE,CLEAR,WET,DAWN,NO CONTROLS,NONE DETECTED,,59A083FC-1E2A-40E0-AD28-DA569B87F45A,Yes,NO APPARENT INJURY,N/A,INATTENTIVE OR LOST IN THOUGHT,MD,B6342E82-268E-4EDF-85BB-471DFE952FD8,DISABLING,PASSENGER CAR,MOVING CONSTANT SPEED,39.01949211,-77.01099381,"(39.01949211, -77.01099381)"
MCP1182001K,17002004,Montgomery County Police,Injury Crash,01/12/2017 10:32:00 AM,County,TUSCARAWAS RD,County,WALHONDING RD,,N/A,,SINGLE VEHICLE,CLEAR,WET,DAYLIGHT,NO CONTROLS,N/A,,C1FD205B-833B-4FCA-B246-EE3F3618CB2C,Yes,POSSIBLE INJURY,"ANIMAL, WET",OTHER DISTRACTION,MD,B642BC5B-B4F1-4857-8B9E-2D0153429E21,DISABLING,PASSENGER CAR,MOVING CONSTANT SPEED,38.96250667,-77.124955,"(38.96250667, -77.124955)"
MCP22280002,16046509,Montgomery County Police,Property Damage Crash,09/11/2016 02:23:00 AM,,,,,PARKING GARAGE OF 4935 ST ELMO AVENUE,,,OTHER,N/A,,DARK LIGHTS ON,N/A,ALCOHOL CONTRIBUTED,,446F3098-7B2A-476B-ADB1-0FFCB79D6659,Yes,NO APPARENT INJURY,N/A,UNKNOWN,MD,AC520115-375D-4BD8-B996-E5B0C85B0F6E,FUNCTIONAL,PASSENGER CAR,ACCELERATING,38.98816425,-77.09866583,"(38.98816425, -77.09866583)"
MCP2809001H,15003342,Montgomery County Police,Property Damage Crash,01/21/2015 08:58:00 AM,County,LOXFORD TERR,County,CHISWELL LA,,N/A,,OTHER,CLEAR,DRY,DAYLIGHT,NO CONTROLS,N/A,,5B1A6F45-440E-4247-9525-B7A050672FFE,Yes,NO APPARENT INJURY,N/A,UNKNOWN,MD,5A89B7A6-B378-41FB-9FA9-4D7D2CDBF7E1,DISABLING,PASSENGER CAR,OTHER,39.03567333,-77.01567667,"(39.03567333, -77.01567667)"
EJ78260012,16003566,Gaithersburg Police Depar,Property Damage Crash,01/20/2016 08:01:00 AM,Municipality,QUINCE ORCHARD BLVD,Municipality,RABBITT RD,,GAITHERSBURG,,OTHER,CLEAR,DRY,DARK LIGHTS ON,NO CONTROLS,N/A,,DB8BE49C-48CC-44F6-A492-1B63B386EC1F,Yes,NO APPARENT INJURY,N/A,OTHER ELECTRONIC DEVICE (NAVIGATIONAL PALM PILOT),MD,CF76F92C-0ADD-4087-9B36-E8EABE3279A8,DISABLING,PASSENGER CAR,MOVING CONSTANT SPEED,39.14136833,-77.22821833,"(39.14136833, -77.22821833)"
MCP2785001T,16038896,Montgomery County Police,Property Damage Crash,08/01/2016 01:45:00 PM,County,TECH RD,US (State),COLUMBIA PIKE,,N/A,,STRAIGHT MOVEMENT ANGLE,CLEAR,DRY,DAYLIGHT,STOP SIGN,N/A,,32678090-1351-492D-8A5D-BFAF598F5CD3,Yes,NO APPARENT INJURY,N/A,LOOKED BUT DID NOT SEE,MD,A0FF8A6D-F8A5-4B34-B6B9-801A85515AD8,DISABLING,PASSENGER CAR,STARTING FROM LANE,39.04627667,-76.990695,"(39.04627667, -76.990695)"
MCP21770023,170520374,Montgomery County Police,Property Damage Crash,07/21/2017 03:07:00 PM,Maryland (State),ROCKVILLE PIKE,Unknown,ENT TO FEDERAL PLAZA S.C.,,N/A,,HEAD ON LEFT TURN,CLOUDY,DRY,DAYLIGHT,TRAFFIC SIGNAL,NONE DETECTED,,95A82635-C855-4A4D-B206-CC784339A90D,No,NO APPARENT INJURY,N/A,NOT DISTRACTED,MD,5B17D849-1891-48A1-8452-34033FC8804B,DISABLING,PASSENGER CAR,MOVING CONSTANT SPEED,39.05721333,-77.120265,"(39.05721333, -77.120265)"
MCP2592000G,15064677,MONTGOMERY,Property Damage Crash,12/18/2015 10:54:00 AM,,,,,OUTSIDE TRAVEL LANE OF LAKEFOREST MALL PARKING LOT- 701 RUSSELL AVE,,,SAME DIRECTION SIDESWIPE,CLEAR,,DAYLIGHT,N/A,NONE DETECTED,,44D79AED-050C-4804-AB4C-E1E4D57EC67B,No,NO APPARENT INJURY,N/A,NOT DISTRACTED,MD,9E9481D4-228C-463C-9913-CA5DBDC4994C,FUNCTIONAL,PASSENGER CAR,MOVING CONSTANT SPEED,39.15487667,-77.20687833,"(39.15487667, -77.20687833)"
DD5538000Y,15050556,ROCKVILLE,Injury Crash,10/06/2015 08:00:00 AM,Maryland (State),HUNGERFORD DR,Other Public Roadway,IVY LEAGUE LA,,N/A,,SAME DIR REAR END,CLEAR,DRY,DAYLIGHT,NO CONTROLS,NONE DETECTED,,8B0590D0-7351-40F8-9936-D07045067E4F,No,NO APPARENT INJURY,N/A,NOT DISTRACTED,MD,7EA956EB-14F5-4ECF-AC59-CAC9986153F2,FUNCTIONAL,PASSENGER CAR,SLOWING OR STOPPING,39.09468833,-77.15308,"(39.09468833, -77.15308)"
MCP2047000L,16033517,Montgomery County Police,Injury Crash,07/02/2016 12:32:00 PM,County,REDLAND RD,County,NEEDWOOD RD,,N/A,,STRAIGHT MOVEMENT ANGLE,CLEAR,DRY,DAYLIGHT,TRAFFIC SIGNAL,NONE DETECTED,,26D4DBE6-658D-4A3A-A6B6-7E53220DE88F,No,POSSIBLE INJURY,N/A,NOT DISTRACTED,MD,5DA2CE5F-3FA6-41BB-A0F8-ED4498C62B15,DESTROYED,PASSENGER CAR,ACCELERATING,39.12407667,-77.15479667,"(39.12407667, -77.15479667)"
MCP1378003X,15002380,Montgomery County Police,Property Damage Crash,01/15/2015 02:26:00 PM,County,EAST VILLAGE AVE,County,CINNABAR DR,,N/A,,STRAIGHT MOVEMENT ANGLE,CLOUDY,DRY,DAYLIGHT,STOP SIGN,NONE DETECTED,,AEA43B4F-3ED8-4439-9CCF-090A5CA87F6C,Yes,NO APPARENT INJURY,N/A,NOT DISTRACTED,MD,091C164E-FDCF-4BE2-8FAD-D83195AB5FFC,FUNCTIONAL,PASSENGER CAR,ACCELERATING,39.189105,-77.158585,"(39.189105, -77.158585)"
MCP2902001D,16038854,Montgomery County Police,Property Damage Crash,08/01/2016 09:03:00 AM,County,FATHER HURLEY BLVD,Ramp,RAMP 5 FR RAMP 8 TO FATHER HURLEY BLVD,,N/A,,SAME DIR REAR END,CLEAR,DRY,DAYLIGHT,NO CONTROLS,NONE DETECTED,,23A88F73-B816-47B4-A717-E36722F3A02F,Yes,NO APPARENT INJURY,N/A,LOOKED BUT DID NOT SEE,MD,B9BAF443-E822-4426-9407-A6E77B0E69F1,DISABLING,PASSENGER CAR,ACCELERATING,39.208985,-77.24469333,"(39.208985, -77.24469333)"
MCP2656000S,15047601,MONTGOMERY,Property Damage Crash,09/19/2015 09:35:00 PM,County,GREENCASTLE RD,Unknown,PRINCE GEORGES CO/L,,N/A,,SAME DIR REAR END,CLEAR,N/A,DARK LIGHTS ON,N/A,NONE DETECTED,,F501A3C7-B267-48F0-AE34-0A0DDFEE5888,No,NO APPARENT INJURY,N/A,NOT DISTRACTED,MD,6516B1A3-9DDF-4125-AE01-9F1EF25833BE,FUNCTIONAL,PASSENGER CAR,STOPPED IN TRAFFIC LANE,39.07653667,-76.92865167,"(39.07653667, -76.92865167)"
MCP2591000P,17004365,Montgomery County Police,Property Damage Crash,01/25/2017 03:58:00 PM,County,DARNESTOWN RD,County,TRAVILLE  GATEWAY DR,,N/A,,HEAD ON LEFT TURN,CLEAR,DRY,DAYLIGHT,TRAFFIC SIGNAL,N/A,,76BA2B2D-2B59-4D59-899D-1A4B9346C6A7,Yes,NO APPARENT INJURY,N/A,NOT DISTRACTED,MD,6F303F86-07A9-46E4-85C9-65F1331C4C00,DISABLING,PASSENGER CAR,MOVING CONSTANT SPEED,39.09604833,-77.20115167,"(39.09604833, -77.20115167)"
MCP1580002P,15006895,Montgomery County Police,Injury Crash,02/11/2015 09:46:00 AM,Maryland (State),W DIAMOND AVE,County,MUDDY BRANCH RD,,N/A,,STRAIGHT MOVEMENT ANGLE,CLEAR,DRY,DAYLIGHT,TRAFFIC SIGNAL,NONE DETECTED,,2C875CAC-77FE-48B7-A66C-EA2438E3ABAD,No,POSSIBLE INJURY,N/A,NOT DISTRACTED,MD,6D1D5375-624D-4836-90C9-CE149AE45DFC,DISABLING,PASSENGER CAR,MAKING LEFT TURN,39.14017333,-77.205245,"(39.14017333, -77.205245)"
MCP3045000M,170519702,Montgomery County Police,Injury Crash,07/18/2017 08:59:00 AM,Maryland (State),EAST WEST HWY,County,GRUBB RD,,N/A,,HEAD ON LEFT TURN,CLEAR,DRY,DAYLIGHT,TRAFFIC SIGNAL,NONE DETECTED,,4EA16E61-1CA5-4402-85B5-99DA9AD839B2,No,SUSPECTED MINOR INJURY,N/A,NOT DISTRACTED,MD,8FAFFECF-B47F-414E-BA07-E85DDC693AD6,DISABLING,PASSENGER CAR,MOVING CONSTANT SPEED,38.99365333,-77.052285,"(38.99365333, -77.052285)"
MCP29790008,16004888,Montgomery County Police,Property Damage Crash,01/30/2016 07:00:00 AM,County,COACHMANS RD,County,RICHTER FARM RD,,N/A,,SINGLE VEHICLE,N/A,ICE,DAWN,NO CONTROLS,ALCOHOL PRESENT,,CE372001-E3C2-4FB0-BC8F-85139603E698,Yes,NO APPARENT INJURY,"ICY OR SNOW-COVERED, N/A",NOT DISTRACTED,MD,E95DCDC5-82B1-47C9-9285-AD1156A730D9,DISABLING,PASSENGER CAR,MOVING CONSTANT SPEED,39.15317167,-77.29095333,"(39.15317167, -77.29095333)"
DD5508000R,15005752,Rockville Police Departme,Injury Crash,02/04/2015 07:10:00 PM,Maryland (State),W MONTGOMERY AVE,Municipality,HURLEY AVE,,ROCKVILLE,,SAME DIR REAR END,CLEAR,DRY,DARK LIGHTS ON,TRAFFIC SIGNAL,NONE DETECTED,,2A099D7C-D226-46F0-94F1-6A79B027C11C,No,SUSPECTED MINOR INJURY,N/A,NOT DISTRACTED,MD,4D2038EA-E0D6-47EF-BE92-000034BE9B46,DISABLING,PASSENGER CAR,STOPPED IN TRAFFIC LANE,39.08890167,-77.17758179,"(39.08890167, -77.17758179)"
MCP2905001B,15048518,MONTGOMERY,Injury Crash,09/24/2015 06:30:00 PM,County,MACARTHUR BLVD,County,77TH ST,,N/A,,SAME DIR REAR END,CLEAR,DRY,DAYLIGHT,NO CONTROLS,NONE DETECTED,,FCECD80F-89A0-4853-86C2-FEEBBB112FCB,No,SUSPECTED MINOR INJURY,N/A,NOT DISTRACTED,MD,BE329FBD-564E-4685-B704-228AEFDCBB29,DESTROYED,PASSENGER CAR,STOPPED IN TRAFFIC LANE,38.97348667,-77.158,"(38.97348667, -77.158)"
MCP23850016,170503249,Montgomery County Police,Property Damage Crash,04/20/2017 10:28:00 PM,County,BRINK RD,County,WIGHTMAN RD,,N/A,,SINGLE VEHICLE,RAINING,WET,DARK NO LIGHTS,NO CONTROLS,ALCOHOL PRESENT,,493C0131-15C7-4D1A-BD58-2D94DE1BFFA2,Yes,NO APPARENT INJURY,"RAIN, SNOW, V WIPERS|W OTHER ENVIRONMENTAL, WET",UNKNOWN,MD,53FECB00-1C11-4DD2-B1D7-88B5D71DB136,DISABLING,PICKUP TRUCK,MOVING CONSTANT SPEED,39.20024833,-77.19622167,"(39.20024833, -77.19622167)"
MCP26760026,16058059,Montgomery County Police,Injury Crash,11/10/2016 06:19:00 PM,County,EMORY GROVE RD,County,GINGERBREAD LA,,N/A,,SINGLE VEHICLE,CLEAR,DRY,DARK LIGHTS ON,NO CONTROLS,N/A,,548D221C-C85A-49B7-9A3C-E3DF0C8D7568,No,NO APPARENT INJURY,"ANIMAL, N/A",NOT DISTRACTED,MD,4BAF19EA-D191-4688-ABAA-B363A5FA1BAD,SUPERFICIAL,TRANSIT BUS,SLOWING OR STOPPING,39.15859167,-77.18150833,"(39.15859167, -77.18150833)"
MCP1020002B,17013402,Montgomery County Police,Property Damage Crash,03/15/2017 04:25:00 PM,County,PRICES DISTILLERY RD,Unknown,FREDERICK CO/L,,N/A,,SINGLE VEHICLE,CLEAR,SNOW,DAYLIGHT,NO CONTROLS,NONE DETECTED,,05B0CAB5-8F38-41A1-AB13-B812A1C1B1F6,Yes,NO APPARENT INJURY,N/A,NOT DISTRACTED,MD,EA335744-B5EB-47EC-A2AD-67A6E9E871BC,NO DAMAGE,SCHOOL BUS,BACKING,39.29838167,-77.27658,"(39.29838167, -77.27658)"
MCP28690018,16003645,Montgomery County Police,Property Damage Crash,01/20/2016 03:45:00 PM,,,,,BUS TURNAROUND OF ARGYLE MIDDLE SCHOOL LOCATED AT 2400 BEL PRE ROAD,,,SAME DIR BOTH LEFT TURN,CLEAR,,DAYLIGHT,NO CONTROLS,NONE DETECTED,,8B0ADAC1-2608-49F4-9B3F-5E621788771B,Yes,NO APPARENT INJURY,N/A,LOOKED BUT DID NOT SEE,MD,8BE4F299-22BF-4A1B-892D-2FEE55079053,NO DAMAGE,SCHOOL BUS,MAKING LEFT TURN,39.09031939,-77.04844281,"(39.09031939, -77.04844281)"