Report Number,Local Case Number,Agency Name,ACRS Report Type,Crash Date/Time,Route Type,Road Name,Cross-Street Type,Cross-Street Name,Off-Road Description,Municipality,Related Non-Motorist,Collision Type,Weather,Surface Condition,Light,Traffic Control,Driver Substance Abuse,Non-Motorist Substance Abuse,Person ID,Driver At Fault,Injury Severity,Circumstance,Driver Distracted By,Drivers License State,Vehicle ID,Vehicle Damage Extent,Vehicle Body Type,Vehicle Movement,Latitude,Longitude,Location
MCP2878002K,17007941,Montgomery County Police,Property Damage Crash,02/13/2017 08:41:00 PM,County,RIDGE RD,County,OBSERVATION DR,,N/A,,SAME DIR REAR END,CLEAR,DRY,DARK LIGHTS ON,TRAFFIC SIGNAL,UNKNOWN,,E0AC2377-570A-4C81-B34E-7392FC011B1E,Yes,NO APPARENT INJURY,N/A,NOT DISTRACTED,MD,0651BAC1-8FEB-40D5-9624-AF89F80E69BD,FUNCTIONAL,PASSENGER CAR,MOVING CONSTANT SPEED,39.20171293,-77.25348964,"(39.20171293, -77.25348964)"
MCP2733000X,170517521,Montgomery County Police,Property Damage Crash,07/05/2017 09:15:00 PM,Maryland (State),ROCKVILLE PIKE,County,OLD GEORGETOWN RD,,N/A,,HEAD ON LEFT TURN,RAINING,WET,DARK LIGHTS ON,TRAFFIC SIGNAL,NONE DETECTED,,764FB3C0-BA15-470D-8018-7FF137691884,No,NO APPARENT INJURY,"N/A, WET",NOT DISTRACTED,MD,6B01DBFD-33C5-451E-9679-3E0B76BD81C9,SUPERFICIAL,PASSENGER CAR,MOVING CONSTANT SPEED,39.04955333,-77.11380667,"(39.04955333, -77.11380667)"
MCP2565003R,17004964,Montgomery County Police,Injury Crash,01/28/2017 06:06:00 PM,County,DEMOCRACY BLVD,Unknown,BEGIN BRIDGE,,N/A,,SAME DIR REAR END,N/A,DRY,DARK LIGHTS ON,TRAFFIC SIGNAL,NONE DETECTED,,0DE23CD9-5F90-445F-A11A-3DB5944D6D63,Yes,NO APPARENT INJURY,N/A,NOT DISTRACTED,MD,134F4514-ED16-4073-8080-5932E8D73CA6,SUPERFICIAL,PASSENGER CAR,SLOWING OR STOPPING,39.021605,-77.14082667,"(39.021605, -77.14082667)"
MCP26330017,16058863,Montgomery County Police,Property Damage Crash,11/15/2016 03:25:00 PM,County,GOSHEN RD,County,EMORY GROVE RD,,N/A,,SAME DIR REAR END,CLEAR,DRY,DAYLIGHT,TRAFFIC SIGNAL,N/A,,8F485013-4A52-4DFC-8A5D-D07B7AAD3DDF,No,NO APPARENT INJURY,N/A,UNKNOWN,MD,E6693F39-16AD-4B81-99E1-B0A5C4D6276F,DISABLING,PASSENGER CAR,STARTING FROM LANE,39.15969167,-77.19199667,"(39.15969167, -77.19199667)"
MCP15950004,15008829,Montgomery County Police,Property Damage Crash,02/24/2015 02:50:00 AM,Maryland (State),GEORGIA AVE,County,PRICE AVE,,N/A,,STRAIGHT MOVEMENT ANGLE,CLEAR,DRY,DARK LIGHTS ON,STOP SIGN,UNKNOWN,,41252171-2393-4FBC-A08F-84747F115C72,Yes,NO APPARENT INJURY,N/A,UNKNOWN,US,255D39B4-19C5-440E-A862-F9A806647057,DISABLING,PASSENGER CAR,MOVING CONSTANT SPEED,39.04032333,-77.051055,"(39.04032333, -77.051055)"
MCP2531000M,16050481,Montgomery County Police,Injury Crash,10/01/2016 04:17:00 PM,County,SHADY GROVE RD,Maryland (State),W MONTGOMERY AVE,,N/A,,STRAIGHT MOVEMENT ANGLE,RAINING,WET,DAYLIGHT,TRAFFIC SIGNAL,N/A,,D8E06D8B-804C-4544-A596-0A121C744AA0,No,POSSIBLE INJURY,"RAIN, SNOW, WET",NOT DISTRACTED,MD,5AAF4BA7-607E-401B-BA13-4902F460DB3B,DISABLING,PASSENGER CAR,MOVING CONSTANT SPEED,39.10326,-77.19090833,"(39.10326, -77.19090833)"
MCP2776001Z,170526728,Montgomery County Police,Property Damage Crash,08/25/2017 03:02:00 AM,County,GOOD HOPE RD,Other Public Roadway,UPLAND DR,,N/A,,SINGLE VEHICLE,RAINING,WET,DARK NO LIGHTS,NO CONTROLS,ALCOHOL CONTRIBUTED,,2C2608BC-4361-4DC4-A476-CF93461C2C5C,Yes,NO APPARENT INJURY,"N/A, WET",NOT DISTRACTED,MD,A6D5A7E8-1109-476D-B2CF-3AB111D38014,SUPERFICIAL,PASSENGER CAR,BACKING,39.1358,-77.144245,"(39.1358, -77.144245)"
MCP1202000W,15055405,MONTGOMERY,Property Damage Crash,10/31/2015 01:47:00 PM,Maryland (State),RIVER RD,Maryland (State),WILSON LA,,N/A,,SAME DIR REAR END,CLEAR,DRY,DAYLIGHT,TRAFFIC SIGNAL,NONE DETECTED,,6A8B4843-FFA4-4EC8-9C83-EA7D9B63A661,Yes,NO APPARENT INJURY,N/A,NOT DISTRACTED,MD,6898C31A-63B2-4007-8717-2BFDE5141D3F,DISABLING,PASSENGER CAR,SLOWING OR STOPPING,38.98401667,-77.13678833,"(38.98401667, -77.13678833)"
DD56150036,170504915,Rockville Police Departme,Property Damage Crash,04/29/2017 10:31:00 AM,County,E GUDE DR,County,DOVER RD,,N/A,,SINGLE VEHICLE,RAINING,WET,DAYLIGHT,NO CONTROLS,NONE DETECTED,,E49EB199-D72C-4A03-8E45-6D9A02901B3D,Yes,NO APPARENT INJURY,"RAIN, SNOW, WET",NOT DISTRACTED,MD,54645A3C-AA7E-4DA8-8ED1-627ECA6BC61D,DISABLING,MOTORCYCLE,MOVING CONSTANT SPEED,39.10182167,-77.14170333,"(39.10182167, -77.14170333)"
MCP2608001V,17001033,Montgomery County Police,Property Damage Crash,01/06/2017 06:07:00 PM,US (State),COLESVILLE RD,County,DALE DR,,N/A,,SAME DIRECTION SIDESWIPE,CLEAR,DRY,DARK LIGHTS ON,TRAFFIC SIGNAL,N/A,,06652BAC-8055-4B3D-8DDC-1A9CA7C8B629,Yes,NO APPARENT INJURY,N/A,NOT DISTRACTED,,889EAA57-0CB8-4979-A31A-56B9E397B2F4,N/A,PICKUP TRUCK,MOVING CONSTANT SPEED,39.00523267,-77.02288002,"(39.00523267, -77.02288002)"
MCP21900003,15055241,MONTGOMERY,Property Damage Crash,10/30/2015 05:58:00 PM,,,,,4099 ASPEN HILL ROAD AT NORTHGATE SHOPPING CENTER,,,SAME DIRECTION RIGHT TURN,CLEAR,,DAYLIGHT,NO CONTROLS,NONE DETECTED,,A072B7EF-622B-4ABD-B055-1AFE733E9F46,No,NO APPARENT INJURY,N/A,NOT DISTRACTED,MD,3244BCB4-53FB-4631-BF8A-0AE9E1681213,DISABLING,PASSENGER CAR,MAKING RIGHT TURN,39.082805,-77.07701833,"(39.082805, -77.07701833)"
MCP2952003Y,170517804,Montgomery County Police,Injury Crash,07/07/2017 01:06:00 PM,Maryland (State),GEORGIA AVE,County,SPRING ST,,N/A,,SAME DIR REAR END,CLEAR,DRY,DAYLIGHT,NO CONTROLS,NONE DETECTED,,EC6B1886-AFA2-49BD-98B5-D99731AAEAAA,Yes,NO APPARENT INJURY,N/A,UNKNOWN,MD,750EA906-4B7B-4694-9178-0F193E398D26,FUNCTIONAL,PICKUP TRUCK,CHANGING LANES,38.99989333,-77.03242,"(38.99989333, -77.03242)"
MCP1378008V,15060297,MONTGOMERY,Injury Crash,11/25/2015 02:02:00 PM,Maryland (State),WOODFIELD RD,Unknown,ENT TO SHOPPING CENTER,,N/A,,SAME DIR REAR END,CLEAR,DRY,DAYLIGHT,NO CONTROLS,NONE DETECTED,,2EDD0D42-9886-4981-BFD0-98953074B834,No,SUSPECTED SERIOUS INJURY,N/A,NOT DISTRACTED,MD,047ABB7C-4B03-4B13-811B-B7F197EAB037,FUNCTIONAL,PASSENGER CAR,STOPPED IN TRAFFIC LANE,39.15544976,-77.16717213,"(39.15544976, -77.16717213)"
DD5508003X,170526267,Rockville Police Departme,Property Damage Crash,08/22/2017 05:56:00 PM,Maryland (State),NORBECK RD,Municipality,AVERY RD,,ROCKVILLE,,SAME DIRECTION SIDESWIPE,CLEAR,DRY,DAYLIGHT,TRAFFIC SIGNAL,NONE DETECTED,,D9F1D937-9AA7-4C3C-BE46-3AFB03F057B3,Yes,NO APPARENT INJURY,N/A,UNKNOWN,MD,DFE36245-5115-457E-86CF-59E7BE93CF54,DISABLING,MOTORCYCLE,SLOWING OR STOPPING,39.09289167,-77.122685,"(39.09289167, -77.122685)"
MCP1151006Q,170523941,Montgomery County Police,Injury Crash,08/09/2017 06:00:00 PM,Maryland (State),CLARKSBURG RD,Ramp,RAMP 3 FR MD 121 EB TO IS 270 NB,,N/A,,HEAD ON LEFT TURN,CLEAR,DRY,DAYLIGHT,TRAFFIC SIGNAL,NONE DETECTED,,095BD54E-EA17-4AF8-A731-C3C3213DA3C4,No,NO APPARENT INJURY,N/A,NOT DISTRACTED,NV,22A7AF59-201C-4C1B-B859-C91C47399283,DISABLING,PASSENGER CAR,MOVING CONSTANT SPEED,39.23257667,-77.283985,"(39.23257667, -77.283985)"
MCP2900001D,15066648,Montgomery County Police,Property Damage Crash,12/28/2015 10:52:00 PM,County,SAM EIG HWY,County,FIELDS RD,,N/A,,SAME DIR REAR END,RAINING,WET,DARK LIGHTS ON,TRAFFIC SIGNAL,NONE DETECTED,,45965DCC-F2CC-491D-9C28-6354242D5E24,No,NO APPARENT INJURY,"RAIN, SNOW, WET",NOT DISTRACTED,MD,91EF88FB-734B-4A93-984D-869F464D58FA,SUPERFICIAL,PASSENGER CAR,STOPPED IN TRAFFIC LANE,39.11665667,-77.207815,"(39.11665667, -77.207815)"
MCP25880010,15046304,MONTGOMERY,Injury Crash,09/15/2015 11:17:00 AM,Maryland (State),GEORGIA AVE,County,RALPH RD,,N/A,,STRAIGHT MOVEMENT ANGLE,CLEAR,DRY,DAYLIGHT,NO CONTROLS,NONE DETECTED,,F4A5EF03-F1EF-4EBF-88E0-1C5AA20473CC,No,SUSPECTED MINOR INJURY,N/A,NOT DISTRACTED,MD,62A41B77-1DBE-482A-91B3-B785FE81D574,DISABLING,(SPORT) UTILITY VEHICLE,MOVING CONSTANT SPEED,39.07847833,-77.072285,"(39.07847833, -77.072285)"
MCP1580004P,15057327,MONTGOMERY,Injury Crash,11/10/2015 01:21:00 PM,Interstate (State),EISENHOWER MEMORIAL HWY,Ramp,RAMP 2 FR IS 370 WB TO IS 270 NB,,N/A,,SAME DIRECTION LEFT TURN,RAINING,WET,DAYLIGHT,NO CONTROLS,NONE DETECTED,,4E81D2DF-3BDE-400B-A65E-FA2DBDAB1AB5,No,POSSIBLE INJURY,"N/A, WET",UNKNOWN,MD,4513CD13-1E1C-4946-8BB5-582F7C19CBC1,SUPERFICIAL,PASSENGER CAR,MOVING CONSTANT SPEED,39.14964833,-77.23455333,"(39.14964833, -77.23455333)"
MCP2684000T,16026006,Montgomery County Police,Property Damage Crash,05/25/2016 02:50:00 PM,County,CRYSTAL ROCK DR,County,CENTURY BLVD,,N/A,,SAME DIR REAR END,N/A,DRY,DAYLIGHT,TRAFFIC SIGNAL,NONE DETECTED,,08D9370B-39EA-4050-B661-99C925F07A8D,No,NO APPARENT INJURY,N/A,NOT DISTRACTED,MD,2267B7B4-6A4F-48F5-A4A8-8D5C138501A5,SUPERFICIAL,POLICE VEHICLE/NON EMERGENCY,STOPPED IN TRAFFIC LANE,39.18294665,-77.26360559,"(39.18294665, -77.26360559)"
MCP2087001T,170523877,Montgomery County Police,Property Damage Crash,08/09/2017 12:43:00 PM,Maryland (State),GEORGIA AVE,County,EMORY LA,,N/A,,SAME DIR REAR END,CLEAR,DRY,DAYLIGHT,TRAFFIC SIGNAL,NONE DETECTED,,5492E086-33A4-4F86-9884-84B7C48F9ED7,No,NO APPARENT INJURY,N/A,NOT DISTRACTED,MD,1C4C15A2-9BD4-44D4-96F3-5EBE71C8F51C,SUPERFICIAL,POLICE VEHICLE/NON EMERGENCY,STOPPED IN TRAFFIC LANE,39.12656,-77.07234333,"(39.12656, -77.07234333)"
EJ78370015,16044568,Gaithersburg Police Depar,Property Damage Crash,09/01/2016 07:05:00 AM,Maryland (State),CLOPPER RD,Municipality,LONGDRAFT RD,,GAITHERSBURG,,SAME DIR REAR END,RAINING,WET,DAYLIGHT,N/A,N/A,,96FCB5D9-C62D-4DE9-8012-3B41360020D3,Yes,NO APPARENT INJURY,"RAIN, SNOW, WET",NOT DISTRACTED,MD,34FCBE26-03AC-446D-9B7A-36535C7C6030,DISABLING,PASSENGER CAR,MOVING CONSTANT SPEED,39.14815,-77.23699667,"(39.14815, -77.23699667)"
MCP2827002G,16064622,Montgomery County Police,Property Damage Crash,12/16/2016 10:19:00 PM,,,,,PARKING LOT OF 12331 GEORGIA AVE SILVER SPRING MD 20902,,,OPPOSITE DIRECTION SIDESWIPE,CLEAR,,DARK LIGHTS ON,NO CONTROLS,NONE DETECTED,,B20A2DEF-1D7D-40DE-95D2-969D377B02A4,No,NO APPARENT INJURY,N/A,NOT DISTRACTED,MD,B29DA066-C500-46A6-BFC1-A3216849C21F,SUPERFICIAL,PASSENGER CAR,SLOWING OR STOPPING,39.06665833,-77.02952667,"(39.06665833, -77.02952667)"
DD55950031,16046857,Rockville Police Departme,Property Damage Crash,09/13/2016 07:32:00 AM,Maryland (State),E JEFFERSON ST,Municipality,MARYLAND AVE,,ROCKVILLE,,SAME DIR REAR END,CLEAR,DRY,DAYLIGHT,TRAFFIC SIGNAL,NONE DETECTED,,97ADC7C3-90D8-43C1-AC43-1ABB7A0CE595,Yes,NO APPARENT INJURY,N/A,NOT DISTRACTED,MD,C69D789F-8881-470B-8C45-0CF23F20A51D,DISABLING,PASSENGER CAR,SLOWING OR STOPPING,39.08271103,-77.15112448,"(39.08271103, -77.15112448)"
MCP2094007L,16061369,Montgomery County Police,Injury Crash,11/30/2016 05:52:00 AM,Interstate (State),CAPITAL BELTWAY,Unknown,IS 270 SB/L,,N/A,,OTHER,RAINING,WET,DARK NO LIGHTS,NO CONTROLS,NONE DETECTED,,BA59FAA5-08D7-48CC-80E6-8361A85DD3F9,Yes,NO APPARENT INJURY,"RAIN, SNOW, WET",NOT DISTRACTED,MD,47C2C76A-388A-4079-99D9-A962AB565A85,FUNCTIONAL,PASSENGER CAR,MOVING CONSTANT SPEED,39.01944667,-77.10578167,"(39.01944667, -77.10578167)"
MCP25980012,16054477,Montgomery County Police,Property Damage Crash,10/22/2016 09:08:00 PM,County,MANSFIELD RD,County,WAYNE AVE,,N/A,,HEAD ON,CLEAR,DRY,DARK NO LIGHTS,NO CONTROLS,NONE DETECTED,,DE687C52-552B-4F2A-9C10-630BDBB0B92B,Yes,NO APPARENT INJURY,N/A,NOT DISTRACTED,MD,B290DC68-8295-47B4-BFB3-F8A130025679,SUPERFICIAL,POLICE VEHICLE/NON EMERGENCY,STARTING FROM PARKED,38.99872,-77.01338333,"(38.99872, -77.01338333)"
MCP25490052,16040120,Montgomery County Police,Injury Crash,08/08/2016 08:18:00 AM,Maryland (State),RIVER RD,Maryland (State),GOLDSBORO RD,,N/A,,SAME DIR REAR END,CLEAR,DRY,DAYLIGHT,TRAFFIC SIGNAL,ILLEGAL DRUG CONTRIBUTED,,6BE73802-2BD3-4DDD-A1F8-13DDD3D1830E,Yes,NO APPARENT INJURY,N/A,NOT DISTRACTED,MD,655D1B6F-695E-465F-ACD3-9EF23482D4EC,DESTROYED,(SPORT) UTILITY VEHICLE,MOVING CONSTANT SPEED,38.97414833,-77.12378833,"(38.97414833, -77.12378833)"
MCP2859001H,15052693,MONTGOMERY,Property Damage Crash,10/17/2015 08:43:00 AM,County,SAM EIG HWY,Ramp,RAMP 6 FR SAM EIG HWY TO WASH. BLVD,,N/A,,SINGLE VEHICLE,N/A,DRY,DAYLIGHT,TRAFFIC SIGNAL,NONE DETECTED,,CEC082F7-3D67-49B8-91D7-9A2E6E0B525C,No,NO APPARENT INJURY,N/A,UNKNOWN,MD,07B752CA-04A7-4FC7-BA6D-3A11C5344CA5,DISABLING,PASSENGER CAR,MAKING RIGHT TURN,39.11695667,-77.20736167,"(39.11695667, -77.20736167)"
MCP2541000L,16051920,Montgomery County Police,Property Damage Crash,10/10/2016 01:22:00 PM,County,INWOOD AVE,Maryland (State),UNIVERSITY BLVD W,,N/A,,HEAD ON LEFT TURN,N/A,DRY,DAYLIGHT,TRAFFIC SIGNAL,NONE DETECTED,,00343DFD-32B4-4FFD-A4FC-AF4B862D1B5C,Yes,NO APPARENT INJURY,N/A,LOOKED BUT DID NOT SEE,MD,D0B1C3CA-302B-49DB-8A20-4B88722EFDA2,DISABLING,PASSENGER CAR,MAKING LEFT TURN,39.03610667,-77.03680667,"(39.03610667, -77.03680667)"
MCP25070014,16009325,Montgomery County Police,Property Damage Crash,02/24/2016 09:40:00 PM,County,BROADBIRCH DR,County,CHERRY HILL RD,,N/A,,SAME DIR REAR END,CLOUDY,WET,DARK LIGHTS ON,TRAFFIC SIGNAL,N/A,,0D3E7340-AE08-4651-B00B-62DB2CBD79D7,No,NO APPARENT INJURY,"N/A, WET",NOT DISTRACTED,MD,8F63E477-F29F-4863-BB47-88A2CF6FD032,FUNCTIONAL,PASSENGER CAR,STOPPED IN TRAFFIC LANE,39.0561258,-76.95437908,"(39.0561258, -76.95437908)"
MCP3029000B,17009813,Montgomery County Police,Property Damage Crash,02/23/2017 04:06:00 PM,County,HENDERSON AVE,County,GRANDVIEW AVE,,N/A,,STRAIGHT MOVEMENT ANGLE,CLEAR,DRY,DAYLIGHT,STOP SIGN,NONE DETECTED,,F3C0B3D2-CC86-4704-8D0C-DB2F10FAC32B,Yes,NO APPARENT INJURY,N/A,LOOKED BUT DID NOT SEE,MD,E64DE5F4-015D-4FA6-8DCA-131DD399A1FF,SUPERFICIAL,FIRE VEHICLE/NON EMERGENCY,STARTING FROM LANE,39.05097273,-77.05271423,"(39.05097273, -77.05271423)"
MCP26510014,170509497,Montgomery County Police,Property Damage Crash,05/22/2017 07:55:00 PM,Maryland (State),INTERCOUNTY CONNECTOR,Unknown,EXIT #13,,N/A,,SINGLE VEHICLE,CLEAR,DRY,DAYLIGHT,N/A,N/A,,5E31A479-316D-4986-B918-B344ACEDE86C,Yes,NO APPARENT INJURY,N/A,LOOKED BUT DID NOT SEE,MD,8AFB1F81-EF4E-40CD-A680-F7B8E4FD5EF2,FUNCTIONAL,POLICE VEHICLE/NON EMERGENCY,SLOWING OR STOPPING,39.08796067,-77.00471878,"(39.08796067, -77.00471878)"
MCP1433000C,15037933,MONTGOMERY,Injury Crash,07/31/2015 04:33:00 PM,County,E GUDE DR,Unknown,CALHOUN DR,,N/A,,SAME DIR REAR END,CLEAR,DRY,DAYLIGHT,TRAFFIC SIGNAL,NONE DETECTED,,C8D7C3D4-B907-4AA1-B158-A4629A8C9665,No,NO APPARENT INJURY,N/A,NOT DISTRACTED,MD,9EE3F409-A1C1-477B-A255-ED2727C0AB3E,FUNCTIONAL,PASSENGER CAR,SLOWING OR STOPPING,39.106425,-77.150305,"(39.106425, -77.150305)"
MCP28670047,170515671,Montgomery County Police,Injury Crash,06/25/2017 10:53:00 AM,Maryland (State),NEW HAMPSHIRE AVE,County,DILSTON RD,,N/A,,HEAD ON LEFT TURN,CLEAR,DRY,DAYLIGHT,TRAFFIC SIGNAL,NONE DETECTED,,42221CA7-65BB-4C91-83E3-A3F6D18E8B38,Yes,SUSPECTED MINOR INJURY,N/A,UNKNOWN,MD,B2B366D2-538E-4E6F-9D39-F12EDFADF43C,DISABLING,PASSENGER CAR,MAKING LEFT TURN,39.011155,-76.97906667,"(39.011155, -76.97906667)"
MCP2875001X,16022281,Montgomery County Police,Property Damage Crash,05/05/2016 05:35:00 PM,County,MIDDLEBROOK RD,County,FATHER HURLEY BLVD,,N/A,,SAME DIR REAR END,CLOUDY,DRY,DAYLIGHT,YIELD SIGN,NONE DETECTED,,02C445D6-8B54-4C21-BFE2-2535A1D319EF,No,NO APPARENT INJURY,N/A,NOT DISTRACTED,MD,32316ADE-7583-48A0-9A3B-8F2A264BE83B,SUPERFICIAL,PASSENGER CAR,STOPPED IN TRAFFIC LANE,39.18416913,-77.27330446,"(39.18416913, -77.27330446)"
DD55130002,15009220,Rockville Police Departme,Property Damage Crash,02/26/2015 09:41:00 AM,,,,,parking lot behind 15001 shady grove rd,,,OTHER,CLOUDY,,DAYLIGHT,N/A,ALCOHOL PRESENT,,FE2F0531-52B2-40FD-A3FA-8B4A88BD9E83,Yes,NO APPARENT INJURY,N/A,NOT DISTRACTED,MD,3C16C333-0FDE-435E-90A0-8DD8ACBDE1F8,SUPERFICIAL,PASSENGER CAR,SLOWING OR STOPPING,39.10156833,-77.18941667,"(39.10156833, -77.18941667)"
MCP1566000G,16043055,Montgomery County Police,Injury Crash,08/24/2016 03:40:00 PM,Maryland (State),DARNESTOWN RD,County,WHITE GROUNDS RD,,N/A,,SINGLE VEHICLE,CLEAR,DRY,DAYLIGHT,NO CONTROLS,UNKNOWN,,47CA213D-100C-4ACE-9E5B-673E4A1C3BD3,Yes,SUSPECTED MINOR INJURY,N/A,NOT DISTRACTED,MD,F371104A-A5FF-4B14-A483-7F70E01B0B2A,DESTROYED,PASSENGER CAR,CHANGING LANES,39.13693431,-77.35477924,"(39.13693431, -77.35477924)"
DD5621001D,170526155,Rockville Police Departme,Injury Crash,08/22/2017 07:26:00 AM,Interstate (State),EISENHOWER MEMORIAL HWY,Ramp,RAMP 8 FR IS 270 SB TO MD 189 WB,,N/A,,SAME DIR REAR END,CLEAR,DRY,DAYLIGHT,NO CONTROLS,NONE DETECTED,,7B949404-4C14-40FF-93E0-ACD3B47566F6,No,SUSPECTED SERIOUS INJURY,N/A,UNKNOWN,MD,6930C08E-F5DA-44E9-A595-0035365D1070,DISABLING,MOTORCYCLE,STARTING FROM LANE,39.07641683,-77.16767633,"(39.07641683, -77.16767633)"
MCP27650030,16050790,Montgomery County Police,Injury Crash,10/03/2016 04:10:00 PM,County,SHADY GROVE RD,Ramp,RAMP 5 FR IS 270 SB TO SHADY GROVE RD,,N/A,,HEAD ON LEFT TURN,CLEAR,DRY,DAYLIGHT,TRAFFIC SIGNAL,NONE DETECTED,,DD4792A0-6936-4D3E-BEA4-6F9CC05ADF1C,Yes,POSSIBLE INJURY,N/A,UNKNOWN,MD,97089D35-120F-4E4A-B101-F831C0C82154,DISABLING,PASSENGER CAR,MAKING LEFT TURN,39.1094,-77.18825167,"(39.1094, -77.18825167)"
MCP2594001G,16023316,Montgomery County Police,Injury Crash,05/11/2016 07:41:00 AM,County,BOWIE MILL RD,County,DALY MANOR PL,,N/A,,SAME DIR REAR END,CLOUDY,DRY,DAYLIGHT,NO CONTROLS,NONE DETECTED,,3A454FA8-082B-4D5D-876B-D729A93F2249,No,SUSPECTED MINOR INJURY,N/A,NOT DISTRACTED,MD,8AE6C7CE-DD21-4AE0-877F-2599C396F412,DISABLING,PASSENGER CAR,SLOWING OR STOPPING,39.15781,-77.08752333,"(39.15781, -77.08752333)"
MCP2891002P,16042267,Montgomery County Police,Injury Crash,08/21/2016 10:00:00 AM,County,WAYNE AVE,Government,SLIGO CREEK PKWY,,N/A,BICYCLIST,SINGLE VEHICLE,CLEAR,DRY,DAYLIGHT,TRAFFIC SIGNAL,NONE DETECTED,NONE DETECTED,4EF26B54-A2A4-484B-900A-A3493D963F8F,Yes,NO APPARENT INJURY,N/A,NOT DISTRACTED,MD,AFD9E6F6-132E-4948-931F-09B17881887F,SUPERFICIAL,PASSENGER CAR,MAKING LEFT TURN,38.99967254,-77.01058879,"(38.99967254, -77.01058879)"
MCP28440011,15040044,MONTGOMERY,Property Damage Crash,08/11/2015 06:41:00 PM,Maryland (State),UNIVERSITY BLVD W,County,ELKIN ST,,N/A,,ANGLE MEETS RIGHT TURN,CLEAR,DRY,DAYLIGHT,STOP SIGN,NONE DETECTED,,B5DA9B29-20B1-4FC7-A6B7-DF49DA149584,Yes,NO APPARENT INJURY,N/A,LOOKED BUT DID NOT SEE,MD,96746CC6-42C7-43AA-8742-5B4AA62DA162,DISABLING,PASSENGER CAR,MAKING RIGHT TURN,39.04164459,-77.05032706,"(39.04164459, -77.05032706)"
MCP07040015,170525193,Montgomery County Police,Property Damage Crash,08/16/2017 05:29:00 PM,Maryland (State),WISCONSIN AVE,County,HAMPDEN LA,,N/A,,SAME DIR REND RIGHT TURN,CLEAR,DRY,DAYLIGHT,NO CONTROLS,NONE DETECTED,,B0790BE5-C819-4C75-9784-74767617F368,No,NO APPARENT INJURY,N/A,NOT DISTRACTED,MD,AE814E71-E834-4C66-ABBE-85D5DD4FCB79,FUNCTIONAL,PASSENGER CAR,STOPPED IN TRAFFIC LANE,38.982975,-77.09398167,"(38.982975, -77.09398167)"
MCP2385000R,16022921,Montgomery County Police,Injury Crash,05/09/2016 02:06:00 AM,County,BETHESDA CHURCH RD,Unknown,BRIGADIER PL,,N/A,,SAME DIR REAR END,CLEAR,DRY,DARK LIGHTS ON,NO CONTROLS,ALCOHOL CONTRIBUTED,,3810AC22-7988-4792-927B-C5559D074739,Yes,POSSIBLE INJURY,N/A,UNKNOWN,MD,85AC92CC-854F-465C-9514-BE94CFB284E4,DESTROYED,PASSENGER CAR,MOVING CONSTANT SPEED,39.28238833,-77.20563833,"(39.28238833, -77.20563833)"
MCP26640028,16036941,Montgomery County Police,Injury Crash,07/21/2016 02:26:00 PM,Maryland (State),UNIVERSITY BLVD W,Maryland (State),VEIRS MILL RD,,N/A,,SAME DIRECTION SIDESWIPE,CLEAR,DRY,DAYLIGHT,TRAFFIC SIGNAL,NONE DETECTED,,6ED4989E-7C30-4EED-A847-11148C28D0C4,No,NO APPARENT INJURY,N/A,UNKNOWN,MD,5ECAED9C-077C-413F-AA5B-684EE2FC59D3,DISABLING,PASSENGER CAR,ACCELERATING,39.039665,-77.05586333,"(39.039665, -77.05586333)"
MCP2824001D,15042666,MONTGOMERY,Injury Crash,08/25/2015 06:24:00 PM,County,TRAVILAH RD,County,POTOMAC EDGE WAY,,N/A,,ANGLE MEETS LEFT TURN,N/A,DRY,DAYLIGHT,STOP SIGN,N/A,,EA807CB2-D077-4A87-9C01-D7BE02014A56,Yes,NO APPARENT INJURY,N/A,NOT DISTRACTED,MD,7297B5B6-BE3D-48AD-A282-0DB117F5C352,SUPERFICIAL,PASSENGER CAR,MAKING LEFT TURN,39.08502333,-77.224675,"(39.08502333, -77.224675)"
MCP28980025,170502815,Montgomery County Police,Property Damage Crash,04/18/2017 04:19:00 PM,County,BLUNT RD,County,SCENERY DR,,N/A,,SAME DIR REAR END,CLEAR,DRY,DAYLIGHT,STOP SIGN,N/A,,4FF50E1F-F447-41C4-BFFC-262371DDFFEA,No,NO APPARENT INJURY,N/A,NOT DISTRACTED,MD,041F69A1-759C-4931-B87F-62317002981B,FUNCTIONAL,SCHOOL BUS,SLOWING OR STOPPING,39.18461,-77.23204667,"(39.18461, -77.23204667)"
MCP2971001F,16029240,Montgomery County Police,Property Damage Crash,06/10/2016 04:30:00 PM,County,PLUM ORCHARD DR,County,CHERRY HILL RD,,N/A,,SAME DIRECTION RIGHT TURN,CLEAR,DRY,DAYLIGHT,NO CONTROLS,NONE DETECTED,,591B0DFC-6A8E-435F-856A-284A32ED2C05,No,NO APPARENT INJURY,N/A,NOT DISTRACTED,MD,E7DB86FD-3F17-4EA5-BFAC-3E2E6E735935,SUPERFICIAL,"CARGO VAN/LIGHT TRUCK 2 AXLES (OVER 10,000LBS (4,536 KG))",MAKING RIGHT TURN,39.05072381,-76.95600048,"(39.05072381, -76.95600048)"