Report Number,Local Case Number,Agency Name,ACRS Report Type,Crash Date/Time,Route Type,Road Name,Cross-Street Type,Cross-Street Name,Off-Road Description,Municipality,Related Non-Motorist,Collision Type,Weather,Surface Condition,Light,Traffic Control,Driver Substance Abuse,Non-Motorist Substance Abuse,Person ID,Driver At Fault,Injury Severity,Circumstance,Driver Distracted By,Drivers License State,Vehicle ID,Vehicle Damage Extent,Vehicle Body Type,Vehicle Movement,Latitude,Longitude,Location
MCP0973000G,16055785,Montgomery County Police,Property Damage Crash,10/29/2016 05:05:00 PM,,,,,"PARKING LOT, 7820 WISCONSIN AVE, BETHESDA, MD 20814",,,OTHER,CLEAR,,DAYLIGHT,NO CONTROLS,NONE DETECTED,,2107CD83-47BE-4BF8-9C0C-5CD8D55F2226,Yes,NO APPARENT INJURY,N/A,NOT DISTRACTED,MD,5986674F-D25D-4CCB-B7AE-77F6E79DD591,NO DAMAGE,PASSENGER CAR,PARKING,38.988655,-77.09550667,"(38.988655, -77.09550667)"
MCP06860003,17014791,Montgomery County Police,Injury Crash,03/23/2017 08:32:00 AM,Maryland (State),GERMANTOWN RD,County,BOWMAN MILL RD,,N/A,PEDESTRIAN,SINGLE VEHICLE,CLEAR,DRY,DAYLIGHT,N/A,NONE DETECTED,NONE DETECTED,8BD2D6F7-EB2D-4C34-A567-24EC9F901A0D,Yes,NO APPARENT INJURY,N/A,LOOKED BUT DID NOT SEE,MD,8781EAA0-37B4-4338-AEA6-4717F68CBCFD,NO DAMAGE,PASSENGER CAR,BACKING,39.1751913,-77.27224499,"(39.1751913, -77.27224499)"
MCP27610012,16019765,Montgomery County Police,Injury Crash,04/22/2016 05:41:00 AM,Maryland (State),FREDERICK RD,County,GERMANTOWN RD,,N/A,,STRAIGHT MOVEMENT ANGLE,CLEAR,DRY,DAWN,TRAFFIC SIGNAL,NONE DETECTED,,7E5AADDB-6F37-442C-BBE6-E6C262B8A37F,No,POSSIBLE INJURY,N/A,NOT DISTRACTED,NY,AE124868-BBFB-48A7-BA00-08CB558A4E7B,DISABLING,PASSENGER CAR,MOVING CONSTANT SPEED,39.19216255,-77.242506,"(39.19216255, -77.242506)"
MCP2844001S,16051678,Montgomery County Police,Injury Crash,10/07/2016 08:00:00 PM,County,RANDOLPH RD,County,LINDELL ST,,N/A,,STRAIGHT MOVEMENT ANGLE,CLEAR,DRY,DARK LIGHTS ON,NO CONTROLS,NONE DETECTED,,00CBDA28-4356-4856-972B-1E2D7633CB1F,Yes,SUSPECTED MINOR INJURY,N/A,LOOKED BUT DID NOT SEE,MD,28A0EB7B-67B9-45A8-85FD-09F01EABC134,FUNCTIONAL,PASSENGER CAR,ACCELERATING,39.05929316,-77.06206508,"(39.05929316, -77.06206508)"
EJ78560012,15062664,GAITHERSBURG,Injury Crash,12/08/2015 12:45:00 PM,Maryland (State),QUINCE ORCHARD RD,Municipality,FIRSTFIELD RD,,GAITHERSBURG,,HEAD ON LEFT TURN,CLEAR,DRY,DAYLIGHT,TRAFFIC SIGNAL,N/A,,FE5A4637-A025-4780-ADED-EE4DA25BA8B3,Yes,NO APPARENT INJURY,N/A,UNKNOWN,MD,24DFF5AC-B6EF-4B26-8FA5-EF930A28AB66,DISABLING,VAN,MAKING LEFT TURN,39.14506167,-77.21996167,"(39.14506167, -77.21996167)"
EJ7809000N,15051947,GAITHERSBURG,Property Damage Crash,10/13/2015 01:30:00 PM,Maryland (State),FREDERICK RD,Municipality,ODENDHAL AVE,,GAITHERSBURG,,SAME DIR REAR END,CLEAR,DRY,DAYLIGHT,NO CONTROLS,MEDICATION CONTRIBUTED,,DDA88386-C2D7-4FE6-ABCB-7C8CFA40BCEC,Yes,NO APPARENT INJURY,N/A,UNKNOWN,MD,205E0331-9B88-446E-8BB6-B6FD41584AE2,DISABLING,PASSENGER CAR,MOVING CONSTANT SPEED,39.14778499,-77.20620632,"(39.14778499, -77.20620632)"
DD56170012,170522370,Rockville Police Departme,Injury Crash,08/01/2017 06:21:00 PM,Maryland (State),FREDERICK RD,County,E GUDE DR,,N/A,,SAME DIR REAR END,CLEAR,DRY,DAYLIGHT,NO CONTROLS,NONE DETECTED,,51CCAD19-9BC8-40B2-9A2B-112899A0E7AA,Yes,NO APPARENT INJURY,N/A,UNKNOWN,MD,77927F31-6728-4880-8268-63FB4D89F43D,NO DAMAGE,(SPORT) UTILITY VEHICLE,SLOWING OR STOPPING,39.103935,-77.15603833,"(39.103935, -77.15603833)"
MCP15630010,15004237,Montgomery County Police,Property Damage Crash,01/26/2015 06:40:00 PM,,,,,parking lot of 4400 montgomery ave,,,OTHER,RAINING,,UNKNOWN,N/A,NONE DETECTED,,36690933-4125-45E0-B330-6849B9EDE968,No,NO APPARENT INJURY,N/A,NOT DISTRACTED,MD,7A9E5FC9-4A8F-40E1-ABD1-E489790367EE,FUNCTIONAL,PASSENGER CAR,MOVING CONSTANT SPEED,38.98384855,-77.08983064,"(38.98384855, -77.08983064)"
MCP2893002D,16050792,Montgomery County Police,Injury Crash,10/03/2016 04:29:00 PM,Maryland (State),WOODFIELD RD,County,FIELDCREST RD,,N/A,,HEAD ON LEFT TURN,N/A,DRY,DAYLIGHT,TRAFFIC SIGNAL,NONE DETECTED,,8C3D7E08-FA9E-4123-A790-4F62364AA4B9,No,NO APPARENT INJURY,N/A,NOT DISTRACTED,MD,B4466FD8-59D5-4B94-8BF6-D5AF6A99FCCE,DESTROYED,PASSENGER CAR,MOVING CONSTANT SPEED,39.185495,-77.15083,"(39.185495, -77.15083)"
MCP12100018,16046794,Montgomery County Police,Injury Crash,09/12/2016 07:30:00 PM,County,SHADY GROVE RD,County,CRABBS BRANCH WAY,,N/A,,HEAD ON LEFT TURN,CLEAR,DRY,DUSK,TRAFFIC SIGNAL,NONE DETECTED,,65973BE5-3924-4254-B7A7-0E52B979DAD6,No,SUSPECTED MINOR INJURY,N/A,UNKNOWN,DC,E9D9C507-6700-458D-8495-EDB0CB5179B5,DISABLING,PASSENGER CAR,MOVING CONSTANT SPEED,39.12887,-77.16737,"(39.12887, -77.16737)"
MCP3039000L,170513705,Montgomery County Police,Property Damage Crash,06/14/2017 06:52:00 PM,Maryland (State),BRADLEY BLVD,County,BRADMOOR DR,,N/A,,HEAD ON LEFT TURN,CLEAR,DRY,DAYLIGHT,TRAFFIC SIGNAL,NONE DETECTED,,D8054107-890C-45BC-8430-81FC020B4527,Yes,NO APPARENT INJURY,N/A,NOT DISTRACTED,MD,E36A30E0-67F5-432C-B371-8B1E3E4B62A9,DISABLING,PASSENGER CAR,MAKING LEFT TURN,38.99313584,-77.11902112,"(38.99313584, -77.11902112)"
MCP27630019,170512908,Montgomery County Police,Property Damage Crash,06/10/2017 03:06:00 PM,Maryland (State),W DIAMOND AVE,Ramp,RAMP 1 FR IS 270 NB TO MD 117 WB,,N/A,,ANGLE MEETS RIGHT TURN,N/A,DRY,DAYLIGHT,TRAFFIC SIGNAL,NONE DETECTED,,4BFCC48A-C269-439A-B30B-1D58FC58EA5C,Yes,NO APPARENT INJURY,N/A,LOOKED BUT DID NOT SEE,MD,FFD1A2CF-8AEC-4FF4-AAE1-E03EF85EF4EC,DISABLING,PASSENGER CAR,MAKING RIGHT TURN,39.140475,-77.21100833,"(39.140475, -77.21100833)"
MCP2826000Q,15006152,Montgomery County Police,Property Damage Crash,02/06/2015 10:21:00 PM,Maryland (State),PINEY BRANCH RD,County,FLOWER AVE,,N/A,,SAME DIR REAR END,N/A,DRY,DARK LIGHTS ON,TRAFFIC SIGNAL,NONE DETECTED,,C029DD80-0995-46BA-BF24-6C8C46608A82,No,NO APPARENT INJURY,N/A,NOT DISTRACTED,MD,F2409650-24A2-4BF1-8BE1-89D67160DF08,SUPERFICIAL,PASSENGER CAR,STOPPED IN TRAFFIC LANE,38.998345,-77.00309667,"(38.998345, -77.00309667)"
MCP1202001Q,16051563,Montgomery County Police,Property Damage Crash,10/07/2016 10:53:00 AM,Maryland (State),RIVER RD,Government,LITTLE FALLS PKWY,,N/A,,SAME DIR REAR END,CLEAR,DRY,DAYLIGHT,TRAFFIC SIGNAL,NONE DETECTED,,5876F40E-FC9C-47AF-A9C3-BA6EAE55C92C,No,NO APPARENT INJURY,N/A,NOT DISTRACTED,VA,032737A7-B9F1-4D52-B188-991AABE10EC6,FUNCTIONAL,PASSENGER CAR,STARTING FROM LANE,38.96334333,-77.10042,"(38.96334333, -77.10042)"
MCP1119003J,17013346,Montgomery County Police,Injury Crash,03/15/2017 10:48:00 AM,County,WELLER RD,County,BUSHEY DR,,N/A,,SAME DIR REAR END,N/A,DRY,DAYLIGHT,NO CONTROLS,NONE DETECTED,,7CC0B7B0-C312-4EB1-9DC8-6CCEC66DB3D5,Yes,NO APPARENT INJURY,N/A,NOT DISTRACTED,MD,4542E28B-800A-41C7-82AE-4E5656824066,FUNCTIONAL,(SPORT) UTILITY VEHICLE,MOVING CONSTANT SPEED,39.062844,-77.0776485,"(39.062844, -77.0776485)"
MCP30610009,170524052,Montgomery County Police,Property Damage Crash,08/10/2017 09:07:00 AM,County,FATHER HURLEY BLVD,County,WATERS LANDING DR,,N/A,,HEAD ON LEFT TURN,CLEAR,DRY,DAYLIGHT,TRAFFIC SIGNAL,NONE DETECTED,,E873DB38-EA24-4650-803E-C4DC15A81DEF,No,NO APPARENT INJURY,N/A,NOT DISTRACTED,MD,FCC198A0-2E62-42FC-AD07-84EF0CC7ABFD,DISABLING,PASSENGER CAR,MOVING CONSTANT SPEED,39.1917021,-77.27198415,"(39.1917021, -77.27198415)"
MCP2798002S,170502464,Montgomery County Police,Injury Crash,04/16/2017 04:56:00 PM,US (State),COLUMBIA PIKE,County,FAIRLAND RD,,N/A,,SAME DIR REAR END,CLEAR,DRY,DAYLIGHT,TRAFFIC SIGNAL,NONE DETECTED,,1542425C-C2A0-4589-8EC1-D37DA1F9C538,Yes,NO APPARENT INJURY,N/A,UNKNOWN,VA,556BCA42-71C4-4819-A956-0E9E00DD211E,DESTROYED,PASSENGER CAR,SLOWING OR STOPPING,39.07412333,-76.955555,"(39.07412333, -76.955555)"
MCP2260000X,15053047,MONTGOMERY,Property Damage Crash,10/19/2015 03:25:00 PM,County,SHADY GROVE RD,Municipality,GAITHER RD,,ROCKVILLE,,SAME DIR REAR END,N/A,DRY,DAYLIGHT,TRAFFIC SIGNAL,N/A,,E41E0347-C777-48F6-96DA-886A364FA4E1,Yes,NO APPARENT INJURY,N/A,OTHER DISTRACTION,MA,19CC46E2-6332-4715-BAF2-5158D1C1A5B0,DISABLING,PASSENGER CAR,MOVING CONSTANT SPEED,39.11604667,-77.18439667,"(39.11604667, -77.18439667)"
HA2377000G,16000170,Maryland-National Capital,Injury Crash,02/17/2016 07:45:00 AM,Government,BEACH DR,Government,GARRETT PARK RD,,N/A,,SINGLE VEHICLE,CLOUDY,ICE,DAYLIGHT,NO CONTROLS,NONE DETECTED,,FCBBDF25-3C20-4D2F-B2E3-A8F320061AAA,No,SUSPECTED MINOR INJURY,"ICY OR SNOW-COVERED, V WIPERS|W OTHER ENVIRONMENTAL",NOT DISTRACTED,MD,4068AA85-1A18-40D2-BDE2-A64E3F7123AD,FUNCTIONAL,PASSENGER CAR,NEGOTIATING A CURVE,39.02530176,-77.09932566,"(39.02530176, -77.09932566)"
MCP27470010,15003797,Montgomery County Police,Injury Crash,01/23/2015 05:42:00 PM,County,GLENALLAN AVE,Maryland (State),LAYHILL RD,,N/A,,SAME DIR REAR END,SLEET,ICE,DARK LIGHTS ON,NO CONTROLS,NONE DETECTED,,7F4EBF19-FD22-41AD-B5CC-D8DBAE569017,Yes,NO APPARENT INJURY,"N/A, SLEET, HAIL, FREEZ. RAIN",NOT DISTRACTED,MD,5E365357-A69A-47A6-B01A-E61C136925D8,SUPERFICIAL,PASSENGER CAR,SLOWING OR STOPPING,39.06332833,-77.05074667,"(39.06332833, -77.05074667)"
MCP2910003G,170500647,Montgomery County Police,Property Damage Crash,04/06/2017 06:50:00 AM,Maryland (State),SPENCERVILLE RD,County,SANTINI RD,,N/A,,HEAD ON,OTHER,WET,DAWN,NO CONTROLS,NONE DETECTED,,D0D2A7C7-42C2-47E5-8562-97AE01F62AD6,No,NO APPARENT INJURY,"N/A, WET",NOT DISTRACTED,MD,8EC5801F-C8AB-4615-96C9-F53117C3AB5D,FUNCTIONAL,PASSENGER CAR,SLOWING OR STOPPING,39.10678333,-76.94025333,"(39.10678333, -76.94025333)"
MCP27520018,16018282,Montgomery County Police,Property Damage Crash,04/14/2016 04:08:00 PM,County,DEMOCRACY BLVD,County,SEVEN LOCKS RD,,N/A,,SAME DIRECTION LEFT TURN,CLEAR,DRY,DAYLIGHT,NO CONTROLS,N/A,,349DFBB4-2D8C-4691-ADCB-D8C0ABCF8F4C,Yes,NO APPARENT INJURY,N/A,NOT DISTRACTED,MD,936FD197-BF06-4F95-932A-423FCF4A7397,SUPERFICIAL,SCHOOL BUS,MOVING CONSTANT SPEED,38.98348333,-77.093025,"(38.98348333, -77.093025)"
MCP20870007,16052407,Montgomery County Police,Property Damage Crash,10/12/2016 06:41:00 AM,Maryland (State),GEORGIA AVE,County,MORNINGWOOD DR,,N/A,,SAME DIRECTION RIGHT TURN,CLEAR,DRY,DAWN,TRAFFIC SIGNAL,NONE DETECTED,,A3818717-7372-42EF-ADAC-9B0ABD8A0C3D,No,NO APPARENT INJURY,N/A,NOT DISTRACTED,MD,E1E754FA-CD99-4C49-BADE-3FD7B208EAF1,SUPERFICIAL,VAN,MOVING CONSTANT SPEED,39.15031833,-77.06681333,"(39.15031833, -77.06681333)"
MCP2046006P,17015543,Montgomery County Police,Property Damage Crash,03/27/2017 06:47:00 AM,Maryland (State),PINEY BRANCH RD,County,SLIGO AVE,,N/A,,OTHER,RAINING,WET,DAWN,TRAFFIC SIGNAL,NONE DETECTED,,EFD22167-D827-482B-9A8C-93A6AA2299F6,Yes,NO APPARENT INJURY,"RAIN, SNOW, WET",NOT DISTRACTED,MD,72424CAE-0665-47E2-B2A6-0DBB224D5FBB,FUNCTIONAL,(SPORT) UTILITY VEHICLE,BACKING,38.992465,-77.009785,"(38.992465, -77.009785)"
MCP30100011,16025953,Montgomery County Police,Injury Crash,05/25/2016 08:24:00 AM,Maryland (State),ROCKVILLE PIKE,County,MARINELLI RD,,N/A,,SAME DIR REAR END,CLEAR,DRY,DAYLIGHT,TRAFFIC SIGNAL,NONE DETECTED,,FFAC591C-3BD3-4A19-AC87-AC2C12530253,No,POSSIBLE INJURY,N/A,NOT DISTRACTED,MD,56B1E2A1-18CB-4285-8B7F-30F974B9FB37,FUNCTIONAL,PASSENGER CAR,SLOWING OR STOPPING,39.04636333,-77.11245833,"(39.04636333, -77.11245833)"
MCP24250094,170502931,Montgomery County Police,Property Damage Crash,04/19/2017 10:15:00 AM,County,OLD COLUMBIA PIKE,Unknown,AVONSHIRE DR,,N/A,,STRAIGHT MOVEMENT ANGLE,CLEAR,DRY,DAYLIGHT,NO CONTROLS,NONE DETECTED,,B413F152-5FB5-4911-8BAA-2679DB7DBD72,Yes,NO APPARENT INJURY,N/A,UNKNOWN,MD,285FF544-3BF2-41DC-A1E2-2AA0A5B688CC,FUNCTIONAL,PASSENGER CAR,MAKING LEFT TURN,39.083705,-76.95167833,"(39.083705, -76.95167833)"
MCP2298009T,16048145,Montgomery County Police,Property Damage Crash,09/19/2016 04:28:00 PM,County,FATHER HURLEY BLVD,Ramp,RAMP 5 FR RAMP 8 TO FATHER HURLEY BLVD,,N/A,,SAME DIR REAR END,CLOUDY,WET,DAYLIGHT,TRAFFIC SIGNAL,NONE DETECTED,,4E4A6AC6-EB4D-4671-97C4-DA446C9F0FDA,No,NO APPARENT INJURY,"N/A, WET",NOT DISTRACTED,MD,49635F91-A48C-4869-8642-29BBF83A3ECA,SUPERFICIAL,PASSENGER CAR,STOPPED IN TRAFFIC LANE,39.19906,-77.26101,"(39.19906, -77.26101)"
MCP2192001H,15059501,MONTGOMERY,Property Damage Crash,11/21/2015 12:46:00 PM,Interstate (State),CAPITAL BELTWAY,Maryland (State),GEORGIA AVE,,N/A,,SAME DIR REAR END,CLEAR,DRY,DAYLIGHT,N/A,NONE DETECTED,,29474F2E-DAF9-471A-BB60-FD23D3275781,No,NO APPARENT INJURY,N/A,NOT DISTRACTED,MD,C86EAE02-AEDE-4BA3-8F6F-1549D343B762,FUNCTIONAL,PASSENGER CAR,SLOWING OR STOPPING,39.01486833,-77.03273,"(39.01486833, -77.03273)"
MCP1563003J,170503602,Montgomery County Police,Injury Crash,04/22/2017 05:41:00 PM,Maryland (State),EAST WEST HWY,Other Public Roadway,NO NAME,,N/A,,STRAIGHT MOVEMENT ANGLE,RAINING,WET,DAYLIGHT,STOP SIGN,NONE DETECTED,,4B2D722F-075F-4E33-ADD6-53B513A92AD8,No,NO APPARENT INJURY,"RAIN, SNOW, WET",NOT DISTRACTED,MD,0D6CBD9F-24FF-4E57-939D-F51603E35099,FUNCTIONAL,PASSENGER CAR,MOVING CONSTANT SPEED,38.99542529,-77.03860849,"(38.99542529, -77.03860849)"
MCP2240000R,15047153,MONTGOMERY,Property Damage Crash,09/17/2015 05:07:00 PM,County,SHADY GROVE RD,County,CRABBS BRANCH WAY,,N/A,,STRAIGHT MOVEMENT ANGLE,CLEAR,DRY,DAYLIGHT,TRAFFIC SIGNAL,NONE DETECTED,,5160CA38-767D-49AF-8DFE-1D9E3E0032FB,Yes,NO APPARENT INJURY,N/A,NOT DISTRACTED,MD,0F31683B-D70D-469F-944E-A0CDEEC4ACB5,DISABLING,PASSENGER CAR,MOVING CONSTANT SPEED,39.128755,-77.167345,"(39.128755, -77.167345)"
MCP2977000V,15044051,MONTGOMERY,Property Damage Crash,09/02/2015 06:55:00 AM,Maryland (State),NEW HAMPSHIRE AVE,County,POWDER MILL RD,,N/A,,SAME DIRECTION SIDESWIPE,CLEAR,DRY,DAYLIGHT,TRAFFIC SIGNAL,NONE DETECTED,,F723BAFC-688B-4F17-AAB0-AD21BA4BEABE,Yes,NO APPARENT INJURY,N/A,UNKNOWN,MD,2DAF2F62-0EF9-4B6F-924C-A56593DDC368,DISABLING,PASSENGER CAR,CHANGING LANES,39.02283459,-76.97780013,"(39.02283459, -76.97780013)"
MCP28440016,15061408,MONTGOMERY,Property Damage Crash,12/01/2015 07:26:00 PM,Maryland (State),UNIVERSITY BLVD W,Unknown,ENT TO BUSINESS,,N/A,,STRAIGHT MOVEMENT ANGLE,CLOUDY,WET,DARK LIGHTS ON,STOP SIGN,NONE DETECTED,,258BD864-ACE7-414B-A9CB-F46165B77B12,No,NO APPARENT INJURY,"N/A, WET",NOT DISTRACTED,MD,B86A0E5C-B63F-43EC-B6D5-C1D5CCB951FC,FUNCTIONAL,PASSENGER CAR,MOVING CONSTANT SPEED,39.03730833,-77.057635,"(39.03730833, -77.057635)"
MCP05390020,16001126,Montgomery County Police,Property Damage Crash,01/07/2016 09:41:00 AM,Maryland (State),16TH ST,Maryland (State),COLESVILLE RD,,N/A,,SAME DIR REAR END,CLOUDY,DRY,DAYLIGHT,NO CONTROLS,NONE DETECTED,,48FDDB11-72DD-4CEA-8B64-A4D378DAF6F9,Yes,NO APPARENT INJURY,N/A,NOT DISTRACTED,DC,6356EDE4-CD44-48E1-AEE0-5D495AEF7AFC,DISABLING,PASSENGER CAR,MOVING CONSTANT SPEED,38.99280167,-77.03641833,"(38.99280167, -77.03641833)"
MCP0036003D,15064469,MONTGOMERY,Injury Crash,12/17/2015 11:48:00 AM,Maryland (State),GERMANTOWN RD,County,DAWSON FARM RD,,N/A,,SAME DIR REAR END,RAINING,WET,DAYLIGHT,N/A,NONE DETECTED,,96C3EF89-ABD1-47D6-9842-E391B9F46C85,No,POSSIBLE INJURY,"RAIN, SNOW, WET",NOT DISTRACTED,MD,3501DC7A-5840-49A8-9F4D-75CF5065C29E,FUNCTIONAL,PASSENGER CAR,STOPPED IN TRAFFIC LANE,39.16886995,-77.27931798,"(39.16886995, -77.27931798)"
MCP2116004W,16049557,Montgomery County Police,Property Damage Crash,09/26/2016 05:31:00 PM,Maryland (State),FALLS RD,Municipality,GREAT FALLS RD (AHEAD),,ROCKVILLE,,STRAIGHT MOVEMENT ANGLE,CLOUDY,DRY,DAYLIGHT,TRAFFIC SIGNAL,NONE DETECTED,,9CCFA02A-0D8D-4A80-B558-E0EC84B1F744,No,NO APPARENT INJURY,N/A,NOT DISTRACTED,MD,2B0EBF31-03B6-4405-ADD7-DC2BF216FDF6,DISABLING,PASSENGER CAR,MOVING CONSTANT SPEED,39.076105,-77.16243333,"(39.076105, -77.16243333)"
MCP9128000S,16049636,Montgomery County Police,Injury Crash,09/27/2016 07:19:00 AM,Maryland (State),GEORGIA AVE,County,ROSSMOOR BLVD,,N/A,,SAME DIR REAR END,CLOUDY,WET,DAYLIGHT,NO CONTROLS,NONE DETECTED,,6343128C-933B-4E10-848E-C08F6E2602B7,Yes,NO APPARENT INJURY,"N/A, WET",NOT DISTRACTED,MD,2C723A3D-D3C0-42FD-9DE5-F80974680EA3,DISABLING,"MEDIUM/HEAVY TRUCKS 3 AXLES (OVER 10,000LBS (4,536KG))",SLOWING OR STOPPING,39.09788667,-77.07812167,"(39.09788667, -77.07812167)"
MCP2853001K,16009832,MONTGOMERY,Injury Crash,02/27/2016 08:59:00 PM,Maryland (State),UNIVERSITY BLVD E,Maryland (State),PINEY BRANCH RD,,N/A,,SAME DIR REAR END,CLEAR,DRY,DARK LIGHTS ON,TRAFFIC SIGNAL,N/A,,C180F051-49D7-40EC-92E8-BD34BB6A74DB,Yes,NO APPARENT INJURY,N/A,NOT DISTRACTED,MD,CA7C1A84-6EEA-4590-A96C-FA624E525801,SUPERFICIAL,PASSENGER CAR,SLOWING OR STOPPING,39.00000167,-76.99507167,"(39.00000167, -76.99507167)"
MCP0704000D,15006446,Montgomery County Police,Property Damage Crash,02/08/2015 05:54:00 PM,County,CORDELL AVE,Maryland (State),WISCONSIN AVE,,N/A,,SAME DIRECTION SIDESWIPE,CLEAR,DRY,DARK LIGHTS ON,TRAFFIC SIGNAL,ALCOHOL PRESENT,,A3F319F2-A368-46C5-9ECF-62A35F5F30B7,Yes,NO APPARENT INJURY,N/A,NOT DISTRACTED,MD,AD817915-AC04-4E00-BAB0-DC811CDBB5FC,SUPERFICIAL,(SPORT) UTILITY VEHICLE,MAKING RIGHT TURN,38.99098833,-77.09557,"(38.99098833, -77.09557)"
MCP2889001X,16060101,Montgomery County Police,Injury Crash,11/22/2016 04:00:00 PM,Maryland (State),VEIRS MILL RD,Maryland (State),UNIVERSITY BLVD W,,N/A,PEDESTRIAN,OTHER,CLEAR,DRY,DAYLIGHT,NO CONTROLS,NONE DETECTED,N/A,61B209A8-E21C-4E61-9904-FC271C8F5D68,No,NO APPARENT INJURY,N/A,NOT DISTRACTED,MD,6CA214B5-C24F-4CA2-9470-9896DB466EAE,SUPERFICIAL,PASSENGER CAR,MOVING CONSTANT SPEED,39.039435,-77.05494333,"(39.039435, -77.05494333)"
MCP2556001G,170516981,Montgomery County Police,Injury Crash,07/02/2017 04:59:00 PM,Maryland (State),GREAT SENECA HWY,Unknown,HIGH GABLES DR,,N/A,,STRAIGHT MOVEMENT ANGLE,CLOUDY,DRY,DAYLIGHT,NO CONTROLS,NONE DETECTED,,895F3A13-DC94-48F9-BAFB-250EF6D66006,Yes,POSSIBLE INJURY,N/A,LOOKED BUT DID NOT SEE,MD,41A10893-6926-4A48-BB93-9FC3A043BF29,DISABLING,PASSENGER CAR,MAKING LEFT TURN,39.11561167,-77.223165,"(39.11561167, -77.223165)"
MCP3048001D,170524039,Montgomery County Police,Property Damage Crash,08/10/2017 10:30:00 AM,,,,,"6500 SEVEN LOCKS RD CABIN JOHN, MD 20818 PARKING LOT OF BETHESDA CO-OP.",,,OTHER,CLEAR,,DAYLIGHT,N/A,UNKNOWN,,27D41518-9E6E-4094-918F-3DF7692E070F,Yes,NO APPARENT INJURY,N/A,UNKNOWN,MD,0DD04935-E7BC-44B6-B09D-2BE63385479D,UNKNOWN,PASSENGER CAR,BACKING,38.98333667,-77.093335,"(38.98333667, -77.093335)"
EJ7866000P,17002740,Gaithersburg Police Depar,Injury Crash,01/16/2017 01:18:00 PM,County,MIDCOUNTY HWY,Maryland (State),WOODFIELD RD,,N/A,,STRAIGHT MOVEMENT ANGLE,CLEAR,DRY,DAYLIGHT,TRAFFIC SIGNAL,NONE DETECTED,,025D8A9C-0144-4798-B6FD-8787BB38F685,No,SUSPECTED MINOR INJURY,N/A,NOT DISTRACTED,MD,0BC15190-F666-4EBC-85DB-11E901F7B7B1,DISABLING,(SPORT) UTILITY VEHICLE,MAKING LEFT TURN,39.15075532,-77.17428803,"(39.15075532, -77.17428803)"
MCP2877003B,17006289,Montgomery County Police,Injury Crash,02/05/2017 11:54:00 AM,County,E MELBOURNE AVE,Maryland (State),UNIVERSITY BLVD E,,N/A,,STRAIGHT MOVEMENT ANGLE,CLEAR,DRY,DAYLIGHT,STOP SIGN,NONE DETECTED,,9C596CD0-BD44-48D5-86AF-D26DB3C2E390,Yes,POSSIBLE INJURY,N/A,LOOKED BUT DID NOT SEE,DC,97B5DD7A-CFE4-4284-B856-D68960B79552,DISABLING,PASSENGER CAR,ENTERING TRAFFIC LANE,39.01003,-77.00042833,"(39.01003, -77.00042833)"
MCP27650020,16011169,MONTGOMERY,Injury Crash,03/06/2016 04:29:00 PM,County,SHADY GROVE RD,Municipality,RESEARCH BLVD,,ROCKVILLE,,STRAIGHT MOVEMENT ANGLE,CLEAR,DRY,DAYLIGHT,TRAFFIC SIGNAL,NONE DETECTED,,732D44FD-31B7-43E6-AAC7-BC9C84634CC1,Yes,POSSIBLE INJURY,N/A,UNKNOWN,MD,CF89DA75-6D01-4C76-8D34-655A20BBF502,DISABLING,PASSENGER CAR,MOVING CONSTANT SPEED,39.10499667,-77.19053954,"(39.10499667, -77.19053954)"
MCP1378008P,15055571,MONTGOMERY,Property Damage Crash,11/01/2015 03:30:00 AM,County,BARNES RD,Unknown,FREDERICK CO/L,,N/A,,HEAD ON,CLEAR,DRY,DARK NO LIGHTS,NO CONTROLS,UNKNOWN,,27E7ED0A-E33D-4E65-9279-FFF8DFD99519,Yes,NO APPARENT INJURY,N/A,UNKNOWN,MD,C5A1878C-8EA5-4137-B9A4-0CE736E806A6,DISABLING,PICKUP TRUCK,MOVING CONSTANT SPEED,39.31346551,-77.25386381,"(39.31346551, -77.25386381)"
DD5522002S,16054108,Rockville Police Departme,Injury Crash,10/20/2016 08:48:00 PM,Maryland (State),ROCKVILLE PIKE,Maryland (State),VEIRS MILL RD,,N/A,,HEAD ON LEFT TURN,CLEAR,DRY,DARK LIGHTS ON,TRAFFIC SIGNAL,NONE DETECTED,,AF43CDDB-9C5F-4DD2-B7A4-611A51C3CCE3,No,SUSPECTED MINOR INJURY,N/A,NOT DISTRACTED,MD,05965E30-7CFB-4F9B-8AC1-9FA1AE5F2CCA,FUNCTIONAL,PASSENGER CAR,MOVING CONSTANT SPEED,39.08164333,-77.146175,"(39.08164333, -77.146175)"
DD56150021,16031051,Rockville Police Departme,Property Damage Crash,06/19/2016 05:41:00 PM,Maryland (State),ROCKVILLE PIKE,Municipality,ROLLINS AVE,,ROCKVILLE,,SAME DIR REAR END,CLEAR,DRY,DAYLIGHT,TRAFFIC SIGNAL,NONE DETECTED,,C0156C2F-86B2-46AF-88C8-4C2BFEDD3D44,No,NO APPARENT INJURY,N/A,NOT DISTRACTED,MD,B21DF62D-DC16-47A3-BC0D-7D9DAF766F79,FUNCTIONAL,PASSENGER CAR,STOPPED IN TRAFFIC LANE,39.05946333,-77.12140667,"(39.05946333, -77.12140667)"