Report Number,Local Case Number,Agency Name,ACRS Report Type,Crash Date/Time,Route Type,Road Name,Cross-Street Type,Cross-Street Name,Off-Road Description,Municipality,Related Non-Motorist,Collision Type,Weather,Surface Condition,Light,Traffic Control,Driver Substance Abuse,Non-Motorist Substance Abuse,Person ID,Driver At Fault,Injury Severity,Circumstance,Driver Distracted By,Drivers License State,Vehicle ID,Vehicle Damage Extent,Vehicle Body Type,Vehicle Movement,Latitude,Longitude,Location
MCP27170067,16028583,Montgomery County Police,Property Damage Crash,06/07/2016 02:40:00 PM,Maryland (State),CONNECTICUT AVE,County,JONES BRIDGE RD,,N/A,,SAME DIR REAR END,CLEAR,DRY,DAYLIGHT,NO CONTROLS,NONE DETECTED,,5CA65506-40D6-41AD-8557-4885B8AF8C1B,Yes,NO APPARENT INJURY,N/A,LOOKED BUT DID NOT SEE,MD,8E937C8A-687F-423F-AB97-8EA152B03BC8,NO DAMAGE,TRANSIT BUS,STARTING FROM LANE,39.00185833,-77.07729833,"(39.00185833, -77.07729833)"
MCP28270020,16007304,Montgomery County Police,Property Damage Crash,02/12/2016 03:15:00 PM,,,,,15411 NEW HAMPSHIRE AVE PARKING LOT,,,OTHER,N/A,,DAYLIGHT,N/A,UNKNOWN,,66B22976-9899-4BEE-9690-046BCE0E5E36,Yes,NO APPARENT INJURY,N/A,UNKNOWN,,DE20F2D0-27F3-411A-A36D-264122A3B222,FUNCTIONAL,PICKUP TRUCK,BACKING,39.07562833,-76.99435,"(39.07562833, -76.99435)"
MCP29330010,16024023,Montgomery County Police,Property Damage Crash,05/14/2016 05:25:00 PM,Interstate (State),CAPITAL BELTWAY,Maryland (State),RIVER RD,,N/A,,SAME DIR REAR END,CLEAR,DRY,DAYLIGHT,NO CONTROLS,UNKNOWN,,C7A4FFB1-D8CA-47E0-8FB9-E64C213840FC,Yes,NO APPARENT INJURY,N/A,UNKNOWN,,63338B2B-425A-498D-B34A-A8C1CB867F1F,UNKNOWN,PASSENGER CAR,SLOWING OR STOPPING,38.99735769,-77.15825915,"(38.99735769, -77.15825915)"
MCP26900016,16000589,Montgomery County Police,Property Damage Crash,01/04/2016 03:26:00 PM,Maryland (State),MUNCASTER MILL RD,County,LISA DR,,N/A,,SAME DIR REAR END,CLOUDY,DRY,DAYLIGHT,NO CONTROLS,NONE DETECTED,,165E2936-B546-4D5A-BFD5-E6E3CA07B33C,Yes,NO APPARENT INJURY,N/A,UNKNOWN,MD,1E498EAB-3454-4AFF-AB21-E544760C7C2C,SUPERFICIAL,PASSENGER CAR,MOVING CONSTANT SPEED,39.14393,-77.14121667,"(39.14393, -77.14121667)"
MCP2952002N,16058614,Montgomery County Police,Property Damage Crash,11/14/2016 09:28:00 AM,US (State),COLESVILLE RD,Maryland (State),GEORGIA AVE,,N/A,,SAME DIRECTION SIDESWIPE,CLEAR,DRY,DAYLIGHT,OTHER,NONE DETECTED,,8345F66C-1EF0-4EC4-8A42-149F5B41CEC0,Yes,NO APPARENT INJURY,N/A,UNKNOWN,MD,2BE29E84-8D34-4DB3-B2B2-3BF5FAF58893,SUPERFICIAL,PASSENGER CAR,SLOWING OR STOPPING,38.996765,-77.02758667,"(38.996765, -77.02758667)"
MCP2871002T,16007466,MONTGOMERY,Property Damage Crash,02/13/2016 05:46:00 PM,,,,,7101 DEMOCRACY BLVD,,,OTHER,CLEAR,,DUSK,NO CONTROLS,NONE DETECTED,,469CE1F9-CBD9-4F84-8BD8-6AC44B494A47,Yes,NO APPARENT INJURY,N/A,NOT DISTRACTED,MD,93F01FE6-4870-4548-8445-E9330A34FAEA,UNKNOWN,PASSENGER CAR,BACKING,39.02331167,-77.14628167,"(39.02331167, -77.14628167)"
MCP29120011,15038983,MONTGOMERY,Property Damage Crash,08/05/2015 07:10:00 PM,,,,,parking lot of 5555 Wisconsin ave.,,,SAME DIR REND RIGHT TURN,UNKNOWN,,DAYLIGHT,NO CONTROLS,UNKNOWN,,7A946824-926C-4FF1-9576-3778921910EE,Yes,NO APPARENT INJURY,N/A,UNKNOWN,MD,3D250DF5-5115-46EB-BD20-5DD371D63E6C,UNKNOWN,STATION WAGON,BACKING,38.96569333,-77.08740833,"(38.96569333, -77.08740833)"
MCP2724001B,16029775,Montgomery County Police,Property Damage Crash,06/13/2016 01:35:00 PM,Maryland (State),NEW HAMPSHIRE AVE,County,POWDER MILL RD,,N/A,,SAME DIR REAR END,CLEAR,DRY,DAYLIGHT,N/A,N/A,,C7B12691-3372-457B-8F2E-C0D6ED71B83E,Yes,NO APPARENT INJURY,N/A,OTHER DISTRACTION,MD,C7EF09CC-CE53-412F-BEA4-8443DC957A1F,DISABLING,PASSENGER CAR,MOVING CONSTANT SPEED,39.02207333,-76.97740333,"(39.02207333, -76.97740333)"
MCP0036003B,15061569,MONTGOMERY,Injury Crash,12/02/2015 05:32:00 PM,Maryland (State),RIDGE RD,County,HIGH CORNER ST,,N/A,,STRAIGHT MOVEMENT ANGLE,RAINING,WET,DARK LIGHTS ON,TRAFFIC SIGNAL,NONE DETECTED,,5AD28C93-6E8A-4385-84CA-3E8191FE496F,Yes,NO APPARENT INJURY,N/A,NOT DISTRACTED,MD,5FFE1263-F406-4B8F-9D55-97D0E62DDF93,DISABLING,PASSENGER CAR,MOVING CONSTANT SPEED,39.290235,-77.20474833,"(39.290235, -77.20474833)"
MCP93860049,17003895,Montgomery County Police,Property Damage Crash,01/23/2017 07:24:00 AM,Maryland (State),WISCONSIN AVE,Maryland (State),MONTGOMERY AVE,,N/A,,SINGLE VEHICLE,RAINING,WET,DAWN,TRAFFIC SIGNAL,N/A,,99CD7883-6EBB-4719-B8EE-57DF3F02631D,Yes,NO APPARENT INJURY,"RAIN, SNOW, WET",DISTRACTED BY OUTSIDE PERSON OBJECT OR EVENT,MD,83A625E5-8D71-47AC-8FC4-9DF7B4970888,FUNCTIONAL,POLICE VEHICLE/EMERGENCY,MAKING LEFT TURN,38.98348167,-77.09360667,"(38.98348167, -77.09360667)"
MCP2515000Q,16036598,Montgomery County Police,Injury Crash,07/19/2016 07:34:00 PM,County,FIELDCREST RD,Maryland (State),WOODFIELD RD,,N/A,,STRAIGHT MOVEMENT ANGLE,CLEAR,DRY,DAYLIGHT,NO CONTROLS,NONE DETECTED,,33042B07-1888-4CED-A725-9B3B4C400CCA,No,POSSIBLE INJURY,N/A,NOT DISTRACTED,MD,858666B8-3B16-4814-A160-A03B8093A63E,FUNCTIONAL,PASSENGER CAR,MOVING CONSTANT SPEED,39.18494253,-77.1450305,"(39.18494253, -77.1450305)"
HA2412000D,17000808,Maryland-National Capital,Injury Crash,06/28/2017 05:49:00 PM,Maryland (State),PINEY BRANCH RD,Unknown,SPUR FR SLIGO CREEK PKWY,,N/A,,SAME DIR REAR END,CLEAR,DRY,DAYLIGHT,TRAFFIC SIGNAL,NONE DETECTED,,6E91E9CD-2082-4887-AEE8-E61314F1DBE2,No,NO APPARENT INJURY,N/A,NOT DISTRACTED,US,937D087D-9503-420A-A696-208F5451BA75,FUNCTIONAL,PASSENGER CAR,SLOWING OR STOPPING,38.99153323,-77.01010466,"(38.99153323, -77.01010466)"
MCP9404000H,15054767,MONTGOMERY,Property Damage Crash,10/28/2015 01:09:00 PM,Maryland (State),KEY WEST AVE,County,DARNESTOWN RD,,N/A,,SINGLE VEHICLE,RAINING,WET,DAYLIGHT,TRAFFIC SIGNAL,NONE DETECTED,,088F1BD2-268D-423F-B2BE-9824A5EAD03D,Yes,NO APPARENT INJURY,"RAIN, SNOW, WET",UNKNOWN,VA,5021322B-30BB-4EB9-ACE1-C9DBE3CA6E2A,DISABLING,PASSENGER CAR,MOVING CONSTANT SPEED,39.10067667,-77.21323333,"(39.10067667, -77.21323333)"
MCP1382002N,16009202,Montgomery County Police,Property Damage Crash,02/24/2016 08:59:00 AM,Maryland (State),UNIVERSITY BLVD E,County,PATTON DR,,N/A,,OTHER,RAINING,WET,DAYLIGHT,NO CONTROLS,NONE DETECTED,,2E110E63-2FFE-462A-B32E-8C25D35BD94C,Yes,NO APPARENT INJURY,N/A,NOT DISTRACTED,MD,4A7421B7-8ED2-46E4-90D3-24E7EF9CFE79,FUNCTIONAL,PASSENGER CAR,BACKING,39.00201333,-76.99551167,"(39.00201333, -76.99551167)"
MCP29390013,16028456,Montgomery County Police,Property Damage Crash,06/03/2016 04:30:00 PM,County,MULLINIX MILL RD,County,LONG CORNER RD,,N/A,,SINGLE VEHICLE,N/A,WET,DAYLIGHT,NO CONTROLS,N/A,,4E38AB8C-FDCA-46CE-8FE4-4B5BA0BBE73C,Yes,NO APPARENT INJURY,"N/A, WET",OTHER DISTRACTION,MD,091DD50A-DC4C-4F1B-9271-5CBE3204048A,SUPERFICIAL,PICKUP TRUCK,MOVING CONSTANT SPEED,39.28876625,-77.16364503,"(39.28876625, -77.16364503)"
DD5601001F,15058144,ROCKVILLE,Injury Crash,11/14/2015 12:51:00 PM,Maryland (State),VEIRS MILL RD,Maryland (State),FIRST ST,,N/A,,SAME DIR REAR END,CLEAR,DRY,DAYLIGHT,NO CONTROLS,N/A,,F97B8D9A-B7EF-4A01-ACEC-B71D5D3D69BF,No,NO APPARENT INJURY,N/A,NOT DISTRACTED,MD,03999340-62ED-4099-AA31-06D4C0127029,FUNCTIONAL,PASSENGER CAR,SLOWING OR STOPPING,39.07985833,-77.13895833,"(39.07985833, -77.13895833)"
MCP2094006N,16035867,Montgomery County Police,Property Damage Crash,07/15/2016 12:57:00 PM,Interstate (State),EISENHOWER MEMORIAL HWY,Maryland (State),MONTROSE RD,,N/A,,SAME DIR REAR END,CLEAR,DRY,DAYLIGHT,NO CONTROLS,NONE DETECTED,,D5F102A4-BC26-42D2-A9EC-71FA1FDE626E,Yes,NO APPARENT INJURY,N/A,NOT DISTRACTED,MD,EFF0FE14-DF88-4ECE-A885-C5336B138997,DISABLING,PASSENGER CAR,MOVING CONSTANT SPEED,39.05431833,-77.15384667,"(39.05431833, -77.15384667)"
MCP2784002M,16048386,Montgomery County Police,Injury Crash,09/20/2016 05:42:00 PM,Maryland (State),NEW HAMPSHIRE AVE,County,CRYSTAL SPRING DR,,N/A,,SAME DIR REAR END,CLEAR,DRY,DAYLIGHT,NO CONTROLS,NONE DETECTED,,59E4F7C6-AD58-4F13-AFF8-068FF5FD4D2E,No,NO APPARENT INJURY,N/A,NOT DISTRACTED,MD,C34E7FFA-EE3A-4140-A0C5-AB0800443592,DISABLING,PASSENGER CAR,SLOWING OR STOPPING,39.14696667,-77.00931,"(39.14696667, -77.00931)"
MCP2094007Q,17001982,Montgomery County Police,Injury Crash,01/12/2017 10:34:00 AM,Maryland (State),CAPITOL VIEW AVE,County,LEE ST,,N/A,,SINGLE VEHICLE,CLOUDY,WET,DAYLIGHT,N/A,NONE DETECTED,,3F3A1CA5-12D7-4831-97C9-8B935D583E96,Yes,SUSPECTED MINOR INJURY,N/A,BY MOVING OBJECT IN VEHICLE,MD,F979894C-7678-4763-B1B5-DB8CAAD5BAC1,DISABLING,PASSENGER CAR,MOVING CONSTANT SPEED,39.02188333,-77.06224833,"(39.02188333, -77.06224833)"
MCP2717005F,16019196,Montgomery County Police,Injury Crash,04/19/2016 02:10:00 PM,Maryland (State),OLD GEORGETOWN RD,County,LINCOLN ST,,N/A,,SAME DIR REAR END,CLEAR,DRY,DAYLIGHT,TRAFFIC SIGNAL,NONE DETECTED,,2913AAE5-689B-481F-ADE1-56F81E3A1837,No,SUSPECTED MINOR INJURY,N/A,NOT DISTRACTED,MD,0CDA99E3-FD86-4C31-8ACD-970ABCAA6964,SUPERFICIAL,TRANSIT BUS,SLOWING OR STOPPING,38.997605,-77.109235,"(38.997605, -77.109235)"
MCP2791003B,170506325,Montgomery County Police,Property Damage Crash,05/06/2017 06:13:00 PM,County,E RANDOLPH RD,County,SERPENTINE WAY,,N/A,,SAME DIR REAR END,RAINING,WET,DAYLIGHT,TRAFFIC SIGNAL,NONE DETECTED,,6680FB11-084A-4703-B328-2FC5E17A895D,No,NO APPARENT INJURY,"RAIN, SNOW, WET",NOT DISTRACTED,MD,720C317B-17B3-4816-8447-FE8C7F5E805E,SUPERFICIAL,PASSENGER CAR,SLOWING OR STOPPING,39.064335,-76.96922333,"(39.064335, -76.96922333)"
MCP0487001S,170525510,Montgomery County Police,Property Damage Crash,08/18/2017 01:00:00 PM,County,SHADY GROVE RD,County,OAKMONT AVE,,N/A,,ANGLE MEETS RIGHT TURN,CLEAR,DRY,DAYLIGHT,TRAFFIC SIGNAL,NONE DETECTED,,51E90AAF-77A8-4B9F-A0E0-E3AC0CFC71E7,No,NO APPARENT INJURY,N/A,LOOKED BUT DID NOT SEE,MD,DF7111EB-1B46-4B53-B9C9-EB3C419F5EEC,SUPERFICIAL,"OTHER LIGHT TRUCKS (10,000LBS (4,536KG) OR LESS)",MOVING CONSTANT SPEED,39.12660833,-77.17394,"(39.12660833, -77.17394)"
DD5595004G,170527472,Rockville Police Departme,Injury Crash,08/29/2017 06:13:00 AM,Maryland (State),HUNGERFORD DR,Municipality,MANNAKEE ST,,ROCKVILLE,,OTHER,RAINING,WET,DAWN,TRAFFIC SIGNAL,NONE DETECTED,,091ABFC2-A31E-4E04-A1A4-2F54B757C07F,Yes,NO APPARENT INJURY,"RAIN, SNOW, WET",NOT DISTRACTED,MD,2BA8D123-082E-4592-8D99-2957935CD995,SUPERFICIAL,"CARGO VAN/LIGHT TRUCK 2 AXLES (OVER 10,000LBS (4,536 KG))",MOVING CONSTANT SPEED,39.09513283,-77.1531925,"(39.09513283, -77.1531925)"
MCP27990038,170527815,Montgomery County Police,Property Damage Crash,08/30/2017 05:23:00 PM,Maryland (State),OLNEY SANDY SPRING RD,County,OLD BALTIMORE RD,,N/A,,SAME DIR REAR END,CLEAR,DRY,DAYLIGHT,N/A,NONE DETECTED,,C4B52C89-291C-4785-9C8D-9AEB1A5ACB06,No,NO APPARENT INJURY,N/A,NOT DISTRACTED,IN,172CDFA5-05E7-498E-A2CA-8C5A1F6A52F9,SUPERFICIAL,PASSENGER CAR,SLOWING OR STOPPING,39.14676667,-77.05128333,"(39.14676667, -77.05128333)"
MCP28910013,15033618,MONTGOMERY,Property Damage Crash,07/09/2015 01:30:00 PM,County,BURNT MILLS AVE,US (State),COLUMBIA PIKE,,N/A,,SAME DIRECTION SIDESWIPE,CLEAR,DRY,DAYLIGHT,N/A,NONE DETECTED,,C90E324B-0BC3-4373-B67A-3632FFD5650B,Yes,NO APPARENT INJURY,N/A,UNKNOWN,MD,FDFA0C28-EDE3-4CD3-9167-6D72BF1EF11A,UNKNOWN,PASSENGER CAR,MOVING CONSTANT SPEED,39.03611,-76.99957,"(39.03611, -76.99957)"
MCP2767002T,170508315,Montgomery County Police,Property Damage Crash,05/17/2017 03:36:00 PM,Maryland (State),GEORGIA AVE,County,PARKER AVE,,N/A,,SAME DIR REAR END,CLEAR,DRY,DAYLIGHT,NO CONTROLS,NONE DETECTED,,56A2A41E-4C5B-4B67-A90C-A17E62FC9269,No,NO APPARENT INJURY,N/A,NOT DISTRACTED,MD,9731743D-4FBD-4F38-B2A0-A9CC773E4F43,FUNCTIONAL,"CARGO VAN/LIGHT TRUCK 2 AXLES (OVER 10,000LBS (4,536 KG))",SLOWING OR STOPPING,39.04904333,-77.05187833,"(39.04904333, -77.05187833)"
MCP1202001P,16048119,Montgomery County Police,Injury Crash,09/19/2016 03:02:00 PM,Interstate (State),CAPITAL BELTWAY,Maryland (State),BRADLEY BLVD,,N/A,,SAME DIRECTION RIGHT TURN,CLEAR,DRY,DAYLIGHT,NO CONTROLS,NONE DETECTED,,3ADC760B-B350-4700-9FEA-A20E2581FBC1,Yes,NO APPARENT INJURY,N/A,OTHER ELECTRONIC DEVICE (NAVIGATIONAL PALM PILOT),OH,607F0813-291D-42DF-A883-DBF1A93580BF,FUNCTIONAL,PASSENGER CAR,MOVING CONSTANT SPEED,39.00609333,-77.15343,"(39.00609333, -77.15343)"
MCP26780014,16025213,Montgomery County Police,Property Damage Crash,05/21/2016 01:12:00 AM,County,BEL PRE RD,County,RIPPLING BROOK DR,,N/A,,SAME DIR REND LEFT TURN,CLEAR,N/A,DARK LIGHTS ON,NO CONTROLS,NONE DETECTED,,C144C587-195B-4110-A331-058351120E7E,Yes,NO APPARENT INJURY,N/A,LOOKED BUT DID NOT SEE,DC,DF211C0B-5AA5-4BF8-966D-BC92F4DC7217,DISABLING,PICKUP TRUCK,MOVING CONSTANT SPEED,39.09042333,-77.05364667,"(39.09042333, -77.05364667)"
MCP29410021,170515017,Montgomery County Police,Injury Crash,06/21/2017 07:40:00 PM,County,FENTON ST,County,WAYNE AVE,,N/A,PEDESTRIAN,SINGLE VEHICLE,CLEAR,DRY,DAYLIGHT,NO CONTROLS,NONE DETECTED,N/A,3A499707-73CA-4308-AC98-F8872A799FCE,Unknown,NO APPARENT INJURY,N/A,LOOKED BUT DID NOT SEE,MD,5F2565F7-C54A-486B-AADD-DC2FE01E5FB1,SUPERFICIAL,PASSENGER CAR,PASSING,38.99609445,-77.02474952,"(38.99609445, -77.02474952)"
MCP2358003B,170512126,Montgomery County Police,Property Damage Crash,06/06/2017 02:26:00 PM,,,,,"PARKING LOT SUBURBAN HOSPITAL 8600 OLD GEORGETOWN ROAD BETHESDA, MD",,,OTHER,CLEAR,,DAYLIGHT,NO CONTROLS,UNKNOWN,,686525D7-D8EE-41EB-AEB8-09504494A8D4,Yes,NO APPARENT INJURY,N/A,UNKNOWN,MD,184774C2-FFFE-42A0-B20D-1C864FE5293D,FUNCTIONAL,PASSENGER CAR,ACCELERATING,38.997427,-77.110476,"(38.997427, -77.110476)"
MCP1022006T,170500874,Montgomery County Police,Property Damage Crash,04/07/2017 12:32:00 PM,Maryland (State),GREAT SENECA HWY,Unknown,COTTAGE GARDEN DR,,N/A,,STRAIGHT MOVEMENT ANGLE,CLOUDY,DRY,DAYLIGHT,TRAFFIC SIGNAL,NONE DETECTED,,595B9FA3-DE31-4BA7-9EA2-D77C7EA8E09B,Yes,NO APPARENT INJURY,N/A,NOT DISTRACTED,MD,AB8CB41B-D28E-4E25-9BA4-18B64C2F84F8,DISABLING,PASSENGER CAR,MOVING CONSTANT SPEED,39.15347833,-77.278005,"(39.15347833, -77.278005)"
MCP2861001P,16004785,Montgomery County Police,Injury Crash,01/29/2016 05:52:00 PM,Maryland (State),OLD GEORGETOWN RD,Ramp,RAMP 4 FR MD 187 NB TO IS 495 EB,,N/A,,HEAD ON LEFT TURN,CLEAR,ICE,DARK LIGHTS ON,TRAFFIC SIGNAL,NONE DETECTED,,3D24B21D-BD6F-4031-A0BE-DCFF25B6110A,Yes,NO APPARENT INJURY,"ICY OR SNOW-COVERED, VISION OBSTRUCTION (INCL. BLINDED BY SUN)",NOT DISTRACTED,MD,BD046449-051F-466F-83CC-215B55DC60DB,DISABLING,PASSENGER CAR,ACCELERATING,39.015295,-77.118725,"(39.015295, -77.118725)"
MCP28320027,16038362,Montgomery County Police,Injury Crash,07/29/2016 01:00:00 PM,Maryland (State),EAST WEST HWY,County,GRUBB RD,,N/A,,SAME DIR REAR END,CLEAR,DRY,DAYLIGHT,TRAFFIC SIGNAL,NONE DETECTED,,1418B3DD-6D23-4E31-9FAE-C4D8CC39B184,No,SUSPECTED MINOR INJURY,N/A,NOT DISTRACTED,DC,83AA66D9-71A6-4723-A34A-C2D5D81A4778,FUNCTIONAL,PASSENGER CAR,STOPPED IN TRAFFIC LANE,38.993515,-77.05206,"(38.993515, -77.05206)"
MCP2351000Q,16021555,Montgomery County Police,Property Damage Crash,05/02/2016 07:07:00 AM,County,E GUDE DR,County,SOUTHLAWN LA,,N/A,,SAME DIR REAR END,RAINING,WET,DAYLIGHT,TRAFFIC SIGNAL,NONE DETECTED,,D700C621-B58B-44CD-8A5A-1850ABF81B1B,No,NO APPARENT INJURY,"RAIN, SNOW, WET",NOT DISTRACTED,MD,F7FBC64C-C079-4331-B2F9-AA36DFB5BC5C,FUNCTIONAL,PASSENGER CAR,STOPPED IN TRAFFIC LANE,39.09748,-77.13586667,"(39.09748, -77.13586667)"
MCP27300012,170500184,Montgomery County Police,Property Damage Crash,04/03/2017 01:50:00 PM,County,FATHER HURLEY BLVD,County,WATERS LANDING DR,,N/A,,STRAIGHT MOVEMENT ANGLE,CLEAR,DRY,DAYLIGHT,TRAFFIC SIGNAL,N/A,,4FF9009F-3BAE-46AC-957C-A9F7671EAF8E,Yes,NO APPARENT INJURY,N/A,UNKNOWN,MD,F6205574-EF73-4A12-9B51-FB5A051CB9C9,FUNCTIONAL,(SPORT) UTILITY VEHICLE,MOVING CONSTANT SPEED,39.191585,-77.27215833,"(39.191585, -77.27215833)"
MCP2707000P,16052151,Montgomery County Police,Injury Crash,10/10/2016 07:01:00 PM,Maryland (State),WOODFIELD RD,County,SNOUFFERS SCHOOL RD,,N/A,,HEAD ON LEFT TURN,CLEAR,DRY,DUSK,TRAFFIC SIGNAL,NONE DETECTED,,1B881C51-CCD2-43EB-AC53-3D92A7E521E7,Yes,SUSPECTED MINOR INJURY,N/A,NOT DISTRACTED,MD,97B4076F-514F-4411-8E7D-62C5A2116D79,DISABLING,PASSENGER CAR,MAKING LEFT TURN,39.15936833,-77.160155,"(39.15936833, -77.160155)"
MCP2740002S,17014348,Montgomery County Police,Property Damage Crash,03/20/2017 09:21:00 PM,Maryland (State),FLOWER AVE,Maryland (State),CARROLL AVE,,N/A,,SAME DIRECTION SIDESWIPE,CLOUDY,DRY,DARK LIGHTS ON,TRAFFIC SIGNAL,NONE DETECTED,,3BE41988-AA97-474E-B69B-982E14A6A5FD,No,NO APPARENT INJURY,N/A,NOT DISTRACTED,MD,E2FE08C4-866B-4DD8-B089-C3A92E49506C,SUPERFICIAL,PASSENGER CAR,ACCELERATING,38.98496294,-76.99866906,"(38.98496294, -76.99866906)"
MCP2386001C,170501462,Montgomery County Police,Property Damage Crash,04/10/2017 06:00:00 PM,Maryland (State),PINEY BRANCH RD,County,MANCHESTER RD,,N/A,,SAME DIRECTION SIDESWIPE,CLEAR,DRY,DAYLIGHT,NO CONTROLS,NONE DETECTED,,9D9118B2-3BF3-4BF7-A7AD-36EE9E665E11,Yes,NO APPARENT INJURY,N/A,NOT DISTRACTED,MD,71765A9B-0574-4EDE-B38E-F4A065DB4EBC,FUNCTIONAL,PASSENGER CAR,MOVING CONSTANT SPEED,38.99743,-77.00482333,"(38.99743, -77.00482333)"
MCP9386002K,15061473,MONTGOMERY,Injury Crash,12/02/2015 06:42:00 AM,County,JONES BRIDGE RD,Maryland (State),CONNECTICUT AVE,,N/A,,SINGLE VEHICLE,RAINING,WET,DAWN,TRAFFIC SIGNAL,NONE DETECTED,,724FD655-B578-4F11-9995-1DB1BF2811F7,Yes,POSSIBLE INJURY,"RAIN, SNOW, WET",NOT DISTRACTED,MD,8FE0D909-110A-4D9C-956F-CB3AA48BD3B5,DISABLING,(SPORT) UTILITY VEHICLE,MAKING RIGHT TURN,38.99988833,-77.07744667,"(38.99988833, -77.07744667)"
MCP27460015,15058488,MONTGOMERY,Property Damage Crash,11/16/2015 03:14:00 PM,Maryland (State),LAYHILL RD,County,HATHAWAY DR,,N/A,,SAME DIR REAR END,N/A,DRY,DAYLIGHT,NO CONTROLS,NONE DETECTED,,53A83270-9947-4EB7-AECF-3384F2910791,No,NO APPARENT INJURY,N/A,NOT DISTRACTED,MD,20833C51-3443-43C6-A426-BE0354F85C13,DISABLING,PASSENGER CAR,SLOWING OR STOPPING,39.07670667,-77.04642167,"(39.07670667, -77.04642167)"
EJ7851002H,170519935,Gaithersburg Police Depar,Property Damage Crash,07/19/2017 10:30:00 AM,Municipality,QUINCE ORCHARD BLVD,Maryland (State),QUINCE ORCHARD RD,,N/A,,SAME DIR REAR END,CLEAR,DRY,DAYLIGHT,TRAFFIC SIGNAL,NONE DETECTED,,12041ABF-1D5B-4EF1-AE60-974FA81F4DF7,No,NO APPARENT INJURY,N/A,NOT DISTRACTED,MD,9F79FE32-628A-4794-937A-2D3A176D9DB9,FUNCTIONAL,PASSENGER CAR,STOPPED IN TRAFFIC LANE,39.13466667,-77.22465333,"(39.13466667, -77.22465333)"
MCP1182000V,15053587,MONTGOMERY,Property Damage Crash,10/22/2015 11:04:00 AM,Maryland (State),RIVER RD,County,BURDETTE RD,,N/A,,SAME DIR REAR END,CLEAR,DRY,DAYLIGHT,NO CONTROLS,NONE DETECTED,,5197F94A-B82C-43C8-945C-628702AF0644,Yes,NO APPARENT INJURY,N/A,NOT DISTRACTED,MD,13CC0356-3BA2-4195-8DAC-130CD2D6656C,SUPERFICIAL,"MEDIUM/HEAVY TRUCKS 3 AXLES (OVER 10,000LBS (4,536KG))",SLOWING OR STOPPING,38.99040833,-77.15319667,"(38.99040833, -77.15319667)"
MCP23620010,16036536,Montgomery County Police,Injury Crash,07/19/2016 01:40:00 PM,Maryland (State),NEW HAMPSHIRE AVE,Ramp,RAMP 4 FR MD 650 NB TO IS 495 EB,,N/A,,SAME DIR REAR END,CLEAR,DRY,DAYLIGHT,NO CONTROLS,N/A,,5BDE92F2-88CC-44A9-92B9-4F016D2D2812,No,SUSPECTED MINOR INJURY,N/A,NOT DISTRACTED,MD,3756BD35-0E1F-40E8-BCB2-A01072D5A9C4,FUNCTIONAL,PASSENGER CAR,SLOWING OR STOPPING,39.01636833,-76.97745667,"(39.01636833, -76.97745667)"
MCP1366003D,15036582,MONTGOMERY,Injury Crash,07/24/2015 04:15:00 PM,County,SEVEN LOCKS RD,County,FONTAINE ST,,N/A,,SAME DIR REAR END,CLEAR,DRY,DAYLIGHT,NO CONTROLS,NONE DETECTED,,2159B2C5-1C03-4F06-BB55-7046724765E8,No,NO APPARENT INJURY,N/A,NOT DISTRACTED,VA,D1E18117-934D-4432-ACD4-904B06FFBB73,DISABLING,PASSENGER CAR,N/A,39.04883557,-77.1629262,"(39.04883557, -77.1629262)"
MCP22980092,16035914,Montgomery County Police,Property Damage Crash,07/15/2016 04:58:00 PM,County,MATENY RD,Maryland (State),GREAT SENECA HWY,,N/A,,ANGLE MEETS LEFT TURN,CLEAR,DRY,DAYLIGHT,NO CONTROLS,NONE DETECTED,,CC43863B-0109-4022-A18F-92D50EE894C7,Yes,NO APPARENT INJURY,N/A,LOOKED BUT DID NOT SEE,MD,1B842479-E135-480C-882D-104E4D17EC59,DISABLING,PASSENGER CAR,MAKING LEFT TURN,39.14665333,-77.27240333,"(39.14665333, -77.27240333)"
MCP2846001W,16028985,Montgomery County Police,Injury Crash,06/09/2016 01:54:00 PM,Maryland (State),UNIVERSITY BLVD W,Other Public Roadway,PEBBLE RUN DR,,N/A,,SAME DIR REAR END,CLEAR,DRY,DAYLIGHT,N/A,NONE DETECTED,,20B5F54C-7F01-421D-BB6D-649E4974FE4D,No,NO APPARENT INJURY,N/A,NOT DISTRACTED,MD,DA586870-34B6-451D-98E8-E3E8939D91CC,NO DAMAGE,PASSENGER CAR,SLOWING OR STOPPING,39.03612833,-77.035475,"(39.03612833, -77.035475)"
MCP0685001N,15061157,MONTGOMERY,Injury Crash,11/30/2015 04:01:00 PM,County,MONTROSE RD,County,WHITES FORD WAY,,N/A,,SAME DIR REAR END,RAINING,WET,DUSK,TRAFFIC SIGNAL,NONE DETECTED,,041718F2-07DF-4F97-A9A0-ECFCC31CCBE7,No,NO APPARENT INJURY,"RAIN, SNOW, WET",NOT DISTRACTED,MD,C1F98B41-90F8-40DB-AFBA-9C2C67D48F35,FUNCTIONAL,(SPORT) UTILITY VEHICLE,STOPPED IN TRAFFIC LANE,39.05635667,-77.168185,"(39.05635667, -77.168185)"