Report Number,Local Case Number,Agency Name,ACRS Report Type,Crash Date/Time,Route Type,Road Name,Cross-Street Type,Cross-Street Name,Off-Road Description,Municipality,Related Non-Motorist,Collision Type,Weather,Surface Condition,Light,Traffic Control,Driver Substance Abuse,Non-Motorist Substance Abuse,Person ID,Driver At Fault,Injury Severity,Circumstance,Driver Distracted By,Drivers License State,Vehicle ID,Vehicle Damage Extent,Vehicle Body Type,Vehicle Movement,Latitude,Longitude,Location
MCP2504000V,15041981,MONTGOMERY,Property Damage Crash,08/21/2015 10:00:00 PM,County,DARNESTOWN RD,County,SHADY GROVE RD,,N/A,,STRAIGHT MOVEMENT ANGLE,CLEAR,DRY,DARK LIGHTS ON,TRAFFIC SIGNAL,ILLEGAL DRUG CONTRIBUTED,,F2BDE908-C920-4F2E-BA45-DB443BEB28C0,Yes,NO APPARENT INJURY,N/A,NOT DISTRACTED,MD,F4F266FB-EDCB-4342-A2DC-162E39624188,DISABLING,PASSENGER CAR,MAKING LEFT TURN,39.09300833,-77.19653667,"(39.09300833, -77.19653667)"
MCP93860036,16020698,Montgomery County Police,Property Damage Crash,04/27/2016 10:07:00 AM,Maryland (State),CONNECTICUT AVE,Municipality,TAYLOR ST,,CHEVY CHASE #3,,STRAIGHT MOVEMENT ANGLE,RAINING,WET,DAYLIGHT,STOP SIGN,NONE DETECTED,,45C49C6D-C667-4677-B581-6561F81496F5,No,NO APPARENT INJURY,"N/A, WET",NOT DISTRACTED,MD,9F115458-7F77-43D1-A58F-CA54C7BF873D,DISABLING,(SPORT) UTILITY VEHICLE,MOVING CONSTANT SPEED,38.98092833,-77.07707667,"(38.98092833, -77.07707667)"
MCP11190036,16066645,Montgomery County Police,Property Damage Crash,12/27/2016 06:58:00 PM,Maryland (State),UNIVERSITY BLVD W,Maryland (State),VEIRS MILL RD,,N/A,,OTHER,CLEAR,DRY,DARK LIGHTS ON,TRAFFIC SIGNAL,NONE DETECTED,,E946481F-B67D-40C9-B1F0-76BF2C9214CD,No,NO APPARENT INJURY,N/A,NOT DISTRACTED,MD,2EC047D0-E2C0-42FC-9500-EB027664F50A,FUNCTIONAL,AMBULANCE/EMERGENCY,ACCELERATING,39.03975167,-77.056295,"(39.03975167, -77.056295)"
MCP1580002H,15005271,Montgomery County Police,Injury Crash,02/02/2015 10:12:00 AM,County,GOSHEN RD,County,ROTHBURY DR,,N/A,,SAME DIRECTION LEFT TURN,CLOUDY,WET,DAYLIGHT,NO CONTROLS,NONE DETECTED,,9C0958B3-45CB-4BC0-9A0D-330BDF31BD2F,Yes,SUSPECTED SERIOUS INJURY,"N/A, WET",UNKNOWN,MD,1D7D78B4-37E5-4372-9398-2F4C0886BFC3,DESTROYED,PASSENGER CAR,ENTERING TRAFFIC LANE,39.18497167,-77.18751167,"(39.18497167, -77.18751167)"
MCP24560020,170525118,Montgomery County Police,Property Damage Crash,08/16/2017 10:16:00 AM,US (State),COLUMBIA PIKE,County,LOCKWOOD DR,,N/A,,SAME DIR REAR END,CLEAR,DRY,DAYLIGHT,NO CONTROLS,UNKNOWN,,93A84AF1-6C2F-4BD2-95AB-3C1A6280BBFA,No,NO APPARENT INJURY,N/A,UNKNOWN,MD,6E7B9111-E31E-4CEA-86B1-488D17F40130,UNKNOWN,PASSENGER CAR,SLOWING OR STOPPING,39.0332,-77.00282833,"(39.0332, -77.00282833)"
MCP20550017,16032870,Montgomery County Police,Property Damage Crash,06/29/2016 10:30:00 AM,Maryland (State),W DIAMOND AVE,Ramp,RAMP 6 FR MD 117 EB TO IS 270 SB,,N/A,,SAME DIRECTION SIDESWIPE,CLEAR,DRY,DAYLIGHT,NO CONTROLS,NONE DETECTED,,52A06F4A-2F22-46E2-9933-CF2B3FFEE603,Yes,NO APPARENT INJURY,N/A,LOOKED BUT DID NOT SEE,XX,67FCD50A-224E-4C37-B054-1D8A51C9524E,SUPERFICIAL,PASSENGER CAR,ENTERING TRAFFIC LANE,39.13520337,-77.20857739,"(39.13520337, -77.20857739)"
MCP08990015,16018464,Montgomery County Police,Property Damage Crash,04/15/2016 03:10:00 PM,Municipality,LELAND ST,Municipality,45TH ST,,CHEVY CHASE #4,,HEAD ON,CLEAR,DRY,DAYLIGHT,NO CONTROLS,NONE DETECTED,,B78EB298-A9A8-486E-A396-4C03C6DA0BB1,Yes,NO APPARENT INJURY,N/A,NOT DISTRACTED,MD,67FFB4DF-E596-4A28-BBCE-1F11DB8AD2D8,SUPERFICIAL,VAN,BACKING,38.980425,-77.08896,"(38.980425, -77.08896)"
MCP2351000G,15050140,MONTGOMERY,Property Damage Crash,10/03/2015 02:29:00 PM,,,,,COMPLEX PARKINGLOT,,,UNKNOWN,CLOUDY,,UNKNOWN,N/A,N/A,,E98EDF9A-3423-43D3-B5E2-07882FE06ABD,No,NO APPARENT INJURY,"N/A, WET",NO DRIVER PRESENT,MD,9F828BFD-AF84-4978-B386-6E800CB090D2,FUNCTIONAL,PASSENGER CAR,PARKED,39.05890667,-77.10967667,"(39.05890667, -77.10967667)"
EJ78020009,16001272,Gaithersburg Police Depar,Property Damage Crash,01/07/2016 11:16:00 PM,Municipality,BICKERSTAFF WAY,Municipality,SHARPSTEAD LA,,GAITHERSBURG,,SINGLE VEHICLE,CLEAR,DRY,DARK LIGHTS ON,N/A,NONE DETECTED,,66BCC86A-48AC-41E4-8A2B-B9CB00687DCB,Yes,NO APPARENT INJURY,N/A,OTHER CELLULAR PHONE RELATED,MD,16617E93-4F72-40A8-8F3D-F8E6B1D8B47F,SUPERFICIAL,PASSENGER CAR,ACCELERATING,39.11442833,-77.21084667,"(39.11442833, -77.21084667)"
MCP2986000Q,16027315,Montgomery County Police,Injury Crash,06/01/2016 09:57:00 AM,County,N NOYES DR,US (State),COLESVILLE RD,,N/A,,HEAD ON,CLEAR,DRY,DAYLIGHT,TRAFFIC SIGNAL,NONE DETECTED,,4BCE3373-9CC9-4311-A401-7356CAE9F41F,Yes,NO APPARENT INJURY,N/A,NOT DISTRACTED,MD,77EF6853-6273-4594-81DC-B1E71BAB9359,FUNCTIONAL,PASSENGER CAR,MOVING CONSTANT SPEED,39.00063333,-77.02560333,"(39.00063333, -77.02560333)"
MCP1064004X,16050783,Montgomery County Police,Injury Crash,10/03/2016 03:16:00 PM,Maryland (State),NEW HAMPSHIRE AVE,County,CHALMERS RD,,N/A,,SAME DIR REAR END,CLOUDY,DRY,DAYLIGHT,TRAFFIC SIGNAL,N/A,,69A401FF-3AE5-4E56-9832-1349F6352F1C,Yes,SUSPECTED MINOR INJURY,N/A,UNKNOWN,MD,45FB7AE0-4DA4-4D15-8869-A31F5BD65DBD,DISABLING,PASSENGER CAR,SLOWING OR STOPPING,39.02957333,-76.98395167,"(39.02957333, -76.98395167)"
MCP2784002M,16048386,Montgomery County Police,Injury Crash,09/20/2016 05:42:00 PM,Maryland (State),NEW HAMPSHIRE AVE,County,CRYSTAL SPRING DR,,N/A,,SAME DIR REAR END,CLEAR,DRY,DAYLIGHT,NO CONTROLS,NONE DETECTED,,268CE803-F13C-492C-A82C-265618A86181,Yes,NO APPARENT INJURY,N/A,UNKNOWN,MD,2F89E945-41E3-4AC6-BD10-7010C9DDE4C8,DISABLING,PASSENGER CAR,SLOWING OR STOPPING,39.14696667,-77.00931,"(39.14696667, -77.00931)"
MCP2717001B,15023575,Montgomery County Police,Injury Crash,05/17/2015 01:16:00 AM,US (State),COLUMBIA PIKE,Other Public Roadway,TECH RD,,N/A,,ANGLE MEETS LEFT TURN,CLEAR,DRY,DARK LIGHTS ON,TRAFFIC SIGNAL,ALCOHOL PRESENT,,CABC7495-A277-4601-9FD6-91D6FCE04609,Yes,SUSPECTED MINOR INJURY,N/A,UNKNOWN,MD,B313F89E-CB18-4CB8-9F7A-62DC585C91EF,DISABLING,PICKUP TRUCK,MAKING LEFT TURN,39.05775037,-76.96839094,"(39.05775037, -76.96839094)"
MCP2746000W,15035883,MONTGOMERY,Property Damage Crash,07/21/2015 01:09:00 PM,Maryland (State),LAYHILL RD,County,BRIGGS RD,,N/A,,SAME DIRECTION SIDESWIPE,CLEAR,DRY,DAYLIGHT,NO CONTROLS,NONE DETECTED,,B87F915C-E535-46D1-93F8-394C92737963,No,NO APPARENT INJURY,N/A,NOT DISTRACTED,MD,E3E7C024-BEF8-405C-B430-7ECD0BB1C4E0,SUPERFICIAL,PASSENGER CAR,MOVING CONSTANT SPEED,39.18452667,-77.26524667,"(39.18452667, -77.26524667)"
MCP2910003X,17051041,Montgomery County Police,Property Damage Crash,07/25/2017 11:59:00 AM,US (State),COLUMBIA PIKE,County,FAIRLAND RD,,N/A,,SAME DIR REAR END,CLEAR,DRY,DAYLIGHT,TRAFFIC SIGNAL,NONE DETECTED,,06897B43-05BF-4935-A29C-042A7D897D5F,No,NO APPARENT INJURY,N/A,NOT DISTRACTED,DC,F0C3E693-CBAE-4691-A3A9-6883D1952D81,FUNCTIONAL,(SPORT) UTILITY VEHICLE,STOPPED IN TRAFFIC LANE,39.07496833,-76.95487,"(39.07496833, -76.95487)"
MCP1502000N,16004905,Montgomery County Police,Injury Crash,01/30/2016 10:22:00 AM,County,SNOUFFERS SCHOOL RD,County,FLOWER HILL WAY,,N/A,,STRAIGHT MOVEMENT ANGLE,CLEAR,DRY,DAYLIGHT,STOP SIGN,NONE DETECTED,,6E5788C6-B7E8-4034-974A-01FF70F47C8B,Yes,NO APPARENT INJURY,"DEBRIS OR OBSTRUCTION, N/A",NOT DISTRACTED,MD,8F29A741-728C-46E9-A16E-3115FE584BCA,FUNCTIONAL,(SPORT) UTILITY VEHICLE,MAKING RIGHT TURN,39.16728167,-77.17297667,"(39.16728167, -77.17297667)"
MCP1174001G,16008808,Montgomery County Police,Property Damage Crash,02/29/2016 08:26:00 AM,County,WOODMONT AVE,County,EDGEMOOR LA,,N/A,,SAME DIRECTION SIDESWIPE,CLEAR,DRY,DAYLIGHT,NO CONTROLS,NONE DETECTED,,C4BD6257-E50B-4AAD-B335-7C6775CB6904,No,NO APPARENT INJURY,N/A,NOT DISTRACTED,MD,559766E7-7BBA-4ACE-8BD4-ED85684259F1,SUPERFICIAL,PASSENGER CAR,MOVING CONSTANT SPEED,38.98499943,-77.09693313,"(38.98499943, -77.09693313)"
MCP3002000C,15054127,MONTGOMERY,Property Damage Crash,10/25/2015 03:44:00 AM,Maryland (State),MASSACHUSETTS AVE,Maryland (State),GOLDSBORO RD,,N/A,,SINGLE VEHICLE,RAINING,WET,DARK LIGHTS ON,FLASHING TRAFFIC SIGNAL,ALCOHOL CONTRIBUTED,,A685748F-C114-4A87-8721-361B6A8324F6,Yes,NO APPARENT INJURY,"RAIN, SNOW, WET",NOT DISTRACTED,MD,E1B6A8A3-9F75-4960-94F6-15B358942F1D,DISABLING,PASSENGER CAR,SLOWING OR STOPPING,38.96999333,-77.13067,"(38.96999333, -77.13067)"
MCP2919001J,16023190,Montgomery County Police,Property Damage Crash,05/10/2016 03:16:00 PM,Maryland (State),16TH ST,County,SECOND AVE,,N/A,,SAME DIR REAR END,RAINING,WET,DAYLIGHT,NO CONTROLS,NONE DETECTED,,C7169BDF-0A05-43C6-B156-6034DA3818A5,No,NO APPARENT INJURY,"RAIN, SNOW, WET",NOT DISTRACTED,MD,503A96A3-47DD-4F27-8776-D48455119D02,SUPERFICIAL,"MEDIUM/HEAVY TRUCKS 3 AXLES (OVER 10,000LBS (4,536KG))",SLOWING OR STOPPING,39.00205333,-77.04013667,"(39.00205333, -77.04013667)"
MCP2008000P,15004736,Montgomery County Police,Property Damage Crash,01/29/2015 09:22:00 PM,Maryland (State),WISCONSIN AVE,County,CHASE AVE,,N/A,,SAME DIRECTION SIDESWIPE,CLEAR,WET,DARK LIGHTS ON,N/A,NONE DETECTED,,93A2D870-D1F7-4CB0-B2F4-B20CE549FDF0,No,NO APPARENT INJURY,N/A,NOT DISTRACTED,MD,9D9EFA97-E6AC-4E5E-A989-5F1FC3D5DDDD,NO DAMAGE,TRANSIT BUS,MOVING CONSTANT SPEED,38.99025333,-77.09537167,"(38.99025333, -77.09537167)"
EJ78260018,16016553,Gaithersburg Police Depar,Injury Crash,04/05/2016 09:20:00 AM,Maryland (State),QUINCE ORCHARD RD,Ramp,RAMP 6 FR MD 124 EB TO RAMP 7 (TO IS270),,N/A,,SAME DIR REAR END,CLEAR,DRY,DAYLIGHT,NO CONTROLS,N/A,,42355B40-1400-4122-BFF9-43BFE06F0AA2,No,SUSPECTED MINOR INJURY,N/A,NOT DISTRACTED,MD,EBEE0B59-F969-4060-B138-A6AD0FCC30B0,FUNCTIONAL,PASSENGER CAR,SLOWING OR STOPPING,39.149005,-77.21704333,"(39.149005, -77.21704333)"
MCP2116001D,15003682,Montgomery County Police,Property Damage Crash,01/23/2015 08:11:00 AM,County,ESWORTHY RD,County,QUERY MILL RD,,N/A,,SAME DIR REAR END,CLEAR,WET,DAYLIGHT,N/A,NONE DETECTED,,1769BD8E-375D-4D4B-8353-972B96121F7C,No,NO APPARENT INJURY,N/A,NOT DISTRACTED,MD,D8F3D9C5-8EFA-4238-87BB-7BDA47BED7FC,SUPERFICIAL,PASSENGER CAR,SLOWING OR STOPPING,39.072175,-77.28535167,"(39.072175, -77.28535167)"
MCP2348001N,16030670,Montgomery County Police,Property Damage Crash,06/17/2016 04:04:00 PM,,,,,PARKING LOT OF 11214 GEORGIA AVE.,,,SAME DIRECTION SIDESWIPE,CLOUDY,,DAYLIGHT,N/A,NONE DETECTED,,0DC9B8A2-5E12-4C6F-897B-DAC06588F296,Yes,NO APPARENT INJURY,N/A,NOT DISTRACTED,MD,3C99CD7B-4563-45B8-A505-0FB49901B110,SUPERFICIAL,POLICE VEHICLE/NON EMERGENCY,PARKING,39.039085,-77.051055,"(39.039085, -77.051055)"
MCP28520013,17005535,Montgomery County Police,Injury Crash,02/01/2017 05:12:00 AM,Maryland (State),LAYTONSVILLE RD,County,GRIFFITH RD,,N/A,,SAME DIR REAR END,CLEAR,DRY,DARK NO LIGHTS,NO CONTROLS,NONE DETECTED,,553178EB-73EC-4AE7-BE6C-429947162311,Yes,POSSIBLE INJURY,N/A,NOT DISTRACTED,MD,4C060975-3FD6-45C5-865B-2B646DD04A62,DISABLING,PASSENGER CAR,MOVING CONSTANT SPEED,39.22067833,-77.14266,"(39.22067833, -77.14266)"
MCP2954002Q,16065943,Montgomery County Police,Property Damage Crash,12/23/2016 12:07:00 PM,Maryland (State),UNIVERSITY BLVD E,Maryland (State),PINEY BRANCH RD,,N/A,,SAME DIR REAR END,CLOUDY,DRY,DAYLIGHT,TRAFFIC SIGNAL,NONE DETECTED,,4F56DE5B-3DC8-4D1E-8CCA-D4388C7E3B23,No,NO APPARENT INJURY,N/A,NOT DISTRACTED,MD,D1298F06-85A6-4E0B-A66D-188425F46B04,SUPERFICIAL,PASSENGER CAR,SLOWING OR STOPPING,39.00017907,-76.99554026,"(39.00017907, -76.99554026)"
MCP0936000Q,15003156,Montgomery County Police,Property Damage Crash,01/20/2015 11:34:00 AM,Interstate (State),CAPITAL BELTWAY,Maryland (State),ROCKVILLE PIKE,,N/A,,SAME DIR REAR END,CLOUDY,DRY,DAYLIGHT,NO CONTROLS,NONE DETECTED,,8E926571-37E3-47DB-805E-DB85710ACFA0,Yes,NO APPARENT INJURY,N/A,NOT DISTRACTED,MD,0508A8C9-9A10-4C66-B0EB-2B86B79DB910,FUNCTIONAL,RECREATIONAL VEHICLE,MOVING CONSTANT SPEED,39.00907667,-77.08796167,"(39.00907667, -77.08796167)"
MCP3005001N,17003258,Montgomery County Police,Property Damage Crash,01/19/2017 11:33:00 AM,Maryland (State),UNIVERSITY BLVD W,County,VALLEY VIEW AVE,,N/A,,SAME DIRECTION LEFT TURN,N/A,DRY,DAYLIGHT,TRAFFIC SIGNAL,NONE DETECTED,,8ECA6C24-6F1E-4C06-B5A4-C6B574784340,No,NO APPARENT INJURY,N/A,NOT DISTRACTED,MD,74F5B8F2-DF09-4AE4-982A-86303DDF91DA,SUPERFICIAL,PASSENGER CAR,MAKING LEFT TURN,39.03766549,-77.05982745,"(39.03766549, -77.05982745)"
MCP2046006K,17005395,Montgomery County Police,Property Damage Crash,01/31/2017 12:14:00 PM,Maryland (State),CHERRY HILL RD,Maryland (State),PROSPERITY DR,,N/A,,STRAIGHT MOVEMENT ANGLE,CLOUDY,DRY,DAYLIGHT,TRAFFIC SIGNAL,NONE DETECTED,,15ED7689-0562-490F-9C48-799F4D0275F8,No,NO APPARENT INJURY,N/A,NOT DISTRACTED,MD,1B638F1B-2E27-450A-87B6-26A7CD0AC3D1,DISABLING,PICKUP TRUCK,MOVING CONSTANT SPEED,39.06169,-76.96051667,"(39.06169, -76.96051667)"
MCP1522000V,16017330,Montgomery County Police,Property Damage Crash,04/09/2016 08:29:00 AM,County,FIELDCREST RD,County,MANOR VIEW DR,,N/A,,OPPOSITE DIRECTION SIDESWIPE,CLEAR,WET,DAYLIGHT,NO CONTROLS,N/A,,F5CDA67C-224F-4AD6-B2FE-A2B24639C6CF,No,NO APPARENT INJURY,"N/A, WET",NOT DISTRACTED,MD,622940D8-6112-4D6E-BD90-CFFB72D9F1C7,FUNCTIONAL,OTHER,MOVING CONSTANT SPEED,39.18687333,-77.12806,"(39.18687333, -77.12806)"
MCP2934001M,16029978,Montgomery County Police,Property Damage Crash,06/09/2016 11:02:00 AM,,,,,PARKING LOT OF 5350 WESTBARD AVE,,,OTHER,CLEAR,,DAYLIGHT,NO CONTROLS,NONE DETECTED,,71DA1B25-9D73-4577-8CBF-42FC06779F43,Yes,NO APPARENT INJURY,N/A,LOOKED BUT DID NOT SEE,DC,B3EF8848-0A07-453A-BBF3-D78F4085404B,SUPERFICIAL,"OTHER LIGHT TRUCKS (10,000LBS (4,536KG) OR LESS)",BACKING,38.96303775,-77.10675001,"(38.96303775, -77.10675001)"
MCP2877001W,15055759,MONTGOMERY,Property Damage Crash,11/02/2015 01:39:00 PM,,,,,9332 Georgia Avenue in the parking lot,,,OTHER,CLOUDY,,DAYLIGHT,NO CONTROLS,NONE DETECTED,,CD4CA141-046A-4AF4-87D0-2EB6E60CD605,Yes,NO APPARENT INJURY,N/A,LOOKED BUT DID NOT SEE,MD,41DF333A-4FFF-420A-A66D-49A4667B96D2,SUPERFICIAL,PASSENGER CAR,BACKING,39.007955,-77.04016333,"(39.007955, -77.04016333)"
MCP2851001C,15051306,MONTGOMERY,Property Damage Crash,10/09/2015 06:40:00 PM,County,CRYSTAL ROCK DR,County,MIDDLEBROOK RD,,N/A,,SAME DIRECTION LEFT TURN,RAINING,WET,DUSK,TRAFFIC SIGNAL,UNKNOWN,,B8BD08EE-122A-49F3-9FF3-84F5082256E8,Yes,NO APPARENT INJURY,"N/A, WET",NOT DISTRACTED,MD,F152F00A-4D68-41AA-8C5F-4EAC06A91A85,SUPERFICIAL,PASSENGER CAR,PASSING,39.17606833,-77.26343167,"(39.17606833, -77.26343167)"
MCP27230017,16001873,Montgomery County Police,Property Damage Crash,01/11/2016 08:52:00 AM,Maryland (State),ASHTON RD,County,MINK HOLLOW RD,,N/A,,SAME DIRECTION LEFT TURN,CLEAR,DRY,DAYLIGHT,NO CONTROLS,N/A,,E387C29A-4F97-4DBE-B144-D86B698C81B3,No,NO APPARENT INJURY,N/A,NOT DISTRACTED,MD,D249EEFB-51A9-4926-B3A1-6A6587DFD7A2,DISABLING,PASSENGER CAR,MOVING CONSTANT SPEED,39.15572223,-76.99928999,"(39.15572223, -76.99928999)"
MCP137800HD,170517115,Montgomery County Police,Injury Crash,07/03/2017 02:34:00 PM,Maryland (State),GREAT SENECA HWY,County,MUDDY BRANCH RD,,N/A,,SAME DIR REAR END,CLEAR,DRY,DAYLIGHT,NO CONTROLS,NONE DETECTED,,88054537-871D-4A6F-A7E3-A93FA76CCC8A,No,POSSIBLE INJURY,N/A,NOT DISTRACTED,MD,0C7C8774-136F-43C5-8928-BF9C1E75A993,DISABLING,PASSENGER CAR,SLOWING OR STOPPING,39.11180667,-77.220265,"(39.11180667, -77.220265)"
MCP1491000G,170501751,Montgomery County Police,Property Damage Crash,04/12/2017 10:51:00 AM,County,E GUDE DR,Unknown,CALHOUN DR,,N/A,,SAME DIR REAR END,RAINING,WET,DAYLIGHT,FLASHING TRAFFIC SIGNAL,NONE DETECTED,,1341E46F-DC0B-4702-9A76-159188D93E4D,No,NO APPARENT INJURY,"RAIN, SNOW, WET",NOT DISTRACTED,MD,43BEF9AB-CF36-491D-9C03-4660BF68148E,SUPERFICIAL,PASSENGER CAR,SLOWING OR STOPPING,39.10581667,-77.14513667,"(39.10581667, -77.14513667)"
MCP2087001H,170506536,Montgomery County Police,Property Damage Crash,05/08/2017 06:48:00 AM,Maryland (State),GEORGIA AVE,Unknown,SPUR TO/FR THISTLEBRIDGE DR,,N/A,,STRAIGHT MOVEMENT ANGLE,N/A,DRY,DAYLIGHT,NO CONTROLS,NONE DETECTED,,39B4CA65-E6D4-41BD-B7D0-072D40C3D8EF,No,NO APPARENT INJURY,N/A,NOT DISTRACTED,MD,6A4C0CAC-E7E8-465C-AB13-97D37BEA599A,DISABLING,PICKUP TRUCK,MOVING CONSTANT SPEED,39.11181167,-77.07577833,"(39.11181167, -77.07577833)"
MCP29530019,17006501,Montgomery County Police,Property Damage Crash,02/06/2017 03:39:00 PM,County,RANDOLPH RD,County,ATHERTON DR,,N/A,,SAME DIRECTION LEFT TURN,CLEAR,DRY,DAYLIGHT,N/A,NONE DETECTED,,F2317300-6B4F-4517-83A8-285CD610327E,No,NO APPARENT INJURY,N/A,NOT DISTRACTED,MD,7E2D592E-C407-4AF1-BF28-9E7687637CD6,SUPERFICIAL,VAN,SLOWING OR STOPPING,39.057435,-77.07642333,"(39.057435, -77.07642333)"
MCP2676001Y,16009293,MONTGOMERY,Injury Crash,02/24/2016 06:16:00 PM,Maryland (State),MUNCASTER MILL RD,Maryland (State),WOODFIELD RD,,N/A,,HEAD ON LEFT TURN,RAINING,WET,DARK LIGHTS ON,TRAFFIC SIGNAL,N/A,,D9EBB339-77BE-4F42-B79F-2775DBB06A21,No,POSSIBLE INJURY,"N/A, WET",NOT DISTRACTED,MD,A7A4462A-05BE-4971-88CA-A035C6E01EEE,DISABLING,OTHER,MOVING CONSTANT SPEED,39.15897507,-77.16042638,"(39.15897507, -77.16042638)"
MCP11190030,16060265,Montgomery County Police,Property Damage Crash,11/23/2016 01:21:00 PM,Maryland (State),UNIVERSITY BLVD W,County,GRANDVIEW AVE,,N/A,,SAME DIRECTION LEFT TURN,CLEAR,DRY,DAYLIGHT,NO CONTROLS,NONE DETECTED,,7599EB31-A8B1-4ED8-BBEB-C7EA30F94A33,No,NO APPARENT INJURY,N/A,NOT DISTRACTED,MD,8B447053-A8F4-4AF5-B99B-3D5D09743DB5,SUPERFICIAL,SCHOOL BUS,MOVING CONSTANT SPEED,39.04110333,-77.05364167,"(39.04110333, -77.05364167)"
MCP12510013,170515133,Montgomery County Police,Property Damage Crash,06/22/2017 10:42:00 AM,County,GLEN RD,Maryland (State),FALLS RD,,N/A,,SAME DIRECTION RIGHT TURN,N/A,DRY,DAYLIGHT,TRAFFIC SIGNAL,UNKNOWN,,B31A0AFB-5404-4109-9E39-A782B260AE32,Yes,NO APPARENT INJURY,N/A,UNKNOWN,,C7D776E0-3DBD-443F-95EC-CFECCB42E485,SUPERFICIAL,,MOVING CONSTANT SPEED,39.04442333,-77.19340833,"(39.04442333, -77.19340833)"
MCP28710013,15003802,Montgomery County Police,Property Damage Crash,01/23/2015 06:20:00 PM,County,FERNWOOD RD,County,ROCKLEDGE DR,,N/A,,SAME DIRECTION SIDESWIPE,SNOW,WET,DARK LIGHTS ON,TRAFFIC SIGNAL,NONE DETECTED,,263E077C-C027-42F4-9157-9F9892A557A7,Yes,NO APPARENT INJURY,"SLEET, HAIL, FREEZ. RAIN, WET",OTHER DISTRACTION,MD,B372E994-5294-4A76-9298-3361A60BF6F8,FUNCTIONAL,PASSENGER CAR,CHANGING LANES,39.02627,-77.13846,"(39.02627, -77.13846)"
MCP27990013,15051323,MONTGOMERY,Injury Crash,10/09/2015 11:10:00 PM,Maryland (State),OLNEY SANDY SPRING RD,Unknown,VILLAGE CENTER DR,,N/A,,STRAIGHT MOVEMENT ANGLE,CLEAR,WET,DARK LIGHTS ON,TRAFFIC SIGNAL,NONE DETECTED,,3C845A8E-DC78-4860-82E7-77C567F6366F,No,SUSPECTED MINOR INJURY,"N/A, WET",NOT DISTRACTED,MD,EF204846-876B-43AA-9C46-E7C493FFE7B4,DISABLING,PASSENGER CAR,MAKING LEFT TURN,39.14937,-77.07085167,"(39.14937, -77.07085167)"
MCP20590049,170529348,Montgomery County Police,Property Damage Crash,09/08/2017 08:41:00 AM,Maryland (State),ROCKVILLE PIKE,County,POOKS HILL RD,,N/A,,SAME DIRECTION SIDESWIPE,CLEAR,DRY,DAYLIGHT,NO CONTROLS,NONE DETECTED,,810B12A7-F917-494A-9A1B-487D7854E548,Yes,NO APPARENT INJURY,N/A,NOT DISTRACTED,MD,A83CD6DD-D410-444E-9763-855CD250945E,NO DAMAGE,"CARGO VAN/LIGHT TRUCK 2 AXLES (OVER 10,000LBS (4,536 KG))",MOVING CONSTANT SPEED,39.014145,-77.099535,"(39.014145, -77.099535)"
MCP1334004P,17007246,Montgomery County Police,Injury Crash,02/10/2017 07:31:00 AM,Maryland (State),FREDERICK RD,Unknown,ENT TO LOCKHEED MARTIN,,N/A,,SAME DIR REAR END,CLEAR,DRY,DAYLIGHT,TRAFFIC SIGNAL,NONE DETECTED,,6387BA71-3931-4997-AAB7-C9A36A37B037,Yes,NO APPARENT INJURY,N/A,OTHER DISTRACTION,MD,E66C0C64-D3BE-48F0-B5A3-258692B44B61,FUNCTIONAL,PASSENGER CAR,CHANGING LANES,39.15402295,-77.21405715,"(39.15402295, -77.21405715)"
MCP24110009,16004155,Montgomery County Police,Property Damage Crash,01/25/2016 05:30:00 PM,County,SOUTHLAWN LA,Municipality,SOUTHLAWN CT,,ROCKVILLE,,SINGLE VEHICLE,N/A,SNOW,DARK -- UNKNOWN LIGHTING,NO CONTROLS,UNKNOWN,,B8529567-432E-4F0E-BAE5-6AFE573BE344,Unknown,NO APPARENT INJURY,"ICY OR SNOW-COVERED, N/A",UNKNOWN,PA,558FF22F-1BA3-4D05-81F9-390A354DF9A7,FUNCTIONAL,FIRE VEHICLE/EMERGENCY,MOVING CONSTANT SPEED,39.10219092,-77.13378668,"(39.10219092, -77.13378668)"
MCP2671000M,15001115,Montgomery County Police,Injury Crash,01/07/2015 06:05:00 PM,County,WAYNE AVE,County,FENTON ST,,N/A,,ANGLE MEETS LEFT TURN,SNOW,WET,DARK LIGHTS ON,TRAFFIC SIGNAL,NONE DETECTED,,9851EBA3-698A-44E9-8A78-C1025A70B789,No,NO APPARENT INJURY,"RAIN, SNOW",NOT DISTRACTED,MD,AF3B7751-8DAA-409D-A15B-2189E6344A20,FUNCTIONAL,PASSENGER CAR,SLOWING OR STOPPING,38.99534816,-77.02444911,"(38.99534816, -77.02444911)"
MCP3010000N,16011872,MONTGOMERY,Injury Crash,03/11/2016 06:25:00 AM,County,CHAMBERLIN AVE,Unknown,SPUR TO SHADOW RD,,N/A,,SAME DIRECTION SIDESWIPE,CLEAR,DRY,DAYLIGHT,NO CONTROLS,NONE DETECTED,,042BAC65-0064-49EE-A5DF-66AB85632972,Yes,NO APPARENT INJURY,N/A,NOT DISTRACTED,MD,04AA7579-7067-417A-88AA-F421C071C26F,SUPERFICIAL,PASSENGER CAR,MOVING CONSTANT SPEED,38.97432493,-77.10822657,"(38.97432493, -77.10822657)"