Report Number,Local Case Number,Agency Name,ACRS Report Type,Crash Date/Time,Route Type,Road Name,Cross-Street Type,Cross-Street Name,Off-Road Description,Municipality,Related Non-Motorist,Collision Type,Weather,Surface Condition,Light,Traffic Control,Driver Substance Abuse,Non-Motorist Substance Abuse,Person ID,Driver At Fault,Injury Severity,Circumstance,Driver Distracted By,Drivers License State,Vehicle ID,Vehicle Damage Extent,Vehicle Body Type,Vehicle Movement,Latitude,Longitude,Location
MCP2820002D,16041881,Montgomery County Police,Injury Crash,08/18/2016 08:13:00 AM,Maryland (State),GEORGIA AVE,Maryland (State),CONNECTICUT AVE,,N/A,,STRAIGHT MOVEMENT ANGLE,N/A,DRY,DAYLIGHT,OTHER,NONE DETECTED,,D574D3A2-CD30-4082-A479-9AB9ED4A265E,No,NO APPARENT INJURY,N/A,NOT DISTRACTED,MD,34D0B82A-156A-4C53-BAC7-988F85260A63,DISABLING,PASSENGER CAR,MOVING CONSTANT SPEED,39.08512333,-77.078655,"(39.08512333, -77.078655)"
MCP2890000P,15048548,MONTGOMERY,Injury Crash,09/24/2015 10:16:00 PM,Maryland (State),FREDERICK RD,County,GERMANTOWN RD,,N/A,,SAME DIR REAR END,CLEAR,DRY,DARK LIGHTS ON,TRAFFIC SIGNAL,NONE DETECTED,,9C3F2C2D-B7D4-4F08-AFC8-8C1679AECA0F,Yes,NO APPARENT INJURY,N/A,LOOKED BUT DID NOT SEE,MD,061C45FE-91B5-497A-8A09-222D45078559,SUPERFICIAL,PASSENGER CAR,MOVING CONSTANT SPEED,39.191645,-77.24223833,"(39.191645, -77.24223833)"
DD55080022,16040148,Rockville Police Departme,Injury Crash,08/08/2016 12:27:00 PM,Municipality,GAITHER RD,Municipality,REDLAND BLVD,,ROCKVILLE,,STRAIGHT MOVEMENT ANGLE,CLEAR,DRY,DAYLIGHT,TRAFFIC SIGNAL,NONE DETECTED,,C07E7D9B-E650-42E4-BBA6-1B260CE64A51,No,SUSPECTED SERIOUS INJURY,N/A,NOT DISTRACTED,MD,2744C27E-1419-41F2-8D01-BE1BC291583D,DISABLING,PASSENGER CAR,ACCELERATING,39.11082167,-77.17442,"(39.11082167, -77.17442)"
MCP2425005J,15043681,MONTGOMERY,Property Damage Crash,08/31/2015 08:44:00 AM,County,CHERRY HILL RD,County,PLUM ORCHARD DR,,N/A,,STRAIGHT MOVEMENT ANGLE,CLEAR,DRY,DAYLIGHT,TRAFFIC SIGNAL,NONE DETECTED,,EEC0602B-B0BD-4000-8D25-769D98721EF9,No,NO APPARENT INJURY,N/A,NOT DISTRACTED,MD,BA21990B-3502-4D21-8C76-AA8E965FB4A2,DISABLING,PASSENGER CAR,MOVING CONSTANT SPEED,39.05261,-76.95288833,"(39.05261, -76.95288833)"
DD5620000C,16064598,Rockville Police Departme,Injury Crash,12/16/2016 08:10:00 PM,Maryland (State),W MONTGOMERY AVE,Municipality,FALLSGROVE DR,,ROCKVILLE,,STRAIGHT MOVEMENT ANGLE,CLEAR,DRY,DARK LIGHTS ON,TRAFFIC SIGNAL,NONE DETECTED,,B88CD156-746E-4028-B0C2-41F39511521B,Yes,NO APPARENT INJURY,N/A,NOT DISTRACTED,VA,65FA9750-DE6E-407E-8D66-0CDBCFFAF89B,DISABLING,PASSENGER CAR,MOVING CONSTANT SPEED,39.09985965,-77.18468428,"(39.09985965, -77.18468428)"
MCP1417004Y,16016898,Montgomery County Police,Property Damage Crash,04/07/2016 06:38:00 AM,Maryland (State),FREDERICK RD,Municipality,ONEILL DR,,GAITHERSBURG,,SAME DIR REAR END,RAINING,WET,DAWN,TRAFFIC SIGNAL,NONE DETECTED,,AEE06D01-0D6F-41EA-BBCB-ED47D4F39A83,No,NO APPARENT INJURY,"N/A, WET",NOT DISTRACTED,VA,6F0DC2A9-26B6-45A0-8C08-A7B5DDB90C7E,FUNCTIONAL,VAN,STOPPED IN TRAFFIC LANE,39.12445333,-77.18056667,"(39.12445333, -77.18056667)"
MCP2969002Z,17004891,Montgomery County Police,Injury Crash,01/28/2017 07:09:00 AM,County,E RANDOLPH RD,County,FAIRLAND RD,,N/A,,SAME DIRECTION SIDESWIPE,CLEAR,DRY,DUSK,NO CONTROLS,NONE DETECTED,,6705F3EB-813E-4D8C-8DA5-965C00D19765,Yes,POSSIBLE INJURY,N/A,UNKNOWN,MD,C4DBF328-617A-44FD-85AB-8C097AEB758A,FUNCTIONAL,PASSENGER CAR,MOVING CONSTANT SPEED,39.0757055,-76.99499983,"(39.0757055, -76.99499983)"
EJ7855000F,15036944,GAITHERSBURG,Property Damage Crash,07/26/2015 02:15:00 PM,,,,,"Crown Point Avenue at Ellington Blvd-on roadway, but streets are new and not listed in directory.",,,SAME DIRECTION SIDESWIPE,CLEAR,,DAYLIGHT,NO CONTROLS,NONE DETECTED,,F4868A18-FEF5-4701-A260-1CA9E2D05D34,Unknown,NO APPARENT INJURY,N/A,NOT DISTRACTED,MD,A10FED93-6016-48AF-9E83-E58A6895039B,SUPERFICIAL,PASSENGER CAR,BACKING,39.11417075,-77.20532656,"(39.11417075, -77.20532656)"
MCP14530023,15056361,MONTGOMERY,Property Damage Crash,11/05/2015 11:52:00 AM,County,BOWMAN MILL RD,Maryland (State),GERMANTOWN RD,,N/A,,SAME DIR REAR END,CLEAR,DRY,DAYLIGHT,STOP SIGN,NONE DETECTED,,47263CFA-9243-484E-8013-96105259B283,No,NO APPARENT INJURY,N/A,NOT DISTRACTED,MD,E15333E4-AB0C-4D1B-9BB4-610D8B02BA08,FUNCTIONAL,PASSENGER CAR,MAKING RIGHT TURN,39.17521833,-77.27186,"(39.17521833, -77.27186)"
MCP2708000F,15001892,Montgomery County Police,Injury Crash,01/12/2015 06:31:00 PM,County,E FRANKLIN AVE,Maryland (State),UNIVERSITY BLVD E,,N/A,,SAME DIR REAR END,RAINING,WET,DARK LIGHTS ON,TRAFFIC SIGNAL,NONE DETECTED,,8D0E8090-9A5F-4627-BDD1-266DDBF584AC,Yes,NO APPARENT INJURY,"SLEET, HAIL, FREEZ. RAIN, WET",NOT DISTRACTED,MD,BC6F801C-4187-475F-B304-88434444D9A7,NO DAMAGE,PASSENGER CAR,SLOWING OR STOPPING,39.01223145,-77.00276613,"(39.01223145, -77.00276613)"
DD55230006,16027891,Rockville Police Departme,Injury Crash,06/03/2016 10:20:00 AM,Municipality,ROLLINS AVE,Maryland (State),ROCKVILLE PIKE,,N/A,,OTHER,CLOUDY,DRY,DARK LIGHTS ON,N/A,N/A,,32CBFB6E-B38D-43B7-B509-CC9164F6A3A7,Yes,SUSPECTED SERIOUS INJURY,N/A,OTHER DISTRACTION,MD,A7228A95-6EC3-4267-8F8A-BD45E2CED5BA,DISABLING,PASSENGER CAR,MOVING CONSTANT SPEED,39.05864167,-77.12383167,"(39.05864167, -77.12383167)"
MCP22520012,15059675,MONTGOMERY,Property Damage Crash,11/22/2015 10:51:00 AM,County,REDLAND RD,County,BAEDERWOOD LA,,N/A,,STRAIGHT MOVEMENT ANGLE,CLEAR,DRY,DAYLIGHT,TRAFFIC SIGNAL,NONE DETECTED,,583979DD-0C14-4367-837C-6A6F94189D6A,Yes,NO APPARENT INJURY,N/A,LOOKED BUT DID NOT SEE,DC,F9F4843C-4BC0-4C6C-8C60-EA9EC6B72BAC,DESTROYED,OTHER,MAKING LEFT TURN,39.125875,-77.15219833,"(39.125875, -77.15219833)"
MCP2181000S,16021762,Montgomery County Police,Property Damage Crash,05/03/2016 07:35:00 AM,County,TURKEY FOOT RD,County,CROSSLAND LA,,N/A,,HEAD ON LEFT TURN,CLOUDY,WET,DAYLIGHT,N/A,N/A,,8B39F709-F1DC-43F4-B9E3-F9BC92E79B14,Yes,NO APPARENT INJURY,"N/A, WET",NOT DISTRACTED,MD,E43E942A-35CF-48C9-89E6-B4DC26504C9A,DISABLING,PASSENGER CAR,MOVING CONSTANT SPEED,39.0872,-77.26784333,"(39.0872, -77.26784333)"
MCP9113001N,16040726,Montgomery County Police,Property Damage Crash,08/11/2016 02:40:00 PM,Maryland (State),NORBECK RD,County,BALTIMORE RD,,N/A,,SAME DIR REAR END,CLEAR,DRY,DAYLIGHT,TRAFFIC SIGNAL,NONE DETECTED,,5FDC25A1-B390-4441-A5F9-CCB7568DA2EF,Yes,NO APPARENT INJURY,N/A,OTHER ELECTRONIC DEVICE (NAVIGATIONAL PALM PILOT),MD,CA315BC9-B6B6-43BB-83F2-7F952CED02C1,DISABLING,PASSENGER CAR,MOVING CONSTANT SPEED,39.09447167,-77.11567167,"(39.09447167, -77.11567167)"
MCP2991000W,16036664,Montgomery County Police,Injury Crash,07/20/2016 08:05:00 AM,Maryland (State),GEORGIA AVE,County,SUNSHINE CT,,N/A,,SAME DIR REAR END,CLEAR,DRY,DAYLIGHT,NO CONTROLS,NONE DETECTED,,A78BAB2F-64C2-4F4A-A29D-588497310F18,No,NO APPARENT INJURY,N/A,NOT DISTRACTED,MD,7E0DC1DA-4AAA-46DF-A487-8E773C853B8F,FUNCTIONAL,(SPORT) UTILITY VEHICLE,SLOWING OR STOPPING,39.224585,-77.05894167,"(39.224585, -77.05894167)"
MCP2818001Z,16032935,Montgomery County Police,Injury Crash,06/29/2016 04:39:00 PM,Maryland (State),GEORGIA AVE,County,FENWICK LA,,N/A,,SAME DIR REAR END,CLEAR,DRY,DAYLIGHT,OTHER,NONE DETECTED,,0A8457C5-1894-4A7A-91CE-BD8C86086043,No,NO APPARENT INJURY,N/A,NOT DISTRACTED,MD,AB7A7287-00CA-45A0-AF09-0780EE57A2CF,DISABLING,PASSENGER CAR,STOPPED IN TRAFFIC LANE,38.99909167,-77.03098667,"(38.99909167, -77.03098667)"
MCP2799002W,170506853,Montgomery County Police,Property Damage Crash,05/09/2017 04:09:00 PM,Maryland (State),DAMASCUS RD,Maryland (State),GEORGIA AVE,,N/A,,SAME DIR REAR END,CLEAR,DRY,DAYLIGHT,TRAFFIC SIGNAL,NONE DETECTED,,E7098978-34D2-4C3C-BB1D-768D3676A971,Yes,NO APPARENT INJURY,N/A,LOOKED BUT DID NOT SEE,MD,5AC57742-6EDD-42D9-94E6-C583DFC238B8,SUPERFICIAL,PASSENGER CAR,STARTING FROM LANE,39.22121333,-77.05956333,"(39.22121333, -77.05956333)"
MCP2689002G,16051905,Montgomery County Police,Injury Crash,10/09/2016 10:59:00 AM,County,ARDENNES AVE,County,TWINBROOK PKWY,,N/A,BICYCLIST,SINGLE VEHICLE,CLEAR,DRY,DAYLIGHT,TRAFFIC SIGNAL,NONE DETECTED,NONE DETECTED,51B83AB6-12FB-4151-BC04-EC4BEEF35EEF,Yes,NO APPARENT INJURY,N/A,UNKNOWN,MD,F170805A-4847-455C-BA82-42B4D9BEC26F,NO DAMAGE,PASSENGER CAR,RIGHT TURN ON RED,39.06370266,-77.11632818,"(39.06370266, -77.11632818)"
MCP2592000F,15052699,MONTGOMERY,Injury Crash,10/17/2015 09:45:00 AM,County,MONTGOMERY VILLAGE AVE,County,WALKERS CHOICE RD,,N/A,,SAME DIR REAR END,CLEAR,DRY,DAYLIGHT,TRAFFIC SIGNAL,NONE DETECTED,,2E82995D-3B87-4DBE-831E-ACD771E42835,Yes,NO APPARENT INJURY,N/A,UNKNOWN,MD,9D062375-7DE9-4EA6-8E94-358E01D62B31,FUNCTIONAL,PASSENGER CAR,MOVING CONSTANT SPEED,39.1614458,-77.20197916,"(39.1614458, -77.20197916)"
MCP2260001B,16031647,Montgomery County Police,Property Damage Crash,06/22/2016 09:17:00 AM,Maryland (State),ROCKVILLE PIKE,Municipality,W EDMONSTON DR,,ROCKVILLE,,ANGLE MEETS RIGHT TURN,N/A,WET,DARK LIGHTS ON,TRAFFIC SIGNAL,N/A,,7659CE31-3FEB-4EC9-8A50-ACB152B3D9FA,No,NO APPARENT INJURY,N/A,UNKNOWN,,3676CC94-FE1E-4CBF-B679-04241837BD73,UNKNOWN,PASSENGER CAR,MOVING CONSTANT SPEED,39.073825,-77.13511833,"(39.073825, -77.13511833)"
MCP9386003C,16032692,Montgomery County Police,Injury Crash,06/28/2016 11:42:00 AM,Maryland (State),RIVER RD,County,DURHAM DR,,N/A,,SAME DIR REAR END,CLOUDY,DRY,DAYLIGHT,NO CONTROLS,NONE DETECTED,,49905075-2C8A-4400-B79F-04712856B02E,No,POSSIBLE INJURY,N/A,NOT DISTRACTED,VA,74F10C8E-5B12-4EB4-84F2-889A251F8EEB,DISABLING,PASSENGER CAR,STOPPED IN TRAFFIC LANE,39.005115,-77.18795833,"(39.005115, -77.18795833)"
MCP2565002H,15066974,Montgomery County Police,Injury Crash,12/30/2015 05:32:00 PM,County,DEMOCRACY BLVD,Maryland (State),OLD GEORGETOWN RD,,N/A,,SAME DIR REAR END,RAINING,WET,DARK LIGHTS ON,TRAFFIC SIGNAL,NONE DETECTED,,B12D596A-1E6A-4CFF-81C6-FB78EEFDAFAC,No,SUSPECTED MINOR INJURY,"RAIN, SNOW, WET",NOT DISTRACTED,MD,F9B91420-7802-438F-87C5-CED7267581E1,FUNCTIONAL,PASSENGER CAR,SLOWING OR STOPPING,39.02463705,-77.12558985,"(39.02463705, -77.12558985)"
MCP2877000Y,15006010,Montgomery County Police,Property Damage Crash,02/06/2015 08:00:00 AM,US (State),GEORGIA AVE,Other Public Roadway,STODDARD PL,,N/A,,SAME DIR REAR END,CLEAR,DRY,DAYLIGHT,NO CONTROLS,NONE DETECTED,,382B1F3B-D849-4660-B830-6A511CFF24E5,Yes,NO APPARENT INJURY,N/A,NOT DISTRACTED,DC,EB3FE2D7-12BB-48A5-9D69-C51C86002B3F,FUNCTIONAL,PASSENGER CAR,MOVING CONSTANT SPEED,38.98825,-77.026845,"(38.98825, -77.026845)"
MCP2959001T,16037462,Montgomery County Police,Property Damage Crash,07/24/2016 12:02:00 PM,Maryland (State),GEORGIA AVE,County,ARCOLA AVE,,N/A,,ANGLE MEETS LEFT TURN,CLEAR,DRY,DAYLIGHT,TRAFFIC SIGNAL,NONE DETECTED,,B27FB42F-E504-4712-B457-6ED391F66806,Yes,NO APPARENT INJURY,N/A,NOT DISTRACTED,MD,E7BAA387-1C73-451C-8B3A-48B4F130C195,SUPERFICIAL,PASSENGER CAR,MOVING CONSTANT SPEED,39.04696167,-77.052195,"(39.04696167, -77.052195)"
EJ78660008,16044831,Gaithersburg Police Depar,Property Damage Crash,09/02/2016 09:17:00 AM,Maryland (State),CLOPPER RD,Unknown,SPUR FR MD 124,,N/A,,SAME DIR REAR END,CLEAR,DRY,DAYLIGHT,TRAFFIC SIGNAL,NONE DETECTED,,70F47918-5EC9-492C-8CD6-570CE24169CA,Yes,NO APPARENT INJURY,N/A,LOOKED BUT DID NOT SEE,MD,01BDEF99-E1DD-487C-9450-05FAAAEA8FE4,DISABLING,PASSENGER CAR,MOVING CONSTANT SPEED,39.142155,-77.21968667,"(39.142155, -77.21968667)"
MCP2942001M,16028430,Montgomery County Police,Property Damage Crash,06/06/2016 07:06:00 PM,Maryland (State),RIVER RD,Other Public Roadway,BUTLER RD,,N/A,,STRAIGHT MOVEMENT ANGLE,CLEAR,DRY,DAYLIGHT,N/A,NONE DETECTED,,D5BA2721-9F35-4A74-B5E9-410DD706DEE1,Yes,NO APPARENT INJURY,N/A,NOT DISTRACTED,MD,03AD15C4-E61B-43B2-8D32-FE812D2AF82D,DISABLING,PASSENGER CAR,MOVING CONSTANT SPEED,38.96348,-77.10196,"(38.96348, -77.10196)"
MCP2726000L,15038258,MONTGOMERY,Property Damage Crash,08/02/2015 10:58:00 AM,,,,,"MCDC Secure Prisoner Lot at 1307 Seven Locks Road, Rockville, MD",,,OTHER,CLEAR,,DAYLIGHT,NO CONTROLS,NONE DETECTED,,3C0EA23F-9649-42C6-9F81-5B5FE5FA3AFA,Yes,NO APPARENT INJURY,N/A,LOOKED BUT DID NOT SEE,MD,9AB06A19-438C-4631-BBC9-C76CD318E974,SUPERFICIAL,POLICE VEHICLE/NON EMERGENCY,BACKING,39.06904667,-77.16086667,"(39.06904667, -77.16086667)"
MCP30090008,16009194,Montgomery County Police,Property Damage Crash,02/24/2016 08:24:00 AM,County,MIDDLEBROOK RD,County,WARING STATION RD,,N/A,,STRAIGHT MOVEMENT ANGLE,RAINING,WET,DAYLIGHT,TRAFFIC SIGNAL,N/A,,929C2817-E263-46C5-BFAA-AE0ADF24863D,No,NO APPARENT INJURY,"N/A, WET",NOT DISTRACTED,MD,69E88869-1A84-4736-95E2-39F33708DB06,DISABLING,PASSENGER CAR,MAKING LEFT TURN,39.17501333,-77.25350333,"(39.17501333, -77.25350333)"
MCP1555001R,170503849,Montgomery County Police,Injury Crash,04/24/2017 09:03:00 AM,County,E RANDOLPH RD,County,TAMARACK RD,,N/A,,SAME DIR REAR END,RAINING,WET,DAYLIGHT,NO CONTROLS,N/A,,6F2ABB2D-4913-423C-9831-34D0AAAE790E,Yes,SUSPECTED MINOR INJURY,"N/A, RAIN, SNOW",NOT DISTRACTED,MD,1D010540-3B0D-478B-AC57-68AD7A069977,DESTROYED,PASSENGER CAR,MOVING CONSTANT SPEED,39.06696392,-76.98474169,"(39.06696392, -76.98474169)"
MCP2564000R,15061193,MONTGOMERY,Injury Crash,11/30/2015 06:41:00 PM,County,CLUB HOUSE RD,County,WATKINS MILL RD,,N/A,,SAME DIR REAR END,RAINING,WET,DARK LIGHTS ON,NO CONTROLS,NONE DETECTED,,2A105239-40F9-435E-8DC0-82C084FDC3D7,No,NO APPARENT INJURY,"N/A, RAIN, SNOW",NOT DISTRACTED,MD,2A66436B-8D4A-444C-BAC2-90AE7731405C,SUPERFICIAL,STATION WAGON,SLOWING OR STOPPING,39.17407333,-77.20775333,"(39.17407333, -77.20775333)"
MCP3048000J,170501290,Montgomery County Police,Injury Crash,04/09/2017 08:32:00 PM,Maryland (State),16TH ST,Maryland (State),EAST WEST HWY,,N/A,,HEAD ON LEFT TURN,CLEAR,DRY,DARK LIGHTS ON,TRAFFIC SIGNAL,NONE DETECTED,,642B234E-E9A1-43F7-9884-AE6B36B68555,No,POSSIBLE INJURY,N/A,NOT DISTRACTED,MD,D4735900-E8CF-4ED2-BF04-8302DF254490,FUNCTIONAL,PASSENGER CAR,MOVING CONSTANT SPEED,38.99446429,-77.03617975,"(38.99446429, -77.03617975)"
MCP1438002L,16025749,Montgomery County Police,Injury Crash,05/24/2016 08:26:00 AM,County,MIDCOUNTY HWY,County,SHADY GROVE RD,,N/A,,SAME DIRECTION SIDESWIPE,CLEAR,DRY,DAYLIGHT,TRAFFIC SIGNAL,NONE DETECTED,,A117B596-49AF-434B-A7FA-D14F657F816A,No,NO APPARENT INJURY,N/A,NOT DISTRACTED,MD,FC2871CB-73B0-4C64-AD3C-AF4A540E7B21,SUPERFICIAL,PASSENGER CAR,STOPPED IN TRAFFIC LANE,39.14150333,-77.15298167,"(39.14150333, -77.15298167)"
MCP1378003Q,15001240,Montgomery County Police,Property Damage Crash,01/08/2015 03:18:00 PM,County,CRABBS BRANCH WAY,County,SHADY GROVE RD,,N/A,,SAME DIR REAR END,CLOUDY,ICE,DAYLIGHT,TRAFFIC SIGNAL,NONE DETECTED,,F845495C-7FF3-4858-94C0-34AA7FBC768E,No,NO APPARENT INJURY,"ICY OR SNOW-COVERED, N/A",NOT DISTRACTED,VA,C736F256-7BD4-4F2A-9239-A2BAE3EE573D,SUPERFICIAL,VAN,SLOWING OR STOPPING,39.12885833,-77.16782833,"(39.12885833, -77.16782833)"
EJ7847001Z,16035688,Gaithersburg Police Depar,Injury Crash,07/14/2016 04:33:00 PM,Municipality,BANK ST,Maryland (State),QUINCE ORCHARD RD,,N/A,,SAME DIR REAR END,CLEAR,DRY,DAYLIGHT,TRAFFIC SIGNAL,NONE DETECTED,,4EFAD82F-1EEB-42BF-83EC-27B4CF0BD19A,Yes,NO APPARENT INJURY,N/A,LOOKED BUT DID NOT SEE,MD,FEBF7303-D195-4FE1-B04B-E63E5AA5AC12,NO DAMAGE,PASSENGER CAR,MOVING CONSTANT SPEED,39.14012978,-77.22206354,"(39.14012978, -77.22206354)"
MCP2162001Y,16056328,Montgomery County Police,Injury Crash,11/01/2016 05:44:00 PM,Maryland (State),OLNEY SANDY SPRING RD,Unknown,VILLAGE CENTER DR,,N/A,,HEAD ON LEFT TURN,CLEAR,DRY,DAWN,TRAFFIC SIGNAL,N/A,,EE1B7129-24AC-4AFB-81D5-74B9FAB533FF,No,POSSIBLE INJURY,N/A,NOT DISTRACTED,MD,54676AC8-52DE-4044-AFEA-218153A66D4D,DISABLING,PASSENGER CAR,MOVING CONSTANT SPEED,39.15203667,-77.06425,"(39.15203667, -77.06425)"
MCP2425004H,15006903,Montgomery County Police,Property Damage Crash,02/11/2015 10:18:00 AM,Interstate (State),CAPITAL BELTWAY,Ramp,RAMP 8 FR MD 97 SB TO IS 495 WB,,N/A,,SAME DIRECTION SIDESWIPE,CLEAR,DRY,DAYLIGHT,NO CONTROLS,NONE DETECTED,,BED95FCF-E2F4-4AD3-81CE-C5D8D2DD3F0E,Unknown,NO APPARENT INJURY,N/A,NOT DISTRACTED,MD,443A28CC-289E-40FB-8164-4B59914DFE65,DESTROYED,PASSENGER CAR,MOVING CONSTANT SPEED,39.01363333,-77.04562667,"(39.01363333, -77.04562667)"
MCP3007001G,17012581,Montgomery County Police,Injury Crash,03/10/2017 08:21:00 AM,Maryland (State),VEIRS MILL RD,Maryland (State),CONNECTICUT AVE,,N/A,,SAME DIR REAR END,RAINING,WET,DAYLIGHT,TRAFFIC SIGNAL,NONE DETECTED,,8EFE3AAB-D404-45AF-B387-DFFE8906E986,No,NO APPARENT INJURY,"RAIN, SNOW, WET",NOT DISTRACTED,MD,E95C1B7A-3253-4047-AAA7-4FE499B0CCBF,FUNCTIONAL,PASSENGER CAR,MOVING CONSTANT SPEED,39.06351523,-77.0519042,"(39.06351523, -77.0519042)"
MCP2929000Y,15045072,MONTGOMERY,Injury Crash,09/07/2015 07:54:00 AM,Maryland (State),OLNEY LAYTONSVILLE RD,County,QUEEN ELIZABETH DR,,N/A,,SAME DIRECTION SIDESWIPE,CLEAR,DRY,DAYLIGHT,TRAFFIC SIGNAL,NONE DETECTED,,6F3B9CB2-EC12-479C-AF15-2E4E13B05310,No,SUSPECTED MINOR INJURY,N/A,NOT DISTRACTED,MD,80071A52-0096-4373-8676-B9CC14E64A7E,DESTROYED,PASSENGER CAR,MOVING CONSTANT SPEED,39.15995167,-77.07783667,"(39.15995167, -77.07783667)"
MCP27910011,15004527,Montgomery County Police,Property Damage Crash,01/28/2015 05:03:00 PM,County,ROBEY RD,Unknown,ROBEY TER,,N/A,,SAME DIR REAR END,CLEAR,DRY,DAYLIGHT,N/A,NONE DETECTED,,CDCCC31B-4C20-4736-92E1-25C62CA4FA69,Yes,NO APPARENT INJURY,N/A,LOOKED BUT DID NOT SEE,MD,136BF9F5-8A7A-4D9A-954C-FAA0183218CD,DISABLING,PASSENGER CAR,MOVING CONSTANT SPEED,39.083245,-76.93806833,"(39.083245, -76.93806833)"
MCP1438003V,16062994,Montgomery County Police,Injury Crash,12/08/2016 10:50:00 AM,County,WIGHTMAN RD,County,MONTGOMERY VILLAGE AVE,,N/A,PEDESTRIAN,SAME DIRECTION LEFT TURN,CLOUDY,DRY,DAYLIGHT,TRAFFIC SIGNAL,NONE DETECTED,NONE DETECTED,13FDE47F-8728-4619-B96A-0C4663071BA5,Yes,NO APPARENT INJURY,N/A,INATTENTIVE OR LOST IN THOUGHT,MD,6475192C-4C1F-4270-BC97-A454605E5F00,DESTROYED,PASSENGER CAR,CHANGING LANES,39.19005167,-77.19190167,"(39.19005167, -77.19190167)"
MCP29670019,16020956,Montgomery County Police,Injury Crash,04/28/2016 03:50:00 PM,County,MACARTHUR BLVD,County,WALHONDING RD,,N/A,,HEAD ON,RAINING,WET,DAYLIGHT,N/A,N/A,,76759B5C-76AB-4DCA-A11F-AE8D86778E45,No,POSSIBLE INJURY,"RAIN, SNOW, WET",NOT DISTRACTED,MD,F311913D-3C5C-426B-B0B4-4C83F6444286,DISABLING,(SPORT) UTILITY VEHICLE,MOVING CONSTANT SPEED,38.950525,-77.12615,"(38.950525, -77.12615)"
MCP9390000X,170525598,Montgomery County Police,Property Damage Crash,08/18/2017 07:27:00 PM,Maryland (State),KEY WEST AVE,County,BROSCHART RD,,N/A,,SAME DIR REAR END,RAINING,WET,DAYLIGHT,TRAFFIC SIGNAL,UNKNOWN,,50187558-DB6B-4E1E-ABC9-0A5CFCCC5EF6,No,NO APPARENT INJURY,"N/A, WET",UNKNOWN,,0B92176C-19AE-4355-BE35-7A36B528157D,UNKNOWN,,STOPPED IN TRAFFIC LANE,39.10483833,-77.20183667,"(39.10483833, -77.20183667)"
MCP2246001H,17001898,Montgomery County Police,Property Damage Crash,01/11/2017 07:52:00 PM,US (State),COLESVILLE RD,County,SPRING ST,,N/A,,SAME DIR REAR END,RAINING,WET,DARK LIGHTS ON,TRAFFIC SIGNAL,MEDICATION CONTRIBUTED,,148654C8-CF86-4AB7-86F7-B577A6CF2E02,Yes,NO APPARENT INJURY,"N/A, WET",NOT DISTRACTED,MD,A513C6EE-8443-4AB9-9113-748E6E4B1E50,DISABLING,PASSENGER CAR,CHANGING LANES,38.99898667,-77.02629667,"(38.99898667, -77.02629667)"
MCP2848002Q,16014490,MONTGOMERY,Injury Crash,03/24/2016 01:48:00 PM,County,WESTLAKE DR,County,DEMOCRACY BLVD,,N/A,,SAME DIR REAR END,CLEAR,DRY,DAYLIGHT,TRAFFIC SIGNAL,NONE DETECTED,,54250530-7872-42E0-AC30-016C0C48F127,No,NO APPARENT INJURY,N/A,NOT DISTRACTED,MD,4F169E4F-231E-4844-89CD-647C845E4E71,SUPERFICIAL,PASSENGER CAR,STOPPED IN TRAFFIC LANE,39.02433667,-77.14921667,"(39.02433667, -77.14921667)"
MCP2977002D,170504923,Montgomery County Police,Property Damage Crash,04/29/2017 11:39:00 AM,Maryland (State),UNIVERSITY BLVD E,County,E FRANKLIN AVE,,N/A,,SINGLE VEHICLE,CLEAR,OTHER,DAYLIGHT,OTHER,N/A,,2BB4A9B0-206F-45B1-A5CE-014680E03E53,Yes,NO APPARENT INJURY,"N/A, ROAD UNDER CONSTRUCTION/MAINTENANCE",LOOKED BUT DID NOT SEE,MD,55CFA486-FD8C-496E-9164-DD02A7E4AA06,DISABLING,PASSENGER CAR,MAKING RIGHT TURN,39.01192833,-77.00261167,"(39.01192833, -77.00261167)"
MCP2591000R,170504776,Montgomery County Police,Property Damage Crash,04/28/2017 05:34:00 PM,Interstate (State),EISENHOWER MEMORIAL HWY,Unknown,EXIT #8,,N/A,,SAME DIR REAR END,N/A,DRY,DAYLIGHT,N/A,NONE DETECTED,,E3797BCD-F963-40E4-99A2-CB991D2FE911,Yes,NO APPARENT INJURY,N/A,NOT DISTRACTED,MD,3E115378-A479-4C3F-827A-16A2D76FD348,DISABLING,PASSENGER CAR,SLOWING OR STOPPING,39.14708,-77.21568667,"(39.14708, -77.21568667)"