Report Number,Local Case Number,Agency Name,ACRS Report Type,Crash Date/Time,Route Type,Road Name,Cross-Street Type,Cross-Street Name,Off-Road Description,Municipality,Related Non-Motorist,Collision Type,Weather,Surface Condition,Light,Traffic Control,Driver Substance Abuse,Non-Motorist Substance Abuse,Person ID,Driver At Fault,Injury Severity,Circumstance,Driver Distracted By,Drivers License State,Vehicle ID,Vehicle Damage Extent,Vehicle Body Type,Vehicle Movement,Latitude,Longitude,Location
MCP2116004N,16043174,Montgomery County Police,Injury Crash,08/25/2016 09:49:00 AM,County,MONTROSE RD,County,SEVEN LOCKS RD,,N/A,,SAME DIRECTION SIDESWIPE,CLEAR,DRY,DAYLIGHT,TRAFFIC SIGNAL,NONE DETECTED,,E260BE8A-52BE-44B2-BFA7-7F88B36142E4,No,POSSIBLE INJURY,N/A,NOT DISTRACTED,MD,E224DC36-F81E-46CE-B400-C18283ECACA0,DISABLING,PASSENGER CAR,MAKING LEFT TURN,39.056865,-77.16166,"(39.056865, -77.16166)"
MCP2780001V,16028352,Montgomery County Police,Property Damage Crash,06/06/2016 02:37:00 PM,Maryland (State),RIDGE RD,County,BRINK RD,,N/A,,SAME DIR REAR END,CLOUDY,DRY,DAYLIGHT,TRAFFIC SIGNAL,UNKNOWN,,AE9BFB1E-2EA9-4BFE-9658-6BC7176A6ED6,Yes,NO APPARENT INJURY,N/A,NOT DISTRACTED,MD,F7912A02-056B-4EDF-A2AF-64AE68FA30D8,FUNCTIONAL,PICKUP TRUCK,SLOWING OR STOPPING,39.20937833,-77.240045,"(39.20937833, -77.240045)"
MCP24440019,15040234,MONTGOMERY,Property Damage Crash,08/12/2015 06:17:00 PM,County,MARINELLI RD,County,CITADEL AVE,,N/A,,ANGLE MEETS LEFT TURN,CLEAR,DRY,DAYLIGHT,STOP SIGN,NONE DETECTED,,F6A6B53A-174E-4BE5-B804-E6E9F08EB6DE,Yes,NO APPARENT INJURY,N/A,OTHER CELLULAR PHONE RELATED,MD,57341385-A0C0-4A7F-A1BD-B860E2C00810,FUNCTIONAL,PASSENGER CAR,MAKING LEFT TURN,39.04751909,-77.10932493,"(39.04751909, -77.10932493)"
MCP1027000M,170507395,Montgomery County Police,Property Damage Crash,05/12/2017 01:45:00 PM,County,SPARTAN RD,Unknown,TOWN CENTER DR,,N/A,,STRAIGHT MOVEMENT ANGLE,N/A,DRY,DAYLIGHT,STOP SIGN,NONE DETECTED,,06CC15E1-7A1A-450A-AAAE-847776E43E4F,No,NO APPARENT INJURY,N/A,UNKNOWN,MD,19579EA3-400C-44FA-9C37-E087F9240BFA,SUPERFICIAL,(SPORT) UTILITY VEHICLE,MOVING CONSTANT SPEED,39.15162892,-77.06151724,"(39.15162892, -77.06151724)"
DD5606002W,16000590,Rockville Police Departme,Property Damage Crash,01/04/2016 03:44:00 PM,Municipality,PINNEBERG AVE,Municipality,MCINTYRE RD,,ROCKVILLE,,OTHER,CLEAR,N/A,DAYLIGHT,NO CONTROLS,NONE DETECTED,,56CB10F9-E74C-4B7D-B095-2CD8090DC98B,Yes,NO APPARENT INJURY,N/A,NOT DISTRACTED,MD,B1CC7A68-0E9A-4601-87D9-7D3F0BD46C35,SUPERFICIAL,SCHOOL BUS,BACKING,39.07833,-77.11179667,"(39.07833, -77.11179667)"
EJ7868000B,170527379,Gaithersburg Police Depar,Property Damage Crash,08/29/2017 05:35:00 PM,Maryland (State),CLOPPER RD,Unknown,SULLNICK WAY,,N/A,,SAME DIR REAR END,CLEAR,N/A,DAYLIGHT,TRAFFIC SIGNAL,N/A,,15FCA9E4-AD68-48B3-84A3-8352D1A9436A,Yes,NO APPARENT INJURY,N/A,UNKNOWN,,D8B8A62E-8E38-42E7-8573-FDD3BF56CCB0,SUPERFICIAL,VAN,SLOWING OR STOPPING,39.14819373,-77.23684587,"(39.14819373, -77.23684587)"
MCP21160051,16052127,Montgomery County Police,Injury Crash,10/10/2016 04:44:00 PM,,,,,PARKING LOT OF 12051 ROCKVILLE PIKE (GIANT FOOD),,,OPPOSITE DIR BOTH LEFT TURN,CLEAR,,DAYLIGHT,N/A,NONE DETECTED,,4E7B74B6-D860-42A7-9E30-040EF9D31285,Yes,POSSIBLE INJURY,N/A,LOOKED BUT DID NOT SEE,GA,31FDEF2C-3B48-4067-8915-62F0AEAC021E,NO DAMAGE,PASSENGER CAR,BACKING,39.05499667,-77.11512833,"(39.05499667, -77.11512833)"
MCP2556000G,15033861,MONTGOMERY,Injury Crash,07/10/2015 05:03:00 PM,County,SHADY GROVE RD,County,CRABBS BRANCH WAY,,N/A,,SAME DIR REAR END,CLEAR,DRY,DAYLIGHT,N/A,NONE DETECTED,,79506885-6F23-4763-887F-C5B3C7E008EE,No,SUSPECTED MINOR INJURY,N/A,NOT DISTRACTED,MD,7B734426-67DB-47B4-B79D-365191B2D650,SUPERFICIAL,PASSENGER CAR,SLOWING OR STOPPING,39.12884833,-77.16706167,"(39.12884833, -77.16706167)"
MCP2893002F,16051958,Montgomery County Police,Property Damage Crash,10/09/2016 05:43:00 PM,Maryland (State),FREDERICK RD,County,SHAKESPEARE BLVD,,N/A,,HEAD ON LEFT TURN,CLEAR,DRY,DAYLIGHT,TRAFFIC SIGNAL,NONE DETECTED,,7FCC6970-C0B2-409D-954F-D50EEDF07AAF,Yes,NO APPARENT INJURY,N/A,LOOKED BUT DID NOT SEE,MD,6065570C-DF52-4B17-9776-5F558C99B4E2,DESTROYED,PASSENGER CAR,MAKING LEFT TURN,39.19842167,-77.24471,"(39.19842167, -77.24471)"
MCP1502000B,15003677,Montgomery County Police,Injury Crash,01/23/2015 08:08:00 AM,Maryland (State),MUNCASTER MILL RD,County,BOWIE MILL RD,,N/A,,OPPOSITE DIRECTION SIDESWIPE,CLEAR,WET,DAYLIGHT,OTHER,NONE DETECTED,,D1355830-791D-4C13-A7C9-E2D7AD77BA26,No,POSSIBLE INJURY,"N/A, WET",NOT DISTRACTED,MD,537E7EEB-9F5A-4585-804A-00E0E0D50C03,DISABLING,VAN,MOVING CONSTANT SPEED,39.13566167,-77.12469667,"(39.13566167, -77.12469667)"
MCP2832001H,15041875,MONTGOMERY,Property Damage Crash,08/21/2015 12:52:00 PM,Maryland (State),MASSACHUSETTS AVE,County,SANGAMORE RD,,N/A,,SAME DIRECTION SIDESWIPE,CLEAR,DRY,DAYLIGHT,TRAFFIC SIGNAL,NONE DETECTED,,DE3852A1-CAD6-48F4-9E70-B4830673CEAB,No,NO APPARENT INJURY,N/A,NOT DISTRACTED,MD,00AAC784-8058-4BB2-9BC3-E0D507F4E952,FUNCTIONAL,TRANSIT BUS,STOPPED IN TRAFFIC LANE,38.96341833,-77.12084333,"(38.96341833, -77.12084333)"
MCP1453003G,16053658,Montgomery County Police,Property Damage Crash,10/18/2016 07:11:00 PM,County,CRYSTAL ROCK DR,County,FATHER HURLEY BLVD,,N/A,,SAME DIRECTION SIDESWIPE,CLEAR,DRY,DARK LIGHTS ON,N/A,NONE DETECTED,,860CA60C-B7B0-430F-8981-EB3B785F4CD4,Yes,NO APPARENT INJURY,N/A,NOT DISTRACTED,MD,88CE7491-F06B-4C15-9DDE-656B6F219ED5,SUPERFICIAL,(SPORT) UTILITY VEHICLE,MOVING CONSTANT SPEED,39.24793,-77.26988333,"(39.24793, -77.26988333)"
MCP1151006H,170512252,Montgomery County Police,Injury Crash,06/07/2017 08:50:00 AM,County,FATHER HURLEY BLVD,Unknown,STRUC #M0251,,N/A,,SAME DIR REAR END,CLOUDY,DRY,DAYLIGHT,NO CONTROLS,NONE DETECTED,,5ECF601C-8C91-46EB-96C6-9A3B9E808D3E,Yes,NO APPARENT INJURY,N/A,INATTENTIVE OR LOST IN THOUGHT,MD,C0281A37-B281-4EB3-B79A-01E17AD3DF5A,SUPERFICIAL,PASSENGER CAR,SLOWING OR STOPPING,39.198525,-77.26206167,"(39.198525, -77.26206167)"
MCP2848003G,16051945,Montgomery County Police,Property Damage Crash,10/09/2016 11:30:00 AM,,,,,4935 ST ELMO AVENUE PARKING GARAGE,,,OTHER,CLEAR,,DAYLIGHT,NO CONTROLS,NONE DETECTED,,078A0D5E-9AD1-48A3-8BBF-17A8ECDAB695,Yes,NO APPARENT INJURY,N/A,UNKNOWN,MD,60458224-E3A7-4BAD-8D5A-3E6B2FEECD39,FUNCTIONAL,PASSENGER CAR,STARTING FROM PARKED,39.02293,-77.146125,"(39.02293, -77.146125)"
DD56170010,170517969,Rockville Police Departme,Property Damage Crash,07/08/2017 11:00:00 AM,Maryland (State),ROCKVILLE PIKE,Municipality,CHURCH ST,,ROCKVILLE,,HEAD ON LEFT TURN,CLEAR,DRY,DAYLIGHT,TRAFFIC SIGNAL,N/A,,430BDC38-D3D6-461B-A917-C19BD3801EB8,Unknown,NO APPARENT INJURY,N/A,UNKNOWN,MD,2D89446D-7E0C-4F08-B5BE-7930EFBF8377,SUPERFICIAL,PASSENGER CAR,MOVING CONSTANT SPEED,39.08345167,-77.14621333,"(39.08345167, -77.14621333)"
MCP23480026,16061726,Montgomery County Police,Injury Crash,12/01/2016 05:20:00 PM,Maryland (State),GEORGIA AVE,County,ARCOLA AVE,,N/A,,SAME DIR REAR END,CLEAR,DRY,DARK LIGHTS ON,NO CONTROLS,NONE DETECTED,,568BB912-DBA2-4FF3-BC12-E5902CF107E0,No,NO APPARENT INJURY,N/A,NOT DISTRACTED,MD,F79A8B3E-AC62-4BE1-9313-FAFB1BCD123A,SUPERFICIAL,PASSENGER CAR,SLOWING OR STOPPING,39.04758158,-77.05207586,"(39.04758158, -77.05207586)"
MCP2512002G,16062870,Montgomery County Police,Property Damage Crash,12/07/2016 05:38:00 PM,,,,,PARKING LOT OF 10121 WASHINGTONIAN BLVD,,,STRAIGHT MOVEMENT ANGLE,CLEAR,,DARK LIGHTS ON,NO CONTROLS,NONE DETECTED,,BA2006B8-5152-43D8-8E8B-FD06385330C0,No,NO APPARENT INJURY,N/A,NOT DISTRACTED,NJ,37814F01-63E4-4C59-A373-8E9CED6967FA,SUPERFICIAL,PASSENGER CAR,OTHER,39.12688,-77.23549833,"(39.12688, -77.23549833)"
MCP1174001Q,16057411,Montgomery County Police,Property Damage Crash,11/07/2016 01:39:00 PM,Maryland (State),CONNECTICUT AVE,County,MANOR RD,,N/A,,SAME DIRECTION SIDESWIPE,CLEAR,DRY,DAYLIGHT,NO CONTROLS,NONE DETECTED,,70A4EA65-AC9C-4B2C-BF1E-2AC04E08E36B,No,NO APPARENT INJURY,N/A,NOT DISTRACTED,MD,9D8A58F0-BAFD-4C09-84EF-D566D8031D0D,SUPERFICIAL,PASSENGER CAR,MOVING CONSTANT SPEED,38.99604859,-77.07710624,"(38.99604859, -77.07710624)"
DD5614001G,16052337,Rockville Police Departme,Injury Crash,10/11/2016 05:29:00 PM,Maryland (State),W MONTGOMERY AVE,Municipality,HURLEY AVE,,ROCKVILLE,,HEAD ON LEFT TURN,CLEAR,DRY,DAYLIGHT,TRAFFIC SIGNAL,NONE DETECTED,,C2725CBB-EA34-4D01-8512-28C206826237,No,POSSIBLE INJURY,N/A,UNKNOWN,FL,8B8E96F9-5CF3-4367-A201-B5A8AA7702CC,DISABLING,PASSENGER CAR,MOVING CONSTANT SPEED,39.08945667,-77.177445,"(39.08945667, -77.177445)"
MCP24250068,16005775,Montgomery County Police,Property Damage Crash,02/04/2016 07:40:00 AM,Maryland (State),UNIVERSITY BLVD E,County,INDIAN SPRING DR,,N/A,,STRAIGHT MOVEMENT ANGLE,CLEAR,WET,DAYLIGHT,NO CONTROLS,NONE DETECTED,,9434C085-A922-4FD8-B425-7612BBE814AA,No,NO APPARENT INJURY,"N/A, WET",NOT DISTRACTED,MD,338982D8-F768-4B28-BF88-FE608B870154,DISABLING,PASSENGER CAR,MOVING CONSTANT SPEED,39.01364333,-77.00336333,"(39.01364333, -77.00336333)"
MCP2717001Q,15034768,MONTGOMERY,Injury Crash,07/15/2015 01:31:00 PM,Maryland (State),KNOWLES AVE,County,SUMMIT AVE,,N/A,,HEAD ON LEFT TURN,CLEAR,DRY,DAYLIGHT,TRAFFIC SIGNAL,NONE DETECTED,,B576CA92-E7E1-4F4B-9D4C-7C13145F49DA,Yes,SUSPECTED MINOR INJURY,N/A,UNKNOWN,MD,40DE9D61-66D0-45A9-AB3C-87CDD780CAAF,DISABLING,PASSENGER CAR,ACCELERATING,38.98349333,-77.09297333,"(38.98349333, -77.09297333)"
MCP2886002F,170508757,Montgomery County Police,Injury Crash,05/19/2017 07:27:00 PM,Maryland (State),GEORGIA AVE,County,WELLER RD,,N/A,,STRAIGHT MOVEMENT ANGLE,CLEAR,WET,DAYLIGHT,STOP SIGN,NONE DETECTED,,02892502-F4A5-4626-A385-BF9044A22247,No,NO APPARENT INJURY,N/A,NOT DISTRACTED,MD,86586FD3-5EEA-4B1F-9DB0-74A29A93861B,SUPERFICIAL,PASSENGER CAR,MOVING CONSTANT SPEED,39.06630167,-77.05922167,"(39.06630167, -77.05922167)"
MCP1221003H,170515122,Montgomery County Police,Injury Crash,06/22/2017 09:57:00 AM,County,MIDCOUNTY HWY,County,SHADY GROVE RD,,N/A,,SAME DIR REAR END,CLEAR,DRY,DAYLIGHT,TRAFFIC SIGNAL,NONE DETECTED,,6DF11393-BB5B-44AD-A427-F96162A2462F,No,POSSIBLE INJURY,N/A,NOT DISTRACTED,MD,77F367E1-2A9D-433B-97FD-25EE228C3BD8,SUPERFICIAL,PASSENGER CAR,SLOWING OR STOPPING,39.14097855,-77.15209007,"(39.14097855, -77.15209007)"
MCP2966001V,16017542,Montgomery County Police,Property Damage Crash,04/10/2016 04:06:00 PM,,,,,13781 CONNECTICUT AVE (GIANT PARKING LOT),,,STRAIGHT MOVEMENT ANGLE,CLEAR,,DAYLIGHT,N/A,NONE DETECTED,,DF6A0F3D-4608-4877-B12E-737B9687A16D,No,NO APPARENT INJURY,N/A,NOT DISTRACTED,CA,455D5BF3-D2D4-4169-9742-FE61882379A2,FUNCTIONAL,PASSENGER CAR,MOVING CONSTANT SPEED,39.079705,-77.07915833,"(39.079705, -77.07915833)"
MCP28300036,170517796,Montgomery County Police,Injury Crash,07/07/2017 12:14:00 PM,County,CAMELLIA DR,County,BLUET LA,,N/A,,SAME DIR REAR END,CLEAR,DRY,DAYLIGHT,NO CONTROLS,NONE DETECTED,,44BDCCDA-6402-47A5-A2BF-4FED0F0F5A1F,Yes,SUSPECTED MINOR INJURY,N/A,INATTENTIVE OR LOST IN THOUGHT,MD,5F1B8AD5-9BE1-42C5-B436-3EAA62B8561E,DISABLING,PASSENGER CAR,MOVING CONSTANT SPEED,39.066621,-77.044144,"(39.066621, -77.044144)"
MCP1465002D,16051545,Montgomery County Police,Property Damage Crash,10/07/2016 08:24:00 AM,County,CRABBS BRANCH WAY,County,E GUDE DR,,N/A,,OTHER,CLOUDY,DRY,DAYLIGHT,N/A,N/A,,5E57F0EB-0566-4A01-A429-EC93F086CE5E,Yes,NO APPARENT INJURY,N/A,UNKNOWN,,73CE53A9-5DBC-4493-8320-C06C4ABD7981,UNKNOWN,,MOVING CONSTANT SPEED,39.10800333,-77.15165,"(39.10800333, -77.15165)"
MCP2889001T,16054735,Montgomery County Police,Injury Crash,10/24/2016 03:50:00 PM,Maryland (State),GEORGIA AVE,Maryland (State),VEIRS MILL RD,,N/A,,SAME DIR REAR END,CLEAR,DRY,N/A,N/A,NONE DETECTED,,EB2AD44C-760B-474A-AFF6-FF21DCA8E8C3,Yes,NO APPARENT INJURY,N/A,UNKNOWN,MD,9104DE71-5B95-48EB-8E1A-0895A10D9A31,DISABLING,PASSENGER CAR,MOVING CONSTANT SPEED,39.03360167,-77.04891833,"(39.03360167, -77.04891833)"
MCP0872000N,15064481,MONTGOMERY,Injury Crash,12/17/2015 02:08:00 PM,US (State),COLESVILLE RD,County,FENTON ST,,N/A,,OPPOSITE DIRECTION SIDESWIPE,RAINING,WET,DAYLIGHT,N/A,NONE DETECTED,,18207D05-34C9-466E-AA35-F443D8FEE402,Yes,SUSPECTED MINOR INJURY,"RAIN, SNOW, WET",NOT DISTRACTED,MD,EE9EA08A-767C-4E51-9756-BE2E20E7BB18,SUPERFICIAL,PASSENGER CAR,CHANGING LANES,38.99726597,-77.02730298,"(38.99726597, -77.02730298)"
MCP3022000R,17510254,Montgomery County Police,Property Damage Crash,05/27/2017 04:45:00 PM,,,,,PARKING LOT OF 19900 BLOCK OF CENTURY BLVD,,PEDESTRIAN,OTHER,CLEAR,,DAYLIGHT,STOP SIGN,N/A,N/A,33FFA45E-8953-470C-BA11-88A9EA164D3B,No,NO APPARENT INJURY,N/A,NOT DISTRACTED,MD,BD42E156-B98E-4ECF-A64C-0CD0D924A1C5,NO DAMAGE,PICKUP TRUCK,MAKING RIGHT TURN,39.18317167,-77.26259167,"(39.18317167, -77.26259167)"
MCP0487001V,170529538,Montgomery County Police,Property Damage Crash,09/09/2017 01:00:00 AM,,,,,FRONT YARD OF 6504 MUNCASTER MILL RD,,,STRAIGHT MOVEMENT ANGLE,CLEAR,,DARK NO LIGHTS,NO CONTROLS,UNKNOWN,,E3357B94-9FF1-44ED-9200-EF6BC61E0477,Yes,NO APPARENT INJURY,N/A,UNKNOWN,,80F4D085-26EA-4F4B-831D-1A2F0380897E,UNKNOWN,,ACCELERATING,39.13898667,-77.13232667,"(39.13898667, -77.13232667)"
MCP1220003C,16002157,Montgomery County Police,Property Damage Crash,01/12/2016 02:27:00 PM,,,,,"PARKING LOT
13800 OUTLET DRIVE SILVER SPRING, MD 20904",,,STRAIGHT MOVEMENT ANGLE,N/A,,DAYLIGHT,NO CONTROLS,NONE DETECTED,,5AA63BB4-71CF-4979-AB45-CDAE2DB1258B,Yes,NO APPARENT INJURY,N/A,UNKNOWN,AS,169E61B5-F6EE-449D-ADFF-93D81435272E,DISABLING,PASSENGER CAR,MOVING CONSTANT SPEED,39.08260333,-76.945755,"(39.08260333, -76.945755)"
MCP2893001Z,16022092,Montgomery County Police,Property Damage Crash,05/04/2016 06:59:00 PM,Maryland (State),RIDGE RD,County,HAWKES RD,,N/A,,SAME DIR REAR END,CLEAR,DRY,DAYLIGHT,NO CONTROLS,NONE DETECTED,,D533FCD4-15C9-4269-967C-5F4FEE24B261,No,NO APPARENT INJURY,N/A,NOT DISTRACTED,MD,991375D9-AC07-4805-8758-54605C95F30B,SUPERFICIAL,PASSENGER CAR,SLOWING OR STOPPING,39.246755,-77.23410333,"(39.246755, -77.23410333)"
EJ78530010,15042293,GAITHERSBURG,Injury Crash,08/23/2015 04:45:00 PM,Municipality,N SUMMIT AVE,Municipality,E DIAMOND AVE,,GAITHERSBURG,,SAME DIR REAR END,CLEAR,DRY,DAYLIGHT,TRAFFIC SIGNAL,N/A,,3A77AD4C-C320-492B-9257-A381CADF504B,Yes,NO APPARENT INJURY,N/A,UNKNOWN,,6B117C50-8910-483B-B0E7-5EB04EF08255,UNKNOWN,PASSENGER CAR,SLOWING OR STOPPING,39.14307,-77.1928,"(39.14307, -77.1928)"
MCP1213000N,15035598,MONTGOMERY,Injury Crash,07/19/2015 05:17:00 PM,County,RANDOLPH RD,County,OLD RANDOLPH RD,,N/A,,SAME DIR REAR END,CLEAR,DRY,DAYLIGHT,NO CONTROLS,NONE DETECTED,,CE5EE4E0-3CB9-48C2-A02C-74E387F843F1,No,NO APPARENT INJURY,N/A,NOT DISTRACTED,MD,4055DD1C-BF4B-4ACC-B73D-93468ADE9863,SUPERFICIAL,PASSENGER CAR,STOPPED IN TRAFFIC LANE,39.066065,-77.02655667,"(39.066065, -77.02655667)"
MCP2695000D,15042025,MONTGOMERY,Injury Crash,08/22/2015 02:15:00 AM,Maryland (State),GEORGIA AVE,County,HEWITT AVE,,N/A,,HEAD ON,CLEAR,DRY,DARK LIGHTS ON,OTHER,UNKNOWN,,AF9FFDCE-185F-4E43-A3E7-802E9223EF87,Yes,NO APPARENT INJURY,N/A,UNKNOWN,MD,6B8CB018-F6E2-4AF6-B02F-9070B1619540,DISABLING,PASSENGER CAR,MOVING CONSTANT SPEED,39.07803359,-77.07002521,"(39.07803359, -77.07002521)"
MCP24110016,170511384,Montgomery County Police,Injury Crash,06/02/2017 05:10:00 PM,,,,,REAR PARKING LOT OF PENSKE TRUCK SHOP,,,OTHER,CLEAR,,DAYLIGHT,N/A,N/A,,799078A4-F062-45C9-9D4E-38F62151DDD2,Yes,POSSIBLE INJURY,N/A,UNKNOWN,MD,A14AF59E-6972-468B-9E23-E6904DEE0A04,DISABLING,OTHER,MAKING U TURN,39.09521146,-77.14147389,"(39.09521146, -77.14147389)"
DD5529000Y,15056202,ROCKVILLE,Property Damage Crash,11/04/2015 02:44:00 PM,County,SHADY GROVE RD,County,DARNESTOWN RD,,N/A,,SAME DIR REAR END,CLEAR,DRY,DAYLIGHT,TRAFFIC SIGNAL,NONE DETECTED,,0FC4A1B8-1B5E-4517-8707-123FD3DD0A0A,No,NO APPARENT INJURY,N/A,NOT DISTRACTED,MD,BBE6012C-F3B3-498A-8473-772E1AD63C33,NO DAMAGE,TRUCK TRACTOR,STOPPED IN TRAFFIC LANE,39.09704667,-77.19195667,"(39.09704667, -77.19195667)"
MCP1580005Q,16022396,Montgomery County Police,Property Damage Crash,05/06/2016 08:34:00 AM,Maryland (State),FREDERICK RD,Unknown,SPUR TO SHADY GROVE RD,,N/A,,SAME DIRECTION RIGHT TURN,RAINING,WET,DAYLIGHT,NO CONTROLS,UNKNOWN,,63C264E4-FE54-4A54-A3C3-4E0F809820AA,Yes,NO APPARENT INJURY,"N/A, WET",UNKNOWN,MD,D6DDCA06-069F-4184-94B3-40BD7E3B38FD,SUPERFICIAL,PASSENGER CAR,CHANGING LANES,39.12226,-77.17802333,"(39.12226, -77.17802333)"
HA23720008,16001007,Maryland-National Capital,Property Damage Crash,08/09/2016 09:56:00 AM,Government,SLIGO CREEK PKWY,US (State),COLESVILLE RD,,N/A,,OTHER,CLEAR,DRY,DAYLIGHT,N/A,NONE DETECTED,,AF9D2844-0459-4DD4-949F-8C6972F77571,Yes,NO APPARENT INJURY,N/A,NOT DISTRACTED,VA,FC1C7A99-79C9-43E1-8A18-DDB6F03F511A,NO DAMAGE,"CARGO VAN/LIGHT TRUCK 2 AXLES (OVER 10,000LBS (4,536 KG))",UNKNOWN,39.00755456,-77.01988667,"(39.00755456, -77.01988667)"
MCP2182000X,170528147,Montgomery County Police,Property Damage Crash,09/01/2017 01:00:00 AM,County,JANET RD,County,ESTELLE RD,,N/A,,SINGLE VEHICLE,RAINING,WET,DARK LIGHTS ON,NO CONTROLS,UNKNOWN,,8B9D1AD0-56FD-4E2D-9FF1-D40A4A180157,Yes,NO APPARENT INJURY,"RAIN, SNOW, WET",NOT DISTRACTED,MD,230A395A-82DB-4207-AD5C-92DDD208CCB6,SUPERFICIAL,PASSENGER CAR,MOVING CONSTANT SPEED,39.06857159,-77.06402779,"(39.06857159, -77.06402779)"
MCP2814000T,15007246,Montgomery County Police,Property Damage Crash,02/13/2015 04:27:00 AM,,,,,"parking lot of 16701 Crabbs Branch Way, Rockville, MD 20855",,,SAME DIR REAR END,CLEAR,,DARK LIGHTS ON,STOP SIGN,NONE DETECTED,,E8D8B528-8FD7-45B9-B915-A54414E42033,Yes,NO APPARENT INJURY,N/A,INATTENTIVE OR LOST IN THOUGHT,MD,F72F862D-5D5F-462F-AD3B-254E7607D0DA,FUNCTIONAL,PASSENGER CAR,SLOWING OR STOPPING,39.10917594,-77.15397835,"(39.10917594, -77.15397835)"
MCP29330011,16026651,Montgomery County Police,Property Damage Crash,05/28/2016 07:00:00 PM,Maryland (State),RIVER RD,Unknown,CABIN JOHN PARK VFD,,N/A,,SINGLE VEHICLE,CLEAR,DRY,DAYLIGHT,NO CONTROLS,NONE DETECTED,,CFFDBA4A-F0C9-411E-88C7-39EEDF9AF716,Yes,NO APPARENT INJURY,N/A,INATTENTIVE OR LOST IN THOUGHT,MD,2241C3BA-583A-4E87-A30C-DACCE8BA920C,FUNCTIONAL,(SPORT) UTILITY VEHICLE,MOVING CONSTANT SPEED,38.994155,-77.16448833,"(38.994155, -77.16448833)"
MCP28910036,16066169,Montgomery County Police,Property Damage Crash,12/24/2016 12:00:00 PM,Interstate (State),CAPITAL BELTWAY,Unknown,EXIT #34,,N/A,,SINGLE VEHICLE,CLEAR,WET,DAYLIGHT,N/A,NONE DETECTED,,C5763EDB-9BB8-48D0-84D8-5A4404F5AED6,Yes,NO APPARENT INJURY,"N/A, WET",NOT DISTRACTED,MD,81CDEC72-166E-4FFE-A610-9BBA6A72BB28,DISABLING,PASSENGER CAR,MOVING CONSTANT SPEED,39.01011833,-77.089005,"(39.01011833, -77.089005)"
MCP2717004F,15066642,Montgomery County Police,Property Damage Crash,12/28/2015 09:30:00 PM,County,RANDOLPH RD,County,SELFRIDGE RD,,N/A,,HEAD ON LEFT TURN,RAINING,WET,DARK LIGHTS ON,TRAFFIC SIGNAL,NONE DETECTED,,74874160-EF77-43E9-896F-9138870206F8,Yes,NO APPARENT INJURY,"RAIN, SNOW, WET",LOOKED BUT DID NOT SEE,MD,518AAD19-333A-4DD0-B010-71D12F4F6176,DISABLING,PASSENGER CAR,MAKING LEFT TURN,39.05544167,-77.08389167,"(39.05544167, -77.08389167)"
EJ78330022,16030472,Gaithersburg Police Depar,Property Damage Crash,06/16/2016 03:33:00 PM,,,,,"PARKING LOT OF 1200 MAIN STREET GAITHERSBURG, MD",,,STRAIGHT MOVEMENT ANGLE,CLOUDY,,DAYLIGHT,NO CONTROLS,NONE DETECTED,,721B198B-17C4-4C68-B727-4807D2DC3C93,Yes,NO APPARENT INJURY,N/A,NOT DISTRACTED,MD,9F3C68CC-6D20-40C9-AF2A-597BB9FB0321,SUPERFICIAL,OTHER BUS,MOVING CONSTANT SPEED,39.11523627,-77.23135471,"(39.11523627, -77.23135471)"
MCP2935000Q,16015061,MONTGOMERY,Injury Crash,03/27/2016 10:25:00 PM,County,RUPPERT RD,Maryland (State),NEW HAMPSHIRE AVE,,N/A,,OTHER,RAINING,WET,DARK LIGHTS ON,NO CONTROLS,N/A,,CE66F25A-ABA6-4499-B0A3-D6E48EF63830,No,NO APPARENT INJURY,"N/A, RAIN, SNOW",NOT DISTRACTED,MD,207A9234-1668-4600-8131-F384E04BDC72,SUPERFICIAL,PASSENGER CAR,MOVING CONSTANT SPEED,39.032115,-76.984895,"(39.032115, -76.984895)"
MCP137800FW,17005222,Montgomery County Police,Property Damage Crash,01/30/2017 01:03:00 PM,County,SHADY GROVE RD,County,CRABBS BRANCH WAY,,N/A,,STRAIGHT MOVEMENT ANGLE,SNOW,WET,DAYLIGHT,TRAFFIC SIGNAL,NONE DETECTED,,6E37E0BE-3FF6-4D0C-99EC-BE97698D76D9,Yes,NO APPARENT INJURY,"RAIN, SNOW, WET",NOT DISTRACTED,MD,89CD44FD-FFE3-4CC1-A4C6-CF18FF2E73F4,DISABLING,(SPORT) UTILITY VEHICLE,MAKING LEFT TURN,39.12883167,-77.16783167,"(39.12883167, -77.16783167)"
MCP14170064,16061705,Montgomery County Police,Injury Crash,12/01/2016 03:57:00 PM,County,MONTGOMERY VILLAGE AVE,County,WIGHTMAN RD,,N/A,,SAME DIR REAR END,CLEAR,DRY,DAYLIGHT,TRAFFIC SIGNAL,NONE DETECTED,,7EBA740B-E91A-44B8-99AC-977C327764AD,No,POSSIBLE INJURY,N/A,NOT DISTRACTED,MD,391C78EA-7E8D-4B2F-AD79-C16BD069CC17,FUNCTIONAL,PASSENGER CAR,SLOWING OR STOPPING,39.19033667,-77.19181667,"(39.19033667, -77.19181667)"
MCP2909000S,15050485,MONTGOMERY,Property Damage Crash,10/05/2015 06:29:00 PM,County,ARLINGTON RD,County,HAMPDEN LA,,N/A,,ANGLE MEETS LEFT HEAD ON,CLEAR,DRY,DUSK,STOP SIGN,NONE DETECTED,,B9871027-D9E5-441F-B316-9014E631D43C,No,NO APPARENT INJURY,N/A,NOT DISTRACTED,MD,E195EACA-87B9-4CC8-AB24-857AF9D997EC,DISABLING,PASSENGER CAR,MOVING CONSTANT SPEED,38.98341,-77.0983,"(38.98341, -77.0983)"