Report Number,Local Case Number,Agency Name,ACRS Report Type,Crash Date/Time,Route Type,Road Name,Cross-Street Type,Cross-Street Name,Off-Road Description,Municipality,Related Non-Motorist,Collision Type,Weather,Surface Condition,Light,Traffic Control,Driver Substance Abuse,Non-Motorist Substance Abuse,Person ID,Driver At Fault,Injury Severity,Circumstance,Driver Distracted By,Drivers License State,Vehicle ID,Vehicle Damage Extent,Vehicle Body Type,Vehicle Movement,Latitude,Longitude,Location
MCP2948000R,16005706,Montgomery County Police,Property Damage Crash,02/03/2016 07:38:00 PM,County,DEWEY RD,County,FERNHILL RD,,N/A,,SAME DIR REAR END,RAINING,WET,DARK LIGHTS ON,NO CONTROLS,N/A,,CA5B95BE-1257-47F7-9F41-386F493BBA45,No,NO APPARENT INJURY,"N/A, WET",NOT DISTRACTED,,148C6E2C-7085-45E6-AD84-78CA3FC905D5,SUPERFICIAL,PICKUP TRUCK,PARKED,39.044435,-77.08653667,"(39.044435, -77.08653667)"
MCP9128000Q,16037472,Montgomery County Police,Property Damage Crash,07/24/2016 12:18:00 PM,County,ARCTIC AVE,County,FLINT ROCK RD,,N/A,,SAME DIRECTION LEFT TURN,CLEAR,DRY,DAYLIGHT,NO CONTROLS,NONE DETECTED,,2B1BCCE5-2051-4E0A-B7BF-44833E389714,No,NO APPARENT INJURY,N/A,NOT DISTRACTED,MD,4D81B8F7-FCF4-4A6D-82B0-E021542BF6FC,FUNCTIONAL,PASSENGER CAR,MOVING CONSTANT SPEED,39.08736,-77.095245,"(39.08736, -77.095245)"
MCP2939000Q,15061583,MONTGOMERY,Injury Crash,12/02/2015 05:17:00 PM,County,CLOPPER RD,County,WHITE GROUNDS RD,,N/A,,HEAD ON,RAINING,WET,DARK NO LIGHTS,N/A,NONE DETECTED,,3681574C-AE51-47D9-8357-993E2C7A8748,Yes,SUSPECTED MINOR INJURY,"RAIN, SNOW, WET",NOT DISTRACTED,MD,42C4814C-240C-4B09-B7DF-4900EF8DED07,DISABLING,PASSENGER CAR,MOVING CONSTANT SPEED,39.17902,-77.30150833,"(39.17902, -77.30150833)"
MCP2450000M,16004745,Montgomery County Police,Injury Crash,01/29/2016 02:08:00 PM,Maryland (State),PINEY BRANCH RD,County,ARLISS ST,,N/A,,SAME DIRECTION SIDESWIPE,CLEAR,WET,DAYLIGHT,TRAFFIC SIGNAL,NONE DETECTED,,0EFE7F73-DD45-4F6E-8C4D-4CDDB1C8096E,Yes,NO APPARENT INJURY,"ICY OR SNOW-COVERED, V WIPERS|W OTHER ENVIRONMENTAL",UNKNOWN,MD,9DD870D5-A089-4B1B-8BEC-7670C527AD5B,SUPERFICIAL,PASSENGER CAR,MOVING CONSTANT SPEED,38.998665,-77.001305,"(38.998665, -77.001305)"
MCP26580013,15064310,MONTGOMERY,Property Damage Crash,12/16/2015 05:55:00 PM,Maryland (State),NEW HAMPSHIRE AVE,County,BRANTFORD AVE,,N/A,,SAME DIR REAR END,CLEAR,DRY,DARK LIGHTS ON,TRAFFIC SIGNAL,NONE DETECTED,,37FB1DA7-8213-4D09-A0A6-233562F1DA26,No,NO APPARENT INJURY,N/A,NOT DISTRACTED,MD,B88599EE-5E6B-44BF-8107-5823D05537F3,SUPERFICIAL,PASSENGER CAR,SLOWING OR STOPPING,39.06004971,-76.99785233,"(39.06004971, -76.99785233)"
MCP9147000P,16026177,Montgomery County Police,Property Damage Crash,05/26/2016 09:57:00 AM,Maryland (State),GEORGIA AVE,County,BELVEDERE BLVD,,N/A,,SAME DIR REAR END,CLEAR,DRY,DAYLIGHT,NO CONTROLS,NONE DETECTED,,EAAF0D83-3583-4C2F-AF14-F6C39EDD3313,No,NO APPARENT INJURY,N/A,NOT DISTRACTED,MD,A7AFEE86-7FFE-4870-AE48-7E28FF7C9D97,DESTROYED,PASSENGER CAR,SLOWING OR STOPPING,39.01949167,-77.04405667,"(39.01949167, -77.04405667)"
MCP24250073,16034164,Montgomery County Police,Property Damage Crash,07/06/2016 10:32:00 AM,Maryland (State),UNIVERSITY BLVD E,County,E WAYNE AVE,,N/A,,SAME DIR REAR END,CLEAR,DRY,DAYLIGHT,TRAFFIC SIGNAL,NONE DETECTED,,60705DA4-88C5-4524-9146-393B503C60E8,Yes,NO APPARENT INJURY,N/A,UNKNOWN,MD,05A8A194-1C35-4486-B2C1-0FF722B839A2,DESTROYED,PASSENGER CAR,SLOWING OR STOPPING,39.006655,-76.99792,"(39.006655, -76.99792)"
DD5593001J,15046554,ROCKVILLE,Injury Crash,09/14/2015 06:49:00 PM,Maryland (State),HUNGERFORD DR,Municipality,N WASHINGTON ST,,ROCKVILLE,,ANGLE MEETS LEFT TURN,CLEAR,DRY,DAYLIGHT,TRAFFIC SIGNAL,NONE DETECTED,,BC069AD0-97BE-40F0-BA57-57B5C9508A04,No,SUSPECTED MINOR INJURY,N/A,NOT DISTRACTED,MD,ACF77692-8F0A-486D-B5A8-CDD1B8FE76E7,DISABLING,(SPORT) UTILITY VEHICLE,MOVING CONSTANT SPEED,39.09214333,-77.15333667,"(39.09214333, -77.15333667)"
MCP2515000Y,16061320,Montgomery County Police,Property Damage Crash,11/29/2016 08:36:00 PM,Maryland (State),WOODFIELD RD,County,CHURCHILL DOWNS RD,,N/A,,SINGLE VEHICLE,FOGGY,WET,DARK NO LIGHTS,NO CONTROLS,NONE DETECTED,,095BDD78-A3A1-41DA-AF00-CC556951EF3D,Yes,NO APPARENT INJURY,"RAIN, SNOW, VISION OBSTRUCTION (INCL. BLINDED BY SUN), WET",NOT DISTRACTED,MD,F4A3750D-3D72-4547-B0B2-FA466B90F5F7,DISABLING,PASSENGER CAR,MOVING CONSTANT SPEED,39.219545,-77.174165,"(39.219545, -77.174165)"
MCP2732000L,15006309,Montgomery County Police,Property Damage Crash,02/07/2015 07:02:00 PM,County,E RANDOLPH RD,County,OCTAGON LA,,N/A,,HEAD ON LEFT TURN,CLEAR,DRY,DARK LIGHTS ON,TRAFFIC SIGNAL,NONE DETECTED,,899EA605-C4A4-4006-A460-4D1DABD4BC13,Yes,NO APPARENT INJURY,N/A,BY OTHER OCCUPANTS,MD,21807C7B-9C6C-46E4-8A98-B3A9624962B3,DISABLING,PASSENGER CAR,MAKING LEFT TURN,39.07523333,-76.99388833,"(39.07523333, -76.99388833)"
MCP20080024,16019466,Montgomery County Police,Property Damage Crash,04/20/2016 05:01:00 PM,Maryland (State),OLD GEORGETOWN RD,Unknown,CROSSOVER,,N/A,,OTHER,CLEAR,DRY,DAYLIGHT,NO CONTROLS,NONE DETECTED,,D106CB25-BD38-4E3D-94BF-205690FADE86,No,NO APPARENT INJURY,N/A,NOT DISTRACTED,AL,572DEF9C-6A28-4D6A-BD82-91DFC6C2AF2E,SUPERFICIAL,"CARGO VAN/LIGHT TRUCK 2 AXLES (OVER 10,000LBS (4,536 KG))",MOVING CONSTANT SPEED,39.01832167,-77.12057667,"(39.01832167, -77.12057667)"
MCP3050000T,170506289,Montgomery County Police,Injury Crash,05/06/2017 02:09:00 PM,County,BEL PRE RD,County,ARCTIC AVE,,N/A,,SAME DIR REAR END,RAINING,WET,DAYLIGHT,STOP SIGN,NONE DETECTED,,D05499FC-C06D-4EB1-A1DB-98BFC8887F75,Yes,NO APPARENT INJURY,"RAIN, SNOW, WET",UNKNOWN,MD,6481CF36-A93A-45D1-9FFA-F5699F5DC28F,DISABLING,(SPORT) UTILITY VEHICLE,MOVING CONSTANT SPEED,39.09530333,-77.091975,"(39.09530333, -77.091975)"
MCP2720002M,17003581,Montgomery County Police,Injury Crash,01/21/2017 02:14:00 AM,Maryland (State),LAYHILL RD,County,BEL PRE RD,,N/A,,STRAIGHT MOVEMENT ANGLE,CLEAR,WET,DARK LIGHTS ON,TRAFFIC SIGNAL,NONE DETECTED,,A6711B34-3F1E-4F9C-93B4-81D382D7C577,Yes,NO APPARENT INJURY,"N/A, WET",UNKNOWN,MD,AB909D0F-7487-41E7-BD26-608A2E3FA5BE,FUNCTIONAL,PASSENGER CAR,MOVING CONSTANT SPEED,39.09099,-77.04497333,"(39.09099, -77.04497333)"
MCP2260000V,15046534,MONTGOMERY,Injury Crash,09/14/2015 04:54:00 PM,Maryland (State),ROCKVILLE PIKE,Municipality,TWINBROOK PKWY,,ROCKVILLE,,OTHER,CLEAR,DRY,DAYLIGHT,TRAFFIC SIGNAL,N/A,,DACAD16F-B966-43F1-9E26-EAF1766ADD91,No,NO APPARENT INJURY,N/A,UNKNOWN,MD,AB44CE66-2380-448C-9DD7-4B2B0667856C,FUNCTIONAL,PASSENGER CAR,MOVING CONSTANT SPEED,39.05918167,-77.12136167,"(39.05918167, -77.12136167)"
MCP2861000T,15004556,Montgomery County Police,Property Damage Crash,01/28/2015 07:17:00 PM,Maryland (State),WISCONSIN AVE,County,WOODMONT AVE,,N/A,,STRAIGHT MOVEMENT ANGLE,CLEAR,DRY,DARK LIGHTS ON,TRAFFIC SIGNAL,NONE DETECTED,,C9EBEC50-F0DF-4FB4-94F0-E7D56BEB3BA4,No,NO APPARENT INJURY,N/A,NOT DISTRACTED,MD,795EE592-E472-49F8-A699-117E0E7F15F5,DISABLING,PASSENGER CAR,MOVING CONSTANT SPEED,38.98001167,-77.09215667,"(38.98001167, -77.09215667)"
MCP2719000Q,15052917,MONTGOMERY,Injury Crash,10/18/2015 07:29:00 PM,Maryland (State),GEORGIA AVE,County,ARCOLA AVE,,N/A,,SAME DIR REAR END,CLEAR,DRY,DARK LIGHTS ON,N/A,NONE DETECTED,,FEAE39E9-A742-4328-B18C-0148052AE763,Yes,NO APPARENT INJURY,N/A,NOT DISTRACTED,MD,12EE30DE-2998-4A3A-A4D6-A073891A94DE,FUNCTIONAL,PASSENGER CAR,SLOWING OR STOPPING,39.04647667,-77.05213167,"(39.04647667, -77.05213167)"
MCP3005000H,16007935,Montgomery County Police,Injury Crash,02/17/2016 09:38:00 AM,Maryland (State),GEORGIA AVE,County,ARCOLA AVE,,N/A,,HEAD ON LEFT TURN,N/A,DRY,DAYLIGHT,TRAFFIC SIGNAL,NONE DETECTED,,F35A5E04-3CD4-4138-8D22-283DC04921CE,No,NO APPARENT INJURY,N/A,NOT DISTRACTED,MD,621AE2C7-ED0C-471F-A5A0-0065C0429A51,DISABLING,PASSENGER CAR,MOVING CONSTANT SPEED,39.04712747,-77.05196053,"(39.04712747, -77.05196053)"
DD56010013,15040355,ROCKVILLE,Property Damage Crash,08/13/2015 11:55:00 AM,Municipality,N WASHINGTON ST,Municipality,BEALL AVE #2,,ROCKVILLE,,HEAD ON,CLEAR,DRY,DAYLIGHT,TRAFFIC SIGNAL,N/A,,EFD529C6-366F-4D3C-8797-4703A54FB1B8,Yes,NO APPARENT INJURY,N/A,BY OTHER OCCUPANTS,MD,E7E3B289-2D06-4DB7-AA5D-778B7A4DFB28,DISABLING,PASSENGER CAR,MAKING LEFT TURN,39.08686833,-77.15299667,"(39.08686833, -77.15299667)"
MCP2936000R,15053602,MONTGOMERY,Property Damage Crash,10/22/2015 01:05:00 PM,Maryland (State),ROCKVILLE PIKE,County,BROAD BROOK DR,,N/A,,SAME DIR REAR END,CLEAR,DRY,DAYLIGHT,NO CONTROLS,NONE DETECTED,,5634B9E0-677D-4564-B0DB-0032E70F2D7D,Yes,NO APPARENT INJURY,N/A,INATTENTIVE OR LOST IN THOUGHT,MD,889B0E50-7B86-4660-B136-137B928A7C5E,DISABLING,PASSENGER CAR,SLOWING OR STOPPING,39.011695,-77.09786667,"(39.011695, -77.09786667)"
MCP22980080,16013405,MONTGOMERY,Property Damage Crash,03/18/2016 04:32:00 PM,Maryland (State),WOODFIELD RD,County,BISCAYNE LA,,N/A,,SAME DIR REAR END,CLEAR,DRY,DAYLIGHT,TRAFFIC SIGNAL,NONE DETECTED,,28B4ECAC-DDAE-48F7-9D5B-DFAD9B60EA11,No,NO APPARENT INJURY,N/A,NOT DISTRACTED,MD,A6B8405E-E725-477B-8EB0-1CE8DF61FEFC,FUNCTIONAL,(SPORT) UTILITY VEHICLE,SLOWING OR STOPPING,39.27513833,-77.20427833,"(39.27513833, -77.20427833)"
DD5582000X,16020651,Rockville Police Departme,Property Damage Crash,04/26/2016 09:30:00 PM,,,,,"PARKING LOT OF MONTGOMERY COLLEGE
51 MANNAKEE ST ROCKVILLE MD",,,SAME DIRECTION RIGHT TURN,CLEAR,,DARK LIGHTS ON,N/A,NONE DETECTED,,0073DFEE-E5E5-4406-B43D-E35A8EFE3F14,Yes,NO APPARENT INJURY,N/A,UNKNOWN,MD,B4D29C26-8238-4AC4-9431-3477571C16CD,FUNCTIONAL,TRANSIT BUS,MAKING RIGHT TURN,39.096115,-77.15710333,"(39.096115, -77.15710333)"
MCP2767002X,170512341,Montgomery County Police,Property Damage Crash,06/07/2017 05:25:00 PM,County,AMHERST AVE,Maryland (State),UNIVERSITY BLVD W,,N/A,,SAME DIR REAR END,CLEAR,DRY,DAYLIGHT,TRAFFIC SIGNAL,NONE DETECTED,,671C51B7-918D-4D7E-9333-3DC045FA70D7,Yes,NO APPARENT INJURY,N/A,UNKNOWN,MD,1812A455-1020-4534-9C47-6E8B849272EE,FUNCTIONAL,PASSENGER CAR,ACCELERATING,39.04119044,-77.04830199,"(39.04119044, -77.04830199)"
DD5595001H,15036301,ROCKVILLE,Property Damage Crash,07/23/2015 12:54:00 PM,County,SHADY GROVE RD,Maryland (State),W MONTGOMERY AVE,,N/A,,SAME DIR REAR END,CLEAR,DRY,DAYLIGHT,TRAFFIC SIGNAL,NONE DETECTED,,F89BBA29-C0CD-4081-A381-ABCCE265DE6B,No,NO APPARENT INJURY,N/A,NOT DISTRACTED,MD,4D4C9520-E1B5-4872-8B6E-2A538D209325,NO DAMAGE,"MEDIUM/HEAVY TRUCKS 3 AXLES (OVER 10,000LBS (4,536KG))",STOPPED IN TRAFFIC LANE,39.10309833,-77.19015383,"(39.10309833, -77.19015383)"
MCP15750039,15059806,MONTGOMERY,Injury Crash,11/23/2015 08:43:00 AM,Maryland (State),NORBECK RD,Municipality,AVERY RD,,ROCKVILLE,,SAME DIR REAR END,CLEAR,DRY,DAYLIGHT,NO CONTROLS,NONE DETECTED,,09DA9997-02B0-443C-8073-6745B8A3DC08,Yes,NO APPARENT INJURY,N/A,NOT DISTRACTED,MD,94E6A8CE-CDD5-4981-B199-79D1A8E2D4F5,FUNCTIONAL,(SPORT) UTILITY VEHICLE,MOVING CONSTANT SPEED,39.09424833,-77.117785,"(39.09424833, -77.117785)"
MCP29650028,170526336,Montgomery County Police,Property Damage Crash,08/23/2017 05:30:00 AM,Maryland (State),NEW HAMPSHIRE AVE,County,NORWOOD RD,,N/A,,ANGLE MEETS LEFT HEAD ON,CLEAR,DRY,DARK NO LIGHTS,TRAFFIC SIGNAL,UNKNOWN,,27669C31-1687-4341-A02A-FAA01ED66A16,Yes,NO APPARENT INJURY,N/A,NOT DISTRACTED,VA,EBDB3A61-081C-4BE6-9834-A7BA2D71BDD5,FUNCTIONAL,PASSENGER CAR,ACCELERATING,39.10614349,-77.00149477,"(39.10614349, -77.00149477)"
MCP28550010,16021873,Montgomery County Police,Property Damage Crash,05/03/2016 04:50:00 PM,Municipality,CHAPMAN AVE,Municipality,TWINBROOK PKWY,,ROCKVILLE,,SAME DIR REAR END,CLOUDY,WET,DAYLIGHT,TRAFFIC SIGNAL,NONE DETECTED,,3D884C34-5B47-451C-9572-94211D53DEFC,No,NO APPARENT INJURY,"RAIN, SNOW, WET",NOT DISTRACTED,MD,CFAF999A-2D85-4E4A-93C1-A0C7E3931FF3,SUPERFICIAL,PASSENGER CAR,STOPPED IN TRAFFIC LANE,39.05865667,-77.12114667,"(39.05865667, -77.12114667)"
MCP2875001H,15061174,MONTGOMERY,Property Damage Crash,11/30/2015 03:30:00 PM,,,,,"Parking Lot of 600 N. Frederick Ave., Gaithersburg MD 20877 (Burlington Coat Factory)",,,OTHER,RAINING,,DAYLIGHT,NO CONTROLS,UNKNOWN,,42E68928-9520-4FDA-921A-8F39513C4394,Yes,NO APPARENT INJURY,N/A,UNKNOWN,,A83ACFCB-CE7E-49EB-BE48-39922DEC381A,UNKNOWN,PICKUP TRUCK,PARKING,39.15039755,-77.2107017,"(39.15039755, -77.2107017)"
MCP2813001P,15065333,MONTGOMERY,Property Damage Crash,12/21/2015 05:48:00 PM,Maryland (State),GEORGIA AVE,County,SHOREFIELD RD,,N/A,,SAME DIRECTION SIDESWIPE,CLEAR,DRY,DARK LIGHTS ON,TRAFFIC SIGNAL,N/A,,587B2679-5B14-48FD-AAC1-7FD63307A11C,No,NO APPARENT INJURY,N/A,NOT DISTRACTED,MD,4864CBC2-7CDA-49DA-A835-B5DC400AC8DC,SUPERFICIAL,PASSENGER CAR,MOVING CONSTANT SPEED,39.05352167,-77.05069667,"(39.05352167, -77.05069667)"
MCP27850018,16010219,MONTGOMERY,Property Damage Crash,03/01/2016 10:11:00 AM,US (State),COLUMBIA PIKE,County,TECH RD,,N/A,,SAME DIR REAR END,CLEAR,DRY,DAYLIGHT,N/A,N/A,,296D6591-1074-4C4D-874B-8EB278C09EB0,Yes,NO APPARENT INJURY,N/A,INATTENTIVE OR LOST IN THOUGHT,MD,26527ADC-FC10-4FA7-A40B-E6CCD46B74A2,DISABLING,PASSENGER CAR,MOVING CONSTANT SPEED,39.045425,-76.99073667,"(39.045425, -76.99073667)"
MCP2917000Q,15036211,MONTGOMERY,Property Damage Crash,07/22/2015 10:38:00 PM,County,WELLER RD,Maryland (State),CONNECTICUT AVE,,N/A,,OPPOSITE DIRECTION SIDESWIPE,CLEAR,DRY,DARK NO LIGHTS,NO CONTROLS,NONE DETECTED,,5C6CDB3C-5DF4-4D76-BDD4-D2CDD8A54526,Yes,NO APPARENT INJURY,N/A,NOT DISTRACTED,MD,ECDCE132-DD5F-4A99-A4A9-A4C2D1324759,SUPERFICIAL,STATION WAGON,MOVING CONSTANT SPEED,39.06360686,-77.07181692,"(39.06360686, -77.07181692)"
MCP2720000W,15007226,Montgomery County Police,Property Damage Crash,02/12/2015 10:37:00 PM,County,CONNECTICUT AVE,County,GRAND PRE RD,,N/A,,STRAIGHT MOVEMENT ANGLE,CLEAR,DRY,DARK LIGHTS ON,NO CONTROLS,N/A,,D40A237E-D9DC-4889-909D-A3416B6C7722,No,NO APPARENT INJURY,N/A,NOT DISTRACTED,MD,5530643E-E4DB-4AFC-BA64-1E420392E71B,DISABLING,PASSENGER CAR,MOVING CONSTANT SPEED,39.08679667,-77.073845,"(39.08679667, -77.073845)"
MCP2466000Y,16002643,Montgomery County Police,Property Damage Crash,01/14/2016 06:34:00 PM,Maryland (State),NEW HAMPSHIRE AVE,County,NOTLEY RD,,N/A,,OPPOSITE DIR BOTH LEFT TURN,CLEAR,DRY,DARK LIGHTS ON,NO CONTROLS,NONE DETECTED,,21A13FFC-2F33-43E9-BC90-58990E0A4382,Yes,NO APPARENT INJURY,N/A,UNKNOWN,US,9F0104BD-2C2C-474F-B4E4-9A15553EC1F8,DISABLING,PASSENGER CAR,STARTING FROM LANE,39.08059,-77.00139,"(39.08059, -77.00139)"
DD5594001L,16007215,Rockville Police Departme,Property Damage Crash,02/12/2016 11:08:00 AM,,,,,"PARKING LOT OF WOODMONT COUNTRY CLUB
1201 ROCKVILLE PIKE
ROCKVILLE MD 20852",,,UNKNOWN,UNKNOWN,,UNKNOWN,UNKNOWN,N/A,,B7494052-5012-4775-B6E7-F7180359D27E,Yes,NO APPARENT INJURY,N/A,UNKNOWN,MD,9385AD31-EB9F-42D2-B286-02A82114B54D,SUPERFICIAL,FIRE VEHICLE/EMERGENCY,STARTING FROM PARKED,39.06521461,-77.14007378,"(39.06521461, -77.14007378)"
MCP2765002W,16048409,Montgomery County Police,Property Damage Crash,09/20/2016 07:00:00 PM,Maryland (State),DARNESTOWN RD,Maryland (State),SENECA RD,,N/A,,SAME DIRECTION RIGHT TURN,CLEAR,DRY,DAYLIGHT,TRAFFIC SIGNAL,NONE DETECTED,,C4CD65B9-60F3-4ACD-9793-C0AB9D2675E4,No,NO APPARENT INJURY,N/A,NOT DISTRACTED,MD,3C1A49FC-1BD5-457F-A1F6-8FB7506BA9E0,DISABLING,PASSENGER CAR,MOVING CONSTANT SPEED,39.10344167,-77.29145,"(39.10344167, -77.29145)"
MCP3039000G,170507319,Montgomery County Police,Injury Crash,05/11/2017 10:50:00 PM,Maryland (State),CONNECTICUT AVE,Government,BEACH DR,,N/A,,STRAIGHT MOVEMENT ANGLE,CLEAR,WET,DARK LIGHTS ON,TRAFFIC SIGNAL,NONE DETECTED,,CC744585-56D8-4BBB-9C8F-DC4458BD396A,No,NO APPARENT INJURY,"N/A, WET",NOT DISTRACTED,XX,419A4955-A0A9-4B41-9F5A-7F1F21DA465A,DISABLING,PICKUP TRUCK,STOPPED IN TRAFFIC LANE,39.00806259,-77.08017603,"(39.00806259, -77.08017603)"
MCP2713000Q,16024077,Montgomery County Police,Property Damage Crash,05/15/2016 02:34:00 AM,,,,,"MONTGOMERY COUNTY LOT #13. 11219 GRANDVIEW AVENUE. SILVER SPRING, MARYLAND 20902",,,OTHER,CLEAR,,DARK LIGHTS ON,NO CONTROLS,ALCOHOL PRESENT,,F113B53C-510A-4C12-AD53-89446D314D2B,Yes,NO APPARENT INJURY,N/A,NOT DISTRACTED,MD,965EC758-8A0E-41D3-9455-9C979F5925E1,SUPERFICIAL,PASSENGER CAR,ACCELERATING,39.03987902,-77.05201149,"(39.03987902, -77.05201149)"
MCP1580005P,16022190,Montgomery County Police,Injury Crash,05/05/2016 09:46:00 AM,Maryland (State),W DIAMOND AVE,Municipality,BUREAU DR,,GAITHERSBURG,,STRAIGHT MOVEMENT ANGLE,CLOUDY,WET,DAYLIGHT,TRAFFIC SIGNAL,NONE DETECTED,,76D916B1-563B-4444-8E21-C97B472FB53F,Yes,NO APPARENT INJURY,"N/A, WET",UNKNOWN,MD,EACC96AD-EE5A-4CE5-8EE2-4C466EA8C565,DISABLING,(SPORT) UTILITY VEHICLE,MOVING CONSTANT SPEED,39.14182333,-77.21776667,"(39.14182333, -77.21776667)"
MCP28700022,16066789,Montgomery County Police,Property Damage Crash,12/28/2016 03:31:00 PM,,,,,"8610 GREENWOOD AVE. SILVER SPRING, MD (CHICKEN LOCO)",,,OTHER,CLEAR,,DAYLIGHT,N/A,NONE DETECTED,,87890DF8-46B8-4FD6-84FF-530EC8500A6A,No,NO APPARENT INJURY,N/A,NOT DISTRACTED,MD,1EF749BB-01C4-4543-AE45-196569070C75,FUNCTIONAL,POLICE VEHICLE/EMERGENCY,PARKED,38.99802,-77.002275,"(38.99802, -77.002275)"
EJ78470022,16042694,Gaithersburg Police Depar,Property Damage Crash,08/22/2016 09:35:00 PM,Maryland (State),MIDCOUNTY HWY,Unknown,SPUR TO SAYBROOKE OAKS BLVD,,N/A,,SINGLE VEHICLE,CLEAR,DRY,DARK LIGHTS ON,NO CONTROLS,NONE DETECTED,,B25E9AAC-74AC-411E-AB9F-6B0BA67EBFEC,Yes,NO APPARENT INJURY,N/A,BY OTHER OCCUPANTS,MD,FF67A97C-B2FF-44CA-925B-F2111B64280D,DISABLING,PASSENGER CAR,MOVING CONSTANT SPEED,39.15144667,-77.17578167,"(39.15144667, -77.17578167)"
MCP1121000Y,15041197,MONTGOMERY,Property Damage Crash,08/17/2015 09:01:00 PM,County,GOSHEN RD,County,EMORY GROVE RD,,N/A,,HEAD ON LEFT TURN,CLEAR,DRY,DARK LIGHTS ON,NO CONTROLS,NONE DETECTED,,F6F49F39-0D3C-48F4-B185-5EBD2477E798,No,NO APPARENT INJURY,N/A,NOT DISTRACTED,MD,86C4FDBC-0EDA-48D6-BAD7-DFF20216697A,DISABLING,PASSENGER CAR,MOVING CONSTANT SPEED,39.16009,-77.19222167,"(39.16009, -77.19222167)"
MCP28720014,15053386,MONTGOMERY,Injury Crash,10/21/2015 09:05:00 AM,County,CONTOUR RD,County,HORIZON RUN RD,,N/A,PEDESTRIAN,SINGLE VEHICLE,N/A,DRY,DAYLIGHT,N/A,NONE DETECTED,NONE DETECTED,3A58085A-4A5A-4588-8411-228429637934,Yes,NO APPARENT INJURY,N/A,LOOKED BUT DID NOT SEE,MD,827964EE-3FA1-469E-B765-4306D12453A5,NO DAMAGE,PASSENGER CAR,SLOWING OR STOPPING,39.15546333,-77.19744,"(39.15546333, -77.19744)"
DD55630004,15008414,Rockville Police Departme,Property Damage Crash,02/20/2015 08:19:00 PM,Maryland (State),ROCKVILLE PIKE,Municipality,WOOTTON PKWY,,ROCKVILLE,,SAME DIRECTION SIDESWIPE,CLEAR,WET,DARK LIGHTS ON,NO CONTROLS,NONE DETECTED,,6A2AD44B-6BDD-4999-8319-3D87AA879EE4,No,NO APPARENT INJURY,N/A,NOT DISTRACTED,MD,59A1CF04-0E41-43E8-B13C-05EE6038A575,FUNCTIONAL,POLICE VEHICLE/NON EMERGENCY,MOVING CONSTANT SPEED,39.07604301,-77.13809967,"(39.07604301, -77.13809967)"
MCP2631000S,16015073,Montgomery County Police,Property Damage Crash,03/28/2016 12:30:00 AM,Maryland (State),16TH ST,Unknown,STRUC #15089,,N/A,,OTHER,RAINING,WET,DARK LIGHTS ON,N/A,NONE DETECTED,,6367A8E9-EFB0-42E6-A324-22E88934BB2F,No,NO APPARENT INJURY,N/A,NOT DISTRACTED,MD,84844311-8827-4B23-B115-6DB84EB6FCB6,FUNCTIONAL,PASSENGER CAR,MOVING CONSTANT SPEED,38.99904333,-77.04020667,"(38.99904333, -77.04020667)"
EJ7858000H,15060351,GAITHERSBURG,Injury Crash,11/25/2015 06:13:00 PM,Maryland (State),FREDERICK RD,County,S WESTLAND DR,,N/A,,SAME DIR REAR END,CLEAR,DRY,DARK LIGHTS ON,N/A,NONE DETECTED,,0CDEA85F-BCED-4AB2-9F3B-BE94E4671346,No,SUSPECTED MINOR INJURY,N/A,NOT DISTRACTED,MD,84CE6C18-558D-4054-8539-EEE676408479,SUPERFICIAL,(SPORT) UTILITY VEHICLE,STOPPED IN TRAFFIC LANE,39.15456167,-77.20958833,"(39.15456167, -77.20958833)"
MCP27170021,15037693,MONTGOMERY,Injury Crash,07/30/2015 12:00:00 PM,Maryland (State),ROCKVILLE PIKE,County,NICHOLSON LA,,N/A,,OTHER,CLEAR,DRY,DAYLIGHT,TRAFFIC SIGNAL,NONE DETECTED,,78872CDB-8A2E-4F4D-8F2A-49F7C6B9477B,No,NO APPARENT INJURY,N/A,NOT DISTRACTED,DC,B6C9610B-32A9-49F4-83DC-D67E78110628,FUNCTIONAL,(SPORT) UTILITY VEHICLE,MOVING CONSTANT SPEED,39.03785,-77.10948333,"(39.03785, -77.10948333)"
MCP2899001W,170510778,Montgomery County Police,Injury Crash,05/30/2017 09:28:00 PM,County,CHERRY HILL RD,County,BROADBIRCH DR,,N/A,,STRAIGHT MOVEMENT ANGLE,RAINING,WET,DARK LIGHTS ON,TRAFFIC SIGNAL,NONE DETECTED,,B62EC6E7-9466-422D-81C1-8AFBF19C4A54,No,SUSPECTED MINOR INJURY,"RAIN, SNOW, WET",NOT DISTRACTED,MD,3E6B5E72-5633-42A5-A78B-3D3CC7ABEE1B,DISABLING,PASSENGER CAR,MOVING CONSTANT SPEED,39.05608833,-76.95435,"(39.05608833, -76.95435)"