Report Number,Local Case Number,Agency Name,ACRS Report Type,Crash Date/Time,Route Type,Road Name,Cross-Street Type,Cross-Street Name,Off-Road Description,Municipality,Related Non-Motorist,Collision Type,Weather,Surface Condition,Light,Traffic Control,Driver Substance Abuse,Non-Motorist Substance Abuse,Person ID,Driver At Fault,Injury Severity,Circumstance,Driver Distracted By,Drivers License State,Vehicle ID,Vehicle Damage Extent,Vehicle Body Type,Vehicle Movement,Latitude,Longitude,Location
MCP2622000L,15034947,MONTGOMERY,Property Damage Crash,07/16/2015 12:04:00 PM,County,MONTCLAIR DR,County,HOLLYWOOD AVE,,N/A,,ANGLE MEETS LEFT HEAD ON,CLEAR,DRY,DAYLIGHT,STOP SIGN,NONE DETECTED,,F59CA5BA-3445-4B8A-9FF3-D5ECA5E9D4A5,No,NO APPARENT INJURY,N/A,NOT DISTRACTED,MD,50B16E11-1E41-41F6-9C02-2CFC4616E599,SUPERFICIAL,(SPORT) UTILITY VEHICLE,MAKING RIGHT TURN,39.06404629,-76.98926389,"(39.06404629, -76.98926389)"
EJ7855000Y,16018722,Gaithersburg Police Depar,Property Damage Crash,04/16/2016 07:44:00 PM,Maryland (State),GREAT SENECA HWY,Unknown,ENT KENTLAND'S SQUARE SHOPPING CTR,,N/A,,SAME DIRECTION SIDESWIPE,CLEAR,DRY,DAYLIGHT,NO CONTROLS,NONE DETECTED,,1B4E1799-BD3C-48CA-880D-6C28E66A181D,No,NO APPARENT INJURY,N/A,NOT DISTRACTED,VA,16806558-9A92-40A8-9F30-EB8AE57046EA,DISABLING,PASSENGER CAR,MOVING CONSTANT SPEED,39.12587333,-77.235675,"(39.12587333, -77.235675)"
MCP27860015,16033874,Montgomery County Police,Property Damage Crash,07/04/2016 10:05:00 PM,Maryland (State),GEORGIA AVE,County,LOCUST GROVE RD,,N/A,,OPPOSITE DIRECTION SIDESWIPE,RAINING,WET,DARK LIGHTS ON,N/A,NONE DETECTED,,A0DD0442-3A20-428B-8447-B537DC23E250,Yes,NO APPARENT INJURY,"RAIN, SNOW, WET",INATTENTIVE OR LOST IN THOUGHT,MD,F21BB346-6CE7-4612-A8B8-3E20FBA1F4BE,DISABLING,PASSENGER CAR,MOVING CONSTANT SPEED,39.01215333,-77.041575,"(39.01215333, -77.041575)"
MCP9419000R,16054241,Montgomery County Police,Injury Crash,10/21/2016 02:14:00 PM,County,E GUDE DR,County,CRABBS BRANCH WAY,,N/A,,SAME DIR REAR END,RAINING,WET,DAYLIGHT,TRAFFIC SIGNAL,NONE DETECTED,,1B45B6E3-A806-48C4-B9C0-7D99C992AA61,Yes,POSSIBLE INJURY,"N/A, WET",NOT DISTRACTED,MD,9D20182A-662D-45BC-9C53-B112FE23BA57,FUNCTIONAL,PASSENGER CAR,MOVING CONSTANT SPEED,39.11943158,-77.16584444,"(39.11943158, -77.16584444)"
EJ7860000Z,170511820,Gaithersburg Police Depar,Property Damage Crash,06/05/2017 01:50:00 AM,Municipality,BRALAN CT,Municipality,DEER PARK LA,,GAITHERSBURG,,SINGLE VEHICLE,CLEAR,DRY,DARK LIGHTS ON,STOP SIGN,ALCOHOL PRESENT,,06DC65CF-4DCF-4C2E-A8DC-C1FC2A1BA0B7,Yes,NO APPARENT INJURY,N/A,NOT DISTRACTED,MD,F4224429-145D-4C46-B977-A6E34909D80B,SUPERFICIAL,PASSENGER CAR,MOVING CONSTANT SPEED,39.12687472,-77.19923258,"(39.12687472, -77.19923258)"
MCP20590049,170529348,Montgomery County Police,Property Damage Crash,09/08/2017 08:41:00 AM,Maryland (State),ROCKVILLE PIKE,County,POOKS HILL RD,,N/A,,SAME DIRECTION SIDESWIPE,CLEAR,DRY,DAYLIGHT,NO CONTROLS,NONE DETECTED,,06079419-AFEE-40A7-8540-ED36CB086F8A,No,NO APPARENT INJURY,N/A,NOT DISTRACTED,MD,55B99183-0092-4E71-BF4C-79D7B6F6C9FD,NO DAMAGE,TRANSIT BUS,STOPPED IN TRAFFIC LANE,39.014145,-77.099535,"(39.014145, -77.099535)"
MCP2941000M,15033092,MONTGOMERY,Property Damage Crash,07/07/2015 09:43:00 PM,Maryland (State),GEORGIA AVE,County,SEMINARY RD,,N/A,,ANGLE MEETS RIGHT TURN,CLEAR,DRY,DARK LIGHTS ON,TRAFFIC SIGNAL,NONE DETECTED,,A9C3B2DF-1C85-4B7B-8E1A-C400C49F16CE,No,NO APPARENT INJURY,N/A,NOT DISTRACTED,MD,8D930962-902C-4439-9F1B-139E77DCDC96,SUPERFICIAL,PASSENGER CAR,MAKING LEFT TURN,39.00860501,-77.0402205,"(39.00860501, -77.0402205)"
MCP1252000R,15045153,MONTGOMERY,Injury Crash,09/07/2015 06:48:00 PM,Maryland (State),GERMANTOWN RD,Maryland (State),CLOPPER RD,,N/A,,SAME DIR REAR END,CLEAR,DRY,DAYLIGHT,TRAFFIC SIGNAL,NONE DETECTED,,2E34028C-2188-4A45-B022-1C9F285EA0DF,No,SUSPECTED MINOR INJURY,N/A,NOT DISTRACTED,MD,59D78A54-36EF-40CF-B8BB-19C51823A029,FUNCTIONAL,PASSENGER CAR,STOPPED IN TRAFFIC LANE,39.16203833,-77.28343667,"(39.16203833, -77.28343667)"
MCP2722000V,15005165,Montgomery County Police,Injury Crash,02/01/2015 12:39:00 PM,Maryland (State),VEIRS MILL RD,Unknown,CROSSOVER,,N/A,,SAME DIR REAR END,CLOUDY,DRY,DAYLIGHT,NO CONTROLS,NONE DETECTED,,41ED888F-E6BB-4B6A-BB40-0A4CC4167F5C,Yes,SUSPECTED MINOR INJURY,N/A,NOT DISTRACTED,MD,EB684FA0-B95F-43B9-B43A-8C66D8F16C47,DISABLING,PASSENGER CAR,SLOWING OR STOPPING,39.06452667,-77.09694833,"(39.06452667, -77.09694833)"
MCP9406000L,16011258,MONTGOMERY,Property Damage Crash,03/07/2016 09:20:00 AM,Maryland (State),GEORGIA AVE,County,FENWICK LA,,N/A,,SAME DIR REAR END,CLEAR,DRY,DAYLIGHT,NO CONTROLS,NONE DETECTED,,F2E293B0-95AB-40F8-BE2A-B2DEE4CDFA02,Yes,NO APPARENT INJURY,N/A,UNKNOWN,MD,EF12D95D-2D38-4E17-970E-EE8163C9BC2E,FUNCTIONAL,PASSENGER CAR,SLOWING OR STOPPING,38.99832179,-77.03069061,"(38.99832179, -77.03069061)"
MCP1580004G,15053750,MONTGOMERY,Property Damage Crash,10/23/2015 07:44:00 AM,Maryland (State),MUNCASTER MILL RD,County,MUNCASTER RD,,N/A,,STRAIGHT MOVEMENT ANGLE,CLEAR,DRY,DAYLIGHT,TRAFFIC SIGNAL,NONE DETECTED,,5853E831-FB0C-4F52-A8E2-B937F41F26E1,No,NO APPARENT INJURY,N/A,NOT DISTRACTED,MD,D7D36B49-34E9-487D-B2C5-0088A80BEC54,FUNCTIONAL,PASSENGER CAR,SLOWING OR STOPPING,39.14551333,-77.14362333,"(39.14551333, -77.14362333)"
MCP2757001M,170508026,Montgomery County Police,Property Damage Crash,05/16/2017 05:37:00 AM,County,RANDOLPH RD,County,GLENALLAN AVE,,N/A,,STRAIGHT MOVEMENT ANGLE,CLEAR,DRY,DAWN,FLASHING TRAFFIC SIGNAL,NONE DETECTED,,0EE2A9BA-6F04-40EE-A31D-DFA3A7F1C45C,No,NO APPARENT INJURY,N/A,NOT DISTRACTED,MD,7CF99DD0-F0BD-4F20-B466-BB4F36A76E38,SUPERFICIAL,"MEDIUM/HEAVY TRUCKS 3 AXLES (OVER 10,000LBS (4,536KG))",MOVING CONSTANT SPEED,39.06041667,-77.04498833,"(39.06041667, -77.04498833)"
MCP3002001N,170500265,Montgomery County Police,Property Damage Crash,04/03/2017 09:50:00 PM,,ROCKVILLE PIKE,,ROSE AVE,,N/A,,SAME DIRECTION SIDESWIPE,RAINING,WET,DARK LIGHTS ON,NO CONTROLS,NONE DETECTED,,E8F06CF0-36BF-4BAB-ADCC-8A4196519E36,Yes,NO APPARENT INJURY,"N/A, RAIN, SNOW",LOOKED BUT DID NOT SEE,MD,A17FB113-4382-4D25-BED8-06C3D226D4F9,SUPERFICIAL,PASSENGER CAR,CHANGING LANES,39.05036167,-77.11503,"(39.05036167, -77.11503)"
MCP2927001R,170503775,Montgomery County Police,Property Damage Crash,04/23/2017 07:15:00 PM,,,,,"1411 EAST WEST HWY, RITE AID PARKING LOT",,,OTHER,CLEAR,,DARK LIGHTS ON,NO CONTROLS,UNKNOWN,,197589FC-7B19-4A48-8974-8A44290103D4,Yes,NO APPARENT INJURY,N/A,UNKNOWN,MD,37B8B7D6-0FAF-4958-A3FB-78A65693F6F8,FUNCTIONAL,PICKUP TRUCK,BACKING,38.991705,-77.02688,"(38.991705, -77.02688)"
MCP2771000R,16050175,Montgomery County Police,Injury Crash,09/29/2016 09:26:00 PM,County,SHADY GROVE RD,County,BRIARDALE RD,,N/A,,SAME DIR REAR END,RAINING,WET,DARK LIGHTS ON,TRAFFIC SIGNAL,NONE DETECTED,,937CD95A-49BF-49AD-973A-62B14D470F40,No,POSSIBLE INJURY,"RAIN, SNOW, WET",NOT DISTRACTED,MD,2E3F767E-38FF-45D0-8912-1A7778F1AFC5,FUNCTIONAL,PASSENGER CAR,SLOWING OR STOPPING,39.13361387,-77.15823501,"(39.13361387, -77.15823501)"
MCP2203001Z,170529151,Montgomery County Police,Injury Crash,09/07/2017 11:47:00 AM,Maryland (State),UNIVERSITY BLVD W,County,AMHERST AVE,,N/A,,ANGLE MEETS RIGHT TURN,CLEAR,DRY,DAYLIGHT,TRAFFIC SIGNAL,NONE DETECTED,,46E364BB-BFC3-427B-8FA8-05E71BABD20A,Yes,POSSIBLE INJURY,N/A,NOT DISTRACTED,MD,F3ABB039-9734-493C-A396-5E1B01A9B256,DISABLING,PASSENGER CAR,MOVING CONSTANT SPEED,39.04140667,-77.048865,"(39.04140667, -77.048865)"
EJ7846001C,16025474,Gaithersburg Police Depar,Property Damage Crash,05/22/2016 05:32:00 PM,County,MUDDY BRANCH RD,Municipality,PALM SPRING DR,,GAITHERSBURG,,HEAD ON LEFT TURN,RAINING,WET,DAYLIGHT,STOP SIGN,NONE DETECTED,,D4AA844F-FB10-4318-91B4-8D31E7DB8B3C,No,NO APPARENT INJURY,"RAIN, SNOW, WET",NOT DISTRACTED,MD,8DA0AB25-A98B-481D-B650-66892ED5F1FB,SUPERFICIAL,PASSENGER CAR,MOVING CONSTANT SPEED,39.12508333,-77.213485,"(39.12508333, -77.213485)"
MCP2473000H,17016695,Montgomery County Police,Property Damage Crash,04/02/2017 07:23:00 AM,County,LOCKWOOD DR,Maryland (State),NEW HAMPSHIRE AVE,,N/A,,SAME DIR REAR END,CLEAR,DRY,DAYLIGHT,TRAFFIC SIGNAL,N/A,,1CF8BA48-63C3-41FD-9AEC-474BF1E55C50,No,NO APPARENT INJURY,N/A,NOT DISTRACTED,MD,ABCA33C1-796F-4818-A4B2-61EA2A31F244,SUPERFICIAL,TRANSIT BUS,SLOWING OR STOPPING,39.039795,-76.99027167,"(39.039795, -76.99027167)"
MCP2848002M,16010464,MONTGOMERY,Property Damage Crash,03/02/2016 03:17:00 PM,County,SOUTHWICK ST,Maryland (State),OLD GEORGETOWN RD,,N/A,,SAME DIR REAR END,CLEAR,DRY,DAYLIGHT,NO CONTROLS,NONE DETECTED,,393DBC2D-85D2-48EF-8A1E-03AAE0659094,No,NO APPARENT INJURY,N/A,NOT DISTRACTED,MD,C8AC50AB-9184-4D7C-8230-453352E2F7D4,FUNCTIONAL,"MEDIUM/HEAVY TRUCKS 3 AXLES (OVER 10,000LBS (4,536KG))",PARKED,38.9993088,-77.11037636,"(38.9993088, -77.11037636)"
MCP27890039,17005993,Montgomery County Police,Injury Crash,02/03/2017 05:12:00 PM,County,SPRING ST,Maryland (State),16TH ST,,N/A,,OTHER,N/A,DRY,DAYLIGHT,TRAFFIC SIGNAL,ILLEGAL DRUG PRESENT,,16C5F084-38BF-482E-B429-50C7AB9603B1,Yes,POSSIBLE INJURY,N/A,OTHER DISTRACTION,DC,E22B5F88-354E-47DC-BBF7-F7484BE4CEFB,DISABLING,PASSENGER CAR,MOVING CONSTANT SPEED,39.00956,-77.03106333,"(39.00956, -77.03106333)"
MCP11740017,15065907,Montgomery County Police,Property Damage Crash,12/24/2015 06:05:00 AM,Maryland (State),WISCONSIN AVE,County,STANFORD ST,,N/A,,SAME DIRECTION SIDESWIPE,RAINING,WET,DARK LIGHTS ON,NO CONTROLS,NONE DETECTED,,4B4A8BF1-CFA2-4910-A28A-2136A11DA393,No,NO APPARENT INJURY,"N/A, WET",NOT DISTRACTED,MD,C87F5B7C-B8C4-4ECF-9092-3A4C68CD2647,NO DAMAGE,TRUCK TRACTOR,MOVING CONSTANT SPEED,38.97842749,-77.09125757,"(38.97842749, -77.09125757)"
DD5605000Z,15006638,Rockville Police Departme,Property Damage Crash,02/09/2015 09:03:00 PM,Municipality,CHAPMAN AVE,Municipality,TWINBROOK PKWY,,ROCKVILLE,,STRAIGHT MOVEMENT ANGLE,RAINING,WET,DARK LIGHTS ON,TRAFFIC SIGNAL,NONE DETECTED,,E8E32309-6208-4C07-9411-5E7A369EAB8C,No,NO APPARENT INJURY,"N/A, WET",NOT DISTRACTED,MD,67418418-C02A-4967-BBCB-F02567DBDB57,FUNCTIONAL,(SPORT) UTILITY VEHICLE,STARTING FROM LANE,39.058805,-77.11837833,"(39.058805, -77.11837833)"
EJ7815000F,15004139,Gaithersburg Police Depar,Property Damage Crash,01/26/2015 08:44:00 AM,County,MUDDY BRANCH RD,Municipality,SUFFIELD DR,,GAITHERSBURG,,OTHER,SNOW,WET,DAYLIGHT,STOP SIGN,NONE DETECTED,,9FA17B52-92CD-47A9-967D-EAF8046DC400,Yes,NO APPARENT INJURY,"RAIN, SNOW, WET",NOT DISTRACTED,MD,8B7626B1-5D6D-4D57-8A75-78E8A5172C13,SUPERFICIAL,VAN,BACKING,39.11248,-77.21644167,"(39.11248, -77.21644167)"
MCP2498000D,15041780,MONTGOMERY,Injury Crash,08/20/2015 10:10:00 PM,County,MIDDLEBROOK RD,County,OBSERVATION DR,,N/A,,SAME DIR REAR END,CLEAR,DRY,DARK LIGHTS ON,TRAFFIC SIGNAL,NONE DETECTED,,56C342F4-5A6D-4B57-95C1-9C97CCBDBBD8,No,NO APPARENT INJURY,N/A,NOT DISTRACTED,MD,FAB25EF1-7370-4EA7-8161-7B5A25E3D817,DISABLING,PASSENGER CAR,UNKNOWN,39.17839833,-77.24201667,"(39.17839833, -77.24201667)"
MCP27820017,15057121,MONTGOMERY,Property Damage Crash,11/09/2015 12:35:00 PM,County,RANDOLPH RD,County,BUSHEY DR,,N/A,,SAME DIRECTION SIDESWIPE,CLOUDY,DRY,DAYLIGHT,NO CONTROLS,NONE DETECTED,,86D483F8-E4F0-4729-8380-F8BD52BBCD8C,Yes,NO APPARENT INJURY,N/A,NOT DISTRACTED,MD,98971086-3747-4698-8298-F6C87EA9F7F6,FUNCTIONAL,PASSENGER CAR,NEGOTIATING A CURVE,39.05760667,-77.07772833,"(39.05760667, -77.07772833)"
MCP29740018,17005521,Montgomery County Police,Property Damage Crash,02/01/2017 01:02:00 AM,US (State),COLUMBIA PIKE,County,BURNT MILLS AVE,,N/A,,SINGLE VEHICLE,CLEAR,DRY,DARK LIGHTS ON,N/A,N/A,,DD5CE005-3CC0-427B-87FD-18E489728423,No,NO APPARENT INJURY,N/A,NOT DISTRACTED,MD,3A01FF9B-FD10-4C09-B028-01178BA959FA,FUNCTIONAL,POLICE VEHICLE/NON EMERGENCY,MOVING CONSTANT SPEED,39.03630609,-77.00022675,"(39.03630609, -77.00022675)"
MCP2539000W,170515478,Montgomery County Police,Property Damage Crash,06/24/2017 12:52:00 AM,County,BETHESDA AVE,County,WOODMONT AVE,,N/A,,SINGLE VEHICLE,RAINING,WET,DARK LIGHTS ON,NO CONTROLS,UNKNOWN,,FCDD3EA4-ADE2-4348-AFB9-F5376AFFD0D2,Yes,NO APPARENT INJURY,"N/A, WET",UNKNOWN,XX,12EEDE85-ADB5-4106-9BFC-ED1991BD21A9,FUNCTIONAL,(SPORT) UTILITY VEHICLE,MOVING CONSTANT SPEED,38.98375833,-77.09319833,"(38.98375833, -77.09319833)"
MCP2496000L,16021771,Montgomery County Police,Property Damage Crash,05/03/2016 08:15:00 AM,,,,,VEHICLE LEFT ROADWAY TO THE RIGHT AND STRUCK LIGHT POLE 26152,,,OTHER,CLEAR,,DAYLIGHT,NO CONTROLS,N/A,,6A4E870F-40FE-48B9-99C9-96E9EFA779C3,No,NO APPARENT INJURY,N/A,NOT DISTRACTED,MD,2C4C04A5-D33B-4093-9EE7-F816124A6310,DISABLING,PASSENGER CAR,MOVING CONSTANT SPEED,39.28655638,-77.20847815,"(39.28655638, -77.20847815)"
MCP22980044,15003786,Montgomery County Police,Injury Crash,01/23/2015 04:39:00 PM,Maryland (State),CLOPPER RD,County,CINNAMON DR,,N/A,,STRAIGHT MOVEMENT ANGLE,CLOUDY,DRY,DAYLIGHT,STOP SIGN,NONE DETECTED,,C9018F3C-F7B8-4D14-862A-EDE39D6EF5F2,Yes,SUSPECTED MINOR INJURY,N/A,LOOKED BUT DID NOT SEE,MD,7D934FCF-4BA3-453D-A0F6-067B18429C92,DISABLING,(SPORT) UTILITY VEHICLE,MAKING LEFT TURN,39.1561382,-77.26454973,"(39.1561382, -77.26454973)"
MCP2879000X,15054857,MONTGOMERY,Injury Crash,10/28/2015 06:39:00 PM,County,SHADY GROVE RD,Other Public Roadway,RESEARCH BLVD,,N/A,,ANGLE MEETS LEFT HEAD ON,RAINING,WET,DARK LIGHTS ON,TRAFFIC SIGNAL,NONE DETECTED,,880C4809-58B9-4115-97D1-98F34FA1BD64,Yes,NO APPARENT INJURY,"RAIN, SNOW, WET",UNKNOWN,MD,258D0DF4-AD62-4A63-9FD1-3969AC28FEAC,DISABLING,PASSENGER CAR,SLOWING OR STOPPING,39.10482,-77.19010833,"(39.10482, -77.19010833)"
MCP27240016,16024297,Montgomery County Police,Injury Crash,05/16/2016 12:50:00 PM,County,FOREST GLEN RD,Government,SLIGO CREEK PKWY,,N/A,,STRAIGHT MOVEMENT ANGLE,CLEAR,DRY,DAYLIGHT,TRAFFIC SIGNAL,N/A,,3D7E950F-E134-40B6-98F1-5AB72B110573,Yes,NO APPARENT INJURY,N/A,OTHER DISTRACTION,MD,456E3357-7F8D-4A62-B017-9E8FA043D8A8,FUNCTIONAL,PASSENGER CAR,ACCELERATING,39.01625167,-77.031825,"(39.01625167, -77.031825)"
MCP9438000V,16005086,Montgomery County Police,Injury Crash,01/31/2016 01:30:00 PM,County,GUNNERS BRANCH RD,Maryland (State),FREDERICK RD,,N/A,PEDESTRIAN,SINGLE VEHICLE,N/A,WET,DAYLIGHT,TRAFFIC SIGNAL,UNKNOWN,N/A,1B18498E-3D46-4F52-BD97-5DB9B1FACB81,Yes,NO APPARENT INJURY,"N/A, WET",UNKNOWN,,82EC5ADF-6983-4C00-9C77-EE7F324E7196,UNKNOWN,,MOVING CONSTANT SPEED,39.17862,-77.23955167,"(39.17862, -77.23955167)"
MCP2469000N,15066696,Montgomery County Police,Property Damage Crash,12/29/2015 10:17:00 AM,US (State),COLUMBIA PIKE,County,FAIRLAND RD,,N/A,,SAME DIR REAR END,CLEAR,WET,DAYLIGHT,TRAFFIC SIGNAL,NONE DETECTED,,88A3E733-ABF6-4E61-AD13-428DAA52ECD1,No,NO APPARENT INJURY,"N/A, WET",NOT DISTRACTED,MD,D2AF7450-F6E2-48C4-B93B-6951CC830084,FUNCTIONAL,PASSENGER CAR,STOPPED IN TRAFFIC LANE,39.07327776,-76.95563436,"(39.07327776, -76.95563436)"
MCP1151005G,16058595,Montgomery County Police,Property Damage Crash,11/14/2016 07:15:00 AM,County,CENTURY BLVD,County,CRYSTAL ROCK DR,,N/A,,OTHER,CLEAR,DRY,DAYLIGHT,NO CONTROLS,NONE DETECTED,,E65E6ACF-B66F-4A16-8781-E3DB021E6F2C,No,NO APPARENT INJURY,N/A,NOT DISTRACTED,MD,BDB66AC5-4968-4E14-8A42-70C0283E1762,SUPERFICIAL,TRANSIT BUS,PARKED,39.18298833,-77.26332667,"(39.18298833, -77.26332667)"
MCP2910001S,15060915,MONTGOMERY,Injury Crash,11/29/2015 06:52:00 AM,US (State),GEORGIA AVE,County,WAYNE AVE,,N/A,PEDESTRIAN,OTHER,RAINING,WET,DARK LIGHTS ON,TRAFFIC SIGNAL,NONE DETECTED,ALCOHOL CONTRIBUTED,D20537B2-2E1C-4DA7-BFFE-CC8805F23BA9,No,NO APPARENT INJURY,"SLEET, HAIL, FREEZ. RAIN, WET",NOT DISTRACTED,MD,1D6E1501-9065-4AF7-8C7F-212FA354B5B2,FUNCTIONAL,PASSENGER CAR,SLOWING OR STOPPING,38.994665,-77.02704833,"(38.994665, -77.02704833)"
MCP2680001P,15045996,MONTGOMERY,Injury Crash,09/11/2015 04:56:00 PM,Maryland (State),PINEY BRANCH RD,Government,SLIGO CREEK PKWY,,N/A,,STRAIGHT MOVEMENT ANGLE,CLEAR,DRY,DAYLIGHT,TRAFFIC SIGNAL,NONE DETECTED,,47A9FD88-03DF-4BEC-BB00-DA193DA74655,Yes,SUSPECTED MINOR INJURY,N/A,NOT DISTRACTED,MD,7447CF90-010D-482D-9577-62ACC29EC5FF,DISABLING,PASSENGER CAR,MAKING LEFT TURN,38.99590667,-77.00600167,"(38.99590667, -77.00600167)"
MCP1020001Q,16048480,Montgomery County Police,Injury Crash,09/21/2016 07:27:00 AM,County,STRINGTOWN RD,Maryland (State),FREDERICK RD,,N/A,,SAME DIR REAR END,CLEAR,DRY,DAYLIGHT,TRAFFIC SIGNAL,NONE DETECTED,,E0A19F64-21E0-4E7C-9746-083FF7A22963,No,POSSIBLE INJURY,N/A,NOT DISTRACTED,MD,FB8BE814-5DD8-43D3-8057-C7718FB6F63B,SUPERFICIAL,PASSENGER CAR,STOPPED IN TRAFFIC LANE,39.23856167,-77.27873333,"(39.23856167, -77.27873333)"
MCP26070011,15046200,MONTGOMERY,Property Damage Crash,09/12/2015 04:56:00 PM,County,GAME PRESERVE RD,Unknown,STRUC #15043,,N/A,,OPPOSITE DIRECTION SIDESWIPE,CLOUDY,WET,DAYLIGHT,NO CONTROLS,NONE DETECTED,,C320C1E3-D3E7-4D46-BD4A-737E2F62B54A,Yes,NO APPARENT INJURY,"N/A, WET",NOT DISTRACTED,MD,00A11D25-7A25-4573-B574-EB8C370058AF,DISABLING,PASSENGER CAR,MOVING CONSTANT SPEED,39.15817333,-77.23980833,"(39.15817333, -77.23980833)"
MCP2552001Z,170521740,Montgomery County Police,Property Damage Crash,07/28/2017 08:37:00 PM,County,RANDOLPH RD,County,ROCKING HORSE RD,,N/A,,STRAIGHT MOVEMENT ANGLE,RAINING,WET,DARK LIGHTS ON,TRAFFIC SIGNAL,N/A,,96788365-1780-4F08-A959-D9B5A72B7B90,No,NO APPARENT INJURY,"RAIN, SNOW, WET",NOT DISTRACTED,MD,7C787D40-BD74-4A10-9FB4-0667AA86602C,DISABLING,PASSENGER CAR,MAKING LEFT TURN,39.05387833,-77.09432333,"(39.05387833, -77.09432333)"
MCP2872001B,16006851,Montgomery County Police,Property Damage Crash,02/10/2016 06:59:00 AM,County,MONTGOMERY VILLAGE AVE,County,CENTERWAY RD,,N/A,,SAME DIRECTION LEFT TURN,CLEAR,DRY,DAWN,N/A,NONE DETECTED,,CE71DEF0-EBE2-4E05-BE0E-4112DB1E31A3,No,NO APPARENT INJURY,N/A,NOT DISTRACTED,MD,C919DC25-10E0-4EF2-A46A-4E548D1D3344,DISABLING,PASSENGER CAR,MOVING CONSTANT SPEED,39.17214667,-77.20382833,"(39.17214667, -77.20382833)"
MCP27390015,16046145,Montgomery County Police,Injury Crash,09/09/2016 03:59:00 AM,US (State),COLESVILLE RD,Maryland (State),UNIVERSITY BLVD E,,N/A,,STRAIGHT MOVEMENT ANGLE,CLEAR,DRY,DARK LIGHTS ON,TRAFFIC SIGNAL,NONE DETECTED,,818BF8C5-F0A7-4DDF-8B1C-3C36389D849A,Yes,POSSIBLE INJURY,N/A,UNKNOWN,MD,15304B4C-43BA-432A-A656-0B13A0C5C4B7,DISABLING,PASSENGER CAR,MOVING CONSTANT SPEED,39.019965,-77.01316833,"(39.019965, -77.01316833)"
MCP14380017,15055931,MONTGOMERY,Property Damage Crash,11/03/2015 08:53:00 AM,Interstate (State),NO NAME,Maryland (State),FREDERICK RD,,N/A,,SAME DIR REAR END,CLEAR,DRY,DAYLIGHT,NO CONTROLS,NONE DETECTED,,C9B3BCB0-BABA-4925-A28D-2E5B0FFE8132,No,NO APPARENT INJURY,N/A,NOT DISTRACTED,MD,DF0A5D87-15F7-4ED5-BBBE-13E301D52A27,SUPERFICIAL,"OTHER LIGHT TRUCKS (10,000LBS (4,536KG) OR LESS)",SLOWING OR STOPPING,39.12355333,-77.17829833,"(39.12355333, -77.17829833)"
MCP2260001M,17007348,Montgomery County Police,Injury Crash,02/10/2017 05:01:00 PM,County,MONTROSE RD,County,E JEFFERSON ST,,N/A,,SAME DIR REAR END,N/A,DRY,DAYLIGHT,TRAFFIC SIGNAL,N/A,,F7C3C2FE-7505-42A4-97CC-020C07BD39DB,No,NO APPARENT INJURY,N/A,NOT DISTRACTED,MD,6CD401B8-E5CF-43C3-B3D8-7D5F3264FB29,FUNCTIONAL,PASSENGER CAR,STOPPED IN TRAFFIC LANE,39.05423333,-77.12603333,"(39.05423333, -77.12603333)"
MCP21910015,16050609,Montgomery County Police,Injury Crash,10/02/2016 02:13:00 PM,Maryland (State),ROCKVILLE PIKE,Ramp,RAMP 2 FR MONTROSE PKWY TO MD 355 NB,,N/A,,SAME DIR REAR END,CLEAR,DRY,DAYLIGHT,NO CONTROLS,NONE DETECTED,,1D9F297C-741B-48F6-8B23-E59346F86B34,Yes,NO APPARENT INJURY,N/A,NOT DISTRACTED,MD,E0F26587-99DA-47E6-9DA7-4909809D6772,FUNCTIONAL,PASSENGER CAR,MOVING CONSTANT SPEED,39.05269219,-77.11646698,"(39.05269219, -77.11646698)"
MCP2881001Q,16058599,Montgomery County Police,Injury Crash,11/14/2016 08:06:00 AM,County,MIDDLEBROOK RD,Other Public Roadway,CRYSTAL ROCK DR,,N/A,,SAME DIR REAR END,CLEAR,DRY,DAYLIGHT,NO CONTROLS,N/A,,FB9AD900-6C8B-469D-BB97-5423FFA24AE7,No,NO APPARENT INJURY,N/A,NOT DISTRACTED,MD,B144CF80-862F-447E-992E-F4D6A9F63093,DISABLING,PASSENGER CAR,SLOWING OR STOPPING,39.18594667,-77.261975,"(39.18594667, -77.261975)"
MCP2830003B,170530273,Montgomery County Police,Injury Crash,09/13/2017 07:39:00 AM,County,RANDOLPH RD,County,SPRING TREE DR,,N/A,,SAME DIR REAR END,RAINING,WET,OTHER,NO CONTROLS,NONE DETECTED,,3D65D9E3-C97F-4751-89D4-893C0B5D7C8E,Yes,NO APPARENT INJURY,"RAIN, SNOW, WET",INATTENTIVE OR LOST IN THOUGHT,MD,7B8B8117-BB85-4588-BF6C-EEC98C41C543,DISABLING,PASSENGER CAR,MOVING CONSTANT SPEED,39.06608333,-77.02517,"(39.06608333, -77.02517)"
MCP94220008,17014087,Montgomery County Police,Property Damage Crash,03/19/2017 02:34:00 PM,,,,,PARKING GARAGE LOCATED AT 4841 ELM STREET,,,OTHER,CLEAR,,DAYLIGHT,N/A,NONE DETECTED,,B0809FD2-8828-47C7-A021-3DB8739C7ED8,Yes,NO APPARENT INJURY,N/A,NOT DISTRACTED,MD,58021E26-75AC-487F-927A-A56BA1CCA4C5,SUPERFICIAL,PASSENGER CAR,OTHER,39.00275833,-77.180505,"(39.00275833, -77.180505)"