Report Number,Local Case Number,Agency Name,ACRS Report Type,Crash Date/Time,Route Type,Road Name,Cross-Street Type,Cross-Street Name,Off-Road Description,Municipality,Related Non-Motorist,Collision Type,Weather,Surface Condition,Light,Traffic Control,Driver Substance Abuse,Non-Motorist Substance Abuse,Person ID,Driver At Fault,Injury Severity,Circumstance,Driver Distracted By,Drivers License State,Vehicle ID,Vehicle Damage Extent,Vehicle Body Type,Vehicle Movement,Latitude,Longitude,Location
MCP9442000C,16007663,Montgomery County Police,Property Damage Crash,02/15/2016 12:29:00 PM,Maryland (State),MIDCOUNTY HWY,County,GOSHEN RD,,N/A,,SAME DIR REAR END,SNOW,SNOW,DAYLIGHT,TRAFFIC SIGNAL,NONE DETECTED,,57C374FA-038F-449F-8F3F-5406F91EA817,Yes,NO APPARENT INJURY,"RAIN, SNOW, WET",NOT DISTRACTED,MD,523A65BC-C439-42DC-9B36-2D7D0BEDC3A2,FUNCTIONAL,PASSENGER CAR,SLOWING OR STOPPING,39.15789333,-77.191485,"(39.15789333, -77.191485)"
MCP93210018,17004730,Montgomery County Police,Property Damage Crash,01/27/2017 12:51:00 PM,Maryland (State),GEORGIA AVE,Maryland (State),LAYHILL RD,,N/A,,SAME DIR REAR END,CLEAR,DRY,DAYLIGHT,N/A,NONE DETECTED,,6768AA7C-7FFC-492C-BB38-2CD4A7B6D50B,No,NO APPARENT INJURY,N/A,NOT DISTRACTED,MD,7BBC721F-1EA8-4926-BA76-11CA0B49CAC6,SUPERFICIAL,SCHOOL BUS,MOVING CONSTANT SPEED,39.0601559,-77.051172,"(39.0601559, -77.051172)"
DD5583000T,15050267,ROCKVILLE,Property Damage Crash,10/04/2015 03:59:00 PM,Maryland (State),ROCKVILLE PIKE,Unknown,CROSSOVER,,N/A,,STRAIGHT MOVEMENT ANGLE,CLOUDY,DRY,DAYLIGHT,NO CONTROLS,NONE DETECTED,,2F5C8F7C-FCA0-4A8B-BD47-52BB6C8B6820,Yes,NO APPARENT INJURY,N/A,NOT DISTRACTED,MD,F1D6E4A0-4BD1-4732-98CB-E68D98685E67,DISABLING,PASSENGER CAR,ENTERING TRAFFIC LANE,39.07606167,-77.13815833,"(39.07606167, -77.13815833)"
MCP2990000G,16066244,Montgomery County Police,Injury Crash,12/24/2016 09:52:00 PM,County,CENTERWAY RD,County,CLUB HOUSE RD,,N/A,,OTHER,CLEAR,WET,DARK LIGHTS ON,NO CONTROLS,NONE DETECTED,,C9431A26-E329-4C9E-95E8-03B14634103E,Yes,NO APPARENT INJURY,"N/A, WET",NOT DISTRACTED,MD,10DE887A-2E50-4D61-B462-B1A4C6EBA23A,DISABLING,PASSENGER CAR,ACCELERATING,39.17249,-77.201785,"(39.17249, -77.201785)"
MCP2231002L,16058794,Montgomery County Police,Injury Crash,11/15/2016 08:25:00 AM,County,TUCKERMAN LA,County,GLOXINIA DR,,N/A,,HEAD ON LEFT TURN,CLOUDY,WET,DAYLIGHT,TRAFFIC SIGNAL,NONE DETECTED,,A91CD014-1B4D-4F83-9D63-DEEC7A7F7458,Yes,NO APPARENT INJURY,"N/A, WET",UNKNOWN,MD,DB3C60A8-AE13-41AF-9762-8D79729C1697,FUNCTIONAL,(SPORT) UTILITY VEHICLE,MAKING LEFT TURN,39.03345833,-77.12135833,"(39.03345833, -77.12135833)"
MCP2928000Y,15056675,MONTGOMERY,Property Damage Crash,11/06/2015 09:56:00 PM,County,BONIFANT ST,US (State),GEORGIA AVE,,N/A,,STRAIGHT MOVEMENT ANGLE,CLEAR,DRY,DARK LIGHTS ON,TRAFFIC SIGNAL,NONE DETECTED,,2AC5EDE6-4DCB-4141-8A26-CF712D4347D2,Yes,NO APPARENT INJURY,N/A,NOT DISTRACTED,MD,53D65B89-0C04-4359-B487-AA9FB481156B,FUNCTIONAL,PASSENGER CAR,SLOWING OR STOPPING,38.99335525,-77.02649832,"(38.99335525, -77.02649832)"
MCP2932000M,15053702,MONTGOMERY,Injury Crash,10/22/2015 09:25:00 PM,US (State),COLUMBIA PIKE,County,GREENCASTLE RD,,N/A,,SAME DIR REAR END,CLEAR,DRY,DARK LIGHTS ON,TRAFFIC SIGNAL,NONE DETECTED,,A29CCDFB-776B-4116-8474-B0867F1F1249,Yes,NO APPARENT INJURY,N/A,INATTENTIVE OR LOST IN THOUGHT,MD,6319AE6C-2461-4397-B71F-300638EDA5B6,SUPERFICIAL,PASSENGER CAR,ACCELERATING,39.09652833,-76.93758,"(39.09652833, -76.93758)"
MCP30570008,170524769,Montgomery County Police,Property Damage Crash,08/14/2017 01:21:00 AM,,,,,"WALMART PARKING LOT: 20910 FREDERICK RD., GERMANTOWN, MD",,PEDESTRIAN,OTHER,CLOUDY,,N/A,N/A,N/A,NONE DETECTED,27E3868C-28B3-4CBC-BB33-9E9D55E5A718,Yes,NO APPARENT INJURY,N/A,UNKNOWN,,EF2612C2-853A-4202-87FC-C9AB5A8B4E71,N/A,PASSENGER CAR,UNKNOWN,39.19854624,-77.25206137,"(39.19854624, -77.25206137)"
MCP29610018,16043681,Montgomery County Police,Property Damage Crash,08/27/2016 05:01:00 PM,Maryland (State),UNIVERSITY BLVD W,County,GRANDVIEW AVE,,N/A,,SAME DIRECTION RIGHT TURN,CLEAR,DRY,N/A,NO CONTROLS,NONE DETECTED,,EDB2C327-74E6-44AF-A2D9-4FA965D1B54F,No,NO APPARENT INJURY,N/A,NOT DISTRACTED,MD,45598B8A-527E-41EE-9F67-48F6FD8EF211,FUNCTIONAL,PASSENGER CAR,MOVING CONSTANT SPEED,39.04081858,-77.05399901,"(39.04081858, -77.05399901)"
MCP1094000K,16053713,Montgomery County Police,Property Damage Crash,10/19/2016 01:25:00 AM,,MAIN ST,,KERSTEN ST,,N/A,,SINGLE VEHICLE,CLEAR,DRY,DARK LIGHTS ON,N/A,ILLEGAL DRUG PRESENT,,F987A6CB-2349-4B0D-8A08-71F78E5E0E24,Yes,NO APPARENT INJURY,N/A,UNKNOWN,MD,AFAF6956-3EB7-444C-982F-D52B622DB2D5,DISABLING,PASSENGER CAR,MOVING CONSTANT SPEED,39.11727667,-77.23602333,"(39.11727667, -77.23602333)"
MCP2973003M,170526994,Montgomery County Police,Injury Crash,08/26/2017 11:00:00 AM,Maryland (State),NORBECK RD,County,BAUER DR,,N/A,,STRAIGHT MOVEMENT ANGLE,N/A,DRY,DAYLIGHT,TRAFFIC SIGNAL,NONE DETECTED,,B1831A41-2BB6-4BA5-B1C8-7D44B01038FC,Yes,NO APPARENT INJURY,N/A,LOOKED BUT DID NOT SEE,PA,A295E4E8-E599-42B5-B298-8216D0C488D3,DISABLING,PASSENGER CAR,MAKING LEFT TURN,39.096265,-77.11014667,"(39.096265, -77.11014667)"
MCP2951001R,16041822,Montgomery County Police,Injury Crash,08/17/2016 09:14:00 PM,Maryland (State),GEORGIA AVE,County,INTERNATIONAL DR,,N/A,,SAME DIR REAR END,RAINING,WET,DAWN,TRAFFIC SIGNAL,NONE DETECTED,,655BF00A-655E-4208-AEB1-9428B1C44217,No,SUSPECTED MINOR INJURY,"SLEET, HAIL, FREEZ. RAIN, WET",NOT DISTRACTED,MD,0B8D0CA4-D8C8-4CB5-84C1-114B9CEFB1CB,DISABLING,PASSENGER CAR,SLOWING OR STOPPING,39.10337333,-77.07662667,"(39.10337333, -77.07662667)"
MCP2598000S,16023643,Montgomery County Police,Property Damage Crash,05/12/2016 06:13:00 PM,US (State),COLESVILLE RD,County,N NOYES DR,,N/A,,SAME DIRECTION SIDESWIPE,CLEAR,DRY,DAYLIGHT,NO CONTROLS,NONE DETECTED,,44496BB7-259D-416A-92BE-864B5AFA55A7,No,NO APPARENT INJURY,N/A,NOT DISTRACTED,MD,3FF7C9C2-3C06-40D5-8C63-041DFCD20542,DISABLING,PASSENGER CAR,MOVING CONSTANT SPEED,39.00168167,-77.02508167,"(39.00168167, -77.02508167)"
MCP28640024,16050319,Montgomery County Police,Injury Crash,09/30/2016 05:15:00 PM,,,,,SHADY GROVE METRO STATION ACCESS ROAD/BUS TURN AROUND,,,SAME DIRECTION LEFT TURN,RAINING,,DAYLIGHT,NO CONTROLS,NONE DETECTED,,03FB259F-4765-4BD7-B968-865957C10980,No,NO APPARENT INJURY,"RAIN, SNOW, WET",NOT DISTRACTED,MD,14644003-7E05-4151-8A5E-30DB9600C3AA,FUNCTIONAL,PASSENGER CAR,MOVING CONSTANT SPEED,39.122,-77.16174167,"(39.122, -77.16174167)"
MCP2420002G,17520247,Montgomery County Police,Injury Crash,07/20/2017 08:25:00 PM,County,WICKHAM RD,County,DUNDONNELL WAY,,N/A,,HEAD ON LEFT TURN,N/A,DRY,DUSK,NO CONTROLS,NONE DETECTED,,E3C21DDC-1851-4CBE-8264-59C7AEA51873,Yes,NO APPARENT INJURY,N/A,NOT DISTRACTED,MD,F4E120B1-D835-4ED6-9AB1-F24881CD0C5C,DISABLING,PASSENGER CAR,MOVING CONSTANT SPEED,39.15607833,-77.09984333,"(39.15607833, -77.09984333)"
MCP25260010,17004961,Montgomery County Police,Injury Crash,01/28/2017 04:36:00 PM,Maryland (State),WHITES FERRY RD,Unknown,SPUR TO PARTNERSHIP RD,,N/A,,HEAD ON LEFT TURN,CLEAR,DRY,DAYLIGHT,NO CONTROLS,ALCOHOL PRESENT,,1BA96720-62F4-4214-817B-EA1A9E197775,Yes,NO APPARENT INJURY,N/A,OTHER DISTRACTION,MD,3416CE7B-4554-4FE3-889D-C1094C999355,DISABLING,(SPORT) UTILITY VEHICLE,MOVING CONSTANT SPEED,39.12549831,-77.3755087,"(39.12549831, -77.3755087)"
MCP2717003F,15053214,MONTGOMERY,Property Damage Crash,10/20/2015 01:55:00 PM,Maryland (State),OLD GEORGETOWN RD,County,TUCKERMAN LA,,N/A,,SAME DIR REAR END,CLEAR,DRY,DAYLIGHT,NO CONTROLS,NONE DETECTED,,B454B60E-E065-4DCA-842E-1BA91F2E1D0D,Yes,NO APPARENT INJURY,N/A,UNKNOWN,MD,0A88AF2D-00D4-4E32-9F1B-8034D1C38741,DISABLING,PASSENGER CAR,MOVING CONSTANT SPEED,39.00454484,-77.11043,"(39.00454484, -77.11043)"
MCP26310007,15004370,Montgomery County Police,Property Damage Crash,01/27/2015 05:59:00 PM,Maryland (State),WISCONSIN AVE,County,W VIRGINIA AVE,,N/A,,OPPOSITE DIRECTION SIDESWIPE,CLEAR,DRY,DARK LIGHTS ON,N/A,NONE DETECTED,,F2000DED-F955-4EB8-A450-D3938047EB36,Yes,NO APPARENT INJURY,N/A,NOT DISTRACTED,DC,58ABD341-E6EA-411B-8274-5258DE531A9F,FUNCTIONAL,PASSENGER CAR,MAKING LEFT TURN,38.99064,-77.09553833,"(38.99064, -77.09553833)"
MCP24690016,16043225,Montgomery County Police,Injury Crash,08/25/2016 02:25:00 PM,US (State),COLUMBIA PIKE,County,FAIRLAND RD,,N/A,,SAME DIR REAR END,N/A,DRY,DAYLIGHT,TRAFFIC SIGNAL,NONE DETECTED,,0356FC0F-0FE2-469E-A1AD-7A22EA860FF6,Yes,POSSIBLE INJURY,N/A,NOT DISTRACTED,MA,72E875CD-626A-4575-8470-7307B722D8E2,DESTROYED,PASSENGER CAR,MOVING CONSTANT SPEED,39.07502,-76.9548,"(39.07502, -76.9548)"
MCP29590010,15049493,MONTGOMERY,Property Damage Crash,09/30/2015 08:56:00 AM,County,GOOD HOPE RD,County,HOPEFIELD RD,,N/A,,SAME DIR REAR END,RAINING,WET,DAYLIGHT,NO CONTROLS,NONE DETECTED,,9E947DDA-28B3-4098-9B00-85F32BD6EEB7,No,NO APPARENT INJURY,"RAIN, SNOW, WET",NOT DISTRACTED,MD,673329B1-1248-4861-9899-460B45443413,SUPERFICIAL,SCHOOL BUS,SLOWING OR STOPPING,39.1061539,-76.98029995,"(39.1061539, -76.98029995)"
MCP2750002M,170511157,Montgomery County Police,Injury Crash,06/01/2017 04:17:00 PM,Maryland (State),VEIRS MILL RD,County,CENTERHILL ST,,N/A,,STRAIGHT MOVEMENT ANGLE,CLEAR,DRY,DAYLIGHT,NO CONTROLS,NONE DETECTED,,0EA13168-62D0-4268-BB0B-919FED9F6918,No,NO APPARENT INJURY,N/A,NOT DISTRACTED,MD,C2F377F4-CBF6-4F0F-BA7A-E943AC6EE229,SUPERFICIAL,"OTHER LIGHT TRUCKS (10,000LBS (4,536KG) OR LESS)",SLOWING OR STOPPING,39.04122833,-77.05395333,"(39.04122833, -77.05395333)"
MCP2984000P,16031516,Montgomery County Police,Property Damage Crash,06/22/2016 08:51:00 AM,Maryland (State),CLOPPER RD,County,KINGSVIEW VILLAGE AVE,,N/A,,SAME DIR REAR END,CLEAR,DRY,DAYLIGHT,TRAFFIC SIGNAL,NONE DETECTED,,E39B8AD6-641B-448E-8D38-B4D569B29E16,No,NO APPARENT INJURY,N/A,NOT DISTRACTED,MD,9A1FF5E5-2F3B-48AF-810B-2A7875CD5D08,NO DAMAGE,PICKUP TRUCK,SLOWING OR STOPPING,39.16087167,-77.27958833,"(39.16087167, -77.27958833)"
MCP2866001Q,15048474,MONTGOMERY,Property Damage Crash,09/24/2015 03:33:00 PM,Maryland (State),RIVER RD,County,ROYAL DOMINION DR,,N/A,,SAME DIR REAR END,CLEAR,DRY,DAYLIGHT,TRAFFIC SIGNAL,NONE DETECTED,,24F8040E-F9EC-40D8-8976-AED9F4B11075,Yes,NO APPARENT INJURY,N/A,OTHER CELLULAR PHONE RELATED,TX,4719E30D-46E6-4C98-80E9-2AAC982D5982,DISABLING,PASSENGER CAR,SLOWING OR STOPPING,38.98926833,-77.14948833,"(38.98926833, -77.14948833)"
MCP1550000V,15002625,Montgomery County Police,Property Damage Crash,01/16/2015 06:15:00 PM,Interstate (State),CAPITAL BELTWAY,Maryland (State),CONNECTICUT AVE,,N/A,,SAME DIR REAR END,CLEAR,DRY,DARK LIGHTS ON,NO CONTROLS,UNKNOWN,,ADA1BFE7-931C-4008-A0E7-9EB88C082A2A,Yes,NO APPARENT INJURY,N/A,NOT DISTRACTED,MD,63D05D6A-6DDB-4E30-878B-5A549428DB6F,FUNCTIONAL,PASSENGER CAR,MOVING CONSTANT SPEED,39.00582,-77.07316833,"(39.00582, -77.07316833)"
MCP9386004F,17007267,Montgomery County Police,Property Damage Crash,02/10/2017 09:41:00 AM,Maryland (State),OLD GEORGETOWN RD,County,RYLAND DR,,N/A,,STRAIGHT MOVEMENT ANGLE,CLEAR,DRY,DAYLIGHT,TRAFFIC SIGNAL,NONE DETECTED,,29BE9009-C4F7-417D-9AE4-151455C5AE2D,No,NO APPARENT INJURY,N/A,NOT DISTRACTED,SC,8316E68A-3965-47CF-943E-87C72DDC2997,FUNCTIONAL,PASSENGER CAR,MOVING CONSTANT SPEED,39.01299333,-77.117715,"(39.01299333, -77.117715)"
MCP137800C0,16045501,Montgomery County Police,Injury Crash,09/06/2016 09:27:00 AM,Municipality,TRAVIS AVE,Municipality,TRAVIS LA,,GAITHERSBURG,PEDESTRIAN,SINGLE VEHICLE,CLEAR,DRY,DAYLIGHT,STOP SIGN,NONE DETECTED,NONE DETECTED,4FB2AFA8-8405-4C4A-AA98-DECD38A0DABD,Yes,NO APPARENT INJURY,N/A,NOT DISTRACTED,MD,C606DFDA-8A11-4148-997D-4DAA90B26BC4,NO DAMAGE,PASSENGER CAR,MAKING LEFT TURN,39.16234833,-77.21704667,"(39.16234833, -77.21704667)"
MCP20080044,170523208,Montgomery County Police,Injury Crash,08/05/2017 04:34:00 PM,,,,,"PARKING LOT OF 
6301 RIVER RD",,PEDESTRIAN,OTHER,CLEAR,,DAYLIGHT,N/A,NONE DETECTED,NONE DETECTED,987C6358-4A67-4221-9471-B869CC92F965,Yes,NO APPARENT INJURY,N/A,NOT DISTRACTED,MD,76DC5CE6-3366-424C-8989-1352D811D9C8,FUNCTIONAL,PASSENGER CAR,ACCELERATING,38.97602667,-77.12599833,"(38.97602667, -77.12599833)"
MCP2777002T,16044482,Montgomery County Police,Injury Crash,08/31/2016 06:19:00 PM,Maryland (State),ROCKVILLE PIKE,County,GROSVENOR LA,,N/A,,SAME DIR REAR END,CLEAR,DRY,DAYLIGHT,TRAFFIC SIGNAL,NONE DETECTED,,55647825-DD79-4512-A339-27EB92CE10C1,No,POSSIBLE INJURY,N/A,NOT DISTRACTED,MD,3C2CF5BF-A027-4263-AB2D-7B1410EE3529,DISABLING,PASSENGER CAR,SLOWING OR STOPPING,39.02221167,-77.10282333,"(39.02221167, -77.10282333)"
MCP1580006V,16065655,Montgomery County Police,Injury Crash,12/22/2016 09:58:00 AM,Municipality,CHRISTOPHER AVE,Municipality,RUSSELL AVE,,GAITHERSBURG,,SAME DIR REAR END,CLEAR,DRY,DAYLIGHT,NO CONTROLS,NONE DETECTED,,BFD9927B-E19B-496B-B57D-5D106BD175E8,No,NO APPARENT INJURY,N/A,NOT DISTRACTED,MD,5AC92BA0-B72F-4125-880A-D363E1813AD1,SUPERFICIAL,PASSENGER CAR,SLOWING OR STOPPING,39.15707,-77.21444333,"(39.15707, -77.21444333)"
EJ7846002C,170522971,Gaithersburg Police Depar,Property Damage Crash,07/13/2017 12:30:00 AM,,,,,12130 DARNESTOWN RD. (MCDONALD'S PARKING LOT),,,SAME DIRECTION SIDESWIPE,CLEAR,,DARK LIGHTS ON,NO CONTROLS,UNKNOWN,,2F400544-7636-486F-AA79-B6A22AB790DD,Yes,NO APPARENT INJURY,N/A,UNKNOWN,,7076BAD3-2FC2-4937-991A-684D9B907F8B,UNKNOWN,,STARTING FROM PARKED,39.11726944,-77.25183338,"(39.11726944, -77.25183338)"
DD5611001T,16064033,Rockville Police Departme,Property Damage Crash,12/13/2016 07:02:00 PM,Maryland (State),FALLS RD,Municipality,GREAT FALLS RD (AHEAD),,ROCKVILLE,,SAME DIR REAR END,CLEAR,DRY,DARK LIGHTS ON,NO CONTROLS,NONE DETECTED,,DAC420A1-5A09-47A0-8995-4AF468D5752B,No,NO APPARENT INJURY,N/A,NOT DISTRACTED,MD,3BECAD40-247C-4C92-88CC-00706BE9A50E,FUNCTIONAL,PASSENGER CAR,SLOWING OR STOPPING,39.07597133,-77.16289633,"(39.07597133, -77.16289633)"
MCP2952001N,16009206,Montgomery County Police,Injury Crash,02/24/2016 09:01:00 AM,Maryland (State),UNIVERSITY BLVD W,County,SUTHERLAND RD,,N/A,,SAME DIR REAR END,RAINING,WET,DAYLIGHT,N/A,NONE DETECTED,,17078FD3-FE89-45A7-BB59-39F0605D7E69,No,POSSIBLE INJURY,"N/A, WET",NOT DISTRACTED,MD,D15414E2-AC8A-425C-A138-A9F16B6C6AE5,FUNCTIONAL,PASSENGER CAR,SLOWING OR STOPPING,39.0205007,-77.01295853,"(39.0205007, -77.01295853)"
EJ7860000Y,170511638,Gaithersburg Police Depar,Property Damage Crash,06/03/2017 10:15:00 PM,Maryland (State),FREDERICK RD,Municipality,DALAMAR ST,,GAITHERSBURG,,SAME DIRECTION LEFT TURN,CLEAR,DRY,DARK LIGHTS ON,NO CONTROLS,UNKNOWN,,18780124-82D4-4A4E-893F-6677FA3C0574,Yes,NO APPARENT INJURY,N/A,UNKNOWN,MD,82F7656B-E385-4BA8-A28E-BCCF94E7265F,N/A,PASSENGER CAR,SLOWING OR STOPPING,39.14671424,-77.204943,"(39.14671424, -77.204943)"
MCP2975001S,170520493,Montgomery County Police,Property Damage Crash,07/22/2017 12:35:00 AM,County,BRIGGS CHANEY RD,County,GOOD HOPE RD,,N/A,,STRAIGHT MOVEMENT ANGLE,CLEAR,DRY,DARK LIGHTS ON,TRAFFIC SIGNAL,NONE DETECTED,,461A5182-0C83-4F90-8D87-6D6A0E6E2697,No,NO APPARENT INJURY,N/A,NOT DISTRACTED,MD,3AB4B202-E730-4BD9-A88C-CEEED11346E1,DISABLING,PASSENGER CAR,MOVING CONSTANT SPEED,39.10218,-76.98221333,"(39.10218, -76.98221333)"
MCP26750011,16016516,Montgomery County Police,Property Damage Crash,04/04/2016 11:33:00 PM,County,DENNIS AVE,County,BARRIE AVE,,N/A,,SINGLE VEHICLE,CLEAR,DRY,DARK LIGHTS ON,NO CONTROLS,NONE DETECTED,,A38E8A2B-1B3A-48C9-9BD6-2688F9C01929,No,NO APPARENT INJURY,N/A,NOT DISTRACTED,MD,BCF0027C-C1A9-4FC0-9E0E-71C88FB69F46,DISABLING,POLICE VEHICLE/EMERGENCY,MOVING CONSTANT SPEED,39.02557,-77.04384,"(39.02557, -77.04384)"
MCP20480017,170528861,Montgomery County Police,Injury Crash,09/05/2017 06:45:00 PM,County,CHERRY HILL RD,County,PLUM ORCHARD DR,,N/A,,SAME DIR REAR END,RAINING,WET,DAYLIGHT,TRAFFIC SIGNAL,NONE DETECTED,,B2E0C4F4-451B-43EB-B5AE-4495D46CF324,Yes,NO APPARENT INJURY,"RAIN, SNOW, WET",NOT DISTRACTED,MD,BEBF5410-ABBA-42E7-B2A0-045E8DF098B1,FUNCTIONAL,PASSENGER CAR,SLOWING OR STOPPING,39.05265574,-76.953215,"(39.05265574, -76.953215)"
DD56180007,16023317,Rockville Police Departme,Property Damage Crash,05/11/2016 07:20:00 AM,Maryland (State),E JEFFERSON ST,Municipality,MARYLAND AVE,,ROCKVILLE,,OTHER,RAINING,WET,DAYLIGHT,NO CONTROLS,UNKNOWN,,8F6676DD-FE93-4612-8E38-6125B7D7C8D1,Yes,NO APPARENT INJURY,"RAIN, SNOW, WET",UNKNOWN,,BBF722D0-55ED-4713-BA65-D796ED4AFAE5,FUNCTIONAL,VAN,MOVING CONSTANT SPEED,39.0829338,-77.15142623,"(39.0829338, -77.15142623)"
MCP29910009,16000507,Montgomery County Police,Injury Crash,01/04/2016 08:30:00 AM,Maryland (State),VEIRS MILL RD,County,NEWPORT MILL RD,,N/A,PEDESTRIAN,SINGLE VEHICLE,CLEAR,DRY,DAWN,TRAFFIC SIGNAL,NONE DETECTED,NONE DETECTED,8D951229-4741-4BBA-9B9C-AEA6220284AC,Yes,NO APPARENT INJURY,N/A,LOOKED BUT DID NOT SEE,MD,A919BC50-9426-4536-BA55-F891B41E9BDF,N/A,(SPORT) UTILITY VEHICLE,MAKING LEFT TURN,39.04506831,-77.06502154,"(39.04506831, -77.06502154)"
EJ7847001Z,16035688,Gaithersburg Police Depar,Injury Crash,07/14/2016 04:33:00 PM,Municipality,BANK ST,Maryland (State),QUINCE ORCHARD RD,,N/A,,SAME DIR REAR END,CLEAR,DRY,DAYLIGHT,TRAFFIC SIGNAL,NONE DETECTED,,871CF655-811F-4F3B-A0BF-5BBB72F9857A,No,NO APPARENT INJURY,N/A,NOT DISTRACTED,MD,8F45F7EB-A431-44DC-ADD1-47C753E08F22,FUNCTIONAL,PASSENGER CAR,STOPPED IN TRAFFIC LANE,39.14012978,-77.22206354,"(39.14012978, -77.22206354)"
MCP2439000L,17000103,Montgomery County Police,Injury Crash,01/01/2017 01:15:00 PM,Maryland (State),MUNCASTER MILL RD,County,BOWIE MILL RD,,N/A,,SAME DIR REAR END,CLEAR,DRY,DAYLIGHT,TRAFFIC SIGNAL,N/A,,5600CC93-777C-43DA-B660-41233F96B4E5,No,POSSIBLE INJURY,N/A,NOT DISTRACTED,MD,E8746197-20D1-46CB-9FA8-2021389A5B00,DISABLING,PASSENGER CAR,STOPPED IN TRAFFIC LANE,39.13400189,-77.12260053,"(39.13400189, -77.12260053)"
MCP2796002X,15065515,MONTGOMERY,Property Damage Crash,12/22/2015 02:11:00 PM,County,FERRARA AVE,Maryland (State),VEIRS MILL RD,,N/A,,SAME DIR REAR END,CLOUDY,WET,DAYLIGHT,TRAFFIC SIGNAL,NONE DETECTED,,68ABCAB4-BDB1-4808-9DFF-E58E7DB18CEC,No,NO APPARENT INJURY,"N/A, WET",NOT DISTRACTED,MD,9717E6F7-FA35-41C1-A346-4583092E7580,NO DAMAGE,"CARGO VAN/LIGHT TRUCK 2 AXLES (OVER 10,000LBS (4,536 KG))",STOPPED IN TRAFFIC LANE,39.052735,-77.077145,"(39.052735, -77.077145)"
MCP2212001X,16062746,Montgomery County Police,Property Damage Crash,12/07/2016 08:06:00 AM,County,BRIGGS CHANEY RD,County,OLD COLUMBIA PIKE,,N/A,,SAME DIR REAR END,RAINING,WET,DAYLIGHT,TRAFFIC SIGNAL,NONE DETECTED,,7294AB70-6FD4-4CE0-A0A6-80094B225854,Yes,NO APPARENT INJURY,"N/A, WET",UNKNOWN,MD,C81654ED-D2C5-4183-8BD8-EB7326BF896C,FUNCTIONAL,PASSENGER CAR,MOVING CONSTANT SPEED,39.08354696,-76.94907904,"(39.08354696, -76.94907904)"
MCP27540018,170505519,Montgomery County Police,Injury Crash,05/02/2017 06:21:00 PM,Maryland (State),PINEY BRANCH RD,Unknown,ENT TO APTS,,N/A,PEDESTRIAN,OTHER,OTHER,DRY,DAYLIGHT,N/A,NONE DETECTED,"N/A, NONE DETECTED",D8A1C8BF-6E7E-42A7-B292-7C74727D771B,Yes,NO APPARENT INJURY,N/A,UNKNOWN,MD,8BDE462D-A34B-4D77-80B7-3E3C2C7DBA65,SUPERFICIAL,PASSENGER CAR,ACCELERATING,38.99862667,-77.00000667,"(38.99862667, -77.00000667)"
MCP1170001B,16018050,Montgomery County Police,Property Damage Crash,04/13/2016 12:30:00 PM,,,,,PARKING LOT OF 3300 BRIGGS CHANEY ROAD,,,HEAD ON,CLEAR,,DAYLIGHT,NO CONTROLS,N/A,,0160CFC8-F125-478D-BD56-BEEB86EDFB4A,No,NO APPARENT INJURY,N/A,NOT DISTRACTED,MD,F067A754-8A11-467A-B089-E5D714B92252,SUPERFICIAL,PASSENGER CAR,ACCELERATING,39.065965,-77.159755,"(39.065965, -77.159755)"
MCP2286000Y,15052504,MONTGOMERY,Injury Crash,10/16/2015 09:21:00 AM,Maryland (State),W MONTGOMERY AVE,Ramp,RAMP 5 FR IS 270 SB TO MD 28 EB,,N/A,,SAME DIR REAR END,CLEAR,DRY,DAYLIGHT,TRAFFIC SIGNAL,NONE DETECTED,,03AB9BF9-658D-4B84-B34C-24DCB2225CA3,Yes,NO APPARENT INJURY,N/A,LOOKED BUT DID NOT SEE,MD,6579D1F5-C271-445F-BDD9-5AF1AA5D431A,DISABLING,PASSENGER CAR,MOVING CONSTANT SPEED,39.08713167,-77.17589667,"(39.08713167, -77.17589667)"
MCP2904002C,16038782,Montgomery County Police,Injury Crash,07/31/2016 08:08:00 PM,Maryland (State),NEW HAMPSHIRE AVE,County,OAKVIEW DR,,N/A,,SAME DIR REAR END,CLEAR,DRY,DAYLIGHT,NO CONTROLS,NONE DETECTED,,F2011924-660B-4680-80AD-B5A02521FA29,Yes,NO APPARENT INJURY,N/A,UNKNOWN,CA,F8A00462-8835-4FCB-B4C5-5DEAD7FBFE26,SUPERFICIAL,PASSENGER CAR,SLOWING OR STOPPING,39.01385167,-76.97817,"(39.01385167, -76.97817)"
EJ7846001K,16043303,Gaithersburg Police Depar,Injury Crash,08/25/2016 07:30:00 PM,Maryland (State),S FREDERICK RD,Municipality,PEONY DR,,GAITHERSBURG,,SAME DIR REAR END,CLEAR,DRY,DAYLIGHT,N/A,NONE DETECTED,,BB1CBBAA-EDA2-4E64-A6FE-599C0F065E03,Unknown,POSSIBLE INJURY,N/A,UNKNOWN,MD,CCD5CD17-3D16-4480-9F11-5F3E34B73B19,FUNCTIONAL,PASSENGER CAR,SLOWING OR STOPPING,39.13683445,-77.19252706,"(39.13683445, -77.19252706)"
MCP2929002B,170520995,Montgomery County Police,Property Damage Crash,07/25/2017 07:11:00 AM,Maryland (State),NEW HAMPSHIRE AVE,County,BRIGHTON DAM RD,,N/A,,SAME DIR REAR END,CLEAR,DRY,DAYLIGHT,TRAFFIC SIGNAL,NONE DETECTED,,EDF12994-EBEB-499B-89FF-62C287EF1FF3,No,NO APPARENT INJURY,N/A,NOT DISTRACTED,MD,A36C98AC-3656-4E70-B85B-6413668E4AE4,DISABLING,(SPORT) UTILITY VEHICLE,SLOWING OR STOPPING,39.19339833,-77.026415,"(39.19339833, -77.026415)"