Report Number,Local Case Number,Agency Name,ACRS Report Type,Crash Date/Time,Route Type,Road Name,Cross-Street Type,Cross-Street Name,Off-Road Description,Municipality,Related Non-Motorist,Collision Type,Weather,Surface Condition,Light,Traffic Control,Driver Substance Abuse,Non-Motorist Substance Abuse,Person ID,Driver At Fault,Injury Severity,Circumstance,Driver Distracted By,Drivers License State,Vehicle ID,Vehicle Damage Extent,Vehicle Body Type,Vehicle Movement,Latitude,Longitude,Location
MCP2910002D,16027977,Montgomery County Police,Injury Crash,06/04/2016 12:34:00 PM,Maryland (State),GEORGIA AVE,Ramp,RAMP 1 FR MD 97 NB TO IS 495 WB,,N/A,,SAME DIRECTION SIDESWIPE,CLEAR,DRY,DAYLIGHT,NO CONTROLS,NONE DETECTED,,A37A973A-40CE-47EF-9D91-C48FF41066C3,No,POSSIBLE INJURY,N/A,NOT DISTRACTED,MD,8CA38D41-5710-420C-9262-4E42A1694F63,FUNCTIONAL,PICKUP TRUCK,STOPPED IN TRAFFIC LANE,39.01279333,-77.04162667,"(39.01279333, -77.04162667)"
MCP9366000Z,170524687,Montgomery County Police,Injury Crash,08/13/2017 10:48:00 PM,Maryland (State),GEORGIA AVE,County,SPARTAN RD,,N/A,,HEAD ON LEFT TURN,CLEAR,DRY,DARK LIGHTS ON,TRAFFIC SIGNAL,NONE DETECTED,,DBDB8C41-6484-4FF0-81D5-9552B6D19107,No,POSSIBLE INJURY,N/A,NOT DISTRACTED,MD,E0BDEC32-0576-4432-B44C-CCA2084838F4,FUNCTIONAL,PASSENGER CAR,STARTING FROM LANE,39.15042833,-77.06679333,"(39.15042833, -77.06679333)"
MCP2651000Q,16035981,Montgomery County Police,Injury Crash,07/15/2016 10:16:00 PM,Maryland (State),SANDY SPRING RD,County,MCKNEW RD,,N/A,,HEAD ON LEFT TURN,N/A,DRY,DARK LIGHTS ON,TRAFFIC SIGNAL,ALCOHOL PRESENT,,9CF6E8AB-2C77-4056-A3CE-B7FDD4F7C64D,Yes,POSSIBLE INJURY,N/A,LOOKED BUT DID NOT SEE,MD,2FB29F22-818E-4056-A346-18DD95EE3317,DESTROYED,PASSENGER CAR,MAKING LEFT TURN,39.10621218,-76.9187808,"(39.10621218, -76.9187808)"
MCP2298003V,15000779,Montgomery County Police,Injury Crash,01/05/2015 07:29:00 PM,Maryland (State),GREAT SENECA HWY,County,LEAMAN FARM RD,,N/A,,STRAIGHT MOVEMENT ANGLE,CLEAR,DRY,DARK -- UNKNOWN LIGHTING,STOP SIGN,NONE DETECTED,,A777EEE9-68C6-4814-9D0F-1D13E2CEDD07,No,SUSPECTED MINOR INJURY,N/A,NOT DISTRACTED,MD,96AC5EE6-908C-4D64-9C90-742243598391,DISABLING,PICKUP TRUCK,MOVING CONSTANT SPEED,39.15578046,-77.27678061,"(39.15578046, -77.27678061)"
MCP2565002S,16019470,Montgomery County Police,Injury Crash,04/20/2016 05:07:00 PM,Interstate (State),EISENHOWER MEMORIAL HWY,Maryland (State),MONTROSE RD,,N/A,,SAME DIR REAR END,CLEAR,DRY,DAYLIGHT,NO CONTROLS,NONE DETECTED,,61DFEF84-B4E6-4C64-813D-5C9AC93236B0,Yes,SUSPECTED MINOR INJURY,N/A,NOT DISTRACTED,MD,37BD64A9-E72B-40F1-83A6-F414CCE746A6,DISABLING,PASSENGER CAR,MOVING CONSTANT SPEED,39.05073667,-77.15224167,"(39.05073667, -77.15224167)"
MCP30450009,17007510,Montgomery County Police,Injury Crash,02/11/2017 01:54:00 PM,Maryland (State),CONNECTICUT AVE,Ramp,RAMP 8 FR MD 185 SB TO IS 495 WB,,N/A,,SAME DIR REAR END,CLOUDY,DRY,DAYLIGHT,TRAFFIC SIGNAL,NONE DETECTED,,92EBE015-B8D4-40F8-9E4C-95E04EF182DC,Yes,NO APPARENT INJURY,N/A,UNKNOWN,DC,703639B2-D9E8-492B-8EF6-E2461630F913,DISABLING,PASSENGER CAR,SLOWING OR STOPPING,39.00715167,-77.07966667,"(39.00715167, -77.07966667)"
MCP1151002B,15005808,Montgomery County Police,Property Damage Crash,02/05/2015 07:15:00 AM,Maryland (State),CLOPPER RD,County,KINGSVIEW VILLAGE AVE,,N/A,,SAME DIR REAR END,CLEAR,DRY,DAYLIGHT,NO CONTROLS,NONE DETECTED,,D024BC8A-A59D-463D-9563-2F1D38B15B81,Yes,NO APPARENT INJURY,N/A,NOT DISTRACTED,MD,C98E1AD0-88C5-4DAA-96CC-D36AD1941F35,DISABLING,PASSENGER CAR,MOVING CONSTANT SPEED,39.160395,-77.27866333,"(39.160395, -77.27866333)"
MCP2351000X,17010640,Montgomery County Police,Property Damage Crash,02/28/2017 07:25:00 AM,County,CRABBS BRANCH WAY,Unknown,CALHOUN PL,,N/A,,ANGLE MEETS RIGHT TURN,CLEAR,DRY,DAYLIGHT,STOP SIGN,NONE DETECTED,,69953BC3-5BB1-47FB-B6D2-DEC2A3E040EC,No,NO APPARENT INJURY,N/A,NOT DISTRACTED,MD,9C3F5657-A211-4967-B513-2283BF6A7F9B,DISABLING,PASSENGER CAR,MOVING CONSTANT SPEED,39.1080585,-77.15213983,"(39.1080585, -77.15213983)"
MCP28450026,16062584,Montgomery County Police,Property Damage Crash,12/06/2016 10:35:00 AM,Maryland (State),NEW HAMPSHIRE AVE,County,DILSTON RD,,N/A,,SAME DIR REAR END,RAINING,WET,DAYLIGHT,TRAFFIC SIGNAL,NONE DETECTED,,329282A2-4161-49DB-BA1A-51FD07E390EA,No,NO APPARENT INJURY,"RAIN, SNOW, WET",NOT DISTRACTED,MD,08516769-EC1A-4B6E-A837-779B733D8CD0,FUNCTIONAL,(SPORT) UTILITY VEHICLE,SLOWING OR STOPPING,39.01162833,-76.97903833,"(39.01162833, -76.97903833)"
DD5595004L,170530299,Rockville Police Departme,Injury Crash,09/13/2017 08:55:00 AM,Municipality,MARYLAND AVE,Municipality,GREAT FALLS RD,,ROCKVILLE,PEDESTRIAN,OTHER,RAINING,WET,OTHER,UNKNOWN,UNKNOWN,NONE DETECTED,9F4EBEB5-875F-4808-ACB1-38A27175F0D0,No,NO APPARENT INJURY,"SLEET, HAIL, FREEZ. RAIN, WET",UNKNOWN,,7C77CE96-3FD8-4C72-BEAC-1B92DF5B680D,UNKNOWN,,UNKNOWN,39.07794198,-77.15829134,"(39.07794198, -77.15829134)"
MCP1119002L,16035111,Montgomery County Police,Injury Crash,07/11/2016 04:00:00 PM,Maryland (State),GEORGIA AVE,County,HEATHFIELD RD,,N/A,,STRAIGHT MOVEMENT ANGLE,CLEAR,DRY,DAYLIGHT,STOP SIGN,NONE DETECTED,,7BCA134E-1807-43DE-AEE8-86974326AB00,No,POSSIBLE INJURY,N/A,NOT DISTRACTED,MD,C3AF8EE2-B8E7-4043-8F13-8200C11654CC,DISABLING,PASSENGER CAR,MOVING CONSTANT SPEED,39.08746333,-77.07962333,"(39.08746333, -77.07962333)"
MCP2603000M,17013688,Montgomery County Police,Property Damage Crash,03/17/2017 10:49:00 AM,County,CENTERWAY RD,County,BROOKE GROVE CT,,N/A,,OTHER,CLEAR,DRY,DAYLIGHT,N/A,N/A,,AB5DBAE8-936E-4F90-A0BD-4867FB707641,No,NO APPARENT INJURY,N/A,NOT DISTRACTED,MD,ED71C4BE-6DC2-4D0A-8C9F-824A3E7B8C41,NO DAMAGE,POLICE VEHICLE/EMERGENCY,PARKED,39.17072333,-77.1973,"(39.17072333, -77.1973)"
MCP2977001V,16051553,Montgomery County Police,Property Damage Crash,10/07/2016 09:37:00 AM,County,DALE DR,US (State),COLESVILLE RD,,N/A,,SAME DIR REAR END,CLOUDY,DRY,DAYLIGHT,TRAFFIC SIGNAL,N/A,,164A824B-F286-4E55-AD30-F2A1CA226F37,No,NO APPARENT INJURY,N/A,NOT DISTRACTED,MD,66FE6B56-0107-42FB-B0DB-852A1592F189,FUNCTIONAL,SCHOOL BUS,ACCELERATING,39.00501167,-77.02229833,"(39.00501167, -77.02229833)"
MCP23470010,17009712,Montgomery County Police,Property Damage Crash,02/23/2017 07:59:00 AM,US (State),COLUMBIA PIKE,County,STEWART LA,,N/A,,STRAIGHT MOVEMENT ANGLE,CLEAR,DRY,DAYLIGHT,TRAFFIC SIGNAL,NONE DETECTED,,0C00E2A5-2968-4089-8F0C-50177F0A7601,Yes,NO APPARENT INJURY,"N/A, VISION OBSTRUCTION (INCL. BLINDED BY SUN)",LOOKED BUT DID NOT SEE,MD,63C815C7-71C3-4917-B85C-C0FCF679F96F,DISABLING,PASSENGER CAR,MAKING LEFT TURN,39.04675833,-76.98726667,"(39.04675833, -76.98726667)"
DD5583000R,15049294,ROCKVILLE,Property Damage Crash,09/29/2015 06:35:00 AM,Maryland (State),NORBECK RD,Municipality,AVERY RD,,ROCKVILLE,,SINGLE VEHICLE,RAINING,WET,DARK LIGHTS ON,TRAFFIC SIGNAL,NONE DETECTED,,349BC782-9C90-4BF6-8915-E81259D2AA26,Yes,NO APPARENT INJURY,"RAIN, SNOW, WET",NOT DISTRACTED,MD,5569185C-514A-408C-AEC8-107518680963,DISABLING,(SPORT) UTILITY VEHICLE,SLOWING OR STOPPING,39.09273833,-77.12303333,"(39.09273833, -77.12303333)"
MCP2853002K,16058022,Montgomery County Police,Injury Crash,11/10/2016 03:46:00 PM,Maryland (State),UNIVERSITY BLVD E,County,ST LAWRENCE DR,,N/A,,SAME DIR REAR END,CLEAR,DRY,DAYLIGHT,NO CONTROLS,N/A,,0E1A8E2F-B867-4772-9707-D4C6EDB2FE5D,Yes,NO APPARENT INJURY,N/A,NOT DISTRACTED,MD,699A6DC6-3772-48B8-8E01-8E8861F0EC33,SUPERFICIAL,PASSENGER CAR,SLOWING OR STOPPING,39.0196,-77.00967,"(39.0196, -77.00967)"
MCP94190012,17008242,Montgomery County Police,Property Damage Crash,02/15/2017 01:52:00 PM,Maryland (State),FREDERICK RD,Unknown,ENT TO BUSINESS,,N/A,,UNKNOWN,N/A,DRY,DAYLIGHT,NO CONTROLS,NONE DETECTED,,D52BF63E-31AB-4B99-92CF-4F37E44876E9,No,NO APPARENT INJURY,N/A,NOT DISTRACTED,MD,7C1BA40A-59AC-4245-BE73-13685D129596,SUPERFICIAL,"OTHER LIGHT TRUCKS (10,000LBS (4,536KG) OR LESS)",STOPPED IN TRAFFIC LANE,39.11629933,-77.16718533,"(39.11629933, -77.16718533)"
MCP1465002J,16058788,Montgomery County Police,Injury Crash,11/15/2016 07:55:00 AM,Maryland (State),DARNESTOWN RD,County,BERRYVILLE RD,,N/A,,SAME DIR REAR END,CLEAR,DRY,DAYLIGHT,NO CONTROLS,NONE DETECTED,,0DF2633A-C1B7-412A-80F5-2B196B258E6B,No,NO APPARENT INJURY,N/A,NOT DISTRACTED,VA,D8D390CD-ECF8-412B-9F6D-914E3850AF74,FUNCTIONAL,PICKUP TRUCK,STOPPED IN TRAFFIC LANE,39.11603,-77.31268333,"(39.11603, -77.31268333)"
MCP25650025,15055809,MONTGOMERY,Property Damage Crash,11/02/2015 06:25:00 PM,,,,,In Parking Lot of 15760 Shady Grove Road (Mens Warehouse),,,SAME DIRECTION SIDESWIPE,CLEAR,,DARK LIGHTS ON,NO CONTROLS,UNKNOWN,,F1229B9C-44B8-47D8-A980-24D2187E0E26,Yes,NO APPARENT INJURY,N/A,UNKNOWN,,3E017F75-B708-49A3-BB4C-A25A22F2D281,UNKNOWN,PASSENGER CAR,MOVING CONSTANT SPEED,39.11660976,-77.18580008,"(39.11660976, -77.18580008)"
MCP2182000P,170506291,Montgomery County Police,Injury Crash,05/06/2017 03:08:00 PM,County,CONNECTICUT AVE,Maryland (State),GEORGIA AVE,,N/A,,OTHER,RAINING,WET,DAYLIGHT,NO CONTROLS,N/A,,B46C6D1D-5E2A-4A68-AED7-9BB702F605E6,No,SUSPECTED MINOR INJURY,"N/A, WET",NOT DISTRACTED,MD,3C579F8B-9563-481D-BDBA-74B3C0A0424A,DISABLING,PASSENGER CAR,MOVING CONSTANT SPEED,39.08392172,-77.07725644,"(39.08392172, -77.07725644)"
MCP1212000J,16005091,Montgomery County Police,Property Damage Crash,01/31/2016 02:24:00 PM,Maryland (State),WOODFIELD RD,County,BRINK RD,,N/A,,STRAIGHT MOVEMENT ANGLE,CLOUDY,DRY,DAYLIGHT,TRAFFIC SIGNAL,NONE DETECTED,,195C2E91-2B6F-4037-AD59-0505FF8F5DAE,No,NO APPARENT INJURY,N/A,NOT DISTRACTED,MD,81B2BECB-52CF-4209-A4A0-7883137F4D31,DISABLING,(SPORT) UTILITY VEHICLE,STARTING FROM LANE,39.20847667,-77.168845,"(39.20847667, -77.168845)"
MCP2658001B,16057115,Montgomery County Police,Property Damage Crash,11/04/2016 09:40:00 AM,County,RANDOLPH RD,Maryland (State),GEORGIA AVE,,N/A,,SAME DIR REAR END,CLEAR,DRY,DAYLIGHT,TRAFFIC SIGNAL,N/A,,B2528EE3-E084-4B6D-B528-E95AE3692488,No,NO APPARENT INJURY,N/A,NOT DISTRACTED,MD,B5C07C13-50D2-4DC1-B801-FE52E2E7E4FA,SUPERFICIAL,PASSENGER CAR,SLOWING OR STOPPING,39.05787534,-77.04969406,"(39.05787534, -77.04969406)"
MCP2867001J,15045104,MONTGOMERY,Injury Crash,09/07/2015 12:51:00 PM,US (State),COLUMBIA PIKE,County,PRELUDE DR,,N/A,,SAME DIR REAR END,CLEAR,DRY,DAYLIGHT,TRAFFIC SIGNAL,NONE DETECTED,,D95FF1EE-1BEE-40A7-9B5E-17D3AC9E7B28,No,SUSPECTED MINOR INJURY,N/A,NOT DISTRACTED,MD,FF4F36E4-482F-4CB0-9CDD-E779B70A6CA1,SUPERFICIAL,PASSENGER CAR,STOPPED IN TRAFFIC LANE,39.03964833,-76.998095,"(39.03964833, -76.998095)"
MCP25940017,15066881,Montgomery County Police,Property Damage Crash,12/30/2015 06:27:00 AM,Maryland (State),NEW HAMPSHIRE AVE,County,NORWOOD RD,,N/A,,SAME DIR REND RIGHT TURN,FOGGY,WET,DARK LIGHTS ON,TRAFFIC SIGNAL,NONE DETECTED,,A5EB4500-C18C-4BD3-AEBD-CB5486E8A98A,Yes,NO APPARENT INJURY,"V WIPERS|W OTHER ENVIRONMENTAL, WET",LOOKED BUT DID NOT SEE,MD,98854403-D503-49CC-A00B-0693A904FAF5,DISABLING,PASSENGER CAR,MAKING RIGHT TURN,39.10614557,-77.0014894,"(39.10614557, -77.0014894)"
MCP2847001S,170503781,Montgomery County Police,Property Damage Crash,04/23/2017 10:52:00 PM,Maryland (State),VEIRS MILL RD,Maryland (State),CONNECTICUT AVE,,N/A,,SAME DIR REAR END,N/A,DRY,DARK LIGHTS ON,TRAFFIC SIGNAL,NONE DETECTED,,40BA1870-19BF-4391-A094-65279B2D7661,No,NO APPARENT INJURY,N/A,NOT DISTRACTED,MD,DB12B485-59A6-4486-99D8-D99FDC196AC1,DESTROYED,PASSENGER CAR,ACCELERATING,39.051375,-77.074625,"(39.051375, -77.074625)"
MCP29600023,170527497,Montgomery County Police,Property Damage Crash,08/29/2017 10:00:00 AM,County,WINTERGATE DR,County,LONGMEAD CROSSING DR,,N/A,,SAME DIR REAR END,RAINING,N/A,DAYLIGHT,YIELD SIGN,N/A,,38E45716-DF10-4BEC-8258-47F2E2B7D37C,No,NO APPARENT INJURY,N/A,NOT DISTRACTED,MD,E073D1A1-3372-4F13-929F-3C03CAE1FC3A,NO DAMAGE,PASSENGER CAR,STOPPED IN TRAFFIC LANE,39.10772,-77.05371667,"(39.10772, -77.05371667)"
MCP23390012,15035992,MONTGOMERY,Property Damage Crash,07/21/2015 11:09:00 PM,,,,,PARKING LOT OF FAIR HILL SHOPPING CENTER @ 18100 TOWN CENTER DR,,,OTHER,CLEAR,,DARK LIGHTS ON,NO CONTROLS,MEDICATION CONTRIBUTED,,09CD49CD-2EDD-403B-942C-32DCC0D4318A,Yes,NO APPARENT INJURY,N/A,UNKNOWN,MD,8A2F8A35-5673-495F-A2EB-7EF37377EA3D,SUPERFICIAL,PASSENGER CAR,PARKING,39.153576,-77.064651,"(39.153576, -77.064651)"
MCP2617001Q,16013846,MONTGOMERY,Injury Crash,03/21/2016 02:15:00 PM,,,,,PARKING LOT @ 5110 NICHOLSON LN,,,OTHER,CLEAR,,DAYLIGHT,NO CONTROLS,NONE DETECTED,,F475EAD1-2437-4D69-A3A8-BB4690A16621,No,NO APPARENT INJURY,N/A,NOT DISTRACTED,MD,BE7F483D-264D-4FC9-B743-899800819B3A,SUPERFICIAL,PASSENGER CAR,PARKED,39.04396,-77.10554333,"(39.04396, -77.10554333)"
MCP1128004L,16038346,Montgomery County Police,Property Damage Crash,07/29/2016 11:18:00 AM,County,WESTLAKE DR,County,WESTLAKE TERR,,N/A,,STRAIGHT MOVEMENT ANGLE,CLEAR,DRY,DAYLIGHT,TRAFFIC SIGNAL,NONE DETECTED,,795FA2FB-2588-466C-9AD8-E8B9C5A2BEBE,No,NO APPARENT INJURY,N/A,NOT DISTRACTED,MD,0D3C4ED4-D571-4ABB-A22D-228F26FDFECD,FUNCTIONAL,VAN,MOVING CONSTANT SPEED,39.027125,-77.147645,"(39.027125, -77.147645)"
MCP2393000H,15066248,Montgomery County Police,Property Damage Crash,12/26/2015 01:17:00 PM,County,SECOND AVE,Maryland (State),16TH ST,,N/A,,STRAIGHT MOVEMENT ANGLE,CLOUDY,DRY,DAYLIGHT,TRAFFIC SIGNAL,NONE DETECTED,,0AC0750F-F69B-49B2-9D8D-712DA55F5086,No,NO APPARENT INJURY,N/A,NOT DISTRACTED,MD,2B8DD539-BAA9-4397-8858-B1B1C8CB5588,DISABLING,PASSENGER CAR,MOVING CONSTANT SPEED,39.00301667,-77.03995833,"(39.00301667, -77.03995833)"
MCP2518000S,15047536,MONTGOMERY,Injury Crash,09/19/2015 01:07:00 PM,Maryland (State),RIDGE RD,County,DAVIS MILL RD,,N/A,,SAME DIR REAR END,CLEAR,DRY,DAYLIGHT,NO CONTROLS,NONE DETECTED,,E540158C-516C-4B9A-A465-0C61D3A471C4,No,NO APPARENT INJURY,N/A,NOT DISTRACTED,MD,5F14CF47-F01C-48DD-8E0B-4D1218544BB0,DISABLING,PASSENGER CAR,STOPPED IN TRAFFIC LANE,39.24150833,-77.23504667,"(39.24150833, -77.23504667)"
MCP2298009D,16044050,Montgomery County Police,Property Damage Crash,08/29/2016 06:54:00 PM,Maryland (State),RIDGE RD,County,HOFFMAN DR,,N/A,,SINGLE VEHICLE,CLEAR,DRY,DAYLIGHT,NO CONTROLS,NONE DETECTED,,D7AC5746-D701-404C-BA1E-705543F533EE,Yes,NO APPARENT INJURY,N/A,INATTENTIVE OR LOST IN THOUGHT,MD,1B7C2836-7960-40B7-8F1F-1D47D6466848,DISABLING,(SPORT) UTILITY VEHICLE,MOVING CONSTANT SPEED,39.25056667,-77.2327,"(39.25056667, -77.2327)"
MCP29670012,15066277,MONTGOMERY,Property Damage Crash,12/26/2015 05:17:00 PM,County,PINEY MEETINGHOUSE RD,Maryland (State),RIVER RD,,N/A,,SAME DIR REAR END,CLEAR,DRY,DARK LIGHTS ON,TRAFFIC SIGNAL,NONE DETECTED,,319D97F0-8430-4A96-89D5-2450CDD1483E,No,NO APPARENT INJURY,N/A,NOT DISTRACTED,VA,D959FB5B-B4C1-49D0-98FD-319FFBC6EB86,FUNCTIONAL,PASSENGER CAR,STOPPED IN TRAFFIC LANE,39.03143667,-77.233105,"(39.03143667, -77.233105)"
MCP20720015,16054535,Montgomery County Police,Injury Crash,10/23/2016 10:26:00 AM,Maryland (State),GERMANTOWN RD,Maryland (State),FREDERICK RD,,N/A,,OTHER,CLEAR,DRY,DAYLIGHT,TRAFFIC SIGNAL,NONE DETECTED,,BB3DD61D-5B7A-4923-AEDE-623614C01163,No,SUSPECTED MINOR INJURY,N/A,NOT DISTRACTED,MD,D429D1AD-2288-4F5D-BFA8-C1EFA0F6D258,SUPERFICIAL,PASSENGER CAR,MOVING CONSTANT SPEED,39.1921771,-77.24264145,"(39.1921771, -77.24264145)"
MCP2868001H,15047883,MONTGOMERY,Injury Crash,09/21/2015 05:51:00 PM,Maryland (State),ROCKVILLE PIKE,County,ELSMERE AVE,,N/A,,SAME DIRECTION RIGHT TURN,RAINING,WET,DAYLIGHT,NO CONTROLS,NONE DETECTED,,6CE7B222-7921-44E2-B6E1-10AD3B5327DA,Yes,POSSIBLE INJURY,"RAIN, SNOW, WET",LOOKED BUT DID NOT SEE,MD,0FD428ED-1766-420D-A708-35C419695DEA,DISABLING,PASSENGER CAR,STARTING FROM LANE,39.01221833,-77.09828833,"(39.01221833, -77.09828833)"
MCP1064004L,16032520,Montgomery County Police,Injury Crash,06/27/2016 01:37:00 PM,Maryland (State),NEW HAMPSHIRE AVE,County,HOLLYWOOD AVE,,N/A,,SAME DIR REAR END,CLOUDY,DRY,DAYLIGHT,N/A,N/A,,51F55B69-10FB-4E1F-B0ED-7C829360130B,Yes,POSSIBLE INJURY,N/A,UNKNOWN,MD,C8834669-6569-4863-98A7-8D08348E5EF0,DISABLING,PASSENGER CAR,SLOWING OR STOPPING,39.06426833,-76.99910167,"(39.06426833, -76.99910167)"
MCP2651000T,16059696,Montgomery County Police,Injury Crash,11/19/2016 10:58:00 PM,Maryland (State),SPENCERVILLE RD,County,BURTONSVILLE DR,,N/A,,SAME DIR REAR END,CLEAR,DRY,DARK LIGHTS ON,N/A,NONE DETECTED,,B15BACF4-015C-4077-BE47-2C265E33B2F3,No,NO APPARENT INJURY,N/A,NOT DISTRACTED,DC,5D05938A-0B64-4205-859D-18CC62048242,SUPERFICIAL,PASSENGER CAR,PARKED,39.10886833,-76.946505,"(39.10886833, -76.946505)"
MCP2982000X,16029771,Montgomery County Police,Injury Crash,06/13/2016 12:57:00 PM,US (State),GEORGIA AVE,County,BONIFANT ST,,N/A,,SAME DIR REAR END,N/A,DRY,DAYLIGHT,TRAFFIC SIGNAL,UNKNOWN,,4ADA296C-EA82-49A2-A4AD-9E42928D728D,Yes,NO APPARENT INJURY,N/A,UNKNOWN,MD,704BFAED-57B5-4383-B324-C625C82637E7,FUNCTIONAL,PASSENGER CAR,MOVING CONSTANT SPEED,38.99372167,-77.02642167,"(38.99372167, -77.02642167)"
MCP1475000P,16010272,MONTGOMERY,Property Damage Crash,03/03/2016 03:37:00 PM,Municipality,RUSSELL AVE,Municipality,ODENDHAL AVE,,GAITHERSBURG,,HEAD ON LEFT TURN,CLEAR,DRY,DAYLIGHT,TRAFFIC SIGNAL,NONE DETECTED,,B330DA2F-88A7-42AB-ABDF-70ED0BD4A3DE,Yes,NO APPARENT INJURY,N/A,UNKNOWN,MD,2D6ECFF3-709C-458D-86C7-A63D959EFAB7,DISABLING,PASSENGER CAR,MAKING LEFT TURN,39.150595,-77.20396,"(39.150595, -77.20396)"
MCP2966000V,15037718,MONTGOMERY,Injury Crash,07/30/2015 01:54:00 PM,Maryland (State),SPENCERVILLE RD,Maryland (State),NEW HAMPSHIRE AVE,,N/A,,SINGLE VEHICLE,RAINING,WET,DAYLIGHT,NO CONTROLS,NONE DETECTED,,06C38951-A8AA-4091-BBBC-411ED2C6C9BA,Yes,SUSPECTED MINOR INJURY,"RAIN, SNOW, WET",NOT DISTRACTED,MD,05A305EA-59C3-42A4-A694-04773D90706F,DESTROYED,PASSENGER CAR,MOVING CONSTANT SPEED,39.1175046,-76.97026312,"(39.1175046, -76.97026312)"
MCP2968000W,15056198,MONTGOMERY,Property Damage Crash,11/04/2015 02:52:00 PM,Maryland (State),DARNESTOWN RD,Maryland (State),GERMANTOWN RD,,N/A,,STRAIGHT MOVEMENT ANGLE,CLEAR,DRY,DAYLIGHT,TRAFFIC SIGNAL,N/A,,25D4E0F7-46EE-4A67-A6FF-C4C4B3BFF3A4,No,NO APPARENT INJURY,N/A,NOT DISTRACTED,WV,50A67DE3-DC85-421E-96A1-B662000791AA,DISABLING,PASSENGER CAR,MOVING CONSTANT SPEED,39.11035,-77.30304833,"(39.11035, -77.30304833)"
MCP20720011,16033502,Montgomery County Police,Injury Crash,07/02/2016 10:45:00 AM,County,MIDDLEBROOK RD,County,CENTURY BLVD,,N/A,,STRAIGHT MOVEMENT ANGLE,CLEAR,DRY,DAYLIGHT,TRAFFIC SIGNAL,NONE DETECTED,,27D8FDC8-4E6F-493E-A89C-8DF7A2981B34,Yes,NO APPARENT INJURY,N/A,NOT DISTRACTED,MD,FEE2ECAB-46FA-44A5-A5FA-3685C6DEF7EE,SUPERFICIAL,PASSENGER CAR,MAKING LEFT TURN,39.179875,-77.26813167,"(39.179875, -77.26813167)"
MCP2116005B,16058778,Montgomery County Police,Injury Crash,11/15/2016 07:20:00 AM,County,GLEN RD,County,S GLEN RD,,N/A,,SAME DIR REAR END,CLOUDY,WET,DAYLIGHT,STOP SIGN,N/A,,09CB5D61-EF17-46BD-BA80-9146030C7B10,Yes,NO APPARENT INJURY,"RAIN, SNOW, WET",NOT DISTRACTED,MD,32D40605-1985-4987-8679-31EDB4CCE00F,FUNCTIONAL,(SPORT) UTILITY VEHICLE,SLOWING OR STOPPING,39.04508,-77.21881833,"(39.04508, -77.21881833)"
MCP2311000Z,15051160,MONTGOMERY,Property Damage Crash,10/09/2015 03:00:00 AM,County,CHRISTOPHER AVE,Unknown,SPUR FR MD 124 TO CO 4863,,N/A,,SINGLE VEHICLE,CLEAR,DRY,DARK LIGHTS ON,FLASHING TRAFFIC SIGNAL,ALCOHOL PRESENT,,5DDED3D1-1523-400B-92F4-140137A78DA3,Yes,NO APPARENT INJURY,N/A,NOT DISTRACTED,MD,4C37911D-B7F5-44A4-A0F7-1E3FC237FB1C,DESTROYED,PASSENGER CAR,MAKING RIGHT TURN,39.15853167,-77.20497,"(39.15853167, -77.20497)"
MCP28350016,16043756,Montgomery County Police,Injury Crash,08/28/2016 01:43:00 AM,Maryland (State),CONNECTICUT AVE,County,CHEVY CHASE LAKE DR,,N/A,,SINGLE VEHICLE,CLEAR,DRY,DARK LIGHTS ON,NO CONTROLS,ALCOHOL CONTRIBUTED,,9222FEE5-F3A5-4733-9C88-B9D1BCE97307,Yes,POSSIBLE INJURY,N/A,INATTENTIVE OR LOST IN THOUGHT,MD,FADE3658-ED17-46E4-ABBA-F89D351CA4FB,DESTROYED,PASSENGER CAR,MOVING CONSTANT SPEED,38.99486667,-77.077035,"(38.99486667, -77.077035)"
MCP30800008,170529904,Montgomery County Police,Injury Crash,09/11/2017 02:33:00 PM,County,FATHER HURLEY BLVD,County,MIDDLEBROOK RD,,N/A,,HEAD ON LEFT TURN,CLEAR,DRY,DAYLIGHT,TRAFFIC SIGNAL,NONE DETECTED,,8599061E-035F-4EBD-B651-2343F70615B8,Yes,SUSPECTED MINOR INJURY,N/A,UNKNOWN,VA,1A2AF065-0245-47A6-BE0F-47E9B4A10828,DISABLING,PASSENGER CAR,MOVING CONSTANT SPEED,39.18408857,-77.27365516,"(39.18408857, -77.27365516)"
MCP2536000X,16047878,Montgomery County Police,Property Damage Crash,09/18/2016 01:38:00 AM,Maryland (State),GEORGIA AVE,County,RANDOLPH RD,,N/A,,OTHER,CLEAR,DRY,DARK LIGHTS ON,TRAFFIC SIGNAL,NONE DETECTED,,D940A9EA-AC3E-4328-84FE-1346782CF397,No,NO APPARENT INJURY,N/A,NOT DISTRACTED,MD,3957DFC7-778E-4558-90A2-E58EAE34C897,SUPERFICIAL,PASSENGER CAR,ACCELERATING,39.05601667,-77.05006333,"(39.05601667, -77.05006333)"