Report Number,Local Case Number,Agency Name,ACRS Report Type,Crash Date/Time,Route Type,Road Name,Cross-Street Type,Cross-Street Name,Off-Road Description,Municipality,Related Non-Motorist,Collision Type,Weather,Surface Condition,Light,Traffic Control,Driver Substance Abuse,Non-Motorist Substance Abuse,Person ID,Driver At Fault,Injury Severity,Circumstance,Driver Distracted By,Drivers License State,Vehicle ID,Vehicle Damage Extent,Vehicle Body Type,Vehicle Movement,Latitude,Longitude,Location
MCP9130001Z,16005397,Montgomery County Police,Property Damage Crash,02/02/2016 09:04:00 AM,,,,,"PARKING LOT OF FALCON GAS 
925 UNIVERSITY BLVD E
SILVER SPRING, MD 20903",,,STRAIGHT MOVEMENT ANGLE,CLEAR,,DAYLIGHT,NO CONTROLS,NONE DETECTED,,70D55396-49EC-42B4-98A7-BD7809EC2E08,No,NO APPARENT INJURY,N/A,NOT DISTRACTED,MD,49475AE3-71F4-4FC8-A347-6816DC5B5B7D,FUNCTIONAL,(SPORT) UTILITY VEHICLE,PARKED,38.99320833,-76.99235,"(38.99320833, -76.99235)"
MCP2717003J,15054305,MONTGOMERY,Property Damage Crash,10/26/2015 10:45:00 AM,Maryland (State),ROCKVILLE PIKE,Maryland (State),STRATHMORE AVE,,N/A,,SAME DIRECTION SIDESWIPE,CLEAR,DRY,DAYLIGHT,TRAFFIC SIGNAL,NONE DETECTED,,DFD81578-B272-490F-9E85-B148909D2BA9,Yes,NO APPARENT INJURY,N/A,UNKNOWN,MD,704DCA69-8E8F-48C3-81CB-33E71FD30C01,SUPERFICIAL,"MEDIUM/HEAVY TRUCKS 3 AXLES (OVER 10,000LBS (4,536KG))",CHANGING LANES,39.03544333,-77.10695833,"(39.03544333, -77.10695833)"
MCP2396001T,16064162,Montgomery County Police,Injury Crash,12/14/2016 01:27:00 PM,,,,,"IN DRIVEWAY OF 13118 HATHAWAY DRIVE, SILVER SPRING, MD 20906",,PEDESTRIAN,OTHER,CLEAR,,DAYLIGHT,NO CONTROLS,NONE DETECTED,NONE DETECTED,01E07D3F-6163-44DC-93EA-DD8A3D4B26AF,Yes,NO APPARENT INJURY,N/A,LOOKED BUT DID NOT SEE,MD,9C61EADF-CCE7-4DD5-A2EF-3F132690A513,NO DAMAGE,PASSENGER CAR,BACKING,39.0711569,-77.05742687,"(39.0711569, -77.05742687)"
DD5598000M,16009794,Rockville Police Departme,Property Damage Crash,02/27/2016 03:57:00 PM,,,,,PARKING LOT IN FRONT OF 1631 ROCKVILLE PIKE ROCKVILLE MD 20852,,,HEAD ON LEFT TURN,CLEAR,,DAYLIGHT,N/A,UNKNOWN,,37AAD8EC-CC0A-4866-BA1A-595235D1F0DE,Yes,NO APPARENT INJURY,N/A,UNKNOWN,MD,266A81DF-A69C-4CEC-8A17-4931433A82EB,UNKNOWN,PASSENGER CAR,BACKING,39.06269667,-77.12717333,"(39.06269667, -77.12717333)"
MCP2239000B,15046162,MONTGOMERY,Injury Crash,09/12/2015 12:50:00 PM,Maryland (State),FALLS RD,County,WOODINGTON DR,,N/A,,SINGLE VEHICLE,RAINING,WET,DAYLIGHT,N/A,NONE DETECTED,,1FE22500-92F4-4242-BF9E-8E84432B141A,Yes,POSSIBLE INJURY,"RAIN, SNOW, WET",NOT DISTRACTED,MD,67ADBB93-B307-4738-A879-FECCBB19AADA,DISABLING,"OTHER LIGHT TRUCKS (10,000LBS (4,536KG) OR LESS)",MOVING CONSTANT SPEED,39.042374,-77.191947,"(39.042374, -77.191947)"
MCP29050029,16064430,Montgomery County Police,Property Damage Crash,12/15/2016 07:14:00 PM,Maryland (State),RIVER RD,Maryland (State),GOLDSBORO RD,,N/A,,HEAD ON LEFT TURN,CLEAR,DRY,DARK LIGHTS ON,TRAFFIC SIGNAL,N/A,,A8E9CC17-02C1-46BD-ADC3-2438D816C157,Yes,NO APPARENT INJURY,N/A,NOT DISTRACTED,VA,0C8DC975-6C78-452A-8CC3-597590907983,FUNCTIONAL,PASSENGER CAR,MAKING LEFT TURN,38.97314667,-77.12219,"(38.97314667, -77.12219)"
MCP2848004Q,170516945,Montgomery County Police,Injury Crash,07/02/2017 11:44:00 AM,Maryland (State),BRADLEY BLVD,County,BURDETTE RD,,N/A,,STRAIGHT MOVEMENT ANGLE,CLEAR,DRY,DAYLIGHT,TRAFFIC SIGNAL,NONE DETECTED,,7037D65D-6E36-4EFD-AE85-DEBE353103CF,Yes,NO APPARENT INJURY,N/A,INATTENTIVE OR LOST IN THOUGHT,MD,646135C2-29E0-4F6E-877B-687E81A9D0C8,DISABLING,PASSENGER CAR,MOVING CONSTANT SPEED,39.00519033,-77.14019867,"(39.00519033, -77.14019867)"
MCP9438000G,15003505,Montgomery County Police,Property Damage Crash,01/22/2015 09:23:00 AM,Interstate (State),EISENHOWER MEMORIAL HWY,Unknown,EXIT #16,,N/A,,SAME DIR REAR END,SNOW,WET,DAYLIGHT,NO CONTROLS,N/A,,FE15B1DB-0959-42EE-B01F-B8DEAD102E68,No,NO APPARENT INJURY,"RAIN, SNOW, WET",NOT DISTRACTED,MD,D1F69468-C6D0-41C9-9854-2C0ECC44215D,FUNCTIONAL,PASSENGER CAR,SLOWING OR STOPPING,39.20586833,-77.27248833,"(39.20586833, -77.27248833)"
MCP2539000H,15040679,MONTGOMERY,Property Damage Crash,08/14/2015 11:41:00 PM,Maryland (State),WISCONSIN AVE,Maryland (State),EAST WEST HWY (W/B COUPLET),,N/A,,SAME DIR REAR END,CLOUDY,DRY,DARK LIGHTS ON,NO CONTROLS,NONE DETECTED,,E8E08DEE-774C-436E-8851-2784505167E9,No,NO APPARENT INJURY,N/A,NOT DISTRACTED,VA,0C95FDD1-1507-41F0-9FB1-55217D3E1CEF,SUPERFICIAL,PASSENGER CAR,STOPPED IN TRAFFIC LANE,38.99004167,-77.09684167,"(38.99004167, -77.09684167)"
MCP9386002V,16010015,MONTGOMERY,Property Damage Crash,02/29/2016 07:20:00 AM,,,,,10901 WESTLAKE DR (MCPS BUS LOT),,,SAME DIRECTION SIDESWIPE,CLOUDY,,DAWN,NO CONTROLS,NONE DETECTED,,AEB8B968-20C9-4EF5-B376-36AEEA7F0677,Yes,NO APPARENT INJURY,N/A,UNKNOWN,MD,478223CE-D2CD-4AEC-B0C8-5A92D2AF069C,SUPERFICIAL,SCHOOL BUS,MOVING CONSTANT SPEED,39.03675833,-77.14590333,"(39.03675833, -77.14590333)"
DD5601002P,17009483,Rockville Police Departme,Property Damage Crash,02/22/2017 08:02:00 AM,,,,,PARKING LOT OF 1900 ROCKVILLE PIKE,,,OTHER,CLEAR,,DAYLIGHT,NO CONTROLS,UNKNOWN,,A2AD2081-CB67-4F48-BCD7-83659A1AFDF2,Yes,NO APPARENT INJURY,N/A,UNKNOWN,MD,8E7B3C22-30A7-4EB9-84ED-E3CBCB49E4A8,DISABLING,PASSENGER CAR,BACKING,39.08346167,-77.12179833,"(39.08346167, -77.12179833)"
MCP2425008M,17004076,Montgomery County Police,Injury Crash,01/24/2017 06:55:00 AM,County,SOUTHAMPTON DR,County,BEACON RD,,N/A,,STRAIGHT MOVEMENT ANGLE,RAINING,WET,DARK LIGHTS ON,STOP SIGN,NONE DETECTED,,08DB56E3-6084-4C5C-8E65-879700419408,Yes,NO APPARENT INJURY,"RAIN, SNOW, WET",UNKNOWN,VA,D9184906-477F-4248-BE79-021A52059F40,FUNCTIONAL,PASSENGER CAR,MAKING LEFT TURN,39.00599167,-76.98461667,"(39.00599167, -76.98461667)"
MCP1128003J,15001184,Montgomery County Police,Property Damage Crash,01/08/2015 08:55:00 AM,County,ROCKLEDGE DR,Unknown,ENT TO WALTER JOHNSON HIGH SCHOOL,,N/A,,STRAIGHT MOVEMENT ANGLE,CLEAR,DRY,DAYLIGHT,N/A,NONE DETECTED,,64BA578A-BCA3-43DC-A967-51547DA409D4,No,NO APPARENT INJURY,N/A,NOT DISTRACTED,MD,BB358E3E-713A-427B-8616-EF9B797292C0,FUNCTIONAL,PASSENGER CAR,MOVING CONSTANT SPEED,39.02505,-77.13231833,"(39.02505, -77.13231833)"
MCP28820023,170525535,Montgomery County Police,Injury Crash,08/18/2017 02:55:00 PM,,,,,PARKING LOT IN FRONT OF 19552 CRYSTAL ROCK DRIVE,,BICYCLIST,SINGLE VEHICLE,CLEAR,,DAYLIGHT,N/A,NONE DETECTED,NONE DETECTED,3BC09089-E794-49CC-AFE3-B259EBB3C014,No,NO APPARENT INJURY,N/A,NOT DISTRACTED,MD,D488204A-7AE9-4B66-887B-489D8FC9E6D4,SUPERFICIAL,PICKUP TRUCK,STOPPED IN TRAFFIC LANE,39.17810167,-77.26309833,"(39.17810167, -77.26309833)"
MCP2914001P,15044978,MONTGOMERY,Property Damage Crash,09/06/2015 05:10:00 PM,,,,,"parking lot of 10101 New Hampshire Avenue, Silver Spring, MD 20903, in front of the safeway.",,,OTHER,N/A,,DAYLIGHT,NO CONTROLS,N/A,,77D4D99A-9F9D-47A7-959F-979E12DF1E9B,Yes,NO APPARENT INJURY,N/A,UNKNOWN,MD,D844D304-1574-4CBE-8A97-45CFB8973F38,UNKNOWN,PASSENGER CAR,PARKING,39.02135508,-76.97582871,"(39.02135508, -76.97582871)"
MCP2923000X,15041154,MONTGOMERY,Injury Crash,08/17/2015 05:22:00 PM,Municipality,CHRISTOPHER AVE,Maryland (State),FREDERICK RD,,N/A,BICYCLIST,OTHER,CLEAR,DRY,DAYLIGHT,YIELD SIGN,NONE DETECTED,NONE DETECTED,288A9869-B1F1-48BE-AFF7-B153CF764B87,No,NO APPARENT INJURY,N/A,NOT DISTRACTED,MD,50D9B87C-EA78-40CB-9CE8-9AEC26857A40,SUPERFICIAL,PASSENGER CAR,STOPPED IN TRAFFIC LANE,39.15638667,-77.216545,"(39.15638667, -77.216545)"
DD56150011,15064501,ROCKVILLE,Injury Crash,12/17/2015 03:31:00 PM,Maryland (State),W MONTGOMERY AVE,Municipality,RESEARCH BLVD,,ROCKVILLE,,SAME DIR REAR END,RAINING,WET,N/A,TRAFFIC SIGNAL,NONE DETECTED,,BF311F3C-12EB-4056-981B-FA02FB194274,Yes,NO APPARENT INJURY,"RAIN, SNOW, WET",NOT DISTRACTED,VA,621E3E73-12B9-4A27-ABD5-7E29A48F2083,NO DAMAGE,"OTHER LIGHT TRUCKS (10,000LBS (4,536KG) OR LESS)",MOVING CONSTANT SPEED,39.0907982,-77.1792528,"(39.0907982, -77.1792528)"
MCP2902000R,15034394,MONTGOMERY,Property Damage Crash,07/14/2015 01:58:00 PM,County,FATHER HURLEY BLVD,County,CRYSTAL ROCK DR,,N/A,,SAME DIR REND RIGHT TURN,CLEAR,DRY,DAYLIGHT,TRAFFIC SIGNAL,N/A,,6DB8C9FA-2C04-4461-A47F-77C5D79D68BC,No,NO APPARENT INJURY,N/A,NOT DISTRACTED,MD,7374AB7E-36EB-47E6-A215-B37330F426F0,SUPERFICIAL,PASSENGER CAR,MOVING CONSTANT SPEED,39.19319667,-77.270395,"(39.19319667, -77.270395)"
MCP29530017,16061301,Montgomery County Police,Injury Crash,11/29/2016 07:05:00 PM,County,ASPEN HILL RD,Maryland (State),CONNECTICUT AVE,,N/A,,HEAD ON LEFT TURN,RAINING,WET,DARK LIGHTS ON,N/A,NONE DETECTED,,15C52975-746A-46C6-8204-104AF74E2A3F,No,SUSPECTED MINOR INJURY,"N/A, WET",NOT DISTRACTED,MD,0C998A2A-C901-4D69-8928-C8D4ABF7EBC3,DISABLING,PASSENGER CAR,MOVING CONSTANT SPEED,39.08019167,-77.078615,"(39.08019167, -77.078615)"
MCP2683001D,16000252,Montgomery County Police,Injury Crash,01/02/2016 12:33:00 PM,County,GAITHER RD,County,SHADY GROVE RD,,N/A,,SAME DIRECTION LEFT TURN,CLEAR,DRY,DAYLIGHT,N/A,NONE DETECTED,,39B89F00-AEB4-432E-A14C-6B28EEE40484,No,SUSPECTED MINOR INJURY,N/A,NOT DISTRACTED,MD,9117F0A1-3CD9-4820-BB3F-5FE117A077E7,DISABLING,PASSENGER CAR,MOVING CONSTANT SPEED,39.11762,-77.18391833,"(39.11762, -77.18391833)"
MCP1580004M,15056323,MONTGOMERY,Property Damage Crash,11/05/2015 08:33:00 AM,Municipality,WATKINS MILL RD,Municipality,RUSSELL AVE,,GAITHERSBURG,,STRAIGHT MOVEMENT ANGLE,CLOUDY,WET,DAYLIGHT,STOP SIGN,NONE DETECTED,,4B75954E-A555-4338-9016-78FC6140DA42,No,NO APPARENT INJURY,"N/A, WET",NOT DISTRACTED,MD,A717D89A-B24D-42F6-A221-DFB1FE58A499,DISABLING,PASSENGER CAR,MOVING CONSTANT SPEED,39.16000167,-77.216075,"(39.16000167, -77.216075)"
MCP15800059,16013105,MONTGOMERY,Property Damage Crash,03/17/2016 07:47:00 AM,Maryland (State),DARNESTOWN RD,Unknown,BRIAR ROCK DR,,N/A,,SAME DIR REAR END,CLEAR,DRY,DAYLIGHT,NO CONTROLS,NONE DETECTED,,D476EECE-5CA9-489F-8794-6C03B3FB329F,No,NO APPARENT INJURY,"N/A, VISION OBSTRUCTION (INCL. BLINDED BY SUN)",NOT DISTRACTED,MD,F705C4F5-2291-4DF6-A2A8-4990D22DF53F,FUNCTIONAL,(SPORT) UTILITY VEHICLE,SLOWING OR STOPPING,39.11822167,-77.25620833,"(39.11822167, -77.25620833)"
MCP2740002S,17014348,Montgomery County Police,Property Damage Crash,03/20/2017 09:21:00 PM,Maryland (State),FLOWER AVE,Maryland (State),CARROLL AVE,,N/A,,SAME DIRECTION SIDESWIPE,CLOUDY,DRY,DARK LIGHTS ON,TRAFFIC SIGNAL,N/A,,64529E0A-7F5B-4A6E-8601-992302A9B715,Yes,NO APPARENT INJURY,N/A,UNKNOWN,MD,47BD6877-32E4-4BEF-8346-1A6B593085B4,SUPERFICIAL,PASSENGER CAR,ACCELERATING,38.98496294,-76.99866906,"(38.98496294, -76.99866906)"
MCP12020022,17001401,Montgomery County Police,Property Damage Crash,01/09/2017 09:26:00 AM,Interstate (State),CAPITAL BELTWAY,Interstate (State),NO NAME,,N/A,,SAME DIRECTION LEFT TURN,CLOUDY,DRY,DAYLIGHT,NO CONTROLS,NONE DETECTED,,D3886F2D-216F-4EBB-88F1-0E15D32BA7E0,No,NO APPARENT INJURY,N/A,NOT DISTRACTED,VA,193BE457-4C9E-4C54-A692-E50BF4F4DF80,FUNCTIONAL,PASSENGER CAR,MOVING CONSTANT SPEED,39.032295,-77.14178167,"(39.032295, -77.14178167)"
MCP20720018,16059611,Montgomery County Police,Property Damage Crash,11/19/2016 01:35:00 PM,County,RIDGE RD,Maryland (State),FREDERICK RD,,N/A,,SAME DIR BOTH LEFT TURN,CLEAR,DRY,DAYLIGHT,TRAFFIC SIGNAL,NONE DETECTED,,160C7976-3F53-44C4-A489-E1CFEE78CC20,No,NO APPARENT INJURY,N/A,NOT DISTRACTED,MD,FF9FC4C2-53D9-41DB-93B1-653B3D3C20AB,SUPERFICIAL,PASSENGER CAR,STARTING FROM LANE,39.20134667,-77.25314333,"(39.20134667, -77.25314333)"
MCP2718001B,15037351,MONTGOMERY,Property Damage Crash,07/28/2015 06:26:00 PM,Maryland (State),VEIRS MILL RD,County,ASPEN HILL RD,,N/A,,OTHER,CLEAR,DRY,DAYLIGHT,NO CONTROLS,N/A,,EAF8E426-666F-42EF-B64A-870EFE90DDD0,No,NO APPARENT INJURY,N/A,UNKNOWN,MD,8E7C8FB3-5AA5-42DF-9EA4-9A6E681A7220,FUNCTIONAL,PICKUP TRUCK,SLOWING OR STOPPING,39.07192667,-77.10914,"(39.07192667, -77.10914)"
MCP2917001S,170507448,Montgomery County Police,Property Damage Crash,05/09/2017 06:30:00 PM,,,,,IN PARKING LOT OF 13527 GEORGIA AVE,,,SINGLE VEHICLE,CLEAR,,DAYLIGHT,NO CONTROLS,NONE DETECTED,,E4798FB0-ED59-4909-8B62-F55C2B2CEBE7,Yes,NO APPARENT INJURY,N/A,UNKNOWN,MD,CF64291A-6B85-4A12-A249-E060EFA88D9A,SUPERFICIAL,POLICE VEHICLE/EMERGENCY,BACKING,39.07996667,-77.07095667,"(39.07996667, -77.07095667)"
MCP3001000J,16005983,Montgomery County Police,Property Damage Crash,02/05/2016 09:34:00 AM,County,HEADWATERS DR,County,HEADWATERS LA,,N/A,,SAME DIRECTION SIDESWIPE,CLEAR,N/A,DAYLIGHT,NO CONTROLS,NONE DETECTED,,F3AFD4C1-B0AD-4D19-89B2-F24A7C6F1E54,Yes,NO APPARENT INJURY,N/A,NOT DISTRACTED,MD,98AC31A7-4746-4F9E-BC07-1C5913DD8F99,DISABLING,PASSENGER CAR,MOVING CONSTANT SPEED,39.15342,-77.07637667,"(39.15342, -77.07637667)"
HA2390000G,16000307,Maryland-National Capital,Property Damage Crash,03/17/2016 06:57:00 AM,,,,,OFF THE ROAD WAY NEAR THE CORNER OF THE INTERSECTION OF LAYHILL RD AT MIDDLEVALE.,,,SINGLE VEHICLE,CLOUDY,,DAWN,N/A,NONE DETECTED,,A9ED02D1-A2FE-4BB5-8F14-CA0A7EFBCE8B,Yes,NO APPARENT INJURY,N/A,NOT DISTRACTED,MD,8FF3485B-F14A-4671-B19C-4086176E74E1,FUNCTIONAL,POLICE VEHICLE/EMERGENCY,SLOWING OR STOPPING,39.08114636,-77.04685763,"(39.08114636, -77.04685763)"
MCP2291001W,170523908,Montgomery County Police,Injury Crash,08/09/2017 03:19:00 PM,Maryland (State),EAST WEST HWY,Maryland (State),16TH ST,,N/A,,HEAD ON LEFT TURN,CLEAR,DRY,DAYLIGHT,TRAFFIC SIGNAL,NONE DETECTED,,7D91CFFE-EC5C-4622-985E-F77EC6A89A80,No,POSSIBLE INJURY,N/A,NOT DISTRACTED,MD,AFCF8D9A-3E01-4027-9231-6DE1870EC70C,DISABLING,PASSENGER CAR,MOVING CONSTANT SPEED,38.99469333,-77.03686,"(38.99469333, -77.03686)"
MCP2363000X,16049928,Montgomery County Police,Injury Crash,09/28/2016 03:11:00 PM,Maryland (State),WOODFIELD RD,Other Public Roadway,NO NAME,,N/A,,SAME DIR REAR END,CLOUDY,WET,DAYLIGHT,N/A,NONE DETECTED,,ED3FD14E-A99B-42D4-9DF0-41C465607737,No,NO APPARENT INJURY,"RAIN, SNOW, WET",NOT DISTRACTED,MD,9252489A-5AE0-40EF-950C-396E9D4BB6C3,SUPERFICIAL,(SPORT) UTILITY VEHICLE,SLOWING OR STOPPING,39.27950697,-77.20328808,"(39.27950697, -77.20328808)"
MCP2849001R,15060359,MONTGOMERY,Property Damage Crash,11/25/2015 06:55:00 PM,County,RANDOLPH RD,County,HAWKESBURY LA,,N/A,,HEAD ON LEFT TURN,CLEAR,DRY,DARK LIGHTS ON,TRAFFIC SIGNAL,NONE DETECTED,,47BDE506-FEB4-486C-B9F9-A62237805D79,Yes,NO APPARENT INJURY,N/A,LOOKED BUT DID NOT SEE,MD,CB607AD8-F190-4C9A-854F-4F5C0C58E0E1,FUNCTIONAL,PASSENGER CAR,MAKING LEFT TURN,39.06608333,-77.02262167,"(39.06608333, -77.02262167)"
MCP3012001P,17006498,Montgomery County Police,Injury Crash,02/06/2017 03:17:00 PM,County,BONIFANT RD,County,BONIFIANT PARK DR,,N/A,,SAME DIR REAR END,CLEAR,DRY,DAYLIGHT,NO CONTROLS,NONE DETECTED,,24930254-F4D1-4E12-A7FD-751AF0A453AD,No,NO APPARENT INJURY,N/A,NOT DISTRACTED,MD,1E70E2D0-7CA0-4BBC-A47E-678DC12DB918,FUNCTIONAL,PASSENGER CAR,STOPPED IN TRAFFIC LANE,39.09293,-77.04032833,"(39.09293, -77.04032833)"
EJ78370017,16055742,Gaithersburg Police Depar,Property Damage Crash,10/29/2016 12:20:00 PM,,,,,PARKING LOT OF 202 KENTLANDS BLVD,,,OTHER,CLEAR,,DAYLIGHT,N/A,N/A,,E0328EB1-9543-4804-BD73-D38AC4EAC9D1,Unknown,NO APPARENT INJURY,N/A,NOT DISTRACTED,MD,ABDE57D3-D1C3-473A-B6D0-D405117EEAE1,SUPERFICIAL,PASSENGER CAR,BACKING,39.12285673,-77.23596275,"(39.12285673, -77.23596275)"
MCP2008003J,170501610,Montgomery County Police,Injury Crash,04/11/2017 03:37:00 PM,Maryland (State),OLD GEORGETOWN RD,County,CHESHIRE DR,,N/A,,ANGLE MEETS LEFT TURN,CLEAR,DRY,DAYLIGHT,TRAFFIC SIGNAL,NONE DETECTED,,8CCE6BE0-63BC-4A3C-B054-FD578562921B,No,NO APPARENT INJURY,N/A,NOT DISTRACTED,MD,0BDD8099-3DCD-469D-9D8F-482B819BFF43,SUPERFICIAL,PASSENGER CAR,STOPPED IN TRAFFIC LANE,39.02255667,-77.123505,"(39.02255667, -77.123505)"
MCP29740016,16058455,Montgomery County Police,Property Damage Crash,11/12/2016 11:45:00 PM,,,,,8110 FENTON ST,,,OTHER,CLEAR,,DARK LIGHTS ON,NO CONTROLS,NONE DETECTED,,A2D9A82F-5F20-4826-9293-57157BAEACA0,No,NO APPARENT INJURY,N/A,NOT DISTRACTED,MD,2174FA7A-FE8A-4F84-9A2A-88BEE8CB4D56,FUNCTIONAL,PASSENGER CAR,PARKED,38.99097036,-77.0242238,"(38.99097036, -77.0242238)"
MCP1378009C,16021650,Montgomery County Police,Property Damage Crash,05/02/2016 03:44:00 PM,,,,,"PARKING LOT OF 100 TSCHIFFELY SQ RD, IN FRONT OF MAIN DOORS OF RACHEL CARSON ELEM.",,,SAME DIRECTION SIDESWIPE,CLEAR,,DAYLIGHT,NO CONTROLS,NONE DETECTED,,8D3B8603-DD30-44A6-9FDE-55E3687B7FB4,Yes,NO APPARENT INJURY,N/A,NOT DISTRACTED,MD,198B6EB0-FE1B-4B48-B0AA-9004799B80E8,SUPERFICIAL,SCHOOL BUS,ACCELERATING,39.11742333,-77.24638333,"(39.11742333, -77.24638333)"
MCP1350000P,15066707,Montgomery County Police,Property Damage Crash,12/29/2015 10:53:00 AM,Maryland (State),GREAT SENECA HWY,County,DECOVERLY DR,,N/A,,SAME DIR REAR END,CLOUDY,WET,DAYLIGHT,NO CONTROLS,NONE DETECTED,,2BEDA11C-DDDB-4004-9F2D-5862194748B9,No,NO APPARENT INJURY,"N/A, WET",NOT DISTRACTED,MD,C7479432-0861-426B-B0D0-48EF4A60D829,FUNCTIONAL,(SPORT) UTILITY VEHICLE,SLOWING OR STOPPING,39.10604167,-77.20788167,"(39.10604167, -77.20788167)"
MCP26580018,16034611,Montgomery County Police,Property Damage Crash,07/08/2016 04:17:00 PM,Maryland (State),SANDY SPRING RD,Unknown,ENT TO BURTONSVILLE CROSSING SHOP CTR,,N/A,,HEAD ON LEFT TURN,RAINING,WET,DAYLIGHT,N/A,NONE DETECTED,,8C4B4BAC-A63B-4FEC-86A3-7B98C385460F,No,NO APPARENT INJURY,"N/A, WET",NOT DISTRACTED,MD,867CA8AF-6E27-4246-8DAB-D18E41DD1940,FUNCTIONAL,PASSENGER CAR,MOVING CONSTANT SPEED,39.11074934,-76.93359733,"(39.11074934, -76.93359733)"
MCP1113000W,16010998,MONTGOMERY,Injury Crash,03/05/2016 11:17:00 AM,Maryland (State),WOODFIELD RD,County,FIELDCREST RD,,N/A,,STRAIGHT MOVEMENT ANGLE,CLEAR,DRY,DAYLIGHT,TRAFFIC SIGNAL,NONE DETECTED,,02613720-DD08-48D4-B560-D27CE4D4F23F,No,SUSPECTED MINOR INJURY,N/A,NOT DISTRACTED,MD,FD927069-DEAD-4F67-9FC1-199F37AF60FD,DISABLING,PICKUP TRUCK,MOVING CONSTANT SPEED,39.18525126,-77.15067923,"(39.18525126, -77.15067923)"
MCP27650025,16017988,Montgomery County Police,Injury Crash,04/12/2016 11:22:00 PM,County,DARNESTOWN RD,County,SHADY GROVE RD,,N/A,,HEAD ON LEFT TURN,N/A,DRY,DARK LIGHTS ON,TRAFFIC SIGNAL,NONE DETECTED,,DE6DC14F-7735-42DC-84DB-AC8480EBA72F,No,NO APPARENT INJURY,N/A,NOT DISTRACTED,MD,481A0EA4-123D-42EF-923E-D5195491EE41,DISABLING,PASSENGER CAR,MOVING CONSTANT SPEED,39.093225,-77.19656333,"(39.093225, -77.19656333)"
MCP2274001D,170503261,Montgomery County Police,Injury Crash,04/20/2017 11:57:00 PM,County,BRINK RD,County,WIGHTMAN RD,,N/A,,SAME DIR REAR END,CLOUDY,WET,DARK NO LIGHTS,STOP SIGN,NONE DETECTED,,1E7BD909-45EF-4771-96A2-8B99CD1096B1,Yes,SUSPECTED MINOR INJURY,"N/A, WET",NOT DISTRACTED,MD,6BC90E77-05CE-48DF-8253-96658F4E5102,DISABLING,PASSENGER CAR,SLOWING OR STOPPING,39.20091667,-77.20388333,"(39.20091667, -77.20388333)"
MCP1119002Z,16057647,Montgomery County Police,Property Damage Crash,11/08/2016 05:27:00 PM,County,RANDOLPH RD,County,DEWEY RD,,N/A,,OTHER,CLEAR,DRY,DARK LIGHTS ON,NO CONTROLS,NONE DETECTED,,2B1245A4-EC83-40D6-B64D-29EE67CCD906,No,NO APPARENT INJURY,N/A,NOT DISTRACTED,TX,DC1667B3-224D-4BB0-83C6-B8219179AF24,FUNCTIONAL,PICKUP TRUCK,MOVING CONSTANT SPEED,39.05339667,-77.08862833,"(39.05339667, -77.08862833)"
MCP2087001G,170505197,Montgomery County Police,Injury Crash,05/01/2017 09:04:00 AM,Maryland (State),GEORGIA AVE,Maryland (State),DAMASCUS RD,,N/A,,STRAIGHT MOVEMENT ANGLE,N/A,DRY,DAYLIGHT,N/A,NONE DETECTED,,B8D91DEE-9463-4375-9926-E12A0FA9BAC3,No,SUSPECTED SERIOUS INJURY,N/A,NOT DISTRACTED,ME,1B43CE4B-4EF2-4216-8986-2D02693A3512,DISABLING,PICKUP TRUCK,MOVING CONSTANT SPEED,39.21067833,-77.06269667,"(39.21067833, -77.06269667)"
MCP12530006,16010318,Montgomery County Police,Property Damage Crash,03/01/2016 07:01:00 PM,Maryland (State),FREDERICK RD,Municipality,REDLAND BLVD,,ROCKVILLE,,STRAIGHT MOVEMENT ANGLE,CLEAR,DRY,DARK LIGHTS ON,TRAFFIC SIGNAL,NONE DETECTED,,CC2CE98D-7DEE-484D-9552-8032D0A5C966,Yes,NO APPARENT INJURY,N/A,NO DRIVER PRESENT,MD,0DE38E70-7934-4A1C-8B01-AA11B0C35F80,DISABLING,OTHER,MAKING LEFT TURN,39.11568,-77.16611667,"(39.11568, -77.16611667)"
MCP0619000V,16016550,Montgomery County Police,Property Damage Crash,04/05/2016 09:46:00 AM,,,,,PARKING GARAGE COB 100 MARYLAND AVE.,,,OTHER,N/A,,OTHER,N/A,N/A,,DCD03692-91BD-4E38-A14B-2BB0F8C1BBA3,Yes,NO APPARENT INJURY,N/A,NOT DISTRACTED,MD,FD9EBAED-ADDC-41C9-819B-B0949E3F0DB4,FUNCTIONAL,POLICE VEHICLE/NON EMERGENCY,PARKING,39.08550167,-77.14918333,"(39.08550167, -77.14918333)"
MCP2890000R,15052280,MONTGOMERY,Injury Crash,10/14/2015 11:33:00 PM,County,MIDDLEBROOK RD,Maryland (State),FREDERICK RD,,N/A,PEDESTRIAN,SINGLE VEHICLE,CLEAR,DRY,DARK NO LIGHTS,NO CONTROLS,NONE DETECTED,NONE DETECTED,9CF3DDEE-832C-4A3E-8B69-3E9338622D48,No,NO APPARENT INJURY,N/A,NOT DISTRACTED,MD,0742C560-49D0-49B3-976F-FE0EC1E80550,SUPERFICIAL,PASSENGER CAR,MOVING CONSTANT SPEED,39.18172167,-77.23669,"(39.18172167, -77.23669)"