Report Number,Local Case Number,Agency Name,ACRS Report Type,Crash Date/Time,Route Type,Road Name,Cross-Street Type,Cross-Street Name,Off-Road Description,Municipality,Related Non-Motorist,Collision Type,Weather,Surface Condition,Light,Traffic Control,Driver Substance Abuse,Non-Motorist Substance Abuse,Person ID,Driver At Fault,Injury Severity,Circumstance,Driver Distracted By,Drivers License State,Vehicle ID,Vehicle Damage Extent,Vehicle Body Type,Vehicle Movement,Latitude,Longitude,Location
DD56180007,16023317,Rockville Police Departme,Property Damage Crash,05/11/2016 07:20:00 AM,Maryland (State),E JEFFERSON ST,Municipality,MARYLAND AVE,,ROCKVILLE,,OTHER,RAINING,WET,DAYLIGHT,NO CONTROLS,NONE DETECTED,,111F45DE-92ED-402D-9D17-173292742BC8,No,NO APPARENT INJURY,"RAIN, SNOW, WET",NOT DISTRACTED,MD,A3B22A29-7258-4454-B8FC-1E7901102E2F,FUNCTIONAL,PASSENGER CAR,MOVING CONSTANT SPEED,39.0829338,-77.15142623,"(39.0829338, -77.15142623)"
EJ78660019,170503712,Gaithersburg Police Depar,Property Damage Crash,04/23/2017 02:15:00 PM,Maryland (State),MONTGOMERY VILLAGE AVE,Municipality,RUSSELL AVE,,GAITHERSBURG,,SAME DIR REAR END,CLEAR,DRY,DAYLIGHT,TRAFFIC SIGNAL,NONE DETECTED,,E0E99638-C953-4D41-8CE2-B374E73DDC27,No,NO APPARENT INJURY,N/A,NOT DISTRACTED,MD,4910B3DD-B738-4AE4-9B72-0F7003DA50C1,FUNCTIONAL,PASSENGER CAR,SLOWING OR STOPPING,39.15442437,-77.20955372,"(39.15442437, -77.20955372)"
MCP20460035,15001958,Montgomery County Police,Property Damage Crash,01/13/2015 07:25:00 AM,County,FAIRLAND RD,County,OLD COLUMBIA PIKE,,N/A,,HEAD ON LEFT TURN,CLEAR,DRY,DAWN,TRAFFIC SIGNAL,NONE DETECTED,,6B17BAEB-71EB-4B13-8EFC-FCD058204540,Yes,NO APPARENT INJURY,N/A,NOT DISTRACTED,MD,71FBB02F-72BE-4B79-B598-8578F1E93D66,DISABLING,PASSENGER CAR,MAKING LEFT TURN,39.07610333,-76.95760167,"(39.07610333, -76.95760167)"
MCP2637000W,15058880,MONTGOMERY,Property Damage Crash,11/18/2015 12:33:00 PM,County,BOSWELL LA,County,PINEY MEETINGHOUSE RD,,N/A,,SINGLE VEHICLE,CLOUDY,DRY,DAYLIGHT,N/A,NONE DETECTED,,FB4F3D74-8D4C-414F-81BA-9C269A3817BA,Yes,NO APPARENT INJURY,N/A,NOT DISTRACTED,MD,8EE41596-4B53-41ED-A463-DFD90701BBFC,DISABLING,OTHER,MOVING CONSTANT SPEED,39.07100667,-77.21802167,"(39.07100667, -77.21802167)"
MCP2353001S,15053550,MONTGOMERY,Property Damage Crash,10/22/2015 06:10:00 AM,County,MARINELLI RD,County,CITADEL AVE,,N/A,,STRAIGHT MOVEMENT ANGLE,CLEAR,DRY,DARK LIGHTS ON,STOP SIGN,NONE DETECTED,,0B785F9B-C6C4-4C14-8186-F4017D482A13,No,NO APPARENT INJURY,N/A,NOT DISTRACTED,MD,D9ABEF6B-8065-4444-8609-2007F799A5B9,FUNCTIONAL,TRANSIT BUS,MOVING CONSTANT SPEED,38.98345167,-77.09292,"(38.98345167, -77.09292)"
MCP2818002K,17013968,Montgomery County Police,Property Damage Crash,03/18/2017 05:51:00 PM,County,FENTON ST,County,WAYNE AVE,,N/A,,SAME DIRECTION LEFT TURN,N/A,DRY,DAYLIGHT,NO CONTROLS,UNKNOWN,,D56591C0-A115-4D0E-9431-1753C5EE95CB,Yes,NO APPARENT INJURY,N/A,NOT DISTRACTED,MD,435F7701-6071-44B2-AF96-AECCB25D6EEE,SUPERFICIAL,PASSENGER CAR,CHANGING LANES,38.99555167,-77.02429833,"(38.99555167, -77.02429833)"
MCP2702000Z,15040995,MONTGOMERY,Property Damage Crash,08/16/2015 09:38:00 PM,Maryland (State),GEORGIA AVE,Maryland (State),FOREST GLEN RD,,N/A,,SAME DIR REAR END,CLEAR,DRY,DARK LIGHTS ON,TRAFFIC SIGNAL,NONE DETECTED,,7CAA3402-BEB8-4364-9907-A330DB215661,No,NO APPARENT INJURY,N/A,NOT DISTRACTED,MD,8A0C4E22-164C-42CF-9922-C8AC4AD6EA8A,SUPERFICIAL,PASSENGER CAR,STOPPED IN TRAFFIC LANE,39.01573266,-77.04275787,"(39.01573266, -77.04275787)"
DD5605003H,170504381,Rockville Police Departme,Property Damage Crash,04/26/2017 06:31:00 PM,Municipality,REDLAND BLVD,Other Public Roadway,RESERVE CHAMPION DR,,N/A,,SAME DIR REAR END,N/A,DRY,DAYLIGHT,OTHER,NONE DETECTED,,0E76BA42-A5FA-4737-8136-24B927DCE4A0,Yes,NO APPARENT INJURY,N/A,INATTENTIVE OR LOST IN THOUGHT,MD,25296B49-71F4-4584-922B-96C8C11EB655,FUNCTIONAL,PASSENGER CAR,SLOWING OR STOPPING,39.11125483,-77.17272783,"(39.11125483, -77.17272783)"
MCP2983000T,16004030,Montgomery County Police,Property Damage Crash,01/22/2016 06:00:00 PM,County,DALE DR,Maryland (State),PINEY BRANCH RD,,N/A,,OTHER,SNOW,SNOW,DARK LIGHTS ON,N/A,NONE DETECTED,,53313F03-A19E-4010-B214-5172214A1BCA,No,NO APPARENT INJURY,"ICY OR SNOW-COVERED, RAIN, SNOW",NOT DISTRACTED,MD,96D019FE-337C-4203-BBAD-E02DDBE35A39,FUNCTIONAL,PASSENGER CAR,STOPPED IN TRAFFIC LANE,38.99384723,-77.00912833,"(38.99384723, -77.00912833)"
MCP1400000B,15050527,MONTGOMERY,Injury Crash,05/13/2015 11:58:00 PM,Maryland (State),GEORGIA AVE,Maryland (State),OLNEY SANDY SPRING RD,,N/A,,SAME DIR REAR END,CLEAR,DRY,DARK LIGHTS ON,TRAFFIC SIGNAL,NONE DETECTED,,F376ECAB-A00D-48FE-8A74-9A5A8CDF53C1,No,POSSIBLE INJURY,N/A,NOT DISTRACTED,MD,8D9313A1-2932-491C-8D29-B50EE0F4421B,DISABLING,PASSENGER CAR,SLOWING OR STOPPING,39.15301002,-77.06681728,"(39.15301002, -77.06681728)"
MCP24360031,170506824,Montgomery County Police,Injury Crash,05/09/2017 01:51:00 PM,Maryland (State),UNIVERSITY BLVD E,County,FRANKLIN AVE,,N/A,,SAME DIR REAR END,CLEAR,DRY,DAYLIGHT,TRAFFIC SIGNAL,NONE DETECTED,,E8A4AAD6-389A-441D-8AB9-1C33A9769C2D,Yes,POSSIBLE INJURY,N/A,UNKNOWN,MD,56DEDA7A-C2D6-4E0A-BBE6-91168CC1D325,DISABLING,(SPORT) UTILITY VEHICLE,MOVING CONSTANT SPEED,39.01238333,-77.00271833,"(39.01238333, -77.00271833)"
MCP2739000M,15055525,MONTGOMERY,Property Damage Crash,11/01/2015 02:54:00 AM,,,,,"PARKING LOT OF 9702 MT PISGAH RD 
SILVER SPRING MD 20903",,,STRAIGHT MOVEMENT ANGLE,CLEAR,,DARK LIGHTS ON,NO CONTROLS,ALCOHOL CONTRIBUTED,,2A41EA71-B5B4-41D7-B7E5-C23E841C235E,Yes,NO APPARENT INJURY,N/A,NOT DISTRACTED,MD,A424849D-4719-4BF6-81CE-73E08B7F3F07,FUNCTIONAL,PASSENGER CAR,MOVING CONSTANT SPEED,39.01514667,-76.97689833,"(39.01514667, -76.97689833)"
MCP2971001M,16039289,Montgomery County Police,Injury Crash,08/03/2016 04:17:00 PM,Service Road,N CAMPUS DR,Unknown,SPUR TO W CAMPUS DR,,N/A,,STRAIGHT MOVEMENT ANGLE,CLEAR,DRY,DAYLIGHT,STOP SIGN,NONE DETECTED,,855AD147-C694-41C1-B7C9-B02B397FB153,Yes,POSSIBLE INJURY,N/A,LOOKED BUT DID NOT SEE,MD,4BD75899-2DC3-45D2-BF7B-7EA73EC99E57,FUNCTIONAL,PASSENGER CAR,MOVING CONSTANT SPEED,39.05232248,-76.94983006,"(39.05232248, -76.94983006)"
MCP1252000T,15059391,MONTGOMERY,Property Damage Crash,11/20/2015 08:11:00 PM,County,CENTURY BLVD,County,PINNACLE DR,,N/A,,ANGLE MEETS LEFT TURN,CLEAR,DRY,DARK LIGHTS ON,NO CONTROLS,NONE DETECTED,,ADF8BF45-EDEF-4168-B274-03900CC79E4A,Yes,NO APPARENT INJURY,N/A,LOOKED BUT DID NOT SEE,MD,1E0308D3-C8E5-4A0F-877E-0715D81B75D9,FUNCTIONAL,RECREATIONAL VEHICLE,MAKING LEFT TURN,39.18252333,-77.26452167,"(39.18252333, -77.26452167)"
MCP27400016,15055621,MONTGOMERY,Injury Crash,11/01/2015 05:52:00 PM,Maryland (State),UNIVERSITY BLVD E,County,FORSTON DR,,N/A,BICYCLIST,N/A,CLEAR,DRY,DARK NO LIGHTS,N/A,NONE DETECTED,NONE DETECTED,9FA1C6B3-EB71-497D-B6F4-A3E2149BE533,Yes,NO APPARENT INJURY,N/A,LOOKED BUT DID NOT SEE,MD,11222D5D-5FFE-45CA-9ACC-EEA91BA0DAAE,SUPERFICIAL,PASSENGER CAR,MAKING RIGHT TURN,38.99483118,-76.99300289,"(38.99483118, -76.99300289)"
MCP15540020,170505148,Montgomery County Police,Property Damage Crash,04/30/2017 09:14:00 PM,Maryland (State),DARNESTOWN RD,County,BERRYVILLE RD,,N/A,,SAME DIR REAR END,CLEAR,DRY,DARK NO LIGHTS,NO CONTROLS,ALCOHOL PRESENT,,CEF4EEF7-76AE-4D6B-B3E8-2BC4C6160889,Yes,NO APPARENT INJURY,N/A,UNKNOWN,MD,96A0AC8F-2F7E-47D7-92EE-27B105E96044,FUNCTIONAL,(SPORT) UTILITY VEHICLE,MOVING CONSTANT SPEED,39.11405833,-77.30933833,"(39.11405833, -77.30933833)"
MCP20460064,16053503,Montgomery County Police,Injury Crash,10/18/2016 08:55:00 AM,US (State),COLUMBIA PIKE,Ramp,RAMP 6 FR MD 198 EB TO US 29 SB,,N/A,,SAME DIR REAR END,CLEAR,DRY,DAYLIGHT,N/A,NONE DETECTED,,05ECB0B8-6875-4D65-892B-B4CFD82F1006,Yes,NO APPARENT INJURY,N/A,NOT DISTRACTED,MD,887AD6DE-257E-458B-9926-57D286B092BD,FUNCTIONAL,PASSENGER CAR,MOVING CONSTANT SPEED,39.10823333,-76.93126,"(39.10823333, -76.93126)"
MCP2928001C,16044988,Montgomery County Police,Property Damage Crash,08/21/2016 09:45:00 PM,,,,,"PARKING LOT LOCATED AT 8025 13TH STREET, SILVER SPRING,MD, 20910",,,OTHER,CLEAR,,DARK LIGHTS ON,NO CONTROLS,NONE DETECTED,,CF60A4E2-84E2-4DE8-8FD3-EBC5AAEFB8EF,Yes,NO APPARENT INJURY,N/A,NOT DISTRACTED,MD,07E7394F-2365-4C7D-B2BE-95071E569D8E,SUPERFICIAL,PASSENGER CAR,BACKING,38.9872511,-77.02744246,"(38.9872511, -77.02744246)"
MCP2889001J,16013480,MONTGOMERY,Injury Crash,03/19/2016 04:09:00 PM,Maryland (State),GEORGIA AVE,County,PRICE AVE,,N/A,,SAME DIR REAR END,RAINING,WET,DAYLIGHT,NO CONTROLS,NONE DETECTED,,7E8676C4-CC77-4FED-ACFD-822945E98E4C,Yes,POSSIBLE INJURY,"SLEET, HAIL, FREEZ. RAIN, WET",NOT DISTRACTED,MD,D06838CE-BD7C-43EC-BD3F-9419C8FC096A,DISABLING,PASSENGER CAR,MOVING CONSTANT SPEED,39.03908333,-77.05174333,"(39.03908333, -77.05174333)"
MCP3011000F,16004441,Montgomery County Police,Property Damage Crash,01/27/2016 06:01:00 PM,County,TUCKERMAN LA,Unknown,STRUC METRO OVERHEAD,,N/A,,HEAD ON LEFT TURN,N/A,WET,DARK LIGHTS ON,N/A,UNKNOWN,,97344127-F5A2-445B-84A7-1EB6A474F323,Yes,NO APPARENT INJURY,N/A,NOT DISTRACTED,,49C14A6E-0E26-4A89-AB16-4C937E248415,UNKNOWN,,MOVING CONSTANT SPEED,39.03079737,-77.10350722,"(39.03079737, -77.10350722)"
MCP2720002N,17008962,Montgomery County Police,Property Damage Crash,02/19/2017 03:15:00 AM,County,E RANDOLPH RD,County,CLIFTON RD,,N/A,,SINGLE VEHICLE,CLEAR,DRY,DARK LIGHTS ON,NO CONTROLS,NONE DETECTED,,727EF6D1-0DD7-4CDC-AD57-83AA0CCB67A7,Yes,NO APPARENT INJURY,N/A,NOT DISTRACTED,MD,2EF7DA5A-EBCC-4541-8D27-FC387B6FBE50,DISABLING,PASSENGER CAR,MOVING CONSTANT SPEED,39.07551833,-76.99708167,"(39.07551833, -76.99708167)"
MCP26120020,170503412,Montgomery County Police,Property Damage Crash,04/21/2017 05:49:00 PM,County,NORBECK RD,Maryland (State),LAYHILL RD,,N/A,,HEAD ON LEFT TURN,CLEAR,WET,DAYLIGHT,TRAFFIC SIGNAL,NONE DETECTED,,DE8A968C-BA48-40ED-8CF7-4E38DE96FA44,No,NO APPARENT INJURY,"N/A, WET",NOT DISTRACTED,MD,A575FABC-18FE-4EFD-BC5E-CEE216916C27,FUNCTIONAL,PASSENGER CAR,MOVING CONSTANT SPEED,39.12061,-77.03375833,"(39.12061, -77.03375833)"
MCP25860017,15039792,MONTGOMERY,Injury Crash,08/10/2015 03:38:00 PM,Maryland (State),SPENCERVILLE RD,County,ALLNUTT LA,,N/A,,OTHER,CLEAR,DRY,DAYLIGHT,N/A,NONE DETECTED,,C1D8BFA3-E01F-4926-A8EA-90C64DC0DD9D,Yes,POSSIBLE INJURY,N/A,UNKNOWN,MD,4966E90A-8C78-465E-8B0B-498E9ACA0BAB,DESTROYED,PASSENGER CAR,MOVING CONSTANT SPEED,39.11161,-76.95267667,"(39.11161, -76.95267667)"
MCP2121000M,16041197,Montgomery County Police,Injury Crash,08/14/2016 08:17:00 AM,Maryland (State),DARNESTOWN RD,County,BELLINGHAM DR,,N/A,,SINGLE VEHICLE,CLEAR,DRY,DAYLIGHT,NO CONTROLS,NONE DETECTED,,AD214A64-2D5D-48A9-911F-79FA71C1554F,Yes,POSSIBLE INJURY,N/A,NOT DISTRACTED,MD,B8EBB7A8-28DD-4903-921F-66EC3CB9FD86,DISABLING,PASSENGER CAR,MOVING CONSTANT SPEED,39.12246137,-77.3229897,"(39.12246137, -77.3229897)"
MCP2046005F,16021568,Montgomery County Police,Property Damage Crash,05/02/2016 08:15:00 AM,Maryland (State),NEW HAMPSHIRE AVE,County,MILESTONE DR,,N/A,,SINGLE VEHICLE,RAINING,WET,DAYLIGHT,NO CONTROLS,NONE DETECTED,,E71269BE-5428-4652-B6FF-E2716860C5AB,Yes,NO APPARENT INJURY,"RAIN, SNOW, WET",NOT DISTRACTED,MD,2D06E08B-E25D-4B17-AFF5-B4B99E198B78,DISABLING,PASSENGER CAR,MOVING CONSTANT SPEED,39.04513602,-76.99228406,"(39.04513602, -76.99228406)"
DD5593001W,16004967,Rockville Police Departme,Injury Crash,01/30/2016 07:15:00 PM,,,,,"PARKING LOT OF 15136 FREDERICK RD (ADVANCE AUTO), ROCKVILLE, MD",,PEDESTRIAN,HEAD ON LEFT TURN,CLEAR,,DARK LIGHTS ON,N/A,UNKNOWN,NONE DETECTED,C7C10A36-7710-4F5D-94F7-2FF8549A9104,Yes,NO APPARENT INJURY,N/A,UNKNOWN,,B8CFB5BD-E378-427C-A269-C20B662D76B4,NO DAMAGE,VAN,MAKING LEFT TURN,39.10419167,-77.15767333,"(39.10419167, -77.15767333)"
MCP2764000W,15059583,MONTGOMERY,Property Damage Crash,11/21/2015 07:40:00 PM,Maryland (State),VEIRS MILL RD,County,ANDREW ST,,N/A,,SAME DIRECTION RIGHT TURN,CLEAR,DRY,DARK LIGHTS ON,NO CONTROLS,NONE DETECTED,,1B0B1308-4E14-45AF-ABBA-0E96D952E5A6,No,NO APPARENT INJURY,N/A,NOT DISTRACTED,MD,6FFB625F-F4B1-4521-BFF8-F7133B3CECE8,DESTROYED,PASSENGER CAR,MOVING CONSTANT SPEED,39.05004833,-77.07161667,"(39.05004833, -77.07161667)"
MCP2874001R,17000275,Montgomery County Police,Injury Crash,01/02/2017 06:40:00 PM,Maryland (State),GEORGIA AVE,County,RANDOLPH RD,,N/A,,SAME DIR REAR END,RAINING,WET,DARK LIGHTS ON,TRAFFIC SIGNAL,NONE DETECTED,,652137AC-98DB-45FF-A32A-C54700281914,Yes,NO APPARENT INJURY,"N/A, RUTS, HOLES, BUMPS, WET",NOT DISTRACTED,MD,187A1BE7-FA69-4A6E-BA84-C61AE073FE3A,SUPERFICIAL,PASSENGER CAR,SLOWING OR STOPPING,39.057575,-77.04980333,"(39.057575, -77.04980333)"
MCP137800DV,16058701,Montgomery County Police,Property Damage Crash,11/14/2016 05:24:00 PM,Maryland (State),DARNESTOWN RD,Unknown,ENT TO POTOMAC VALLEY SHOPPING CTR,,N/A,,STRAIGHT MOVEMENT ANGLE,CLOUDY,DRY,DARK LIGHTS ON,TRAFFIC SIGNAL,NONE DETECTED,,9FD32ECA-BE16-422B-909E-8FF0DD07286F,No,NO APPARENT INJURY,N/A,NOT DISTRACTED,MD,CB370EE4-39E7-4C25-A6DB-2BAC58814391,DISABLING,(SPORT) UTILITY VEHICLE,MOVING CONSTANT SPEED,39.11749003,-77.25104883,"(39.11749003, -77.25104883)"
MCP2667003G,17003064,Montgomery County Police,Property Damage Crash,01/18/2017 11:17:00 AM,,,,,PARKING LOT OF 9639 LOST KNIFE RD,,,STRAIGHT MOVEMENT ANGLE,CLEAR,,DAYLIGHT,STOP SIGN,NONE DETECTED,,1B103EAE-6371-4E96-BF7C-080DC0B7AFF3,No,NO APPARENT INJURY,N/A,NOT DISTRACTED,MD,D4662A15-3672-4DA9-A6B5-461F44B7D69C,DISABLING,PASSENGER CAR,MOVING CONSTANT SPEED,39.15335,-77.19742833,"(39.15335, -77.19742833)"
MCP2936000X,16000923,Montgomery County Police,Property Damage Crash,01/05/2016 12:00:00 PM,County,SOUTHPORT DR,County,GROSVENOR LA,,N/A,,STRAIGHT MOVEMENT ANGLE,N/A,DRY,DAYLIGHT,STOP SIGN,NONE DETECTED,,1F53FF65-9BFC-4611-B2B8-1630D574968D,No,NO APPARENT INJURY,N/A,NOT DISTRACTED,MD,CB71059F-145F-40CB-9C09-3C975F601960,FUNCTIONAL,PASSENGER CAR,PARKED,39.021645,-77.12184667,"(39.021645, -77.12184667)"
MCP1128003L,15004446,Montgomery County Police,Property Damage Crash,01/28/2015 09:00:00 AM,County,NEWBOLD DR,County,MICHAELS DR,,N/A,,OTHER,CLEAR,DRY,DAYLIGHT,N/A,NONE DETECTED,,A42A68A3-A4BF-46B2-888C-CFE0526D1C8C,Yes,NO APPARENT INJURY,N/A,NOT DISTRACTED,MD,6508E54E-AE1F-445E-BE64-0564D4F123FC,FUNCTIONAL,OTHER,PARKED,39.010595,-77.13759333,"(39.010595, -77.13759333)"
MCP2722002K,170518920,Montgomery County Police,Injury Crash,07/13/2017 04:50:00 PM,Maryland (State),LAYHILL RD,Ramp,RAMP 4 FR MD 182 NB TO MD 200 EB,,N/A,,STRAIGHT MOVEMENT ANGLE,CLEAR,DRY,DAYLIGHT,TRAFFIC SIGNAL,N/A,,F7B3813A-8EB0-46C0-8B25-C5A4205DD73A,Yes,SUSPECTED MINOR INJURY,N/A,NOT DISTRACTED,MD,D0E77F87-4D0C-42DE-95B1-85528A775EC3,DESTROYED,PASSENGER CAR,MOVING CONSTANT SPEED,39.09891,-77.0429,"(39.09891, -77.0429)"
MCP21770014,16049892,Montgomery County Police,Injury Crash,09/28/2016 11:48:00 AM,Maryland (State),W MONTGOMERY AVE,Ramp,RAMP 6 FR MD 28 EB TO IS 270 SB,,N/A,,SAME DIR REAR END,RAINING,WET,DAYLIGHT,FLASHING TRAFFIC SIGNAL,NONE DETECTED,,E646AC13-834A-4066-8B82-047B69B27CE3,No,SUSPECTED MINOR INJURY,"RAIN, SNOW, WET",NOT DISTRACTED,MD,5C48178D-3BBE-41E3-A7EB-1D3BD3CD7D50,SUPERFICIAL,PASSENGER CAR,STOPPED IN TRAFFIC LANE,39.08736167,-77.17657667,"(39.08736167, -77.17657667)"
MCP0685001Q,15061398,MONTGOMERY,Property Damage Crash,12/01/2015 06:30:00 PM,Maryland (State),HUNGERFORD DR,Municipality,COLLEGE PKWY,,ROCKVILLE,,SAME DIRECTION SIDESWIPE,CLEAR,WET,DARK NO LIGHTS,N/A,NONE DETECTED,,52B6299B-A8EA-4E99-98B8-A412C54BF3A3,No,NO APPARENT INJURY,"N/A, WET",NOT DISTRACTED,CA,70BCC75B-6059-4A23-ADC6-382F2F53BA76,FUNCTIONAL,PASSENGER CAR,MOVING CONSTANT SPEED,39.10395,-77.15590667,"(39.10395, -77.15590667)"
MCP1205003B,170530744,Montgomery County Police,Injury Crash,09/15/2017 11:38:00 AM,Maryland (State),ROCKVILLE PIKE,Government,SOUTH DR,,N/A,,SAME DIR REAR END,CLEAR,DRY,DAYLIGHT,TRAFFIC SIGNAL,ALCOHOL PRESENT,,CE264574-F8CD-4212-837A-B0FE5850864C,Yes,NO APPARENT INJURY,N/A,NOT DISTRACTED,MD,AD16C5F6-D1BF-49BD-B740-91B6413664D4,FUNCTIONAL,PASSENGER CAR,SLOWING OR STOPPING,38.99957562,-77.09697604,"(38.99957562, -77.09697604)"
MCP2851002H,170515879,Montgomery County Police,Injury Crash,06/26/2017 06:25:00 PM,County,WATERS LANDING DR,County,FATHER HURLEY BLVD,,N/A,PEDESTRIAN,OTHER,CLEAR,DRY,DAYLIGHT,TRAFFIC SIGNAL,NONE DETECTED,NONE DETECTED,68C22F0A-7D46-4FCA-ADF4-382FDE2969BB,Yes,NO APPARENT INJURY,N/A,NOT DISTRACTED,MD,E2D29277-523A-4860-943B-841E8496132D,NO DAMAGE,PASSENGER CAR,MAKING LEFT TURN,39.19160167,-77.27207167,"(39.19160167, -77.27207167)"
MCP2895000Z,16005568,Montgomery County Police,Property Damage Crash,02/02/2016 10:20:00 PM,,,,,GERMANTOWN EMERGENCY CENTER AMBULANCE BAY (PARKING LOT),,,OTHER,CLEAR,,DARK LIGHTS ON,NO CONTROLS,NONE DETECTED,,7E14B2E0-D781-417B-B509-008125822564,No,NO APPARENT INJURY,"N/A, WET",NOT DISTRACTED,PA,D558CFE6-1E90-40D2-8E0A-0D7D53BB6836,SUPERFICIAL,AMBULANCE/EMERGENCY,PARKED,39.1792874,-77.26364851,"(39.1792874, -77.26364851)"
MCP1064004T,16045755,Montgomery County Police,Property Damage Crash,09/07/2016 11:15:00 AM,,,,,"10 UNIVERSITY BLVD W.- PARKING LOT
SILVER SPRING, MD 20901",,,OTHER,CLEAR,,DAYLIGHT,N/A,N/A,,3259A958-2A00-4519-BA9E-B65F49C8DEE5,No,NO APPARENT INJURY,N/A,UNKNOWN,MD,EC3274EB-2BE4-4184-8B5E-B3FE29CDD012,SUPERFICIAL,PICKUP TRUCK,OTHER,39.020405,-77.012885,"(39.020405, -77.012885)"
MCP1069000B,15037251,MONTGOMERY,Injury Crash,07/28/2015 10:08:00 AM,Maryland (State),RIDGE RD,County,PREAKNESS DR,,N/A,,SAME DIR REND LEFT TURN,CLEAR,DRY,DAYLIGHT,NO CONTROLS,NONE DETECTED,,3D791FBA-7E5C-42EB-AD5B-6604ADCBFC92,Yes,NO APPARENT INJURY,N/A,NOT DISTRACTED,MD,B62D10BB-FD60-4912-A227-768A5D67C5B2,DISABLING,PASSENGER CAR,MOVING CONSTANT SPEED,39.26047167,-77.223135,"(39.26047167, -77.223135)"
MCP2789003G,170507781,Montgomery County Police,Injury Crash,05/14/2017 09:43:00 PM,Maryland (State),GEORGIA AVE,Ramp,RAMP 6 FR IS 495 EB TO MD 97 SB,,N/A,,SAME DIR REAR END,CLEAR,DRY,DARK LIGHTS ON,TRAFFIC SIGNAL,N/A,,96C82127-82F5-4600-A3BD-01BCD962AD77,Yes,POSSIBLE INJURY,N/A,LOOKED BUT DID NOT SEE,MD,B011F825-9881-4DB2-AF2E-8E5A2997819F,DISABLING,PASSENGER CAR,MOVING CONSTANT SPEED,38.99771167,-77.109725,"(38.99771167, -77.109725)"
MCP1021000C,17006683,Montgomery County Police,Injury Crash,02/07/2017 03:00:00 PM,Maryland (State),RIDGE RD,County,BLOOM DR,,N/A,,SAME DIR REAR END,CLEAR,DRY,N/A,N/A,NONE DETECTED,,C1ADE1F0-7B14-40DF-83B4-9CE7210F0645,No,POSSIBLE INJURY,N/A,NOT DISTRACTED,MD,37FC8D99-9271-47C0-81E6-A5AC41D016C5,SUPERFICIAL,PASSENGER CAR,STOPPED IN TRAFFIC LANE,39.26606633,-77.2181105,"(39.26606633, -77.2181105)"
MCP27860019,16041668,Montgomery County Police,Property Damage Crash,08/16/2016 10:29:00 PM,County,BALLARD ST,County,SECOND AVE,,N/A,,SAME DIR REAR END,CLEAR,DRY,DARK LIGHTS ON,NO CONTROLS,UNKNOWN,,4DE0B0E0-8A7C-4792-973B-16934A4AD466,Yes,NO APPARENT INJURY,N/A,UNKNOWN,,5BBB7243-4F3E-44FF-B207-2AD0714AE338,SUPERFICIAL,PASSENGER CAR,MOVING CONSTANT SPEED,38.998865,-77.03624167,"(38.998865, -77.03624167)"
MCP29300013,16066257,Montgomery County Police,Property Damage Crash,12/25/2016 01:20:00 AM,Other Public Roadway,TOTHILL DR,Unknown,DUNSFORD DR,,N/A,,OPPOSITE DIRECTION SIDESWIPE,CLEAR,WET,DARK LIGHTS ON,NO CONTROLS,NONE DETECTED,,6ED205AC-4AE8-43AA-AF79-7A9D754429DD,Yes,NO APPARENT INJURY,N/A,NOT DISTRACTED,MD,AFA36FEE-9720-456F-8F01-3FC113A59522,NO DAMAGE,POLICE VEHICLE/EMERGENCY,MOVING CONSTANT SPEED,39.16055672,-77.09643558,"(39.16055672, -77.09643558)"
DD5583002P,170519770,Rockville Police Departme,Injury Crash,07/18/2017 02:55:00 PM,Maryland (State),FREDERICK RD,County,E GUDE DR,,N/A,,SAME DIR REAR END,CLEAR,DRY,DAYLIGHT,TRAFFIC SIGNAL,NONE DETECTED,,DD445D6A-2FF8-4651-9763-AEB2715F6A4D,Yes,POSSIBLE INJURY,N/A,NOT DISTRACTED,MD,94D1113B-BFF4-47F0-B743-99A4DD56E582,FUNCTIONAL,PASSENGER CAR,SLOWING OR STOPPING,39.10606117,-77.1580725,"(39.10606117, -77.1580725)"
MCP26080010,15039489,MONTGOMERY,Injury Crash,08/08/2015 05:38:00 PM,County,WAYNE AVE,Government,SLIGO CREEK PKWY,,N/A,BICYCLIST,OTHER,CLEAR,DRY,DAYLIGHT,OTHER,NONE DETECTED,NONE DETECTED,B208D8DA-7AD8-400B-9AC7-92593F7CA2A9,Yes,NO APPARENT INJURY,N/A,NOT DISTRACTED,MD,920EFB9C-291D-4510-997F-6CA74E20207B,SUPERFICIAL,PASSENGER CAR,SLOWING OR STOPPING,38.99973,-77.01094,"(38.99973, -77.01094)"
DD56150010,15064074,ROCKVILLE,Injury Crash,12/15/2015 03:16:00 PM,Municipality,PICCARD DR,Municipality,W GUDE DR,,ROCKVILLE,,SAME DIR REAR END,CLEAR,DRY,DAYLIGHT,NO CONTROLS,N/A,,302727F7-15AF-42AB-9F18-FD1749A0D119,Yes,NO APPARENT INJURY,N/A,ADJUSTING AUDIO AND OR CLIMATE CONTROLS,MD,3993F768-CDD2-4335-ACD3-533050FCB9F0,FUNCTIONAL,PASSENGER CAR,SLOWING OR STOPPING,39.10502997,-77.17910528,"(39.10502997, -77.17910528)"
DD5605002Q,16053817,Rockville Police Departme,Injury Crash,10/19/2016 03:56:00 PM,Municipality,MARYLAND AVE,Municipality,S WASHINGTON ST,,ROCKVILLE,,SAME DIR REAR END,CLEAR,DRY,DAYLIGHT,OTHER,NONE DETECTED,,FEFFA0F8-9719-4497-9785-26E941630875,No,SUSPECTED MINOR INJURY,N/A,NOT DISTRACTED,MD,A619B27B-136F-42FB-929A-329CB58D3751,FUNCTIONAL,MOTORCYCLE,STOPPED IN TRAFFIC LANE,39.08070333,-77.152765,"(39.08070333, -77.152765)"