Report Number,Local Case Number,Agency Name,ACRS Report Type,Crash Date/Time,Route Type,Road Name,Cross-Street Type,Cross-Street Name,Off-Road Description,Municipality,Related Non-Motorist,Collision Type,Weather,Surface Condition,Light,Traffic Control,Driver Substance Abuse,Non-Motorist Substance Abuse,Person ID,Driver At Fault,Injury Severity,Circumstance,Driver Distracted By,Drivers License State,Vehicle ID,Vehicle Damage Extent,Vehicle Body Type,Vehicle Movement,Latitude,Longitude,Location
DD56010026,16054213,Rockville Police Departme,Injury Crash,10/21/2016 12:24:00 PM,,,,,PARKING LOT OF 625 HUNGERFORD DRIVE,,,STRAIGHT MOVEMENT ANGLE,CLEAR,,DAYLIGHT,NO CONTROLS,N/A,,116331EC-90CF-4116-83BD-7F27BA52FEEA,No,POSSIBLE INJURY,N/A,NOT DISTRACTED,MD,D605C3D6-DC1B-4EFE-B191-0E1E26E54389,DISABLING,PASSENGER CAR,STOPPED IN TRAFFIC LANE,39.09292583,-77.15331,"(39.09292583, -77.15331)"
DD55830023,16065905,Rockville Police Departme,Property Damage Crash,12/23/2016 08:23:00 AM,Municipality,ARGYLE ST,Municipality,W LYNFIELD DR,,ROCKVILLE,,N/A,CLEAR,DRY,DARK -- UNKNOWN LIGHTING,N/A,UNKNOWN,,0BC08B3D-E4E7-45DC-9288-DB597CCF7FFB,Yes,NO APPARENT INJURY,N/A,NOT DISTRACTED,MD,A2551334-795C-4CD9-BC8F-B6CE3A67D1BA,SUPERFICIAL,PASSENGER CAR,PARKING,39.07709661,-77.15002477,"(39.07709661, -77.15002477)"
MCP2055000K,15034740,MONTGOMERY,Property Damage Crash,07/15/2015 10:46:00 AM,,,,,"Parking lot of 9871 Washingtonian Blvd, Kohls",,,SINGLE VEHICLE,CLOUDY,,DAYLIGHT,NO CONTROLS,NONE DETECTED,,42F51A3F-10D8-433D-8DB7-0E9224D61029,Yes,NO APPARENT INJURY,"N/A, V EXHAUST SYSTEM|R OTHER ROAD",LOOKED BUT DID NOT SEE,MD,7FCC9987-0609-4157-BF41-7D143C07F724,DISABLING,PASSENGER CAR,ACCELERATING,39.11772833,-77.20473333,"(39.11772833, -77.20473333)"
MCP1334003X,16028266,Montgomery County Police,Property Damage Crash,06/06/2016 06:14:00 AM,Maryland (State),MONTGOMERY VILLAGE AVE,Municipality,RUSSELL AVE,,GAITHERSBURG,,SAME DIR REAR END,CLEAR,DRY,DAYLIGHT,TRAFFIC SIGNAL,NONE DETECTED,,19CEFD1B-EB19-4897-AFE9-AD450C7E24F4,No,NO APPARENT INJURY,N/A,NOT DISTRACTED,MD,2FE8BCB5-B8F2-444F-A0F8-AE16170878C5,FUNCTIONAL,PASSENGER CAR,STOPPED IN TRAFFIC LANE,39.15493187,-77.20880806,"(39.15493187, -77.20880806)"
MCP2942001C,15064532,MONTGOMERY,Property Damage Crash,12/17/2015 04:56:00 PM,County,FALLS RD,County,OAKLYN DR,,N/A,,SAME DIR REAR END,RAINING,WET,DARK LIGHTS ON,TRAFFIC SIGNAL,NONE DETECTED,,3354A4E4-F4AB-4F8C-8998-89C7DC09CFEC,No,NO APPARENT INJURY,"RAIN, SNOW, WET",NOT DISTRACTED,MD,0258AADA-2F8B-4674-8826-0CC634AFC5EB,DISABLING,PASSENGER CAR,STOPPED IN TRAFFIC LANE,39.00921667,-77.22031833,"(39.00921667, -77.22031833)"
MCP12210035,170500157,Montgomery County Police,Property Damage Crash,04/03/2017 10:53:00 AM,,,,,PARKING LOT OF 19290 MONTGOMERY VILLAGE AVE,,,SINGLE VEHICLE,CLEAR,,DAYLIGHT,NO CONTROLS,NONE DETECTED,,60F3D529-9684-49EA-AF83-47EC74D49B8A,Yes,NO APPARENT INJURY,N/A,NOT DISTRACTED,MD,9F4407A8-1D3E-49F1-B044-801A42632915,SUPERFICIAL,POLICE VEHICLE/NON EMERGENCY,BACKING,39.17109,-77.20461333,"(39.17109, -77.20461333)"
MCP2969002L,16050601,Montgomery County Police,Injury Crash,10/02/2016 01:05:00 PM,County,FAIRLAND RD,County,BONNETT ST,,N/A,,HEAD ON,CLEAR,WET,DAYLIGHT,NO CONTROLS,NONE DETECTED,,9C30C9CB-C403-483D-9AF6-4C28262735C3,Yes,NO APPARENT INJURY,N/A,UNKNOWN,MD,FCA4DE22-0E21-4EA3-B8F5-0C26BE7CB881,DISABLING,PASSENGER CAR,LEAVING TRAFFIC LANE,39.07782333,-76.98752333,"(39.07782333, -76.98752333)"
MCP2723000N,15031210,MONTGOMERY,Property Damage Crash,06/25/2015 06:05:00 PM,,,,,"Parking lot of Rio Target. 25 Grand Corner Avenue, Gaithersburg, MD 20878",,,N/A,UNKNOWN,,DAYLIGHT,NO CONTROLS,N/A,,359FC772-671D-474D-8235-4B244ABA750B,Yes,NO APPARENT INJURY,N/A,UNKNOWN,MD,A4A43DE9-9C5D-4359-BAB1-F55FA90925E4,SUPERFICIAL,PASSENGER CAR,BACKING,39.11899042,-77.20180213,"(39.11899042, -77.20180213)"
MCP2311001S,16012655,MONTGOMERY,Injury Crash,03/14/2016 08:24:00 PM,Maryland (State),W DIAMOND AVE,Ramp,RAMP 6 FR MD 117 EB TO IS 270 SB,,N/A,,STRAIGHT MOVEMENT ANGLE,RAINING,WET,DARK LIGHTS ON,N/A,N/A,,47245DE5-9553-438E-A7BC-91D54EC7B1AE,Yes,NO APPARENT INJURY,"N/A, WET",NOT DISTRACTED,MD,DE482595-F3E9-4621-B354-84981526C2F4,DISABLING,PASSENGER CAR,MAKING LEFT TURN,39.14056667,-77.214225,"(39.14056667, -77.214225)"
MCP28690014,15057979,MONTGOMERY,Injury Crash,11/13/2015 03:24:00 PM,County,BEL PRE RD,Other Public Roadway,PARKER FARM WAY,,N/A,,SAME DIR REAR END,CLEAR,DRY,DAYLIGHT,NO CONTROLS,NONE DETECTED,,E1E616C4-6134-475E-AA27-2AB497E73F4B,No,POSSIBLE INJURY,N/A,NOT DISTRACTED,MD,96FC8365-424A-46F3-ACE4-AFC644F16C60,FUNCTIONAL,PASSENGER CAR,SLOWING OR STOPPING,39.09053382,-77.04798818,"(39.09053382, -77.04798818)"
DD55740001,15007884,Rockville Police Departme,Property Damage Crash,02/17/2015 06:15:00 PM,Municipality,LINCOLN AVE,Municipality,N STONESTREET AVE,,ROCKVILLE,,OTHER,N/A,WET,DARK LIGHTS ON,N/A,N/A,,81BD46AF-243E-42BD-AF2D-41971916E641,Yes,NO APPARENT INJURY,"N/A, WET",NOT DISTRACTED,MD,FC5B1018-C724-4E13-909F-A6E9A5E5B25F,SUPERFICIAL,(SPORT) UTILITY VEHICLE,MOVING CONSTANT SPEED,39.09207433,-77.14832425,"(39.09207433, -77.14832425)"
MCP2617003P,170513195,Montgomery County Police,Injury Crash,06/12/2017 11:42:00 AM,Maryland (State),CONNECTICUT AVE,County,JONES BRIDGE RD,,N/A,,SAME DIR REAR END,CLEAR,DRY,DAYLIGHT,NO CONTROLS,NONE DETECTED,,E706E5DC-71B8-4C64-8892-6499B38F44DD,No,NO APPARENT INJURY,N/A,NOT DISTRACTED,MD,E3804CA9-BF7B-401E-880C-772529AECF87,SUPERFICIAL,PASSENGER CAR,SLOWING OR STOPPING,38.99852833,-77.07689333,"(38.99852833, -77.07689333)"
MCP2740001J,15067148,Montgomery County Police,Injury Crash,12/31/2015 04:10:00 PM,Maryland (State),NEW HAMPSHIRE AVE,County,CHALMERS RD,,N/A,,SAME DIR REAR END,CLEAR,N/A,DAYLIGHT,N/A,NONE DETECTED,,97EB99B5-C9E0-4D53-9E24-B24E8661B147,No,NO APPARENT INJURY,N/A,NOT DISTRACTED,MD,BF24DBAC-7E27-4AB8-AB5D-A87430EDE2DB,FUNCTIONAL,PASSENGER CAR,STOPPED IN TRAFFIC LANE,39.02723543,-76.98197365,"(39.02723543, -76.98197365)"
DD5567000H,170527226,Rockville Police Departme,Injury Crash,08/27/2017 10:00:00 PM,Maryland (State),W MONTGOMERY AVE,Ramp,RAMP 5 FR IS 270 SB TO MD 28 EB,,N/A,,SAME DIR REAR END,CLEAR,DRY,DARK LIGHTS ON,TRAFFIC SIGNAL,NONE DETECTED,,A0221793-08A1-4CED-9AA6-DDCF2AB21326,No,NO APPARENT INJURY,N/A,NOT DISTRACTED,DC,E27BC0DF-4D02-436D-A417-D1115150AE38,FUNCTIONAL,PASSENGER CAR,STOPPED IN TRAFFIC LANE,39.08733167,-77.176225,"(39.08733167, -77.176225)"
MCP2967000Q,15046717,MONTGOMERY,Property Damage Crash,09/15/2015 03:46:00 PM,County,NEVIS RD,County,RIVER RD,,N/A,,SAME DIR REAR END,CLEAR,DRY,DAYLIGHT,TRAFFIC SIGNAL,NONE DETECTED,,767D99AE-8DBE-41F1-9A28-CB369A897DF7,Yes,NO APPARENT INJURY,N/A,LOOKED BUT DID NOT SEE,MD,0F381E2E-0B21-47A2-BE3D-7A0A7E6ABDCC,SUPERFICIAL,"MEDIUM/HEAVY TRUCKS 3 AXLES (OVER 10,000LBS (4,536KG))",SLOWING OR STOPPING,38.98621833,-77.14338333,"(38.98621833, -77.14338333)"
MCP2806000S,15049077,MONTGOMERY,Property Damage Crash,09/27/2015 10:30:00 PM,County,MERRIMAC DR,Maryland (State),UNIVERSITY BLVD E,,N/A,,OTHER,CLEAR,DRY,DARK LIGHTS ON,NO CONTROLS,N/A,,675ECA97-BCFA-45F4-9E14-D9471E271CE5,No,NO APPARENT INJURY,N/A,NOT DISTRACTED,MD,D4A90C9D-1E28-40A9-B182-54E7018EAEF6,SUPERFICIAL,PASSENGER CAR,PARKED,38.99303333,-76.99056833,"(38.99303333, -76.99056833)"
EJ7853001X,16048626,Gaithersburg Police Depar,Injury Crash,09/21/2016 08:32:00 PM,,,,,"THE LOWER LEVEL PARKING LOT OF SEARS (701 RUSSELL AVE. GAITHERSBURG, MARYLAND 20877)",,BICYCLIST,HEAD ON LEFT TURN,CLEAR,,DARK NO LIGHTS,NO CONTROLS,N/A,N/A,48EA07B8-A4C4-4E3F-A885-65A160050154,Yes,NO APPARENT INJURY,N/A,UNKNOWN,,ACC996D3-FC47-4C1C-88A3-62877F02C2D0,UNKNOWN,,MAKING LEFT TURN,39.14032333,-77.195595,"(39.14032333, -77.195595)"
MCP2588001M,16028508,Montgomery County Police,Injury Crash,06/07/2016 08:18:00 AM,Maryland (State),CONNECTICUT AVE,Unknown,CROSSOVER,,N/A,,HEAD ON LEFT TURN,CLEAR,DRY,DAYLIGHT,NO CONTROLS,NONE DETECTED,,DD68456B-ABCE-4789-A020-BF60AB263247,No,SUSPECTED MINOR INJURY,N/A,NOT DISTRACTED,MD,DC48C85A-9999-4D5A-B4C0-2748DE68ED9B,SUPERFICIAL,PASSENGER CAR,MAKING LEFT TURN,39.08217833,-77.07970833,"(39.08217833, -77.07970833)"
MCP2611001G,16042181,Montgomery County Police,Injury Crash,08/19/2016 08:00:00 PM,County,E RANDOLPH RD,County,WITHAN DR,,N/A,,STRAIGHT MOVEMENT ANGLE,N/A,DRY,DUSK,NO CONTROLS,NONE DETECTED,,1CC47438-375D-49D8-B0C1-85EB342CCE85,Yes,POSSIBLE INJURY,N/A,LOOKED BUT DID NOT SEE,MD,8C3B0B84-6A80-42CE-B2AF-524D5A2EDDC6,DISABLING,PASSENGER CAR,MAKING LEFT TURN,39.06935563,-76.98720396,"(39.06935563, -76.98720396)"
MCP2314000L,16052355,Montgomery County Police,Injury Crash,10/11/2016 06:51:00 PM,Maryland (State),DARNESTOWN RD,Municipality,ALDERWOOD DR,,GAITHERSBURG,,SAME DIR REAR END,CLOUDY,DRY,DUSK,NO CONTROLS,NONE DETECTED,,DB096CD6-9EA6-403A-9240-6333D6511132,Yes,NO APPARENT INJURY,N/A,OTHER DISTRACTION,MD,351AF84E-DFA1-4EEB-ACFF-B3A38561D320,FUNCTIONAL,PASSENGER CAR,MOVING CONSTANT SPEED,39.104485,-77.22965667,"(39.104485, -77.22965667)"
MCP30260019,170522077,Montgomery County Police,Injury Crash,07/31/2017 10:03:00 AM,Interstate (State),CAPITAL BELTWAY,Maryland (State),GEORGIA AVE,,N/A,,SAME DIR REND LEFT TURN,CLEAR,DRY,DAYLIGHT,NO CONTROLS,NONE DETECTED,,B3FDE6C9-3662-4E8B-AEDD-3BD70665147C,No,SUSPECTED SERIOUS INJURY,N/A,NOT DISTRACTED,MD,D09B1CC1-BB37-45D4-B875-EAC0A100424A,DESTROYED,PASSENGER CAR,SLOWING OR STOPPING,39.01320333,-77.04574667,"(39.01320333, -77.04574667)"
MCP1555000N,15044350,MONTGOMERY,Injury Crash,09/02/2015 02:16:00 PM,County,TECH RD,County,OLD COLUMBIA PIKE,,N/A,,STRAIGHT MOVEMENT ANGLE,CLEAR,DRY,DAYLIGHT,STOP SIGN,NONE DETECTED,,018D51D9-CA25-4A4F-B9FE-22DCCB8FB064,Yes,NO APPARENT INJURY,N/A,NOT DISTRACTED,MD,471E6FF2-5C42-4579-A90B-473A89DAE63E,FUNCTIONAL,"OTHER LIGHT TRUCKS (10,000LBS (4,536KG) OR LESS)",STARTING FROM LANE,39.05750044,-76.96814418,"(39.05750044, -76.96814418)"
MCP26860019,16028611,Montgomery County Police,Injury Crash,06/07/2016 04:33:00 PM,Maryland (State),WOODFIELD RD,County,EAST VILLAGE AVE,,N/A,,SAME DIR REAR END,CLEAR,DRY,DAYLIGHT,NO CONTROLS,N/A,,E739555B-0431-446B-962D-3116383E6F90,No,NO APPARENT INJURY,N/A,NOT DISTRACTED,MD,6E126CCF-3596-4CBF-891B-A3F8A62C02CD,DESTROYED,PICKUP TRUCK,SLOWING OR STOPPING,39.19317492,-77.15263188,"(39.19317492, -77.15263188)"
MCP1220002C,15033356,MONTGOMERY,Property Damage Crash,07/08/2015 08:20:00 AM,County,LOCKWOOD DR,Unknown,HEATHER HOLLOW CIR,,N/A,,SAME DIRECTION SIDESWIPE,CLOUDY,DRY,DAYLIGHT,NO CONTROLS,NONE DETECTED,,90B35D21-6947-4675-9023-87D07D8899D5,No,NO APPARENT INJURY,N/A,NOT DISTRACTED,MD,5812BDF9-233D-4D8B-A25F-80700912B43E,SUPERFICIAL,TRANSIT BUS,STOPPED IN TRAFFIC LANE,39.041445,-76.98374,"(39.041445, -76.98374)"
MCP08990019,16020802,Montgomery County Police,Injury Crash,04/25/2016 04:00:00 PM,County,SAM EIG HWY,County,WASHINGTONIAN BLVD,,N/A,,SAME DIR REAR END,CLEAR,DRY,DAYLIGHT,NO CONTROLS,NONE DETECTED,,97EE8B69-F6B2-4A95-91DC-2275BFA6E102,No,NO APPARENT INJURY,N/A,NOT DISTRACTED,MD,83B01BF8-1CBF-4719-84EC-CB0E5B403CAC,FUNCTIONAL,PASSENGER CAR,STOPPED IN TRAFFIC LANE,39.11608534,-77.20836282,"(39.11608534, -77.20836282)"
MCP2339001Z,16059662,Montgomery County Police,Property Damage Crash,11/19/2016 06:40:00 PM,Maryland (State),NEW HAMPSHIRE AVE,County,WOLF DR,,N/A,,SAME DIRECTION RIGHT TURN,CLEAR,WET,DARK LIGHTS ON,TRAFFIC SIGNAL,NONE DETECTED,,F26F9A7E-74D0-4057-805F-930C8EE7572D,Yes,NO APPARENT INJURY,"N/A, WET",NOT DISTRACTED,MD,BF71987F-90C3-4CE9-8C83-5ABCA08CE4EC,FUNCTIONAL,PASSENGER CAR,MAKING RIGHT TURN,39.07364,-77.00272833,"(39.07364, -77.00272833)"
MCP2905001D,15053241,MONTGOMERY,Property Damage Crash,10/20/2015 03:42:00 PM,County,SINGLETON DR,County,BEECH AVE,,N/A,,STRAIGHT MOVEMENT ANGLE,CLEAR,DRY,DAYLIGHT,STOP SIGN,UNKNOWN,,11E16EA8-9CA2-4DBF-8C81-0D95A645283E,Yes,NO APPARENT INJURY,N/A,UNKNOWN,,1EACC2EB-F42A-4A7C-84C0-A817B530A2D0,UNKNOWN,PASSENGER CAR,MOVING CONSTANT SPEED,39.00939333,-77.11551667,"(39.00939333, -77.11551667)"
MCP2094006C,16022945,Montgomery County Police,Injury Crash,05/09/2016 08:46:00 AM,Maryland (State),ROCKVILLE PIKE,County,NICHOLSON LA,,N/A,,SAME DIRECTION RIGHT TURN,CLEAR,DRY,DAYLIGHT,N/A,NONE DETECTED,,035323A8-A305-4FCA-A768-4F657250A74A,Yes,NO APPARENT INJURY,N/A,NOT DISTRACTED,MD,0F68DD3E-7572-4796-9C2D-3B252676BD83,FUNCTIONAL,PASSENGER CAR,CHANGING LANES,39.04452333,-77.11175833,"(39.04452333, -77.11175833)"
MCP2689001Q,16013566,MONTGOMERY,Injury Crash,03/19/2016 01:23:00 PM,Maryland (State),ROCKVILLE PIKE,Municipality,ROLLINS AVE,,ROCKVILLE,,SAME DIR REAR END,RAINING,WET,DAYLIGHT,TRAFFIC SIGNAL,NONE DETECTED,,9A9CBC1C-2897-4CC5-B813-F18187EF724C,Yes,NO APPARENT INJURY,"RAIN, SNOW, WET",UNKNOWN,MD,1C2ED06D-CF17-43D7-8B85-F8164F1A1B16,SUPERFICIAL,PASSENGER CAR,SLOWING OR STOPPING,39.05974667,-77.12224782,"(39.05974667, -77.12224782)"
MCP2046004D,15054703,MONTGOMERY,Injury Crash,10/28/2015 09:37:00 AM,County,DALE DR,County,WAYNE AVE,,N/A,,SAME DIR REAR END,RAINING,WET,DAYLIGHT,TRAFFIC SIGNAL,NONE DETECTED,,7D671D8F-361F-4FDA-8CAE-4A0640FF10C0,Yes,NO APPARENT INJURY,"RAIN, SNOW, WET",NOT DISTRACTED,MD,85CDD330-DAD5-49CA-B4CA-67D5B81A3589,SUPERFICIAL,(SPORT) UTILITY VEHICLE,SLOWING OR STOPPING,38.99925877,-77.01742172,"(38.99925877, -77.01742172)"
MCP2353003R,17014388,Montgomery County Police,Injury Crash,03/21/2017 08:51:00 AM,Maryland (State),WISCONSIN AVE,County,WILLOW LA,,N/A,,SAME DIR REAR END,CLOUDY,DRY,DAYLIGHT,TRAFFIC SIGNAL,NONE DETECTED,,00E16A2D-606B-467E-86C8-016A4098587B,No,NO APPARENT INJURY,N/A,NOT DISTRACTED,MD,DB66490C-8E05-4D20-9ECF-619BE17D3949,FUNCTIONAL,PASSENGER CAR,SLOWING OR STOPPING,38.981775,-77.09296167,"(38.981775, -77.09296167)"
MCP27170095,17003158,Montgomery County Police,Property Damage Crash,01/18/2017 06:00:00 PM,Maryland (State),OLD GEORGETOWN RD,County,WYNGATE DR,,N/A,,SAME DIR REAR END,CLEAR,DRY,DARK LIGHTS ON,NO CONTROLS,NONE DETECTED,,20384A2F-05DB-43B3-9B0E-9D86F554F1A2,No,NO APPARENT INJURY,N/A,NOT DISTRACTED,MD,55AA0ECF-2061-4856-AFCA-D91A64E5BD16,FUNCTIONAL,(SPORT) UTILITY VEHICLE,SLOWING OR STOPPING,39.011886,-77.116535,"(39.011886, -77.116535)"
DD5582000P,15037429,ROCKVILLE,Property Damage Crash,07/29/2015 01:50:00 AM,Municipality,EDMONSTON DR,Maryland (State),ROCKVILLE PIKE,,N/A,,SINGLE VEHICLE,CLEAR,DRY,DARK LIGHTS ON,N/A,NONE DETECTED,,EBE31F7D-E2D8-4897-B276-ED69B8F1DBB1,No,NO APPARENT INJURY,N/A,UNKNOWN,MD,A22BDEB5-7708-4EF7-BCF8-6A482ACAC289,DISABLING,PASSENGER CAR,MOVING CONSTANT SPEED,39.07456,-77.135455,"(39.07456, -77.135455)"
EJ78260026,170511082,Gaithersburg Police Depar,Injury Crash,06/01/2017 12:22:00 PM,County,MUDDY BRANCH RD,Municipality,SUFFIELD DR,,GAITHERSBURG,,STRAIGHT MOVEMENT ANGLE,CLEAR,DRY,DAYLIGHT,STOP SIGN,N/A,,519EBA3A-E189-4F68-9477-27EB5FC9107A,Yes,NO APPARENT INJURY,N/A,LOOKED BUT DID NOT SEE,MD,8809B1C8-B05B-43C1-B6C2-3139CD733C07,DISABLING,PASSENGER CAR,STARTING FROM LANE,39.11226,-77.21644667,"(39.11226, -77.21644667)"
MCP25560010,16063304,Montgomery County Police,Injury Crash,12/09/2016 08:32:00 PM,County,SHADY GROVE RD,Ramp,RAMP 11 FR SHADY GROVE RD SB TO RAMP 4,,N/A,,SAME DIR REAR END,CLEAR,DRY,DARK LIGHTS ON,TRAFFIC SIGNAL,NONE DETECTED,,F094AA6B-A3EB-4FC1-80B3-AE0E8E13890E,Yes,NO APPARENT INJURY,N/A,UNKNOWN,MD,A3F7366E-FF93-4D08-A0B9-9A22E15BAA67,SUPERFICIAL,PASSENGER CAR,SLOWING OR STOPPING,39.13062667,-77.16169333,"(39.13062667, -77.16169333)"
MCP2656001J,16054069,Montgomery County Police,Property Damage Crash,10/20/2016 05:21:00 PM,US (State),COLUMBIA PIKE,Ramp,RAMP 5 FR US 29 SB TO BRIGGS CHANEY RD,,N/A,,SINGLE VEHICLE,CLEAR,DRY,DAYLIGHT,N/A,NONE DETECTED,,D6E5DD59-7A44-4C97-A9E1-BE7E81D9E6B2,Yes,NO APPARENT INJURY,N/A,NOT DISTRACTED,MD,47785BAF-9A35-4055-9A61-D296B8B845A9,DISABLING,PASSENGER CAR,MOVING CONSTANT SPEED,39.08482167,-76.94873167,"(39.08482167, -76.94873167)"
MCP2902001R,17010193,Montgomery County Police,Injury Crash,02/25/2017 02:01:00 PM,Other Public Roadway,HENDERSON CORNER RD,Maryland (State),FREDERICK RD,,N/A,,OTHER,RAINING,WET,DAYLIGHT,TRAFFIC SIGNAL,N/A,,6894CB8A-13D8-45A9-B63A-79C15C69D359,Yes,SUSPECTED MINOR INJURY,"RAIN, SNOW, WET",LOOKED BUT DID NOT SEE,MD,2FEA5135-3718-4D35-90BF-F3FF8A423E19,DISABLING,(SPORT) UTILITY VEHICLE,MAKING LEFT TURN,39.20045833,-77.24541333,"(39.20045833, -77.24541333)"
MCP2298007T,16009451,Montgomery County Police,Property Damage Crash,02/25/2016 04:48:00 PM,County,CENTURY BLVD,Unknown,ENT TO BUSINESS,,N/A,,SINGLE VEHICLE,CLEAR,DRY,DAYLIGHT,NO CONTROLS,NONE DETECTED,,FE3BCE3F-13F2-4F10-8127-E894177776F3,Yes,NO APPARENT INJURY,N/A,NOT DISTRACTED,MD,E0388029-59EE-4238-9982-5EF8342B2C36,DISABLING,PASSENGER CAR,MAKING U TURN,39.18436833,-77.26016333,"(39.18436833, -77.26016333)"
MCP2827001J,15049805,MONTGOMERY,Property Damage Crash,10/01/2015 04:40:00 PM,Maryland (State),ASHTON RD,County,MINK HOLLOW RD,,N/A,,OTHER,RAINING,WET,DAYLIGHT,OTHER,NONE DETECTED,,50EA3385-D204-4F8C-9351-7628A295032B,No,NO APPARENT INJURY,"RAIN, SNOW, WET",LOOKED BUT DID NOT SEE,MD,01870E90-3A9C-4D44-9BC8-E36E4F1B9092,SUPERFICIAL,SCHOOL BUS,STOPPED IN TRAFFIC LANE,39.156735,-76.99669667,"(39.156735, -76.99669667)"
MCP2960000Q,15054264,MONTGOMERY,Injury Crash,10/26/2015 07:33:00 AM,County,BEL PRE RD,Other Public Roadway,ASTRODOME DR,,N/A,,SAME DIR REAR END,CLEAR,DRY,DAWN,NO CONTROLS,N/A,,4B7C5151-613A-46B3-91E6-FBA7B9FECBED,No,SUSPECTED MINOR INJURY,N/A,NOT DISTRACTED,MD,55021AFA-74A7-41FC-A20E-C7102462342A,DISABLING,PASSENGER CAR,SLOWING OR STOPPING,39.090395,-77.05054833,"(39.090395, -77.05054833)"
EJ7860000J,16024784,Gaithersburg Police Depar,Property Damage Crash,05/18/2016 10:30:00 PM,,,,,PARKING LOT OF 18749 N. FREDERICK AVENUE (AZUL BAR),,,OTHER,CLEAR,,DARK LIGHTS ON,NO CONTROLS,ALCOHOL PRESENT,,D73E1891-C2EE-4DAF-BFF0-98B9D0B485ED,Yes,NO APPARENT INJURY,N/A,UNKNOWN,MD,22FF88B4-AD77-40E6-BE9D-E960B82C4220,SUPERFICIAL,(SPORT) UTILITY VEHICLE,BACKING,39.16354315,-77.22584412,"(39.16354315, -77.22584412)"
MCP2531000P,17002809,Montgomery County Police,Property Damage Crash,01/16/2017 07:30:00 PM,,,,,PARKING LOT OF 9901 MEDICAL CENTER DR,,,SINGLE VEHICLE,N/A,,DARK LIGHTS ON,N/A,N/A,,508B7090-F659-41DC-8B0A-0F5DFBECDC95,Yes,NO APPARENT INJURY,N/A,NOT DISTRACTED,PA,D2F127E2-29F4-40F5-B46B-C9A0C68E2A65,SUPERFICIAL,AMBULANCE/NON EMERGENCY,BACKING,39.09862167,-77.19771667,"(39.09862167, -77.19771667)"
MCP1048001L,16020701,Montgomery County Police,Property Damage Crash,04/22/2016 07:00:00 PM,,,,,PARKING LOT OF 5451 RANDOLPH RD,,,OTHER,CLEAR,,DUSK,N/A,N/A,,9336E17F-1C63-4F2C-AA81-3BEA513DEBCF,Yes,NO APPARENT INJURY,N/A,UNKNOWN,MD,3CBE47D3-1452-49C8-A2B7-7A03F1C5481E,NO DAMAGE,OTHER,BACKING,39.05406333,-77.10822667,"(39.05406333, -77.10822667)"
MCP1220002F,15036528,MONTGOMERY,Injury Crash,07/24/2015 11:46:00 AM,County,HASTINGS DR,US (State),COLESVILLE RD,,N/A,BICYCLIST,OTHER,CLEAR,DRY,DAYLIGHT,YIELD SIGN,NONE DETECTED,NONE DETECTED,47D950C2-BA3D-424E-BDC2-F80A96C8DFAA,No,NO APPARENT INJURY,N/A,NOT DISTRACTED,MD,45B33ADE-9511-40D8-A37D-EB12DCD56FB7,NO DAMAGE,(SPORT) UTILITY VEHICLE,MAKING RIGHT TURN,39.01347357,-77.01646686,"(39.01347357, -77.01646686)"
MCP2699000R,17002134,Montgomery County Police,Property Damage Crash,01/12/2017 11:23:00 PM,,,,,"PARKING LOT OF FIRE STATION 11 LOCATED AT 5920 MMASSACHUSETTS AVE BETHESDA, MD 20816",,,OTHER,UNKNOWN,,UNKNOWN,N/A,N/A,,BB055051-AA56-49BE-8662-F52C9D5FA82F,Unknown,NO APPARENT INJURY,"N/A, V EXHAUST SYSTEM|R OTHER ROAD",NOT DISTRACTED,MD,155A014F-7C08-4813-A57C-43D55790498C,NO DAMAGE,TRUCK TRACTOR,MOVING CONSTANT SPEED,38.962,-77.12,"(38.962, -77.12)"
MCP3019000W,170507579,Montgomery County Police,Injury Crash,05/13/2017 02:50:00 PM,Maryland (State),RIVER RD,County,NEWBRIDGE DR,,N/A,,SAME DIR REAR END,CLOUDY,DRY,DAYLIGHT,NO CONTROLS,NONE DETECTED,,3DC431F0-B831-40BB-96DF-549A6974C22D,No,POSSIBLE INJURY,N/A,UNKNOWN,MD,7E92DB65-CC7B-461E-A3A7-1063CD07B10F,FUNCTIONAL,PASSENGER CAR,STOPPED IN TRAFFIC LANE,39.012445,-77.200095,"(39.012445, -77.200095)"
DD5522002L,16011989,Rockville Police Departme,Property Damage Crash,03/10/2016 08:20:00 PM,Maryland (State),HUNGERFORD DR,Municipality,PARK RD,,ROCKVILLE,,STRAIGHT MOVEMENT ANGLE,CLEAR,DRY,DARK LIGHTS ON,TRAFFIC SIGNAL,NONE DETECTED,,31AF9248-C486-44CB-85B4-F25B421FFA68,Yes,NO APPARENT INJURY,N/A,LOOKED BUT DID NOT SEE,MD,FD5C29E6-BFB7-4C12-84F5-C6CE3FFB2346,DISABLING,PASSENGER CAR,MOVING CONSTANT SPEED,39.08503667,-77.14806333,"(39.08503667, -77.14806333)"