Report Number,Local Case Number,Agency Name,ACRS Report Type,Crash Date/Time,Route Type,Road Name,Cross-Street Type,Cross-Street Name,Off-Road Description,Municipality,Related Non-Motorist,Collision Type,Weather,Surface Condition,Light,Traffic Control,Driver Substance Abuse,Non-Motorist Substance Abuse,Person ID,Driver At Fault,Injury Severity,Circumstance,Driver Distracted By,Drivers License State,Vehicle ID,Vehicle Damage Extent,Vehicle Body Type,Vehicle Movement,Latitude,Longitude,Location
MCP26230021,15035175,MONTGOMERY,Property Damage Crash,07/17/2015 01:05:00 PM,Maryland (State),PINEY BRANCH RD,County,MISSISSIPPI AVE,,N/A,,STRAIGHT MOVEMENT ANGLE,CLEAR,DRY,DAYLIGHT,STOP SIGN,NONE DETECTED,,A306E568-E6D9-4C70-8860-B906579998A9,No,NO APPARENT INJURY,N/A,NOT DISTRACTED,MD,68F395D9-AF4A-402E-B7F3-0F0C36CA8584,FUNCTIONAL,PASSENGER CAR,MOVING CONSTANT SPEED,38.98914833,-77.01162333,"(38.98914833, -77.01162333)"
MCP2765001L,15045568,MONTGOMERY,Property Damage Crash,09/09/2015 03:50:00 PM,Municipality,WOOTTON PKWY,Unknown,SPUR FR SEVEN LOCKS RD,,N/A,,SAME DIR REAR END,CLOUDY,DRY,DAYLIGHT,YIELD SIGN,NONE DETECTED,,3C54589A-3874-4AA8-916B-1FCFA93E348F,No,NO APPARENT INJURY,N/A,NOT DISTRACTED,MD,3EC90049-5EE2-49D0-A92E-C4B57C740961,SUPERFICIAL,PASSENGER CAR,ENTERING TRAFFIC LANE,39.06705667,-77.16129167,"(39.06705667, -77.16129167)"
MCP28320031,170526039,Montgomery County Police,Property Damage Crash,08/21/2017 02:02:00 PM,County,TUCKERMAN LA,County,RALSTON RD,,N/A,,SAME DIR REAR END,CLEAR,DRY,DAYLIGHT,NO CONTROLS,NONE DETECTED,,B568C249-E790-44FC-9AB7-4CE49EF87972,Yes,NO APPARENT INJURY,N/A,NOT DISTRACTED,MD,ABB4BC35-CA54-435B-BEFF-218BADC64F25,NO DAMAGE,"OTHER LIGHT TRUCKS (10,000LBS (4,536KG) OR LESS)",MOVING CONSTANT SPEED,39.03582167,-77.13021,"(39.03582167, -77.13021)"
MCP28590046,170520058,Montgomery County Police,Injury Crash,07/19/2017 10:00:00 AM,Maryland (State),W DIAMOND AVE,Ramp,RAMP 6 FR MD 117 EB TO IS 270 SB,,N/A,,HEAD ON LEFT TURN,CLEAR,DRY,DARK LIGHTS ON,NO CONTROLS,NONE DETECTED,,DAB82DDA-95D3-4575-A86F-C199BE0E1924,No,POSSIBLE INJURY,N/A,NOT DISTRACTED,MD,FD9BCA9B-8BD2-4814-A474-C1E5CAB4C7DE,DISABLING,PASSENGER CAR,MOVING CONSTANT SPEED,39.14063967,-77.21434517,"(39.14063967, -77.21434517)"
MCP2680001T,15054872,MONTGOMERY,Property Damage Crash,10/28/2015 07:55:00 PM,US (State),GEORGIA AVE,County,SILVER SPRING AVE,,N/A,,SAME DIR REAR END,RAINING,WET,DARK LIGHTS ON,TRAFFIC SIGNAL,NONE DETECTED,,3AEB6D34-00F3-4ED4-AC94-AA28F5F037E5,No,NO APPARENT INJURY,"RAIN, SNOW, WET",NOT DISTRACTED,VA,F2A4CCB5-BD40-4952-9AF1-2E2EF91609F4,FUNCTIONAL,PASSENGER CAR,MAKING LEFT TURN,38.99140398,-77.02669144,"(38.99140398, -77.02669144)"
MCP2872000W,15007069,Montgomery County Police,Injury Crash,02/12/2015 07:55:00 AM,Maryland (State),FREDERICK RD,Municipality,PERRY PKWY,,GAITHERSBURG,,SAME DIR REAR END,CLEAR,DRY,DAYLIGHT,N/A,NONE DETECTED,,B5758745-3920-4D1D-9AA4-9A73F4D5D6A6,Yes,NO APPARENT INJURY,N/A,NOT DISTRACTED,MD,E10CF36B-689D-4D9D-88C3-7829CADE5DA0,FUNCTIONAL,VAN,SLOWING OR STOPPING,39.15136667,-77.21067333,"(39.15136667, -77.21067333)"
MCP2784001Q,15034999,MONTGOMERY,Property Damage Crash,07/16/2015 04:13:00 PM,County,OLD COLUMBIA PIKE,County,BRIGGS CHANEY RD,,N/A,,ANGLE MEETS LEFT TURN,CLEAR,DRY,DAYLIGHT,TRAFFIC SIGNAL,NONE DETECTED,,C35B569C-34FF-493C-8D93-3D190D2E09BF,Yes,NO APPARENT INJURY,N/A,UNKNOWN,MD,61F0FDEC-D0EB-4E09-882F-8DFDE8EAB701,FUNCTIONAL,PASSENGER CAR,MAKING LEFT TURN,39.08425692,-76.95109069,"(39.08425692, -76.95109069)"
MCP24730006,16004535,Montgomery County Police,Property Damage Crash,01/27/2016 05:50:00 PM,County,CRABBS BRANCH WAY,Other Public Roadway,CRABBS BRANCH WAY (BACK),,N/A,,SINGLE VEHICLE,CLOUDY,WET,DARK LIGHTS ON,N/A,NONE DETECTED,,047DFBFF-25D6-4CF2-811E-FFE3CCF66F85,Yes,NO APPARENT INJURY,"ICY OR SNOW-COVERED, N/A, WET",NOT DISTRACTED,MD,19EE5A98-7AE7-4759-86CB-27405008E601,SUPERFICIAL,PASSENGER CAR,SLOWING OR STOPPING,39.13224695,-77.17090845,"(39.13224695, -77.17090845)"
MCP14830009,170518007,Montgomery County Police,Injury Crash,07/08/2017 04:06:00 PM,Maryland (State),FREDERICK RD,Unknown,ENT TO MONT CO WASTE TRANSFER STATION,,N/A,,STRAIGHT MOVEMENT ANGLE,CLEAR,DRY,DAYLIGHT,TRAFFIC SIGNAL,NONE DETECTED,,D4987218-BA8E-4C4E-925F-FFB1B6EF3557,Yes,NO APPARENT INJURY,N/A,NOT DISTRACTED,MD,D54678A3-E329-4E2E-BC65-E93E63CC7540,FUNCTIONAL,PASSENGER CAR,MAKING LEFT TURN,39.11916167,-77.17194333,"(39.11916167, -77.17194333)"
MCP1512000S,16056735,Montgomery County Police,Injury Crash,11/03/2016 04:45:00 PM,Maryland (State),GREAT SENECA HWY,Municipality,LAKELANDS DR,,GAITHERSBURG,,SAME DIR REAR END,CLEAR,DRY,DAYLIGHT,TRAFFIC SIGNAL,NONE DETECTED,,EBF7CAB9-4B57-43EA-83DF-356A1D2D37EC,No,POSSIBLE INJURY,N/A,NOT DISTRACTED,MD,D028C4CE-C3BD-47DC-B5EF-241850C8B0DA,SUPERFICIAL,PASSENGER CAR,STOPPED IN TRAFFIC LANE,39.120255,-77.22445667,"(39.120255, -77.22445667)"
MCP2879001C,17016399,Montgomery County Police,Property Damage Crash,03/31/2017 04:41:00 PM,County,REDLAND RD,County,YELLOWSTONE WAY,,N/A,,SAME DIR REAR END,RAINING,WET,DAYLIGHT,TRAFFIC SIGNAL,NONE DETECTED,,DA962296-BD09-48C2-ACA0-A3EEE22FD00D,No,NO APPARENT INJURY,"RAIN, SNOW, WET",NOT DISTRACTED,MD,C80191D6-8190-4703-B3A0-716BA55668F9,SUPERFICIAL,PASSENGER CAR,SLOWING OR STOPPING,39.119485,-77.16045833,"(39.119485, -77.16045833)"
MCP2043000P,16051517,Montgomery County Police,Injury Crash,10/07/2016 12:31:00 AM,County,SNOUFFERS SCHOOL RD,County,MALLORY PL,,N/A,,SAME DIR REND LEFT TURN,CLEAR,DRY,DARK LIGHTS ON,NO CONTROLS,NONE DETECTED,,C9DBC790-70B9-4BC0-8F99-62733F5FE491,Yes,NO APPARENT INJURY,N/A,NOT DISTRACTED,MD,2BF947F6-EB94-4069-AAD5-8A25EB4C526F,DISABLING,PASSENGER CAR,MOVING CONSTANT SPEED,39.165045,-77.16825167,"(39.165045, -77.16825167)"
MCP2676002C,16066216,Montgomery County Police,Property Damage Crash,12/24/2016 05:03:00 PM,County,EMORY GROVE RD,County,STRAWBERRY KNOLL RD,,N/A,,SAME DIR REAR END,CLEAR,WET,DARK LIGHTS ON,NO CONTROLS,N/A,,5A44CA47-2D5F-4EB5-B0EB-804152681104,No,NO APPARENT INJURY,"N/A, WET",NOT DISTRACTED,VA,6E142E9C-0B14-45D2-A341-6852C4476E4A,DISABLING,PASSENGER CAR,STOPPED IN TRAFFIC LANE,39.15945333,-77.185535,"(39.15945333, -77.185535)"
EJ78290031,170520626,Gaithersburg Police Depar,Property Damage Crash,07/22/2017 07:26:00 PM,Maryland (State),MONTGOMERY VILLAGE AVE,Maryland (State),FREDERICK RD,,N/A,,SAME DIR REAR END,RAINING,WET,DAYLIGHT,TRAFFIC SIGNAL,N/A,,8E49B99F-C839-44BC-A688-4856431C1FB1,Yes,NO APPARENT INJURY,"N/A, WET",UNKNOWN,,AA307669-6C4B-4BBB-A0ED-B6FA5EDC6F9D,UNKNOWN,PASSENGER CAR,MOVING CONSTANT SPEED,39.15243595,-77.21216083,"(39.15243595, -77.21216083)"
MCP29060013,170524147,Montgomery County Police,Property Damage Crash,08/10/2017 05:52:00 PM,Maryland (State),S FREDERICK RD,Municipality,S SUMMIT AVE,,GAITHERSBURG,,SAME DIRECTION LEFT TURN,CLEAR,DRY,DAYLIGHT,TRAFFIC SIGNAL,NONE DETECTED,,ACDB3946-8A90-40DC-8B1E-28A2DB173EB0,Yes,NO APPARENT INJURY,N/A,NOT DISTRACTED,MD,2073F325-60B2-43E1-994D-CC89BAD43D20,FUNCTIONAL,PASSENGER CAR,MAKING LEFT TURN,39.13805,-77.19422667,"(39.13805, -77.19422667)"
MCP2001000B,15052667,MONTGOMERY,Fatal Crash,10/17/2015 12:05:00 AM,Maryland (State),GEORGIA AVE,Maryland (State),NO NAME,,N/A,,SINGLE VEHICLE,CLEAR,DRY,DARK LIGHTS ON,TRAFFIC SIGNAL,UNKNOWN,,C8D73F38-079C-45F0-A828-4D781F645407,Yes,FATAL INJURY,N/A,UNKNOWN,MD,71C7BEAE-1EA7-457D-A849-305E9E4E1D69,DESTROYED,PASSENGER CAR,MOVING CONSTANT SPEED,39.11519881,-77.07537889,"(39.11519881, -77.07537889)"
MCP2855001M,170519132,Montgomery County Police,Property Damage Crash,07/14/2017 05:27:00 PM,County,RANDOLPH RD,County,HAWKESBURY LA,,N/A,,SAME DIR REAR END,RAINING,WET,DAYLIGHT,TRAFFIC SIGNAL,NONE DETECTED,,CA39676A-F5F8-4F38-9010-60E0B9BCC576,No,NO APPARENT INJURY,"RAIN, SNOW, WET",NOT DISTRACTED,MD,07BFA2AD-D017-425F-9573-A95E01B7FE58,FUNCTIONAL,PASSENGER CAR,STOPPED IN TRAFFIC LANE,39.06613509,-77.02244684,"(39.06613509, -77.02244684)"
MCP29540013,15052092,MONTGOMERY,Property Damage Crash,10/14/2015 08:00:00 AM,Maryland (State),PINEY BRANCH RD,County,GREENWOOD AVE,,N/A,,STRAIGHT MOVEMENT ANGLE,CLEAR,DRY,DAYLIGHT,TRAFFIC SIGNAL,NONE DETECTED,,87D62917-C05C-481F-BC10-F8AF3EAC764F,No,NO APPARENT INJURY,N/A,UNKNOWN,MD,CC5BD916-2B97-44D1-8618-D52780900C83,SUPERFICIAL,PASSENGER CAR,MOVING CONSTANT SPEED,38.99804667,-77.00176333,"(38.99804667, -77.00176333)"
DD56200011,170504744,Rockville Police Departme,Property Damage Crash,04/28/2017 03:29:00 PM,Maryland (State),ROCKVILLE PIKE,Municipality,WOOTTON PKWY,,ROCKVILLE,,SAME DIRECTION RIGHT TURN,CLEAR,DRY,DAYLIGHT,N/A,NONE DETECTED,,E4F38E61-914A-4F35-B5E6-518D028FEA91,Yes,NO APPARENT INJURY,N/A,LOOKED BUT DID NOT SEE,MD,58D40F72-604C-4791-A29F-6B0B76997CD9,FUNCTIONAL,PASSENGER CAR,CHANGING LANES,39.07588789,-77.1378462,"(39.07588789, -77.1378462)"
MCP2785001J,16022953,Montgomery County Police,Property Damage Crash,05/09/2016 10:11:00 AM,County,BRIGGS CHANEY RD,County,GATESHEAD MANOR WAY,,N/A,,SAME DIR REAR END,CLOUDY,DRY,DAYLIGHT,N/A,N/A,,7E29126B-C32C-42E1-8ED2-E12F61004194,No,NO APPARENT INJURY,N/A,NOT DISTRACTED,MD,00BCA6D5-861D-4AB5-8A21-A932AC0395A3,FUNCTIONAL,PASSENGER CAR,STOPPED IN TRAFFIC LANE,39.07704247,-76.94214821,"(39.07704247, -76.94214821)"
DD55950037,16055734,Rockville Police Departme,Injury Crash,10/29/2016 12:02:00 PM,Municipality,FALLSGROVE BLVD,County,SHADY GROVE RD,,N/A,,OTHER,CLEAR,DRY,DAYLIGHT,TRAFFIC SIGNAL,NONE DETECTED,,F657C7FA-55D0-4BC5-AC8C-FD7F253CFB7C,No,NO APPARENT INJURY,N/A,NOT DISTRACTED,MD,8A4EA983-D0CB-4E40-8B7D-89D6776F1172,FUNCTIONAL,OTHER BUS,STOPPED IN TRAFFIC LANE,39.09675417,-77.1941205,"(39.09675417, -77.1941205)"
MCP2855001G,170505974,Montgomery County Police,Property Damage Crash,05/04/2017 09:59:00 PM,,,,,HIT CURB AND LAMP POST TURNING INTO CABIN JOHN SHOPPING CENTER AND FLIPPED ON TO ENTRANCE,,,SINGLE VEHICLE,RAINING,,DARK LIGHTS ON,NO CONTROLS,NONE DETECTED,,7132944A-8702-4BD1-8D52-7A9BB128F6DF,Yes,NO APPARENT INJURY,"RAIN, SNOW, WET",OTHER DISTRACTION,MD,A9FF39F6-72BE-4D35-9B39-33DAB300A2CD,DISABLING,PASSENGER CAR,MAKING LEFT TURN,39.04132667,-77.15924167,"(39.04132667, -77.15924167)"
MCP2767001K,15060126,MONTGOMERY,Property Damage Crash,11/24/2015 04:58:00 PM,Maryland (State),VEIRS MILL RD,County,NEWPORT MILL RD,,N/A,,STRAIGHT MOVEMENT ANGLE,CLEAR,DRY,DUSK,TRAFFIC SIGNAL,NONE DETECTED,,C383AC74-68E6-457E-AC21-216E5C72E1FF,Yes,NO APPARENT INJURY,N/A,NOT DISTRACTED,MD,6E177A05-6DBB-44EA-8523-2E671F12A85E,DISABLING,PASSENGER CAR,ACCELERATING,39.045125,-77.065135,"(39.045125, -77.065135)"
MCP2845001R,16017830,Montgomery County Police,Property Damage Crash,04/12/2016 09:30:00 AM,County,CARROLL AVE,Maryland (State),PINEY BRANCH RD,,N/A,,SAME DIRECTION SIDESWIPE,RAINING,WET,DAYLIGHT,TRAFFIC SIGNAL,NONE DETECTED,,BEEBCA04-8C02-4985-A59E-8433CF49BF22,No,NO APPARENT INJURY,"RAIN, SNOW, WET",NOT DISTRACTED,MD,398C836B-132B-41F2-A4C7-7B354B8E4F4F,SUPERFICIAL,PASSENGER CAR,STOPPED IN TRAFFIC LANE,38.99994457,-76.99065998,"(38.99994457, -76.99065998)"
EJ78470020,16037521,Gaithersburg Police Depar,Property Damage Crash,07/24/2016 05:30:00 PM,Municipality,DUVALL LA,Municipality,W DEER PARK RD,,GAITHERSBURG,,SAME DIR REAR END,CLEAR,DRY,DAYLIGHT,NO CONTROLS,ALCOHOL PRESENT,,2652F30F-0055-4BBE-B6D1-A84122226AB1,Yes,NO APPARENT INJURY,N/A,UNKNOWN,MD,A80FD89D-4E8F-4DD9-B9FA-79963EBFDF66,FUNCTIONAL,PASSENGER CAR,UNKNOWN,39.12900167,-77.20179,"(39.12900167, -77.20179)"
MCP91130023,16062755,Montgomery County Police,Property Damage Crash,12/07/2016 09:18:00 AM,Maryland (State),MUNCASTER MILL RD,County,SYCAMORE LA,,N/A,,SAME DIR REAR END,CLEAR,WET,DAYLIGHT,NO CONTROLS,NONE DETECTED,,991D8464-8178-4746-8C0A-AB57D81EB9BD,No,NO APPARENT INJURY,N/A,NOT DISTRACTED,MD,7CA51750-AC0D-4033-BFE6-877EC8C07F36,FUNCTIONAL,PASSENGER CAR,STOPPED IN TRAFFIC LANE,39.112935,-77.08973,"(39.112935, -77.08973)"
DD5603002V,16026027,Rockville Police Departme,Property Damage Crash,05/25/2016 04:02:00 PM,Maryland (State),ROCKVILLE PIKE,Unknown,CONGRESSIONAL LA,,N/A,,HEAD ON LEFT TURN,CLEAR,DRY,DAYLIGHT,TRAFFIC SIGNAL,NONE DETECTED,,F3A9462A-C568-47CB-92B6-455AF641674D,Yes,NO APPARENT INJURY,N/A,LOOKED BUT DID NOT SEE,MD,F8274386-CB12-4499-BBB7-7459378B442C,DISABLING,PASSENGER CAR,MAKING LEFT TURN,39.06427329,-77.12606192,"(39.06427329, -77.12606192)"
MCP1604000V,17006627,Montgomery County Police,Property Damage Crash,02/07/2017 09:30:00 AM,Maryland (State),WOODFIELD RD,County,EMORY GROVE RD,,N/A,,SAME DIR REAR END,CLEAR,DRY,DAYLIGHT,N/A,NONE DETECTED,,E89FA181-000B-4478-B938-B9D217E42FAC,No,NO APPARENT INJURY,N/A,NOT DISTRACTED,MD,388D671A-CB0D-4699-BEE2-C7B0650D8A9E,FUNCTIONAL,PASSENGER CAR,STOPPED IN TRAFFIC LANE,39.15236107,-77.17225492,"(39.15236107, -77.17225492)"
MCP24660011,16008726,Montgomery County Police,Injury Crash,02/21/2016 05:36:00 PM,County,RANDOLPH RD,County,BREGMAN RD,,N/A,,STRAIGHT MOVEMENT ANGLE,CLEAR,WET,DAYLIGHT,NO CONTROLS,NONE DETECTED,,2F8549E7-19D2-422F-87B4-327D68AB7940,No,POSSIBLE INJURY,N/A,UNKNOWN,MD,DB9D3E42-F016-41DE-BF4A-43ECA75B312B,FUNCTIONAL,FIRE VEHICLE/NON EMERGENCY,MOVING CONSTANT SPEED,39.05825167,-77.04827333,"(39.05825167, -77.04827333)"
MCP2723001Z,16050036,Montgomery County Police,Property Damage Crash,09/29/2016 07:01:00 AM,Maryland (State),OLNEY LAYTONSVILLE RD,County,OLNEY MILL RD,,N/A,,SAME DIR REAR END,RAINING,WET,DARK LIGHTS ON,TRAFFIC SIGNAL,N/A,,E6C90913-EE36-4A11-9921-116355AF59AA,No,NO APPARENT INJURY,"RAIN, SNOW, WET",NOT DISTRACTED,MD,BFC2C45F-7AF0-4755-9BC6-45A98BEB2BD9,FUNCTIONAL,PASSENGER CAR,SLOWING OR STOPPING,39.21101833,-77.23761667,"(39.21101833, -77.23761667)"
MCP2914000S,15002613,Montgomery County Police,Property Damage Crash,01/16/2015 05:20:00 PM,Maryland (State),NEW HAMPSHIRE AVE,County,POWDER MILL RD,,N/A,,OTHER,CLEAR,N/A,DARK LIGHTS ON,N/A,N/A,,735D4270-8BE8-4C8B-9CCF-D632232CAD2E,No,NO APPARENT INJURY,N/A,NOT DISTRACTED,MD,92ABDCE3-5C00-4BB7-8C75-526BDC66097D,SUPERFICIAL,TRANSIT BUS,SLOWING OR STOPPING,39.02187604,-76.97736561,"(39.02187604, -76.97736561)"
MCP20590032,16047599,Montgomery County Police,Property Damage Crash,09/16/2016 02:21:00 PM,Other Public Roadway,MONTROSE PKWY,County,E JEFFERSON ST,,N/A,,SAME DIRECTION SIDESWIPE,CLEAR,DRY,DAYLIGHT,NO CONTROLS,ILLEGAL DRUG PRESENT,,C962ABCE-F804-4F5B-948D-65A2A7DE47D8,Yes,NO APPARENT INJURY,N/A,UNKNOWN,MD,5724229B-42B2-4B15-80D5-6A74C1A2B635,SUPERFICIAL,PASSENGER CAR,CHANGING LANES,39.05100189,-77.12934494,"(39.05100189, -77.12934494)"
MCP10940006,15050046,Montgomery County Police,Injury Crash,10/02/2016 11:20:00 PM,Maryland (State),GREAT SENECA HWY,Unknown,OUT CORP LMTS GAITHERSBURG,,N/A,,SINGLE VEHICLE,OTHER,UNKNOWN,DARK LIGHTS ON,N/A,ALCOHOL CONTRIBUTED,,CBDFA149-BA34-443C-AE8F-45FEEF8BC91B,Yes,SUSPECTED MINOR INJURY,"N/A, WET",NOT DISTRACTED,MD,0B72B759-7B3E-4D7B-AA3D-06D6ABAEB967,DESTROYED,(SPORT) UTILITY VEHICLE,MOVING CONSTANT SPEED,39.13871333,-77.26769833,"(39.13871333, -77.26769833)"
MCP2812001M,15058034,MONTGOMERY,Property Damage Crash,11/13/2015 08:33:00 PM,US (State),GEORGIA AVE,County,13TH ST,,N/A,,ANGLE MEETS LEFT TURN,CLEAR,DRY,DARK LIGHTS ON,TRAFFIC SIGNAL,N/A,,9B56361F-6BBA-4FC1-9CF3-67F4B7ECC7F5,No,NO APPARENT INJURY,N/A,NOT DISTRACTED,DC,91ADFEB2-4957-4783-BF4D-4B038CE1C368,DISABLING,PASSENGER CAR,SLOWING OR STOPPING,38.987865,-77.027135,"(38.987865, -77.027135)"
MCP2633000S,15066612,Montgomery County Police,Property Damage Crash,12/28/2015 06:36:00 PM,Maryland (State),MONTGOMERY VILLAGE AVE,Municipality,RUSSELL AVE,,GAITHERSBURG,,STRAIGHT MOVEMENT ANGLE,RAINING,WET,DARK LIGHTS ON,TRAFFIC SIGNAL,N/A,,E3F9B628-DBF1-4C6D-8B95-64A3F2882FD1,Yes,NO APPARENT INJURY,"RAIN, SNOW, WET",UNKNOWN,MD,18AB7482-CD3D-46DC-A4B4-553F4F91B9D8,FUNCTIONAL,PASSENGER CAR,MAKING LEFT TURN,39.15446833,-77.20910667,"(39.15446833, -77.20910667)"
MCP2597001P,15049970,MONTGOMERY,Property Damage Crash,10/02/2015 02:55:00 PM,Maryland (State),GEORGIA AVE,Ramp,RAMP 6 FR IS 495 EB TO MD 97 SB,,N/A,,SAME DIR REAR END,RAINING,WET,DAYLIGHT,TRAFFIC SIGNAL,NONE DETECTED,,D0437F07-0AC2-4C7C-A198-0417B117B6EF,No,NO APPARENT INJURY,N/A,NOT DISTRACTED,MD,0EBFDE8E-5443-422B-A41E-8E41C0CE4975,DISABLING,PASSENGER CAR,STOPPED IN TRAFFIC LANE,39.01376833,-77.04219167,"(39.01376833, -77.04219167)"
MCP2855001M,170519132,Montgomery County Police,Property Damage Crash,07/14/2017 05:27:00 PM,County,RANDOLPH RD,County,HAWKESBURY LA,,N/A,,SAME DIR REAR END,RAINING,WET,DAYLIGHT,TRAFFIC SIGNAL,NONE DETECTED,,AE86729D-5E4F-48DA-BB29-6AA2DD32A0DE,Yes,NO APPARENT INJURY,"RAIN, SNOW, WET",LOOKED BUT DID NOT SEE,MD,1BA5CBCA-A354-457C-816D-27F98AE4D1A3,DISABLING,AMBULANCE/EMERGENCY,MOVING CONSTANT SPEED,39.06613509,-77.02244684,"(39.06613509, -77.02244684)"
MCP1438001Z,16012754,MONTGOMERY,Injury Crash,03/16/2016 01:15:00 PM,County,MONTGOMERY VILLAGE AVE,County,LAKE SHORE DR,,N/A,,SAME DIR REAR END,CLOUDY,DRY,DAYLIGHT,TRAFFIC SIGNAL,NONE DETECTED,,C1AC2154-0D52-43F7-8CA2-4E511F05DEF4,No,POSSIBLE INJURY,N/A,NOT DISTRACTED,MD,8B0B835F-9E19-49FB-8E54-4EA7DFF88300,DISABLING,PASSENGER CAR,STOPPED IN TRAFFIC LANE,39.16135333,-77.201645,"(39.16135333, -77.201645)"
MCP12100014,16030708,Montgomery County Police,Property Damage Crash,06/17/2016 07:04:00 PM,County,RAILROAD ST,County,WASHINGTON GROVE LA,,N/A,,HEAD ON LEFT TURN,CLEAR,DRY,DAYLIGHT,NO CONTROLS,NONE DETECTED,,D02E1A52-67FC-4A79-AE1D-CB72DDBFDF1A,Yes,NO APPARENT INJURY,N/A,UNKNOWN,MD,FFD4E8FC-45B6-40F0-9826-138618421A1D,DISABLING,PASSENGER CAR,MAKING LEFT TURN,39.13907333,-77.179795,"(39.13907333, -77.179795)"
MCP28770033,16064358,Montgomery County Police,Property Damage Crash,12/15/2016 12:50:00 PM,,,,,8635 16TH ST. SILVER SPRING MD 20910  PARKING LOT NEXT TO SEVEN ELEVEN,,,OTHER,CLEAR,,DAYLIGHT,NO CONTROLS,NONE DETECTED,,B2B070D6-9524-4212-9F5A-B93A077F0D38,Yes,NO APPARENT INJURY,N/A,NOT DISTRACTED,MD,3C266D0E-9757-4F33-A6A2-3529B0661554,SUPERFICIAL,PASSENGER CAR,OTHER,38.99833326,-77.03822494,"(38.99833326, -77.03822494)"
MCP2726001N,16061904,Montgomery County Police,Injury Crash,12/02/2016 02:44:00 PM,County,TWINBROOK PKWY,County,FISHERS LA,,N/A,,ANGLE MEETS LEFT TURN,CLEAR,DRY,DAYLIGHT,TRAFFIC SIGNAL,N/A,,FC37EC32-1AC2-43C0-BCC3-25132C0CB641,Yes,NO APPARENT INJURY,N/A,LOOKED BUT DID NOT SEE,MD,B64C5959-EE5B-4471-B340-41F201AC889A,DISABLING,PASSENGER CAR,MAKING U TURN,39.06283333,-77.11643333,"(39.06283333, -77.11643333)"
MCP15640019,16019766,Montgomery County Police,Property Damage Crash,04/22/2016 05:49:00 AM,Maryland (State),LAYHILL RD,County,MIDDLEBRIDGE DR,,N/A,,SAME DIRECTION SIDESWIPE,CLEAR,DRY,DARK LIGHTS ON,NO CONTROLS,NONE DETECTED,,F48A11CB-5589-4679-8ACB-28B37819B806,Yes,NO APPARENT INJURY,N/A,LOOKED BUT DID NOT SEE,MD,4C001894-6DE6-4C0A-B52D-3FF1A82E638F,FUNCTIONAL,PASSENGER CAR,ACCELERATING,39.07227833,-77.04542667,"(39.07227833, -77.04542667)"
MCP13760009,16040010,Montgomery County Police,Property Damage Crash,08/07/2016 01:34:00 PM,Maryland (State),DARNESTOWN RD,Maryland (State),GERMANTOWN RD,,N/A,,HEAD ON LEFT TURN,CLEAR,DRY,DAYLIGHT,TRAFFIC SIGNAL,NONE DETECTED,,544D0D87-6B24-4F69-B766-85280981ABEC,Yes,NO APPARENT INJURY,N/A,NOT DISTRACTED,MD,8459B945-B9B8-4130-BD9D-CDEFC3871378,DISABLING,PASSENGER CAR,MAKING LEFT TURN,39.11002333,-77.30259,"(39.11002333, -77.30259)"
MCP1566000K,17002927,Montgomery County Police,Property Damage Crash,01/17/2017 03:15:00 PM,,,,,PARKING LOT OF 14995 SHADY GROVE RD,,,OTHER,RAINING,,DAYLIGHT,NO CONTROLS,NONE DETECTED,,5AA27334-2921-4C53-A6FD-021C239AA163,Yes,NO APPARENT INJURY,N/A,NOT DISTRACTED,NY,0EA3B38E-945B-42FA-B279-4E1EA469E2D9,SUPERFICIAL,PICKUP TRUCK,BACKING,39.09666444,-77.19224408,"(39.09666444, -77.19224408)"
MCP9424000K,15058599,MONTGOMERY,Property Damage Crash,11/17/2015 04:57:00 AM,County,OBSERVATION DR,County,RIDGE RD,,N/A,,SAME DIR REAR END,CLEAR,DRY,DARK LIGHTS ON,FLASHING TRAFFIC SIGNAL,NONE DETECTED,,7159A0B2-4AA6-41C5-B8EA-6F3E063F90E3,Yes,NO APPARENT INJURY,N/A,NOT DISTRACTED,MD,5CAFE3A6-DA52-4B07-A93D-9A2336C88477,DISABLING,PASSENGER CAR,SLOWING OR STOPPING,39.20213667,-77.25309167,"(39.20213667, -77.25309167)"
MCP2446000V,15008531,Montgomery County Police,Property Damage Crash,02/21/2015 04:15:00 PM,County,GERMANTOWN RD,County,SCENERY DR,,N/A,,SAME DIR REAR END,SNOW,SNOW,DAYLIGHT,TRAFFIC SIGNAL,NONE DETECTED,,32681F9C-63E8-4989-90F4-4A54B6B16599,Unknown,NO APPARENT INJURY,"ICY OR SNOW-COVERED, RAIN, SNOW",NOT DISTRACTED,MD,5EFDC041-4378-4F2C-B54E-D65E66B21DB7,OTHER,"MEDIUM/HEAVY TRUCKS 3 AXLES (OVER 10,000LBS (4,536KG))",UNKNOWN,39.19218,-77.23344,"(39.19218, -77.23344)"
MCP1334005G,170530364,Montgomery County Police,Injury Crash,09/13/2017 03:57:00 PM,Maryland (State),QUINCE ORCHARD RD,Maryland (State),W DIAMOND AVE,,N/A,,SAME DIR REAR END,CLOUDY,DRY,DAYLIGHT,TRAFFIC SIGNAL,NONE DETECTED,,C0C75F09-1706-4934-A22B-BBFD05197F1B,Yes,POSSIBLE INJURY,N/A,NOT DISTRACTED,MD,635C02A5-8CCF-4D0F-8B36-E7C37BA2D45C,DISABLING,PASSENGER CAR,MOVING CONSTANT SPEED,39.14316833,-77.22074833,"(39.14316833, -77.22074833)"