Report Number,Local Case Number,Agency Name,ACRS Report Type,Crash Date/Time,Route Type,Road Name,Cross-Street Type,Cross-Street Name,Off-Road Description,Municipality,Related Non-Motorist,Collision Type,Weather,Surface Condition,Light,Traffic Control,Driver Substance Abuse,Non-Motorist Substance Abuse,Person ID,Driver At Fault,Injury Severity,Circumstance,Driver Distracted By,Drivers License State,Vehicle ID,Vehicle Damage Extent,Vehicle Body Type,Vehicle Movement,Latitude,Longitude,Location
MCP25520010,16036226,Montgomery County Police,Property Damage Crash,07/17/2016 04:33:00 PM,County,PARKLAWN DR,County,RANDOLPH RD,,N/A,,SAME DIR REAR END,CLEAR,DRY,DAYLIGHT,N/A,N/A,,7D535439-4CEE-4454-9351-6D2E714315BC,No,NO APPARENT INJURY,N/A,UNKNOWN,MD,19C203DB-E4FF-449C-A1DF-4F7B9938FE72,SUPERFICIAL,PASSENGER CAR,MOVING CONSTANT SPEED,39.05392735,-77.10677013,"(39.05392735, -77.10677013)"
DD5502000T,15009229,Rockville Police Departme,Property Damage Crash,02/26/2015 10:54:00 AM,Municipality,E MIDDLE LA,Municipality,MONROE ST,,ROCKVILLE,,OTHER,CLOUDY,WET,DAYLIGHT,NO CONTROLS,NONE DETECTED,,F9E71BC5-C105-4D16-9CCF-01066303A600,No,NO APPARENT INJURY,"N/A, WET",NOT DISTRACTED,MD,6F990BDE-4CC7-4667-8DD9-FFBE7CF9CB4B,SUPERFICIAL,"CARGO VAN/LIGHT TRUCK 2 AXLES (OVER 10,000LBS (4,536 KG))",MOVING CONSTANT SPEED,39.08490667,-77.14976,"(39.08490667, -77.14976)"
MCP2786001P,170508987,Montgomery County Police,Property Damage Crash,05/21/2017 03:42:00 AM,County,FRANKLIN AVE,County,WIRE AVE,,N/A,,SAME DIR REAR END,CLEAR,DRY,DARK NO LIGHTS,N/A,NONE DETECTED,,744B4914-124D-4243-B155-D06C19005892,No,NO APPARENT INJURY,N/A,NOT DISTRACTED,MD,4D4CD485-AB3C-48F1-83F5-10C3A07DB4B3,DISABLING,PASSENGER CAR,PARKED,39.00981667,-77.01077833,"(39.00981667, -77.01077833)"
MCP27170077,16044251,Montgomery County Police,Property Damage Crash,08/30/2016 05:20:00 PM,County,SANGAMORE RD,County,WESTPATH WAY,,N/A,,SAME DIR REAR END,CLEAR,DRY,DAYLIGHT,OTHER,NONE DETECTED,,81936E7C-EB6E-4D15-9339-0A1CB2528FD5,Yes,NO APPARENT INJURY,N/A,UNKNOWN,MD,D35F8145-D38C-4EEC-AC95-8B8222971CAC,DISABLING,PASSENGER CAR,MOVING CONSTANT SPEED,38.95640167,-77.12229667,"(38.95640167, -77.12229667)"
MCP2608000S,15008407,Montgomery County Police,Property Damage Crash,02/20/2015 07:08:00 PM,Interstate (State),CAPITAL BELTWAY,Unknown,EXIT #30,,N/A,,SAME DIR REAR END,CLEAR,DRY,DARK LIGHTS ON,NO CONTROLS,NONE DETECTED,,B1DCECF5-95B1-457E-9A68-7474165BDDD0,No,NO APPARENT INJURY,N/A,NOT DISTRACTED,VA,F395F668-4785-42A0-A9AF-31496E82090C,FUNCTIONAL,PASSENGER CAR,SLOWING OR STOPPING,39.00092667,-77.02937833,"(39.00092667, -77.02937833)"
MCP2953000R,15059662,MONTGOMERY,Injury Crash,11/22/2015 07:30:00 AM,Maryland (State),VEIRS MILL RD,County,ROBINDALE DR,,N/A,,SAME DIR REND RIGHT TURN,CLEAR,DRY,DAYLIGHT,TRAFFIC SIGNAL,NONE DETECTED,,4426F2F1-CFF6-4C93-A5D4-1CCEC58C9507,No,SUSPECTED MINOR INJURY,N/A,NOT DISTRACTED,MA,69A733FC-C089-4C51-9E91-AF1ABF64D778,DISABLING,PICKUP TRUCK,MOVING CONSTANT SPEED,39.06291167,-77.09456667,"(39.06291167, -77.09456667)"
MCP2969001C,15065272,MONTGOMERY,Property Damage Crash,12/20/2015 02:15:00 PM,,,,,"PARKING LOT OF (IN FRONT OF) 11303 AMHERST AVE, SILVER SPRING MD 20902",,,OTHER,CLEAR,,DAYLIGHT,NO CONTROLS,NONE DETECTED,,F34057A3-2B61-4648-9C91-7CE99845A3C0,Yes,NO APPARENT INJURY,N/A,NOT DISTRACTED,MD,956032FF-2235-4075-A70D-F9142B962AF3,FUNCTIONAL,OTHER,BACKING,39.04011027,-77.04821482,"(39.04011027, -77.04821482)"
MCP2473000K,170501356,Montgomery County Police,Injury Crash,04/10/2017 09:16:00 AM,County,BRIGGS CHANEY RD,Ramp,RAMP 1 FR US29 NB TO BRIGGS CHANEY RD WB,,N/A,,STRAIGHT MOVEMENT ANGLE,CLEAR,DRY,DAYLIGHT,TRAFFIC SIGNAL,N/A,,B0E9ABAD-E736-4D1C-B0DF-D503B249BD4F,Yes,SUSPECTED MINOR INJURY,N/A,NOT DISTRACTED,MD,E0AA93E0-B1F5-4EEE-B62A-61DEFE142272,DISABLING,PASSENGER CAR,STARTING FROM LANE,39.08268,-76.94817333,"(39.08268, -76.94817333)"
MCP2717009N,17008270,Montgomery County Police,Property Damage Crash,02/15/2017 04:41:00 PM,,,,,11802 ROCKVILLE PIKE (PIKE AND ROSE PARKING LOT),,,OTHER,CLEAR,,DAYLIGHT,NO CONTROLS,NONE DETECTED,,895A895D-7604-4DDE-861F-19AD4157DE22,No,NO APPARENT INJURY,N/A,NOT DISTRACTED,MD,3EF7F835-FB7B-4084-86E3-7E347FF7EC77,SUPERFICIAL,POLICE VEHICLE/NON EMERGENCY,MOVING CONSTANT SPEED,39.050084,-77.115128,"(39.050084, -77.115128)"
MCP2797000M,15019164,Montgomery County Police,Property Damage Crash,04/23/2016 07:43:00 PM,,,,,OFF ROAD NEXT TO 802 CADDINGTON AVE,,,SINGLE VEHICLE,CLEAR,,DARK NO LIGHTS,N/A,NONE DETECTED,,AAEC35C3-3C10-4827-A677-F698438F76C4,Yes,NO APPARENT INJURY,N/A,OTHER DISTRACTION,MD,89C95D7C-25A5-474F-80F0-AC07FE96FABC,DISABLING,PASSENGER CAR,ACCELERATING,39.037445,-77.013516,"(39.037445, -77.013516)"
MCP29140051,170518364,Montgomery County Police,Property Damage Crash,07/10/2017 04:30:00 PM,Maryland (State),NEW HAMPSHIRE AVE,Ramp,RAMP 6 FR IS 495 EB TO MD 650 SB,,N/A,,SAME DIR REAR END,CLEAR,N/A,DAYLIGHT,NO CONTROLS,N/A,,3756BDAA-C1D5-416D-872E-70531A7C5744,Yes,NO APPARENT INJURY,N/A,NOT DISTRACTED,MD,CEAEBDAE-C5D1-437D-B760-C682555EB037,SUPERFICIAL,PASSENGER CAR,UNKNOWN,39.04348615,-76.99200511,"(39.04348615, -76.99200511)"
MCP2683002G,170502483,Montgomery County Police,Injury Crash,04/16/2017 09:25:00 AM,,,,,"PARKING LOT OF 417 N FREDERICK AVE, GAITHERSBURG, MD 20877",,,OTHER,N/A,,DARK LIGHTS ON,NO CONTROLS,NONE DETECTED,,74DADBD9-9ED2-47FD-8900-F85F36B55261,Yes,NO APPARENT INJURY,N/A,TALKING OR LISTENING TO CELLULAR PHONE,MD,0FAA1D0E-823D-4FD8-A93A-536F1CA4F6C0,SUPERFICIAL,PASSENGER CAR,BACKING,39.14679833,-77.20412333,"(39.14679833, -77.20412333)"
MCP2954001X,16032701,Montgomery County Police,Injury Crash,06/28/2016 12:57:00 PM,,,,,IN PARKING LOT IN FRONT OF 8709 FLOWER AVE.,,PEDESTRIAN,SAME DIRECTION SIDESWIPE,CLOUDY,,DAYLIGHT,NO CONTROLS,NONE DETECTED,NONE DETECTED,DA95349F-1979-4AA5-8F7E-A5DD0E284CD7,Yes,NO APPARENT INJURY,N/A,UNKNOWN,MD,56CB376B-C9FF-4C05-B9C7-CE3DA75C9C16,SUPERFICIAL,PASSENGER CAR,ACCELERATING,38.99868345,-77.0034796,"(38.99868345, -77.0034796)"
MCP2348002D,17010073,Montgomery County Police,Property Damage Crash,02/24/2017 06:52:00 PM,County,FERN ST,County,PRICE AVE,,N/A,,STRAIGHT MOVEMENT ANGLE,CLEAR,DRY,DARK LIGHTS ON,STOP SIGN,NONE DETECTED,,724DAD42-20FC-4F42-A006-0C25F3772680,Yes,NO APPARENT INJURY,N/A,NOT DISTRACTED,OH,EF0AA61B-E5D0-4104-AF1B-368F2F996606,SUPERFICIAL,PASSENGER CAR,ACCELERATING,39.03983833,-77.04956,"(39.03983833, -77.04956)"
MCP23110027,16018098,Montgomery County Police,Property Damage Crash,04/13/2016 04:20:00 PM,Maryland (State),MUNCASTER MILL RD,County,BOWIE MILL RD,,N/A,,SAME DIR REAR END,CLEAR,DRY,DAYLIGHT,TRAFFIC SIGNAL,N/A,,0F5125E6-A6D8-4CE9-840E-5FE766650271,No,NO APPARENT INJURY,N/A,NOT DISTRACTED,MD,5CFBBBC3-E4A4-4E6F-81C6-A0C064460839,SUPERFICIAL,VAN,STOPPED IN TRAFFIC LANE,39.13348833,-77.12207333,"(39.13348833, -77.12207333)"
MCP27530015,16028330,Montgomery County Police,Property Damage Crash,06/05/2016 02:55:00 PM,,,,,PARKING SPACES BETWEEN MCDONALDS (2207 BEL PRE RD) AND STARBUCKS (2205 BEL PRE RD),,,OTHER,CLEAR,,DAYLIGHT,N/A,N/A,,EF26D70E-EEAC-4423-85DA-296ED1F75E32,Yes,NO APPARENT INJURY,N/A,NOT DISTRACTED,PA,6AE657A1-E1BE-4A79-A6FB-B261BD978AFD,FUNCTIONAL,PASSENGER CAR,PARKING,39.09138667,-77.04631,"(39.09138667, -77.04631)"
MCP271700BV,170505427,Montgomery County Police,Property Damage Crash,05/02/2017 12:10:00 PM,Maryland (State),RIVER RD,Maryland (State),WILSON LA,,N/A,,SAME DIRECTION SIDESWIPE,CLEAR,DRY,DAYLIGHT,NO CONTROLS,NONE DETECTED,,39FAC7AF-9F03-4CAC-96DE-D9C08DCC57AC,No,NO APPARENT INJURY,N/A,NOT DISTRACTED,US,2FD23CD2-234B-4E07-ADDC-B307539089A1,SUPERFICIAL,PASSENGER CAR,MOVING CONSTANT SPEED,38.98446067,-77.13887017,"(38.98446067, -77.13887017)"
MCP2666000R,15034129,MONTGOMERY,Injury Crash,07/11/2015 11:15:00 PM,US (State),COLUMBIA PIKE,County,GREENCASTLE RD,,N/A,,SAME DIRECTION SIDESWIPE,CLEAR,DRY,DARK LIGHTS ON,TRAFFIC SIGNAL,NONE DETECTED,,E7AC9747-5FF1-4DA8-9F8F-FE14A657A098,No,SUSPECTED MINOR INJURY,N/A,NOT DISTRACTED,MD,591B95F3-BB75-4112-87A3-D32B9EEC64C0,DISABLING,VAN,STOPPED IN TRAFFIC LANE,39.095675,-76.93825833,"(39.095675, -76.93825833)"
EJ7839000Z,15064817,GAITHERSBURG,Injury Crash,12/18/2015 10:44:00 PM,Maryland (State),FREDERICK RD,County,GAME PRESERVE RD,,N/A,,OPPOSITE DIR BOTH LEFT TURN,CLEAR,DRY,DARK LIGHTS ON,STOP SIGN,NONE DETECTED,,6B94DCF8-CE7A-4D53-B2DD-492F8D316E2E,No,SUSPECTED MINOR INJURY,N/A,NOT DISTRACTED,MD,565862C1-0935-412A-B68F-3AA9C610623E,DISABLING,PASSENGER CAR,MAKING LEFT TURN,39.16501167,-77.22745167,"(39.16501167, -77.22745167)"
MCP2664001K,15063042,MONTGOMERY,Injury Crash,12/10/2015 07:54:00 AM,Maryland (State),GEORGIA AVE,County,EVANS DR,,N/A,,STRAIGHT MOVEMENT ANGLE,CLEAR,DRY,DAYLIGHT,OTHER,NONE DETECTED,,46CADA73-6DCA-47E8-9DE9-D945F84268A6,No,POSSIBLE INJURY,N/A,NOT DISTRACTED,MD,DEC7E116-ECE6-4D25-A4AA-DDD958D6D114,DISABLING,(SPORT) UTILITY VEHICLE,MOVING CONSTANT SPEED,39.0267162,-77.04665369,"(39.0267162, -77.04665369)"
MCP2751000S,15066586,Montgomery County Police,Injury Crash,12/30/2015 04:14:00 PM,County,ASTON MANOR DR,County,ASTON MANOR CT,,N/A,,SAME DIR REAR END,CLEAR,DRY,DAYLIGHT,NO CONTROLS,NONE DETECTED,,0119887B-0C9B-4D15-B015-A06ED3D7446F,Yes,NO APPARENT INJURY,N/A,NO DRIVER PRESENT,MD,F6FB0BE1-6911-4385-8B6D-AEC083866D9E,DISABLING,PASSENGER CAR,DRIVERLESS MOVING VEH.,39.19784,-77.27659667,"(39.19784, -77.27659667)"
MCP26070025,17010067,Montgomery County Police,Property Damage Crash,02/24/2017 11:45:00 AM,,,,,PARKING LOT OF HARRIS TEETER AT 12525 PARK POTOMAC AVE,,,OTHER,N/A,,DAYLIGHT,NO CONTROLS,N/A,,CCB183CA-0140-41FA-811C-B826AB78D92E,No,NO APPARENT INJURY,N/A,NOT DISTRACTED,MD,1C319373-6B97-4835-BBF8-69619626A12F,SUPERFICIAL,PASSENGER CAR,PARKED,39.06031942,-77.15783134,"(39.06031942, -77.15783134)"
DD56070020,17000885,Rockville Police Departme,Property Damage Crash,01/05/2017 10:18:00 PM,Municipality,DOUGLAS AVE,Municipality,SPRING AVE,,ROCKVILLE,,HEAD ON,N/A,DRY,DARK NO LIGHTS,NO CONTROLS,NONE DETECTED,,10162DE2-E961-4CDA-9EB3-A70DCAA7FFD7,Yes,NO APPARENT INJURY,N/A,UNKNOWN,MD,5D6FBBC0-EC7C-4C6D-9183-10710FCECFEB,DISABLING,PASSENGER CAR,MOVING CONSTANT SPEED,39.07037913,-77.15148926,"(39.07037913, -77.15148926)"
MCP137800HG,170517615,Montgomery County Police,Property Damage Crash,07/06/2017 12:46:00 PM,Maryland (State),FREDERICK RD,County,GAME PRESERVE RD,,N/A,,OPPOSITE DIR BOTH LEFT TURN,CLOUDY,DRY,DAYLIGHT,STOP SIGN,NONE DETECTED,,71989A04-A94E-47A6-B51D-68D5AE76DA04,No,NO APPARENT INJURY,N/A,NOT DISTRACTED,MD,FF7783BC-EDB6-48BB-9DD3-E154655214F7,DISABLING,PASSENGER CAR,MAKING LEFT TURN,39.164905,-77.22737667,"(39.164905, -77.22737667)"
DD5601002F,16063024,Rockville Police Departme,Injury Crash,12/08/2016 02:00:00 PM,County,SHADY GROVE RD,Other Public Roadway,RESEARCH BLVD,,N/A,,STRAIGHT MOVEMENT ANGLE,CLEAR,DRY,DAYLIGHT,TRAFFIC SIGNAL,NONE DETECTED,,83350A1F-79F4-426F-9B9B-9802214C7F5F,Yes,NO APPARENT INJURY,N/A,NOT DISTRACTED,MD,3040156C-9638-4FB9-8EC8-73C3BE496FAB,DISABLING,PASSENGER CAR,MOVING CONSTANT SPEED,39.10494417,-77.19063367,"(39.10494417, -77.19063367)"
MCP28260015,16058422,Montgomery County Police,Injury Crash,11/12/2016 07:51:00 PM,Maryland (State),UNIVERSITY BLVD E,Municipality,MERRIMAC DR,,TAKOMA PARK,,STRAIGHT MOVEMENT ANGLE,N/A,DRY,DARK LIGHTS ON,NO CONTROLS,NONE DETECTED,,9E774C46-6089-4715-96D2-413A4FEDDB6E,No,NO APPARENT INJURY,N/A,NOT DISTRACTED,MD,5BA1F245-1B48-4963-823D-47A101D98243,DISABLING,PASSENGER CAR,MOVING CONSTANT SPEED,38.99304167,-76.99134667,"(38.99304167, -76.99134667)"
MCP1417005Y,16056020,Montgomery County Police,Property Damage Crash,10/31/2016 08:11:00 AM,County,MONTGOMERY VILLAGE AVE,County,WALKERS CHOICE RD,,N/A,,SAME DIRECTION SIDESWIPE,CLEAR,DRY,DAYLIGHT,NO CONTROLS,NONE DETECTED,,2CE6F655-628C-4327-9BAD-6C6435D422AD,No,NO APPARENT INJURY,N/A,NOT DISTRACTED,MD,00398884-6C89-4EE6-8A78-4F42496911B7,FUNCTIONAL,TRANSIT BUS,SLOWING OR STOPPING,39.16341667,-77.20336,"(39.16341667, -77.20336)"
MCP2942001H,16014128,MONTGOMERY,Property Damage Crash,03/22/2016 02:40:00 PM,,,,,SAFEWAY PARKING LOT AT 4701 SANGAMORE RD,,,SAME DIRECTION SIDESWIPE,CLEAR,,DAYLIGHT,N/A,UNKNOWN,,07758B94-9856-49B3-B420-8DE21ACFD88B,Yes,NO APPARENT INJURY,N/A,NOT DISTRACTED,MD,444B9394-8820-42E6-B541-6C26E1CC454B,FUNCTIONAL,PASSENGER CAR,PARKING,38.95020625,-77.11884141,"(38.95020625, -77.11884141)"
MCP2425007H,16048492,Montgomery County Police,Injury Crash,09/21/2016 09:13:00 AM,County,FOREST GLEN RD,County,FOREST GROVE DR,,N/A,,SAME DIRECTION SIDESWIPE,CLEAR,DRY,DAYLIGHT,NO CONTROLS,NONE DETECTED,,C55DF9BD-EC14-4277-9A4F-25E6F625F981,No,NO APPARENT INJURY,N/A,NOT DISTRACTED,MD,29C2C599-3F49-4576-90C9-25AD2FFAF857,DISABLING,PASSENGER CAR,SLOWING OR STOPPING,39.01574333,-77.04011667,"(39.01574333, -77.04011667)"
MCP2727001L,170522478,Montgomery County Police,Property Damage Crash,08/02/2017 09:53:00 AM,County,LITTLE SENECA PKWY,Unknown,BRICK HAVEN WAY,,N/A,,STRAIGHT MOVEMENT ANGLE,N/A,DRY,DAYLIGHT,STOP SIGN,NONE DETECTED,,F06032E6-08FA-4C06-862B-B4787F0DABFE,No,NO APPARENT INJURY,N/A,NOT DISTRACTED,MD,8D44B89D-3174-4431-8A1C-07BC442A421E,DISABLING,PASSENGER CAR,MOVING CONSTANT SPEED,39.220735,-77.26342833,"(39.220735, -77.26342833)"
MCP2512002N,170504179,Montgomery County Police,Injury Crash,04/25/2017 06:17:00 PM,Maryland (State),KEY WEST AVE,Unknown,SPUR FR SHADY GROVE RD,,N/A,,SAME DIR REAR END,CLOUDY,WET,DAYLIGHT,NO CONTROLS,NONE DETECTED,,459454EB-38FB-4530-B4F5-5303024D9541,No,NO APPARENT INJURY,"N/A, WET",NOT DISTRACTED,MD,402FA8E2-C60D-49C8-A568-070AC03D08AA,FUNCTIONAL,PASSENGER CAR,SLOWING OR STOPPING,39.10464333,-77.19331167,"(39.10464333, -77.19331167)"
DD5605002D,16021453,Rockville Police Departme,Property Damage Crash,05/01/2016 12:16:00 PM,Maryland (State),W MONTGOMERY AVE,Municipality,ADCLARE RD,,ROCKVILLE,,SAME DIR REAR END,CLEAR,WET,DAYLIGHT,PERSON,NONE DETECTED,,B7C3540E-2478-4CF4-A894-3F740BAD2F3B,No,NO APPARENT INJURY,"N/A, WET",NOT DISTRACTED,TX,F824B111-0D8C-4EEA-8F45-BDB4C00F799F,FUNCTIONAL,(SPORT) UTILITY VEHICLE,STOPPED IN TRAFFIC LANE,39.08577,-77.16950167,"(39.08577, -77.16950167)"
MCP26780015,16031659,Montgomery County Police,Injury Crash,06/22/2016 10:51:00 PM,County,BEL PRE RD,Other Public Roadway,BEL PRE DR,,N/A,,STRAIGHT MOVEMENT ANGLE,CLEAR,DRY,DARK LIGHTS ON,STOP SIGN,NONE DETECTED,,68A9809A-62E7-43F8-BFB6-2258E4AC1BAF,Yes,SUSPECTED MINOR INJURY,N/A,LOOKED BUT DID NOT SEE,MD,F850C285-2CE1-4498-BD7E-048A124E8A0C,DISABLING,PASSENGER CAR,ENTERING TRAFFIC LANE,39.09049167,-77.05162667,"(39.09049167, -77.05162667)"
MCP3016000Q,16018645,Montgomery County Police,Property Damage Crash,04/15/2016 04:10:00 PM,,,,,"PARKING LOT OF 14650 ROTHGEB DR., ROCKVILLE, MD",,,OTHER,CLEAR,,DUSK,N/A,UNKNOWN,,FB21A12A-F891-4213-A371-D3938CBC4F33,Yes,NO APPARENT INJURY,N/A,UNKNOWN,,C7695BE8-EEAD-4812-8932-6741807BE3E1,UNKNOWN,PASSENGER CAR,STARTING FROM PARKED,39.16608667,-77.28748833,"(39.16608667, -77.28748833)"
MCP28300037,170517976,Montgomery County Police,Property Damage Crash,07/08/2017 12:50:00 PM,Maryland (State),OLNEY LAYTONSVILLE RD,Unknown,ENT TO SHOPPING CENTER,,N/A,,STRAIGHT MOVEMENT ANGLE,CLEAR,DRY,DAYLIGHT,NO CONTROLS,NONE DETECTED,,D5A69924-FD13-4388-AC8A-894F64003108,No,NO APPARENT INJURY,N/A,NOT DISTRACTED,MD,AAD5DC82-5F33-4773-85E5-A88CC51B1E81,SUPERFICIAL,(SPORT) UTILITY VEHICLE,MOVING CONSTANT SPEED,39.15361,-77.06788833,"(39.15361, -77.06788833)"
MCP21180006,170515774,Montgomery County Police,Property Damage Crash,06/26/2017 03:40:00 AM,County,GATEWAY CENTER DR,Other Public Roadway,SHAWNEE LA,,N/A,,SINGLE VEHICLE,CLEAR,DRY,DARK LIGHTS ON,N/A,N/A,,5AB667DC-90B1-4511-B555-ECB9D69BC915,Yes,NO APPARENT INJURY,N/A,NOT DISTRACTED,,3D0F544B-8563-4FE1-AE0E-0DC538481EA9,DISABLING,PASSENGER CAR,MOVING CONSTANT SPEED,39.231,-77.28077833,"(39.231, -77.28077833)"
MCP28470018,16000499,Montgomery County Police,Property Damage Crash,01/04/2016 12:15:00 AM,Maryland (State),CONNECTICUT AVE,County,ASPEN HILL RD,,N/A,,SINGLE VEHICLE,CLEAR,DRY,DARK LIGHTS ON,TRAFFIC SIGNAL,NONE DETECTED,,A864C87C-288F-4B6F-A944-9A5D40ABE772,Yes,NO APPARENT INJURY,N/A,NOT DISTRACTED,MD,824D0D24-89DC-4E1E-A18D-ACD85E6CEEEE,DISABLING,PASSENGER CAR,MOVING CONSTANT SPEED,39.08025627,-77.08049521,"(39.08025627, -77.08049521)"
MCP2906000M,15005230,Montgomery County Police,Property Damage Crash,02/02/2015 01:04:00 AM,Maryland (State),CLOPPER RD,Municipality,FIRSTFIELD RD,,GAITHERSBURG,,STRAIGHT MOVEMENT ANGLE,WINTRY MIX,WET,DARK LIGHTS ON,N/A,NONE DETECTED,,6CE32DC2-7B78-43F7-8C5C-8D049DD46654,No,NO APPARENT INJURY,"N/A, RAIN, SNOW",UNKNOWN,MD,BCC36D49-DCFB-4EAE-B1AB-7BB786BA6D68,SUPERFICIAL,PASSENGER CAR,MOVING CONSTANT SPEED,39.14383267,-77.22331882,"(39.14383267, -77.22331882)"
MCP2348000P,15006945,Montgomery County Police,Injury Crash,02/11/2015 01:45:00 PM,Maryland (State),GEORGIA AVE,County,ARCOLA AVE,,N/A,,SAME DIR REAR END,CLEAR,DRY,DAYLIGHT,TRAFFIC SIGNAL,NONE DETECTED,,813FB226-EF37-417E-9C8E-D2A39BB578C9,No,NO APPARENT INJURY,N/A,NOT DISTRACTED,MD,6328C96A-D1DE-42A7-A9F9-C59EFFC9DD73,SUPERFICIAL,PASSENGER CAR,STOPPED IN TRAFFIC LANE,39.04679667,-77.051895,"(39.04679667, -77.051895)"
EJ7856001R,16043979,Gaithersburg Police Depar,Property Damage Crash,08/29/2016 12:01:00 PM,,,,,"PARKING LOT OF FESTIVAL SHOPPING CENTER
385 MUDDY BRANCH ROAD
GAITHERSBURG, MD 20878",,,ANGLE MEETS RIGHT TURN,CLEAR,,DAYLIGHT,STOP SIGN,N/A,,483567ED-2EF3-458C-BC75-8A2D6BBD1E5A,No,NO APPARENT INJURY,N/A,NOT DISTRACTED,MD,57410ECD-0E83-4447-BE54-A589E0EE392B,FUNCTIONAL,PASSENGER CAR,SLOWING OR STOPPING,39.12856167,-77.20655167,"(39.12856167, -77.20655167)"
MCP1048000R,15004218,Montgomery County Police,Property Damage Crash,01/26/2015 06:02:00 PM,Maryland (State),HUNGERFORD DR,Municipality,COLLEGE PKWY,,ROCKVILLE,,SAME DIR REAR END,WINTRY MIX,WET,DARK LIGHTS ON,NO CONTROLS,NONE DETECTED,,7F2EA713-0C75-45E7-8A7A-9986CFE00312,No,NO APPARENT INJURY,"ICY OR SNOW-COVERED, RAIN, SNOW",NOT DISTRACTED,MD,D40541FD-BBED-4071-8751-2511D6ECBB19,SUPERFICIAL,OTHER BUS,STOPPED IN TRAFFIC LANE,39.20427167,-77.24761333,"(39.20427167, -77.24761333)"
MCP2638000K,15005202,Montgomery County Police,Property Damage Crash,02/01/2015 06:31:00 PM,Maryland (State),CONNECTICUT AVE,County,ATHERTON DR,,N/A,,STRAIGHT MOVEMENT ANGLE,CLEAR,DRY,DARK LIGHTS ON,STOP SIGN,N/A,,3ACDB099-D575-45A2-B05F-F89EEECD7860,Yes,NO APPARENT INJURY,N/A,NOT DISTRACTED,MD,FF47D412-B37F-4424-8E2B-4D5251C17D6E,DISABLING,PASSENGER CAR,MOVING CONSTANT SPEED,39.06720167,-77.07492333,"(39.06720167, -77.07492333)"
MCP23110015,15057447,MONTGOMERY,Property Damage Crash,11/10/2015 10:43:00 PM,County,GOSHEN RD,County,GOSHEN MILL CT,,N/A,,OPPOSITE DIRECTION SIDESWIPE,RAINING,WET,DARK NO LIGHTS,NO CONTROLS,N/A,,F54D4DFE-38BF-4E0C-A05F-89B2D45940CF,No,NO APPARENT INJURY,"RAIN, SNOW, WET",NOT DISTRACTED,MD,F5F015B9-A506-48CD-A6CA-3BE7DA27592A,FUNCTIONAL,PASSENGER CAR,MOVING CONSTANT SPEED,39.20206167,-77.184455,"(39.20206167, -77.184455)"
MCP27730015,15008554,Montgomery County Police,Property Damage Crash,02/22/2015 06:48:00 AM,County,WESSEX RD,Unknown,SPUR TO SLIGO AVE,,N/A,,OTHER,WINTRY MIX,WET,DARK LIGHTS ON,TRAFFIC SIGNAL,NONE DETECTED,,D83383E2-5663-49C7-B808-BB5DB4E07BEC,Yes,NO APPARENT INJURY,"ICY OR SNOW-COVERED, N/A, WET",LOOKED BUT DID NOT SEE,MD,8BAA9CBB-1E26-4813-8C9C-5B2FCAE92028,NO DAMAGE,"OTHER LIGHT TRUCKS (10,000LBS (4,536KG) OR LESS)",BACKING,38.99149333,-77.01003,"(38.99149333, -77.01003)"
MCP11510065,170500122,Montgomery County Police,Injury Crash,04/03/2017 07:11:00 AM,Maryland (State),WOODFIELD RD,County,WOODFIELD SCHOOL RD,,N/A,,SAME DIR REAR END,CLEAR,DRY,DAYLIGHT,N/A,NONE DETECTED,,7A6BE04F-493D-4DC4-B2E4-252FD2B3911E,No,NO APPARENT INJURY,N/A,NOT DISTRACTED,MD,86E42E82-E28C-4036-B146-65340447566F,FUNCTIONAL,PASSENGER CAR,STOPPED IN TRAFFIC LANE,39.24819333,-77.19237667,"(39.24819333, -77.19237667)"
MCP2703001L,170527200,Montgomery County Police,Property Damage Crash,08/27/2017 05:41:00 PM,Other Public Roadway,CALVERTON BLVD,County,CHERRY HILL RD,,N/A,,HEAD ON,CLEAR,DRY,DAYLIGHT,TRAFFIC SIGNAL,N/A,,49FEB8E5-1419-43CD-BFD0-C140CA0B6582,No,NO APPARENT INJURY,N/A,NOT DISTRACTED,MD,9F3834C0-54FD-4B32-B5AC-CCD8D5550055,FUNCTIONAL,PASSENGER CAR,STOPPED IN TRAFFIC LANE,39.056265,-76.95375833,"(39.056265, -76.95375833)"
MCP25360019,170513332,Montgomery County Police,Injury Crash,06/13/2017 12:53:00 AM,Maryland (State),UNIVERSITY BLVD W,County,BRUNETT AVE,,N/A,,SINGLE VEHICLE,N/A,DRY,DARK LIGHTS ON,NO CONTROLS,NONE DETECTED,,19AF8DF6-BBF6-4452-9C65-AC2DE118F266,Yes,NO APPARENT INJURY,"N/A, V WIPERS|W OTHER ENVIRONMENTAL",LOOKED BUT DID NOT SEE,PA,CEF2CEDD-2FF4-4149-AAF3-FD1424C1A264,DISABLING,PASSENGER CAR,ACCELERATING,39.02299167,-77.01680833,"(39.02299167, -77.01680833)"