Report Number,Local Case Number,Agency Name,ACRS Report Type,Crash Date/Time,Route Type,Road Name,Cross-Street Type,Cross-Street Name,Off-Road Description,Municipality,Related Non-Motorist,Collision Type,Weather,Surface Condition,Light,Traffic Control,Driver Substance Abuse,Non-Motorist Substance Abuse,Person ID,Driver At Fault,Injury Severity,Circumstance,Driver Distracted By,Drivers License State,Vehicle ID,Vehicle Damage Extent,Vehicle Body Type,Vehicle Movement,Latitude,Longitude,Location
MCP2945000H,15031339,MONTGOMERY,Property Damage Crash,06/27/2015 12:07:00 AM,County,TRIANGLE LA,County,REEDIE DR,,N/A,,OTHER,CLEAR,WET,DARK LIGHTS ON,OTHER,NONE DETECTED,,621F1072-5DCB-4740-BEBB-D4CC8F23F62E,Yes,NO APPARENT INJURY,N/A,NOT DISTRACTED,MD,BE7E730D-48A9-44C2-8F25-D52F5C80BD94,SUPERFICIAL,PASSENGER CAR,STARTING FROM PARKED,39.03910091,-77.05175132,"(39.03910091, -77.05175132)"
MCP28480033,16033490,Montgomery County Police,Injury Crash,07/02/2016 07:57:00 AM,County,MACARTHUR BLVD,County,TOMLINSON AVE,,N/A,BICYCLIST,HEAD ON LEFT TURN,CLEAR,N/A,DAYLIGHT,NO CONTROLS,NONE DETECTED,NONE DETECTED,83903A7B-38B5-4CB7-882D-88288F6453BE,Yes,NO APPARENT INJURY,N/A,LOOKED BUT DID NOT SEE,MD,3C5AEDC8-E5F8-4EA4-B3DC-4E44E7650819,SUPERFICIAL,PASSENGER CAR,MAKING LEFT TURN,38.97353333,-77.15563,"(38.97353333, -77.15563)"
EJ7853000Y,15040605,GAITHERSBURG,Property Damage Crash,08/14/2015 03:26:00 PM,,,,,"Parking lot of 8949 N. Westland Dr. Gaithersburg, Maryland , 208771 (7eleven store)",,,OTHER,CLEAR,,DAYLIGHT,NO CONTROLS,NONE DETECTED,,C762408A-CFE1-4B79-B96D-570DD8CDC627,No,NO APPARENT INJURY,N/A,NOT DISTRACTED,MD,2D79BB8D-81C5-4AE9-BBAD-49319B63D647,SUPERFICIAL,PASSENGER CAR,BACKING,39.12798,-77.183885,"(39.12798, -77.183885)"
MCP20400004,15002303,Montgomery County Police,Injury Crash,01/15/2015 08:44:00 AM,Maryland (State),DARNESTOWN RD,County,JERUSALEM RD,,N/A,,SINGLE VEHICLE,CLEAR,ICE,DAYLIGHT,N/A,NONE DETECTED,,9BEB2F37-C9A0-4CBF-8047-FC4C3138C9B3,Yes,SUSPECTED MINOR INJURY,"ICY OR SNOW-COVERED, N/A",INATTENTIVE OR LOST IN THOUGHT,MD,668BCBA6-3F85-4AF0-9ABC-A1E81DCD3930,DISABLING,PASSENGER CAR,MOVING CONSTANT SPEED,39.17463167,-77.40468333,"(39.17463167, -77.40468333)"
MCP2724000B,15004302,Montgomery County Police,Property Damage Crash,01/27/2015 11:25:00 AM,County,CARROLL AVE,Maryland (State),PINEY BRANCH RD,,N/A,,OTHER,CLOUDY,WET,DAYLIGHT,N/A,N/A,,E1B7851A-2911-491D-8E69-8D8F4EEC89E2,Yes,NO APPARENT INJURY,"N/A, WET",OTHER DISTRACTION,MD,187BF42F-F8E1-4F96-AAEC-6A3267EAE358,FUNCTIONAL,PASSENGER CAR,MAKING LEFT TURN,38.99890833,-76.99076167,"(38.99890833, -76.99076167)"
MCP2902001C,16038555,Montgomery County Police,Injury Crash,07/30/2016 12:07:00 PM,Maryland (State),FREDERICK RD,County,OXBRIDGE DR,,N/A,,SAME DIR REAR END,CLEAR,DRY,DAYLIGHT,NO CONTROLS,N/A,,29B77AC3-750D-40EC-9EB3-F489E5F49246,No,NO APPARENT INJURY,N/A,NOT DISTRACTED,MD,C458BC9A-89E6-478C-AC7B-A57CE12E2A4E,FUNCTIONAL,STATION WAGON,MOVING CONSTANT SPEED,39.18998,-77.24153,"(39.18998, -77.24153)"
EJ78560017,16011319,Gaithersburg Police Depar,Property Damage Crash,03/07/2016 02:45:00 PM,,,,,RITE AIDE PARKING LOT AT 662 QUINCE ORCHARD ROAD,,,OTHER,CLEAR,,DAYLIGHT,N/A,N/A,,CA1B9F93-ADE2-43C1-B8D8-784451043B87,Yes,NO APPARENT INJURY,N/A,UNKNOWN,,2726DAC6-07BA-4BDC-9105-CE888AE7E556,SUPERFICIAL,(SPORT) UTILITY VEHICLE,BACKING,39.14166167,-77.22187667,"(39.14166167, -77.22187667)"
MCP2975000T,15052815,MONTGOMERY,Injury Crash,10/17/2015 11:30:00 PM,County,GOOD HOPE RD,County,CAPE MAY RD,,N/A,,HEAD ON,CLEAR,DRY,DARK LIGHTS ON,OTHER,NONE DETECTED,,98F7F065-4C04-4077-8CB4-47AFD2A3B40E,Yes,SUSPECTED MINOR INJURY,N/A,UNKNOWN,MD,AE3DD661-1111-47A8-BF39-31C7EEE12EA5,DISABLING,PASSENGER CAR,MOVING CONSTANT SPEED,39.093365,-76.99624167,"(39.093365, -76.99624167)"
MCP2848003B,16045732,Montgomery County Police,Property Damage Crash,09/07/2016 09:46:00 AM,Municipality,TAYLOR ST,Municipality,DELFIELD ST #2,,MATINS ADDITION,,SINGLE VEHICLE,CLEAR,DRY,DAYLIGHT,STOP SIGN,NONE DETECTED,,2698D960-D209-4602-9A41-FC8BE02B90C4,Yes,NO APPARENT INJURY,N/A,NOT DISTRACTED,MD,865277FF-EE17-4061-9668-90221643CF62,SUPERFICIAL,SCHOOL BUS,MAKING RIGHT TURN,38.98139667,-77.06877,"(38.98139667, -77.06877)"
MCP2823001J,15044413,MONTGOMERY,Property Damage Crash,09/03/2015 07:53:00 PM,County,BEL PRE RD,County,ARCTIC AVE,,N/A,,SAME DIR REAR END,CLEAR,DRY,DUSK,NO CONTROLS,NONE DETECTED,,FF4101B0-C242-49BD-96F3-77C8603487DF,Yes,NO APPARENT INJURY,N/A,LOOKED BUT DID NOT SEE,MD,A16998E0-AF23-4406-A599-4BD3C0A2892C,FUNCTIONAL,PASSENGER CAR,SLOWING OR STOPPING,39.09486667,-77.091095,"(39.09486667, -77.091095)"
DD5520000D,15060053,ROCKVILLE,Property Damage Crash,11/24/2015 12:14:00 PM,Maryland (State),VEIRS MILL RD,Municipality,GAIL AVE,,ROCKVILLE,,SAME DIR REAR END,CLEAR,DRY,DAYLIGHT,NO CONTROLS,N/A,,5642A54D-B38C-4CA0-9D32-725144BFD090,Yes,NO APPARENT INJURY,N/A,UNKNOWN,MD,6244BBC9-7F04-4CF7-A607-D3B9E4211803,FUNCTIONAL,UNKNOWN,MOVING CONSTANT SPEED,39.079355,-77.135735,"(39.079355, -77.135735)"
MCP3021000D,17010752,Montgomery County Police,Property Damage Crash,02/27/2017 07:20:00 PM,County,13TH ST,US (State),GEORGIA AVE,,N/A,,SAME DIRECTION RIGHT TURN,CLEAR,DRY,DARK LIGHTS ON,NO CONTROLS,N/A,,12268975-BA5C-44FB-B366-AFCAD2E0C0A6,Yes,NO APPARENT INJURY,N/A,UNKNOWN,,CBEF0953-15A0-4A30-B0AA-7EF0637DEE16,UNKNOWN,PASSENGER CAR,MOVING CONSTANT SPEED,38.987298,-77.02732846,"(38.987298, -77.02732846)"
MCP3022000F,17012956,Montgomery County Police,Property Damage Crash,03/12/2017 11:30:00 AM,,,,,"PARKING LOT OF PRIVATE RESIDENCE 16421 BLACK ROCK RD, GERMANTOWN MD 20874",,,SINGLE VEHICLE,CLEAR,,DAYLIGHT,N/A,N/A,,64266333-02E3-41C6-BBA9-6AE9B7B93AB2,Yes,NO APPARENT INJURY,N/A,NOT DISTRACTED,MD,7F3B4C1C-28EB-4AEE-A7C2-53566A0E100C,FUNCTIONAL,POLICE VEHICLE/EMERGENCY,BACKING,39.12606532,-77.3137629,"(39.12606532, -77.3137629)"
MCP1378008V,15060297,MONTGOMERY,Injury Crash,11/25/2015 02:02:00 PM,Maryland (State),WOODFIELD RD,Unknown,ENT TO SHOPPING CENTER,,N/A,,SAME DIR REAR END,CLEAR,DRY,DAYLIGHT,NO CONTROLS,NONE DETECTED,,6859A071-F251-4068-8858-FD6D92D2E1FD,Yes,NO APPARENT INJURY,N/A,EATING OR DRINKING,MD,23955027-3FFE-4CAD-A639-01C0575C0E2A,DISABLING,(SPORT) UTILITY VEHICLE,SLOWING OR STOPPING,39.15544976,-77.16717213,"(39.15544976, -77.16717213)"
MCP2736003J,16024012,Montgomery County Police,Property Damage Crash,05/14/2016 04:32:00 PM,,,,,PARKING LOT OF 5505 NICHOLSON LANE,,,OPPOSITE DIRECTION SIDESWIPE,RAINING,,DAYLIGHT,NO CONTROLS,NONE DETECTED,,35805C14-0A85-4198-AE2D-2E67ECF07F3F,No,NO APPARENT INJURY,"RAIN, SNOW, WET",NOT DISTRACTED,MD,A00697AF-1BC3-4DCF-850C-6EC1FDC1EBA2,FUNCTIONAL,PASSENGER CAR,STOPPED IN TRAFFIC LANE,39.04609833,-77.104195,"(39.04609833, -77.104195)"
MCP27850010,15058603,MONTGOMERY,Property Damage Crash,11/17/2015 07:02:00 AM,US (State),COLUMBIA PIKE,County,FAIRLAND RD,,N/A,,SAME DIR REAR END,CLEAR,DRY,DAWN,N/A,N/A,,E64298D2-3C90-405A-9B5F-5A7E89EB2ACC,No,NO APPARENT INJURY,N/A,NOT DISTRACTED,MD,3F9F63E7-0E9D-40A3-A067-F64DD69EDA08,FUNCTIONAL,(SPORT) UTILITY VEHICLE,STOPPED IN TRAFFIC LANE,39.045425,-76.99073667,"(39.045425, -76.99073667)"
MCP2861002P,170515576,Montgomery County Police,Property Damage Crash,06/24/2017 04:51:00 PM,County,DEMOCRACY BLVD,County,BELLS MILL RD,,N/A,,SAME DIR REAR END,CLEAR,DRY,DAYLIGHT,NO CONTROLS,NONE DETECTED,,67E8A67F-736B-4955-A6ED-70425D0695AA,No,NO APPARENT INJURY,N/A,NOT DISTRACTED,MD,CE5E0868-7E50-4D07-9FE5-E1788C45E2A4,SUPERFICIAL,PASSENGER CAR,STOPPED IN TRAFFIC LANE,39.02324833,-77.15794667,"(39.02324833, -77.15794667)"
MCP2875002P,170504034,Montgomery County Police,Injury Crash,04/25/2017 05:23:00 AM,Maryland (State),CLOPPER RD,County,STEEPLE RD,,N/A,,STRAIGHT MOVEMENT ANGLE,CLEAR,WET,DARK LIGHTS ON,STOP SIGN,NONE DETECTED,,9F66F3D4-4B29-4C7D-B28D-458874FC5E8C,No,POSSIBLE INJURY,"N/A, WET",NOT DISTRACTED,NJ,2BCEC5AE-26E0-443D-B45A-25177B489E37,DESTROYED,PASSENGER CAR,MOVING CONSTANT SPEED,39.17177167,-77.29811333,"(39.17177167, -77.29811333)"
MCP23450009,16064689,Montgomery County Police,Injury Crash,12/17/2016 05:15:00 AM,Maryland (State),DARNESTOWN RD,Maryland (State),SENECA RD,,N/A,,SINGLE VEHICLE,WINTRY MIX,ICE,DARK LIGHTS ON,NO CONTROLS,N/A,,96C09AF7-0795-4120-B9C5-B83807AE031D,Yes,POSSIBLE INJURY,"ICY OR SNOW-COVERED, RAIN, SNOW",NOT DISTRACTED,MD,15CFED22-F92F-4590-AD35-70C87FDA9E38,DISABLING,PASSENGER CAR,MOVING CONSTANT SPEED,39.10289667,-77.29002833,"(39.10289667, -77.29002833)"
MCP2358001L,15056327,Montgomery County Police,Property Damage Crash,11/05/2015 09:00:00 AM,Maryland (State),RIVER RD,Other Public Roadway,CARDEROCK SPRINGS DR,,N/A,,SAME DIR REAR END,FOGGY,WET,DAYLIGHT,NO CONTROLS,NONE DETECTED,,D9AA2F98-67FC-453F-9FF7-BD50E418E616,Yes,NO APPARENT INJURY,"N/A, WET",NOT DISTRACTED,ME,D0D243B7-4E9A-4603-A92C-2AD407D5E4B4,FUNCTIONAL,PASSENGER CAR,MOVING CONSTANT SPEED,38.99717833,-77.169635,"(38.99717833, -77.169635)"
MCP1213000W,15053058,MONTGOMERY,Property Damage Crash,10/19/2015 04:31:00 PM,County,CAVENDISH DR,County,SWINGINGDALE DR,,N/A,,SINGLE VEHICLE,CLEAR,DRY,DAYLIGHT,NO CONTROLS,NONE DETECTED,,611949D1-FDDA-4A77-A038-6806A2CE93EE,Yes,NO APPARENT INJURY,N/A,NOT DISTRACTED,MD,A060354B-D987-4FC8-9774-041E5FF1F3B1,SUPERFICIAL,SCHOOL BUS,MAKING LEFT TURN,39.06420667,-76.99470333,"(39.06420667, -76.99470333)"
MCP2746001K,16035933,Montgomery County Police,Property Damage Crash,07/15/2016 06:32:00 PM,County,BEL PRE RD,County,GRAND PRE RD,,N/A,,SAME DIR REAR END,CLEAR,DRY,DAYLIGHT,NO CONTROLS,NONE DETECTED,,1FFB1668-AEF2-4979-9EB4-F8C81FD78D2F,No,NO APPARENT INJURY,N/A,NOT DISTRACTED,MD,6A229F83-A8E3-4FA3-B213-CAFF3C2209E5,SUPERFICIAL,PASSENGER CAR,SLOWING OR STOPPING,39.09367333,-77.075885,"(39.09367333, -77.075885)"
MCP1575004R,170503183,Montgomery County Police,Property Damage Crash,04/20/2017 04:47:00 PM,County,SHADY GROVE RD,County,BRIARDALE RD,,N/A,,SAME DIR REAR END,CLEAR,DRY,DAYLIGHT,NO CONTROLS,NONE DETECTED,,9CDAD8DE-D429-47B4-9E65-1FDD4BC22237,Yes,NO APPARENT INJURY,N/A,NOT DISTRACTED,MD,20AD14C6-CD6D-4E9C-BC68-B006B35568EE,DISABLING,PASSENGER CAR,ACCELERATING,39.13185167,-77.16002333,"(39.13185167, -77.16002333)"
MCP24720020,16040544,Montgomery County Police,Property Damage Crash,08/10/2016 02:42:00 PM,County,PARKLAWN DR,Other Public Roadway,PARKLAWN TERR,,N/A,,SAME DIRECTION LEFT TURN,CLEAR,DRY,DAYLIGHT,NO CONTROLS,NONE DETECTED,,B4A8F97E-2A79-4E00-8CB2-8781FFEDE7C6,No,NO APPARENT INJURY,N/A,NOT DISTRACTED,MD,1E53C3D3-FCB8-4074-95BC-234D6D7157D8,DISABLING,(SPORT) UTILITY VEHICLE,MOVING CONSTANT SPEED,39.05188333,-77.10621833,"(39.05188333, -77.10621833)"
MCP0672000B,16017470,Montgomery County Police,Property Damage Crash,04/10/2016 03:43:00 AM,County,MONTGOMERY VILLAGE AVE,County,CLUB HOUSE RD,,N/A,,STRAIGHT MOVEMENT ANGLE,CLEAR,DRY,DARK LIGHTS ON,FLASHING TRAFFIC SIGNAL,NONE DETECTED,,30C6481E-0E18-44EE-ABD6-4A3AAA08CF9D,No,NO APPARENT INJURY,N/A,NOT DISTRACTED,MD,86BB906B-5F74-41A9-AE0B-F06514CA1835,DISABLING,PASSENGER CAR,MOVING CONSTANT SPEED,39.17583333,-77.20335833,"(39.17583333, -77.20335833)"
MCP3007000H,16004097,Montgomery County Police,Property Damage Crash,01/24/2016 07:42:00 PM,County,WELLER RD,Maryland (State),CONNECTICUT AVE,,N/A,,STRAIGHT MOVEMENT ANGLE,N/A,SLUSH,DARK -- UNKNOWN LIGHTING,TRAFFIC SIGNAL,NONE DETECTED,,4E3EC731-D6FC-4196-978B-47049041FC6C,Yes,NO APPARENT INJURY,"ICY OR SNOW-COVERED, N/A",LOOKED BUT DID NOT SEE,MD,B79A8094-82CA-470A-9BA0-9F55776B01C0,SUPERFICIAL,PASSENGER CAR,MOVING CONSTANT SPEED,39.06329031,-77.07338467,"(39.06329031, -77.07338467)"
MCP14380043,17005431,Montgomery County Police,Property Damage Crash,01/31/2017 03:52:00 PM,County,SAM EIG HWY,Maryland (State),GREAT SENECA HWY,,N/A,,SAME DIR REAR END,CLEAR,DRY,DAYLIGHT,TRAFFIC SIGNAL,NONE DETECTED,,9D2F333C-EA1F-4B32-9AAB-53EA17992C4F,No,NO APPARENT INJURY,N/A,NOT DISTRACTED,MD,393D84F7-6DC9-49A9-9C51-40997CA91F7C,FUNCTIONAL,VAN,SLOWING OR STOPPING,39.11116667,-77.21131333,"(39.11116667, -77.21131333)"
EJ7829001S,15063713,GAITHERSBURG,Property Damage Crash,12/13/2015 04:04:00 PM,,,,,parking lot of 880 Russell Ave.,,,OTHER,CLEAR,,DAYLIGHT,NO CONTROLS,NONE DETECTED,,352EC234-C11D-4FA7-8C76-E7D7B5D3BAFC,No,NO APPARENT INJURY,N/A,NOT DISTRACTED,MD,8D283953-FE10-4E9B-8182-38D59CD12136,SUPERFICIAL,ALL TERRAIN VEHICLE (ATV),PARKED,39.13432125,-77.11853027,"(39.13432125, -77.11853027)"
MCP06170004,16007741,Montgomery County Police,Injury Crash,02/16/2016 06:14:00 AM,Maryland (State),NORBECK RD,Unknown,NORBECK BLVD,,N/A,,SINGLE VEHICLE,WINTRY MIX,SLUSH,DARK LIGHTS ON,N/A,N/A,,AA0900F2-4C90-47A7-96C6-C49E44B9E800,Yes,SUSPECTED MINOR INJURY,"ICY OR SNOW-COVERED, SLEET, HAIL, FREEZ. RAIN",NOT DISTRACTED,MD,211A9488-07BA-468B-B769-DFB05CAF767B,DISABLING,PASSENGER CAR,MOVING CONSTANT SPEED,39.08399,-77.07804833,"(39.08399, -77.07804833)"
MCP2214000K,16000958,Montgomery County Police,Injury Crash,01/06/2016 02:11:00 PM,Maryland (State),RIDGE RD,County,HIGHVIEW AVE,,N/A,,SINGLE VEHICLE,CLEAR,DRY,DAYLIGHT,N/A,NONE DETECTED,,AF001D1C-0B60-4D58-B120-DACEB95357BC,Yes,POSSIBLE INJURY,N/A,NOT DISTRACTED,MD,A460630A-12FF-4A7D-8158-3F45B2BFBC42,DISABLING,PASSENGER CAR,MOVING CONSTANT SPEED,39.29541333,-77.20435167,"(39.29541333, -77.20435167)"
MCP27240012,16016931,Montgomery County Police,Property Damage Crash,04/07/2016 11:20:00 AM,Maryland (State),UNIVERSITY BLVD E,County,PATTON DR,,N/A,,SAME DIRECTION SIDESWIPE,RAINING,WATER(STANDING/MOVING),OTHER,N/A,N/A,,AF7A5D37-57D8-4BB6-9FE4-A244A59F07E9,No,NO APPARENT INJURY,"SLEET, HAIL, FREEZ. RAIN, WET",NOT DISTRACTED,PA,160C81C0-9B48-4A70-8AB7-1A8820215BC0,NO DAMAGE,TRUCK TRACTOR,MOVING CONSTANT SPEED,39.00263667,-76.99567333,"(39.00263667, -76.99567333)"
MCP30170004,16033775,Montgomery County Police,Property Damage Crash,07/04/2016 04:31:00 AM,Interstate (State),EISENHOWER MEMORIAL HWY,County,MUDDY BRANCH RD,,N/A,,SAME DIR REAR END,CLOUDY,DRY,DARK LIGHTS ON,NO CONTROLS,NONE DETECTED,,465B7E7A-8CBE-41E5-BEB6-43F34DF8537E,Yes,NO APPARENT INJURY,N/A,UNKNOWN,MD,903710C1-EF0D-454B-AF77-28275D7E951B,FUNCTIONAL,PASSENGER CAR,BACKING,39.13435,-77.209195,"(39.13435, -77.209195)"
MCP2726000Z,16008818,Montgomery County Police,Property Damage Crash,02/22/2016 09:33:00 AM,County,RANDOLPH RD,County,PARKLAWN DR,,N/A,,STRAIGHT MOVEMENT ANGLE,CLEAR,DRY,DAYLIGHT,TRAFFIC SIGNAL,N/A,,F1EDDB61-B8A7-4105-9C6F-46140400AD19,Yes,NO APPARENT INJURY,N/A,OTHER DISTRACTION,MD,6C5013E9-3C99-4DB7-91AC-A79B7C86E9F8,FUNCTIONAL,PASSENGER CAR,MOVING CONSTANT SPEED,39.0535014,-77.1067822,"(39.0535014, -77.1067822)"
MCP27990029,17004573,Montgomery County Police,Injury Crash,01/26/2017 04:00:00 PM,Maryland (State),OLNEY SANDY SPRING RD,County,PRINCE PHILIP DR,,N/A,,STRAIGHT MOVEMENT ANGLE,CLEAR,DRY,DAYLIGHT,TRAFFIC SIGNAL,NONE DETECTED,,E518F261-D911-4BE8-B831-6BD4451A1B59,No,NO APPARENT INJURY,N/A,NOT DISTRACTED,MD,F0BBCECB-9BD2-4830-BD92-A2399EF055D7,SUPERFICIAL,AMBULANCE/EMERGENCY,MOVING CONSTANT SPEED,39.14958634,-77.05799952,"(39.14958634, -77.05799952)"
MCP14380022,16013970,MONTGOMERY,Injury Crash,03/22/2016 08:38:00 AM,County,SNOUFFERS SCHOOL RD,County,CENTERWAY RD,,N/A,,SAME DIR REAR END,CLEAR,DRY,DAYLIGHT,TRAFFIC SIGNAL,NONE DETECTED,,8E11A4BB-41B2-4D77-B48D-8BF7700414A8,No,POSSIBLE INJURY,N/A,NOT DISTRACTED,MD,8A2F8605-F520-48D5-95D7-806A68B6C5DB,DISABLING,PASSENGER CAR,STOPPED IN TRAFFIC LANE,39.16998167,-77.17687833,"(39.16998167, -77.17687833)"
MCP2456000Q,15039929,MONTGOMERY,Injury Crash,08/11/2015 09:46:00 AM,Maryland (State),NEW HAMPSHIRE AVE,County,NORTHAMPTON DR,,N/A,,HEAD ON LEFT TURN,CLEAR,DRY,DAYLIGHT,TRAFFIC SIGNAL,N/A,,2EE8B083-CBBD-491C-A399-5E7B4FDD0B28,No,SUSPECTED MINOR INJURY,N/A,NOT DISTRACTED,MD,C271523F-CFC0-4C4C-B1F4-9BC2D28A8FA7,DISABLING,PASSENGER CAR,MOVING CONSTANT SPEED,39.00474667,-77.000305,"(39.00474667, -77.000305)"
MCP26170034,17008258,Montgomery County Police,Property Damage Crash,02/15/2017 03:59:00 PM,Maryland (State),ROCKVILLE PIKE,County,POOKS HILL RD,,N/A,,SAME DIR REAR END,CLEAR,DRY,DAYLIGHT,NO CONTROLS,NONE DETECTED,,25736391-642F-4AFE-A87F-0E9BBF8D5D38,No,NO APPARENT INJURY,"DEBRIS OR OBSTRUCTION, N/A",NOT DISTRACTED,MD,9C9EFE52-FDB8-434C-A6A2-059AB109537E,FUNCTIONAL,PASSENGER CAR,SLOWING OR STOPPING,39.01416833,-77.09921167,"(39.01416833, -77.09921167)"
MCP1417002R,15008132,Montgomery County Police,Injury Crash,02/19/2015 09:00:00 AM,County,SHADY GROVE RD,County,BRIARDALE RD,,N/A,,SINGLE VEHICLE,CLEAR,OTHER,DAYLIGHT,NO CONTROLS,NONE DETECTED,,820611CC-1505-424E-B454-14B6C84888B4,Yes,SUSPECTED MINOR INJURY,N/A,UNKNOWN,MD,B5F9DCDD-5A92-4298-B572-4A35E4BB0990,DISABLING,PASSENGER CAR,CHANGING LANES,39.134987,-77.15661764,"(39.134987, -77.15661764)"
MCP25310009,15047895,MONTGOMERY,Property Damage Crash,09/21/2015 06:48:00 PM,County,MUDDY BRANCH RD,County,HARMONY HALL RD,,N/A,,HEAD ON LEFT TURN,RAINING,WET,DUSK,NO CONTROLS,N/A,,6E2F04FB-30A5-4895-BFF6-3E887E2E0A0E,Yes,NO APPARENT INJURY,"RAIN, SNOW, WET",LOOKED BUT DID NOT SEE,MD,E3424351-F24A-4D16-B8C2-8B721E450FF0,DISABLING,"OTHER LIGHT TRUCKS (10,000LBS (4,536KG) OR LESS)",ACCELERATING,39.13649,-77.20574833,"(39.13649, -77.20574833)"
MCP14330014,170512350,Montgomery County Police,Injury Crash,06/07/2017 07:10:00 PM,Maryland (State),FREDERICK RD,County,SHADY GROVE RD,,N/A,,SAME DIR REAR END,CLOUDY,DRY,DAYLIGHT,NO CONTROLS,NONE DETECTED,,A4599DDA-AD6C-4245-A282-3E4C1BFF4864,No,POSSIBLE INJURY,N/A,NOT DISTRACTED,MD,2E8FEF73-9583-4185-96EE-181B0E82F5E5,FUNCTIONAL,PASSENGER CAR,SLOWING OR STOPPING,39.12102167,-77.17528833,"(39.12102167, -77.17528833)"
EJ7839001T,16067027,Gaithersburg Police Depar,Injury Crash,12/29/2016 08:06:00 PM,County,MUDDY BRANCH RD,Maryland (State),W DIAMOND AVE,,N/A,,HEAD ON LEFT TURN,CLEAR,DRY,DARK LIGHTS ON,TRAFFIC SIGNAL,NONE DETECTED,,99C583BF-F588-43BA-948B-D312CDE0AA9D,No,NO APPARENT INJURY,N/A,NOT DISTRACTED,MD,96017AC9-F3EF-4864-B6FE-E470DC8AED9A,DISABLING,(SPORT) UTILITY VEHICLE,MOVING CONSTANT SPEED,39.14016333,-77.20499,"(39.14016333, -77.20499)"
MCP2357001V,16053572,Montgomery County Police,Injury Crash,10/18/2016 09:30:00 AM,,,,,7740 FENTON ST. PARKING GARAGE LEVEL 3,,PEDESTRIAN,OTHER,N/A,,DAYLIGHT,N/A,N/A,NONE DETECTED,707ADED9-156F-448B-A2CB-8F0E1D0AEE5C,Yes,NO APPARENT INJURY,N/A,NOT DISTRACTED,MD,38DC7E7E-2F4C-447A-90A9-AFDC75D6D1EF,NO DAMAGE,PASSENGER CAR,N/A,38.98682667,-77.02328833,"(38.98682667, -77.02328833)"
MCP1580006D,16056056,Montgomery County Police,Property Damage Crash,10/31/2016 12:35:00 PM,County,SHADY GROVE RD,Ramp,RAMP 11 FR SHADY GROVE RD SB TO RAMP 4,,N/A,,SAME DIRECTION RIGHT TURN,CLEAR,DRY,DAYLIGHT,NO CONTROLS,NONE DETECTED,,C1A724C6-DB8C-4CAD-A5A2-777EA3C7128A,Yes,NO APPARENT INJURY,N/A,UNKNOWN,MD,7C72FBF1-D1D6-425D-974D-2B2458937C49,DISABLING,PASSENGER CAR,CHANGING LANES,39.13121667,-77.16103833,"(39.13121667, -77.16103833)"
MCP2631001J,170516474,Montgomery County Police,Property Damage Crash,06/29/2017 07:16:00 AM,,,,,PARKING LOT OF 10104 RIVER RD,,,OTHER,CLEAR,,DAYLIGHT,N/A,UNKNOWN,,705ABA57-A150-4725-A16B-FAD4B408E2F1,Yes,NO APPARENT INJURY,N/A,UNKNOWN,,6EAEE866-FDF3-47FE-959A-CC875556505B,UNKNOWN,PASSENGER CAR,UNKNOWN,39.01708667,-77.20824167,"(39.01708667, -77.20824167)"
MCP2737001D,15057220,MONTGOMERY,Property Damage Crash,11/09/2015 10:52:00 PM,County,BORDLY DR,County,ABRAMS CT,,N/A,,SINGLE VEHICLE,RAINING,WET,DARK -- UNKNOWN LIGHTING,NO CONTROLS,UNKNOWN,,0B308D3E-ADF4-42E5-A481-ED90186C6BD0,Yes,NO APPARENT INJURY,"RAIN, SNOW, WET",INATTENTIVE OR LOST IN THOUGHT,MD,F4635E0C-142C-4FFA-A13A-CE038019BD2E,DESTROYED,PASSENGER CAR,UNKNOWN,39.19056394,-77.05393195,"(39.19056394, -77.05393195)"
MCP2594001Y,16047946,Montgomery County Police,Injury Crash,09/18/2016 02:36:00 PM,County,MIDLAND RD,Maryland (State),NEW HAMPSHIRE AVE,,N/A,,SAME DIRECTION SIDESWIPE,CLEAR,DRY,DAYLIGHT,NO CONTROLS,NONE DETECTED,,5D9303BC-210C-4EA4-A463-06BDE30D36B9,No,SUSPECTED MINOR INJURY,N/A,LOOKED BUT DID NOT SEE,PA,287F5A24-2C2E-4E4F-A9A3-25C9945C890D,DISABLING,PASSENGER CAR,CHANGING LANES,39.07690505,-77.00159401,"(39.07690505, -77.00159401)"
MCP2386000S,15063174,MONTGOMERY,Injury Crash,12/10/2015 05:46:00 PM,Maryland (State),PINEY BRANCH RD,County,CARROLL AVE,,N/A,,SAME DIRECTION SIDESWIPE,CLEAR,DRY,DARK LIGHTS ON,N/A,NONE DETECTED,,622F85C4-6227-4847-A7DD-071D23D3EE9E,Unknown,POSSIBLE INJURY,N/A,NOT DISTRACTED,MD,B2B91A31-9BA6-448A-B2DA-1842FA30E2B1,FUNCTIONAL,PASSENGER CAR,MOVING CONSTANT SPEED,38.99991333,-76.99015333,"(38.99991333, -76.99015333)"
MCP27960024,15044371,MONTGOMERY,Property Damage Crash,09/03/2015 04:06:00 PM,County,ASPEN HILL RD,Maryland (State),CONNECTICUT AVE,,N/A,,OTHER,CLEAR,DRY,DAYLIGHT,N/A,NONE DETECTED,,75DD479E-F334-4E11-8892-F55DB554B843,Unknown,NO APPARENT INJURY,N/A,NOT DISTRACTED,MD,B4D63FD9-A7E7-46D1-B60F-769EDBC99CA3,SUPERFICIAL,PICKUP TRUCK,STOPPED IN TRAFFIC LANE,39.079925,-77.081375,"(39.079925, -77.081375)"