Report Number,Local Case Number,Agency Name,ACRS Report Type,Crash Date/Time,Route Type,Road Name,Cross-Street Type,Cross-Street Name,Off-Road Description,Municipality,Related Non-Motorist,Collision Type,Weather,Surface Condition,Light,Traffic Control,Driver Substance Abuse,Non-Motorist Substance Abuse,Person ID,Driver At Fault,Injury Severity,Circumstance,Driver Distracted By,Drivers License State,Vehicle ID,Vehicle Damage Extent,Vehicle Body Type,Vehicle Movement,Latitude,Longitude,Location
MCP2929000Z,15045489,MONTGOMERY,Property Damage Crash,09/09/2015 09:01:00 AM,Maryland (State),OLNEY LAYTONSVILLE RD,County,OLNEY MILL RD,,N/A,,SAME DIR REAR END,CLEAR,DRY,DAYLIGHT,NO CONTROLS,NONE DETECTED,,6EB1B88A-840D-4DD7-8171-B1607E31A029,Yes,NO APPARENT INJURY,N/A,NOT DISTRACTED,MD,08EEE9E0-6757-4D82-B727-07153C573D06,DISABLING,PASSENGER CAR,SLOWING OR STOPPING,39.16638,-77.08502333,"(39.16638, -77.08502333)"
MCP2436000P,15003771,Montgomery County Police,Property Damage Crash,01/23/2015 03:40:00 PM,US (State),COLUMBIA PIKE,County,BRIGGS CHANEY RD,,N/A,,OTHER,CLEAR,DRY,DAYLIGHT,NO CONTROLS,UNKNOWN,,743288D7-F64A-41BB-BFA9-FBAFBF067D57,Yes,NO APPARENT INJURY,N/A,UNKNOWN,US,2B09C16E-06FD-43C3-B50E-154B75218F04,SUPERFICIAL,PASSENGER CAR,STARTING FROM LANE,39.085615,-76.94635167,"(39.085615, -76.94635167)"
MCP2889001R,16050824,Montgomery County Police,Injury Crash,10/03/2016 07:34:00 PM,Maryland (State),UNIVERSITY BLVD W,County,DENNIS AVE,,N/A,PEDESTRIAN,SINGLE VEHICLE,CLEAR,DRY,DARK LIGHTS ON,TRAFFIC SIGNAL,NONE DETECTED,NONE DETECTED,15B0CA6B-6CE6-4B78-9348-6C10E4C7785C,Yes,NO APPARENT INJURY,N/A,LOOKED BUT DID NOT SEE,VA,956989F6-E08D-49BC-841E-6ADEA40C21FC,FUNCTIONAL,PASSENGER CAR,MAKING LEFT TURN,39.026315,-77.02019833,"(39.026315, -77.02019833)"
DD5583002X,170525159,Rockville Police Departme,Property Damage Crash,08/16/2017 02:10:00 PM,Maryland (State),VEIRS MILL RD,Unknown,SPUR TO MD 355,,N/A,,SAME DIR REAR END,CLEAR,DRY,DAYLIGHT,YIELD SIGN,NONE DETECTED,,2A21287D-BDDF-4C54-8736-7C1AB72EABC1,No,NO APPARENT INJURY,N/A,NOT DISTRACTED,MD,630D76AB-42DF-4BF0-ABF7-2B9F6770CC4C,FUNCTIONAL,PASSENGER CAR,SLOWING OR STOPPING,39.08168317,-77.14554333,"(39.08168317, -77.14554333)"
MCP1170001K,16035888,Montgomery County Police,Injury Crash,07/15/2016 03:02:00 PM,US (State),COLUMBIA PIKE,County,STEWART LA,,N/A,,HEAD ON LEFT TURN,N/A,DRY,DAYLIGHT,TRAFFIC SIGNAL,N/A,,DDB07D13-B79F-47B1-A8DF-96AFF3812B02,No,NO APPARENT INJURY,N/A,NOT DISTRACTED,MD,64B15FF9-D8AE-4722-B7A4-4AA052274F57,DISABLING,PASSENGER CAR,MOVING CONSTANT SPEED,39.06452,-76.964505,"(39.06452, -76.964505)"
MCP0036005L,17003889,Montgomery County Police,Injury Crash,01/23/2017 06:53:00 AM,Maryland (State),RIDGE RD,County,OAK DR,,N/A,,SINGLE VEHICLE,RAINING,WET,DARK LIGHTS ON,TRAFFIC SIGNAL,NONE DETECTED,,4DDB9035-D037-464B-A15B-32B7198B59D2,Yes,SUSPECTED MINOR INJURY,"RAIN, SNOW, WET",NOT DISTRACTED,MD,D18F5ABD-22AC-4141-A0EC-7B040E307B0C,FUNCTIONAL,PASSENGER CAR,MOVING CONSTANT SPEED,39.27538765,-77.2145319,"(39.27538765, -77.2145319)"
DD5600000F,15050758,ROCKVILLE,Injury Crash,10/07/2015 07:56:00 AM,Maryland (State),ROCKVILLE PIKE,Municipality,ROLLINS AVE,,ROCKVILLE,,OTHER,CLEAR,DRY,DAYLIGHT,TRAFFIC SIGNAL,N/A,,2A315987-7771-40BA-9E08-1B9551E84FCB,No,POSSIBLE INJURY,N/A,NOT DISTRACTED,MD,D313F030-546B-4BA5-99D1-059398D39365,DISABLING,PASSENGER CAR,MOVING CONSTANT SPEED,39.05909,-77.12163833,"(39.05909, -77.12163833)"
MCP2893002G,16054463,Montgomery County Police,Property Damage Crash,10/22/2016 07:00:00 PM,Maryland (State),WOODFIELD RD,County,BRINK RD,,N/A,,HEAD ON,CLEAR,DRY,DARK LIGHTS ON,TRAFFIC SIGNAL,NONE DETECTED,,5C7BCAE6-05E0-466D-B9C1-C4D1528AC6FA,Yes,NO APPARENT INJURY,N/A,LOOKED BUT DID NOT SEE,MD,8371C11D-D1CA-4CCB-BCD9-69D15FAC4B5A,DISABLING,PASSENGER CAR,MOVING CONSTANT SPEED,39.20907,-77.16961333,"(39.20907, -77.16961333)"
MCP29690011,15050142,MONTGOMERY,Injury Crash,10/03/2015 03:22:00 PM,Maryland (State),VEIRS MILL RD,Maryland (State),UNIVERSITY BLVD W,,N/A,,STRAIGHT MOVEMENT ANGLE,CLEAR,WET,DAYLIGHT,TRAFFIC SIGNAL,NONE DETECTED,,EDCA2711-778B-469A-8751-8DDB08343542,Yes,NO APPARENT INJURY,N/A,NOT DISTRACTED,MD,7C95515C-BDC1-40E7-907A-14680E9FD9A0,DISABLING,PASSENGER CAR,MOVING CONSTANT SPEED,39.03992,-77.05631333,"(39.03992, -77.05631333)"
MCP28300014,15002717,Montgomery County Police,Property Damage Crash,01/17/2015 08:58:00 AM,County,E RANDOLPH RD,County,LAURIE DR,,N/A,,SAME DIR REAR END,CLEAR,DRY,DAYLIGHT,NO CONTROLS,NONE DETECTED,,5DA3BAA2-9D2C-4F94-BF50-2CC37B6B1AB3,No,NO APPARENT INJURY,N/A,NOT DISTRACTED,MD,AB16F4AE-8800-4979-96D1-910522FD43E5,SUPERFICIAL,POLICE VEHICLE/NON EMERGENCY,SLOWING OR STOPPING,39.06575333,-76.97805333,"(39.06575333, -76.97805333)"
MCP2931001V,17015144,Montgomery County Police,Property Damage Crash,03/24/2017 07:36:00 PM,Maryland (State),HUNGERFORD DR,Municipality,MANNAKEE ST,,ROCKVILLE,,HEAD ON LEFT TURN,CLEAR,N/A,DUSK,TRAFFIC SIGNAL,N/A,,9CD150D5-3B2C-47B3-B590-20E407142351,Yes,NO APPARENT INJURY,N/A,LOOKED BUT DID NOT SEE,MD,AE02EED2-A14F-49C0-ADE6-3134BF7CF85C,FUNCTIONAL,PASSENGER CAR,MOVING CONSTANT SPEED,39.09662906,-77.15334535,"(39.09662906, -77.15334535)"
MCP3020000F,170504747,Montgomery County Police,Injury Crash,04/28/2017 03:43:00 PM,County,LONGMEAD CROSSING DR,County,CHERRY LEAF LA,,N/A,,ANGLE MEETS RIGHT TURN,N/A,DRY,DAYLIGHT,STOP SIGN,NONE DETECTED,,405BBB45-00E9-48EB-BDFA-E05EF4B522FC,No,NO APPARENT INJURY,N/A,NOT DISTRACTED,MD,252F5640-A689-4719-AFC4-437CDA1EC51C,FUNCTIONAL,PASSENGER CAR,MOVING CONSTANT SPEED,39.09790833,-77.04685667,"(39.09790833, -77.04685667)"
MCP3012001T,17011486,Montgomery County Police,Property Damage Crash,03/04/2017 11:39:00 AM,Maryland (State),NORBECK RD,County,RADWICK LA,,N/A,,SAME DIR REAR END,CLEAR,DRY,DAYLIGHT,NO CONTROLS,NONE DETECTED,,706B205C-09F5-415A-BF06-65F32CBCA550,No,NO APPARENT INJURY,N/A,NOT DISTRACTED,MD,4E549B4D-F20E-4778-8B48-39B910C74E63,FUNCTIONAL,PASSENGER CAR,SLOWING OR STOPPING,39.11426833,-77.05491167,"(39.11426833, -77.05491167)"
MCP2953000T,15062806,MONTGOMERY,Injury Crash,12/09/2015 08:48:00 AM,County,VEIRS MILL RD,County,GRIDLEY RD,,N/A,,SAME DIR REAR END,CLOUDY,DRY,DAYLIGHT,TRAFFIC SIGNAL,N/A,,B581348E-D8BB-40F7-887C-1CBE9BDEB40C,No,SUSPECTED MINOR INJURY,N/A,NOT DISTRACTED,MD,208A123C-609A-4F44-B436-5E0459F39608,FUNCTIONAL,(SPORT) UTILITY VEHICLE,STOPPED IN TRAFFIC LANE,39.05732333,-77.08485167,"(39.05732333, -77.08485167)"
MCP3038000P,170525923,Montgomery County Police,Injury Crash,08/20/2017 09:33:00 PM,Maryland (State),ROCKVILLE PIKE,County,SECURITY LA,,N/A,,HEAD ON LEFT TURN,CLEAR,DRY,DARK LIGHTS ON,TRAFFIC SIGNAL,N/A,,AABBAD19-C21D-44B2-B72F-083B1B888CD4,Yes,NO APPARENT INJURY,N/A,UNKNOWN,MD,09CBA1C8-0905-4ECE-A092-E90220543D5D,DISABLING,PASSENGER CAR,ACCELERATING,39.04163667,-77.110125,"(39.04163667, -77.110125)"
HA2288000F,17001067,Maryland-National Capital,Property Damage Crash,08/18/2017 01:30:00 PM,County,EDGEWOOD RD,County,GRANT AVE,,N/A,,OTHER,N/A,DRY,DAYLIGHT,N/A,N/A,,597AC865-81CC-4E40-BA9E-58F0E1B575EA,No,NO APPARENT INJURY,"N/A, PHYSICAL OBSTRUCTION(S)",NOT DISTRACTED,MD,117E76B7-E2A4-47B7-BB9D-66B3A9BD7608,NO DAMAGE,PASSENGER CAR,MOVING CONSTANT SPEED,39.02606023,-77.06117392,"(39.02606023, -77.06117392)"
MCP1580004V,15063062,MONTGOMERY,Injury Crash,12/10/2015 08:59:00 AM,Maryland (State),QUINCE ORCHARD RD,Municipality,ORCHARD RIDGE DR,,GAITHERSBURG,,STRAIGHT MOVEMENT ANGLE,CLEAR,WET,DAYLIGHT,TRAFFIC SIGNAL,NONE DETECTED,,309FCD35-5D23-41E6-B193-A3C0779230C4,No,POSSIBLE INJURY,"N/A, WET",NOT DISTRACTED,MD,A8C273AF-4AAC-46F9-BBB2-CECE391522A6,DESTROYED,PASSENGER CAR,SLOWING OR STOPPING,39.12904167,-77.23377,"(39.12904167, -77.23377)"
MCP2866002V,16044039,Montgomery County Police,Injury Crash,08/29/2016 05:45:00 PM,Maryland (State),NORWOOD RD,County,HENNESSY TERR,,N/A,,SAME DIR REAR END,CLEAR,DRY,DAYLIGHT,NO CONTROLS,NONE DETECTED,,37774727-0B4B-4A84-AF96-7A5ADE57EE48,No,NO APPARENT INJURY,N/A,NOT DISTRACTED,MD,5C2F34FA-A696-45AB-8A58-240CB444969E,SUPERFICIAL,PASSENGER CAR,SLOWING OR STOPPING,39.13673833,-77.03229833,"(39.13673833, -77.03229833)"
HA23680009,16000524,Maryland-National Capital,Injury Crash,05/06/2016 11:04:00 AM,Government,SLIGO CREEK PKWY,Maryland (State),PINEY BRANCH RD,,N/A,,OTHER,RAINING,WET,DAYLIGHT,OTHER,NONE DETECTED,,F33A3E91-C0DA-4879-BECE-4D414CA2CEA2,Unknown,NO APPARENT INJURY,"N/A, WET",NOT DISTRACTED,MD,B32F13B5-C09D-445F-8A32-FBC6790B45D9,DISABLING,AMBULANCE/EMERGENCY,MOVING CONSTANT SPEED,38.99313845,-77.00527668,"(38.99313845, -77.00527668)"
MCP27910013,15007168,Montgomery County Police,Injury Crash,02/12/2015 04:22:00 PM,Maryland (State),PROSPERITY DR,Maryland (State),CHERRY HILL RD,,N/A,,STRAIGHT MOVEMENT ANGLE,CLEAR,DRY,DAYLIGHT,STOP SIGN,NONE DETECTED,,8CD39BDB-FAC1-4BD5-B6F5-A71779AF13F6,No,SUSPECTED MINOR INJURY,N/A,NOT DISTRACTED,MD,82DDD7A2-9470-485E-88CE-E401CC6511B2,DISABLING,PASSENGER CAR,MOVING CONSTANT SPEED,39.05755167,-76.96835667,"(39.05755167, -76.96835667)"
MCP2102000C,16054378,Montgomery County Police,Property Damage Crash,10/22/2016 07:42:00 AM,County,AMHERST AVE,County,WINDHAM LA,,N/A,,SAME DIRECTION SIDESWIPE,CLEAR,DRY,DAYLIGHT,NO CONTROLS,ALCOHOL PRESENT,,F7DF53B0-4D1D-4D32-81D4-5DE30D4C4333,Yes,NO APPARENT INJURY,N/A,NOT DISTRACTED,MD,7E7C1751-3A4B-40AC-A8A0-D8B8811716F7,DISABLING,PASSENGER CAR,MOVING CONSTANT SPEED,39.03265167,-77.047055,"(39.03265167, -77.047055)"
MCP2878002K,17007941,Montgomery County Police,Property Damage Crash,02/13/2017 08:41:00 PM,County,RIDGE RD,County,OBSERVATION DR,,N/A,,SAME DIR REAR END,CLEAR,DRY,DARK LIGHTS ON,TRAFFIC SIGNAL,NONE DETECTED,,D033813C-DFDF-4818-A87E-A91CB8034F52,No,NO APPARENT INJURY,N/A,NOT DISTRACTED,MD,338A76C5-0922-4333-802B-34A8B7CAE41F,FUNCTIONAL,PASSENGER CAR,STOPPED IN TRAFFIC LANE,39.20171293,-77.25348964,"(39.20171293, -77.25348964)"
MCP3039000Y,170519310,Montgomery County Police,Property Damage Crash,07/15/2017 06:00:00 PM,Maryland (State),RIVER RD,County,SEVEN LOCKS RD,,N/A,,SAME DIR REAR END,CLEAR,DRY,DAYLIGHT,TRAFFIC SIGNAL,NONE DETECTED,,C6C7F54F-F403-4D48-A636-77BD50559EC4,No,NO APPARENT INJURY,N/A,NOT DISTRACTED,NJ,CE2C5FC3-6835-4049-8662-2882B5638CFF,SUPERFICIAL,(SPORT) UTILITY VEHICLE,STOPPED IN TRAFFIC LANE,38.99258809,-77.16168165,"(38.99258809, -77.16168165)"
MCP1379004H,17005775,Montgomery County Police,Property Damage Crash,02/02/2017 12:27:00 PM,Maryland (State),UNIVERSITY BLVD W,County,ARCOLA AVE,,N/A,,SAME DIR REAR END,CLEAR,DRY,DAYLIGHT,N/A,NONE DETECTED,,37491AEF-A46E-426D-90E0-B8FFF5D864A9,Yes,NO APPARENT INJURY,N/A,BY MOVING OBJECT IN VEHICLE,MD,CC0C8A7C-C4C6-4457-93B9-1C45CDE1735B,SUPERFICIAL,VAN,SLOWING OR STOPPING,39.03555293,-77.02571779,"(39.03555293, -77.02571779)"
HA2388000F,17000728,Maryland-National Capital,Property Damage Crash,06/15/2017 10:24:00 AM,Maryland (State),VEIRS MILL RD,County,GRIDLEY RD,,N/A,,OTHER,N/A,DRY,DAYLIGHT,N/A,NONE DETECTED,,216451DC-BA3E-4FF5-87B2-ABCEFC04ED3A,Yes,NO APPARENT INJURY,N/A,LOOKED BUT DID NOT SEE,MD,7C13DF88-01BB-4C14-93B6-BA4DC37C5A4E,NO DAMAGE,PASSENGER CAR,MOVING CONSTANT SPEED,39.05715053,-77.04973698,"(39.05715053, -77.04973698)"
MCP2832002X,170514901,Montgomery County Police,Property Damage Crash,06/21/2017 10:18:00 AM,Maryland (State),OLD GEORGETOWN RD,County,CORDELL AVE,,N/A,,STRAIGHT MOVEMENT ANGLE,CLEAR,DRY,DAYLIGHT,STOP SIGN,NONE DETECTED,,EE8D6C8F-BC9A-404C-849A-D8375344CC71,No,NO APPARENT INJURY,N/A,NOT DISTRACTED,MD,92870DE4-3418-4381-A862-24D19FB9B764,FUNCTIONAL,PASSENGER CAR,STOPPED IN TRAFFIC LANE,38.98799,-77.09935833,"(38.98799, -77.09935833)"
MCP27260026,170522242,Montgomery County Police,Property Damage Crash,08/01/2017 08:53:00 AM,Municipality,E GUDE DR,Municipality,TAFT ST,,ROCKVILLE,,OTHER,CLEAR,DRY,DAYLIGHT,TRAFFIC SIGNAL,N/A,,ED67F33C-EDC7-4D42-BA9F-754F06EB180D,No,NO APPARENT INJURY,N/A,NOT DISTRACTED,MD,5615F7A2-8FFF-4F3E-819A-903CF8F8A14D,DISABLING,PASSENGER CAR,STOPPED IN TRAFFIC LANE,39.09407333,-77.13283667,"(39.09407333, -77.13283667)"
MCP26890017,15051261,MONTGOMERY,Property Damage Crash,10/09/2015 02:34:00 PM,Maryland (State),ROCKVILLE PIKE,Municipality,TWINBROOK PKWY,,ROCKVILLE,,SAME DIR REAR END,CLOUDY,DRY,DAYLIGHT,N/A,NONE DETECTED,,27B45914-329C-4557-B341-028D8767FA13,No,NO APPARENT INJURY,N/A,NOT DISTRACTED,MD,97F56DEB-4AFF-4C64-941F-63FABC5452DC,FUNCTIONAL,PASSENGER CAR,STOPPED IN TRAFFIC LANE,39.05774167,-77.12036833,"(39.05774167, -77.12036833)"
MCP2939001Q,170504989,Montgomery County Police,Property Damage Crash,04/29/2017 08:37:00 PM,Maryland (State),GREAT SENECA HWY,County,DAIRYMAID DR,,N/A,,SINGLE VEHICLE,CLEAR,DRY,DARK LIGHTS ON,NO CONTROLS,N/A,,DD61CDB4-1A21-496E-8350-0977D9B5B5A2,Yes,NO APPARENT INJURY,N/A,UNKNOWN,MD,C4DE1B28-45BB-4971-AF6D-E84125C78B3D,DISABLING,PASSENGER CAR,MOVING CONSTANT SPEED,39.15552152,-77.27666661,"(39.15552152, -77.27666661)"
MCP2927000Y,16022848,Montgomery County Police,Injury Crash,05/08/2016 03:33:00 PM,Maryland (State),GEORGIA AVE,County,DEXTER AVE,,N/A,,STRAIGHT MOVEMENT ANGLE,CLEAR,DRY,DAYLIGHT,TRAFFIC SIGNAL,NONE DETECTED,,FE25DAE3-1DBD-440B-82C5-3AA0072BCB8C,No,NO APPARENT INJURY,N/A,NOT DISTRACTED,MD,C438C851-2A76-488A-9166-EDEA4A1A0DFE,SUPERFICIAL,PASSENGER CAR,SLOWING OR STOPPING,39.02224279,-77.04504579,"(39.02224279, -77.04504579)"
DD56140028,17013530,Rockville Police Departme,Injury Crash,03/16/2017 12:29:00 PM,Maryland (State),ROCKVILLE PIKE,Unknown,CROSSOVER,,N/A,,SAME DIR REAR END,CLEAR,DRY,DAYLIGHT,NO CONTROLS,NONE DETECTED,,65A48C21-61AC-4EB5-A0BE-6B6EEFDD4C1A,No,NO APPARENT INJURY,N/A,NOT DISTRACTED,MD,DD0B1374-C442-4B10-8A51-FBCB7C080D9E,FUNCTIONAL,(SPORT) UTILITY VEHICLE,STOPPED IN TRAFFIC LANE,39.083857,-77.1530475,"(39.083857, -77.1530475)"
MCP2914000W,15006621,Montgomery County Police,Injury Crash,02/09/2015 06:44:00 PM,County,ADELPHI RD,County,SIERRA ST,,N/A,,SAME DIR REND LEFT TURN,CLEAR,DRY,DARK LIGHTS ON,N/A,NONE DETECTED,,37EF4E09-9B3E-42CC-B87E-662A51B86C8F,Yes,NO APPARENT INJURY,N/A,NOT DISTRACTED,MD,6F5FA4DA-6C7A-49DC-8A60-BFC95B2F6067,FUNCTIONAL,PASSENGER CAR,MOVING CONSTANT SPEED,39.01114771,-76.97767138,"(39.01114771, -76.97767138)"
MCP1221003M,17052039,Montgomery County Police,Injury Crash,07/21/2017 08:14:00 AM,,,,,PARKING LOT OF 18310 MONTGOMERY VILLAGE AVE,,,SINGLE VEHICLE,CLEAR,,DAYLIGHT,NO CONTROLS,NONE DETECTED,,F21CDBB3-0B39-4AF9-A040-9A10DF135072,Yes,POSSIBLE INJURY,N/A,UNKNOWN,MD,F923D8C8-F368-490A-97FD-580877A91C90,DISABLING,PASSENGER CAR,ACCELERATING,39.157765,-77.205945,"(39.157765, -77.205945)"
MCP1595000R,170511480,Montgomery County Police,Property Damage Crash,06/03/2017 12:50:00 AM,County,INWOOD AVE,County,GRIDLEY LA,,N/A,,UNKNOWN,CLEAR,DRY,DARK NO LIGHTS,NO CONTROLS,UNKNOWN,,0134B16D-58C0-4812-89C6-629D3F58DE8E,Yes,NO APPARENT INJURY,N/A,UNKNOWN,,10075C3E-A2F2-481F-A7DE-676F2D4FE7DD,UNKNOWN,VAN,UNKNOWN,39.02725494,-77.03549445,"(39.02725494, -77.03549445)"
MCP2664001C,15044087,MONTGOMERY,Property Damage Crash,09/01/2015 07:30:00 AM,County,FINLEY ST,County,GALT AVE,,N/A,,SINGLE VEHICLE,CLEAR,DRY,DAYLIGHT,NO CONTROLS,UNKNOWN,,E15C9041-88E3-4A97-98B3-58BBF746D320,Yes,NO APPARENT INJURY,N/A,UNKNOWN,,FB3AA9DA-D524-4522-B0A5-4D5C11D8D990,SUPERFICIAL,PASSENGER CAR,UNKNOWN,39.04296,-77.0578,"(39.04296, -77.0578)"
MCP11190017,15036370,MONTGOMERY,Property Damage Crash,07/23/2015 06:00:00 PM,,,,,PARKING LOT OF 13781 CONNECTICUT AVE,,,OTHER,N/A,,DAYLIGHT,N/A,NONE DETECTED,,B5A8F691-36F3-402B-B5E1-77C30E9EA31E,Yes,NO APPARENT INJURY,N/A,NOT DISTRACTED,MD,68E6F233-851C-4B0D-A964-7EF86ACAE948,FUNCTIONAL,(SPORT) UTILITY VEHICLE,STARTING FROM PARKED,39.07977426,-77.07940221,"(39.07977426, -77.07940221)"
MCP2786000S,15050225,MONTGOMERY,Property Damage Crash,10/04/2015 03:32:00 AM,County,LOCKWOOD DR,Maryland (State),NEW HAMPSHIRE AVE,,N/A,,OTHER,RAINING,WET,DARK LIGHTS ON,N/A,ALCOHOL CONTRIBUTED,,0A9255EB-003C-42B7-92F4-9553C96D9651,Yes,NO APPARENT INJURY,"RAIN, SNOW, WET",UNKNOWN,MD,03766804-91C7-4288-8ED7-CA2BF2EA3D8A,DISABLING,PASSENGER CAR,MOVING CONSTANT SPEED,39.04118167,-76.986635,"(39.04118167, -76.986635)"
MCP2536000T,16040075,Montgomery County Police,Property Damage Crash,08/07/2016 09:45:00 AM,Maryland (State),VEIRS MILL RD,County,RANDOLPH RD,,N/A,,SAME DIR REAR END,CLEAR,DRY,DARK LIGHTS ON,TRAFFIC SIGNAL,NONE DETECTED,,3C3E90F8-D84A-44A1-942A-3C7E074AA510,No,NO APPARENT INJURY,N/A,NOT DISTRACTED,DC,2A2CD53F-C8DC-4A27-94DC-87329AF7DFCD,SUPERFICIAL,PASSENGER CAR,STOPPED IN TRAFFIC LANE,39.05612371,-77.08243847,"(39.05612371, -77.08243847)"
MCP23980008,15008940,Montgomery County Police,Property Damage Crash,02/24/2015 03:18:00 PM,County,SHADY GROVE RD,County,CRABBS BRANCH WAY,,N/A,,HEAD ON LEFT TURN,CLEAR,DRY,DAYLIGHT,TRAFFIC SIGNAL,NONE DETECTED,,0BDFB03A-8021-4DB8-B1B1-5B337D93FB17,No,NO APPARENT INJURY,N/A,NOT DISTRACTED,MD,389E4CF0-59FE-4589-98A9-4C99EB72DB54,DISABLING,PASSENGER CAR,MOVING CONSTANT SPEED,39.12881185,-77.16758251,"(39.12881185, -77.16758251)"
MCP3008000J,16030557,Montgomery County Police,Property Damage Crash,06/16/2016 10:15:00 PM,,,,,"HAPPENED IN PARKING LOT OF 11407 LOCKWOOD DRIVE, SILVER SPRING, MD 20904",,,STRAIGHT MOVEMENT ANGLE,RAINING,,DARK LIGHTS ON,NO CONTROLS,UNKNOWN,,B5438455-215C-4848-93A7-133E6D3EC660,Yes,NO APPARENT INJURY,"RAIN, SNOW, WET",UNKNOWN,,FDB956AF-092F-48D9-B50B-863AB9AFDB6B,UNKNOWN,UNKNOWN,BACKING,39.04045833,-76.98827667,"(39.04045833, -76.98827667)"
MCP22460017,16035749,Montgomery County Police,Property Damage Crash,07/14/2016 08:25:00 PM,US (State),GEORGIA AVE,County,WAYNE AVE,,N/A,,SAME DIR REAR END,CLEAR,DRY,DUSK,TRAFFIC SIGNAL,NONE DETECTED,,AEBC7049-F5F5-41FE-B119-7AF6F2E05A1D,No,NO APPARENT INJURY,N/A,NOT DISTRACTED,DC,A526AA79-5D56-4000-BAB4-C764F6141A34,FUNCTIONAL,PASSENGER CAR,STOPPED IN TRAFFIC LANE,38.99113333,-77.02710667,"(38.99113333, -77.02710667)"
MCP20940062,16012597,MONTGOMERY,Injury Crash,03/14/2016 02:05:00 PM,County,DEMOCRACY BLVD,County,DEMOCRACY LA,,N/A,,STRAIGHT MOVEMENT ANGLE,CLOUDY,DRY,DAYLIGHT,STOP SIGN,NONE DETECTED,,78884814-1DEB-4F54-A6E4-ED500FC39A47,No,SUSPECTED SERIOUS INJURY,N/A,NOT DISTRACTED,MD,58D1C80D-22CD-4D8A-8015-07976A6C2731,DISABLING,PASSENGER CAR,MOVING CONSTANT SPEED,39.02309,-77.16450667,"(39.02309, -77.16450667)"
MCP2298009B,16042008,Montgomery County Police,Property Damage Crash,08/18/2016 09:01:00 PM,County,BLUNT RD,County,CROSS LAUREL DR,,N/A,,HEAD ON,CLEAR,DRY,DARK LIGHTS ON,STOP SIGN,N/A,,1F2E7EDF-1233-4669-AD04-DB53FAFFC4A4,No,NO APPARENT INJURY,N/A,NOT DISTRACTED,MD,3D2865D7-7888-4157-AB13-63EDF73850C5,DISABLING,PASSENGER CAR,STARTING FROM LANE,39.18971,-77.22866333,"(39.18971, -77.22866333)"
MCP13230007,15057389,MONTGOMERY,Injury Crash,11/10/2015 05:49:00 PM,County,WOODSIDE PKWY,Maryland (State),GEORGIA AVE,,N/A,,SAME DIR REAR END,RAINING,WET,DARK LIGHTS ON,NO CONTROLS,NONE DETECTED,,7B52306F-04D8-4A24-B317-260283F06F15,Yes,NO APPARENT INJURY,"RAIN, SNOW, WET",OTHER ELECTRONIC DEVICE (NAVIGATIONAL PALM PILOT),MD,AB0D6E45-C475-465F-BC07-59AB60FBF5E6,DISABLING,PASSENGER CAR,SLOWING OR STOPPING,39.00347333,-77.035595,"(39.00347333, -77.035595)"
MCP2866001S,15049405,MONTGOMERY,Property Damage Crash,09/29/2015 05:19:00 PM,Maryland (State),EAST WEST HWY,Maryland (State),BROOKVILLE RD,,N/A,,STRAIGHT MOVEMENT ANGLE,RAINING,WET,DAYLIGHT,STOP SIGN,NONE DETECTED,,B1E46EB7-8CC4-421C-A4E7-7D2AB97692DE,No,NO APPARENT INJURY,"N/A, RAIN, SNOW",NOT DISTRACTED,MD,DED96741-1708-4972-9787-EBDA91FBE3B3,DISABLING,PASSENGER CAR,MOVING CONSTANT SPEED,38.98941333,-77.07014833,"(38.98941333, -77.07014833)"
MCP2473000T,170507192,Montgomery County Police,Property Damage Crash,05/11/2017 10:14:00 AM,US (State),COLUMBIA PIKE,Unknown,BEGIN BRIDGE,,N/A,,SAME DIR REAR END,RAINING,WET,DAYLIGHT,NO CONTROLS,UNKNOWN,,800FA508-FA4E-4FC8-AE0B-AA77B53DE924,Yes,NO APPARENT INJURY,"RAIN, SNOW, WET",UNKNOWN,,87E235C9-A20D-4FC5-8D42-EBCF11515D39,UNKNOWN,PASSENGER CAR,UNKNOWN,39.05011,-76.98163333,"(39.05011, -76.98163333)"
MCP26750018,16063537,Montgomery County Police,Property Damage Crash,12/11/2016 02:42:00 AM,Maryland (State),GEORGIA AVE,County,DENNIS AVE,,N/A,,SAME DIRECTION SIDESWIPE,CLEAR,DRY,DARK LIGHTS ON,TRAFFIC SIGNAL,ALCOHOL PRESENT,,7AF62E02-F64B-444A-A924-144D5414AF6E,Yes,NO APPARENT INJURY,N/A,INATTENTIVE OR LOST IN THOUGHT,MD,24C31A3C-F635-411D-8973-BD48524BDABB,SUPERFICIAL,PASSENGER CAR,MOVING CONSTANT SPEED,39.02518508,-77.04615891,"(39.02518508, -77.04615891)"
MCP26110016,16016499,Montgomery County Police,Injury Crash,04/04/2016 09:55:00 PM,County,LOCKWOOD DR,Unknown,WHITE OAK SHOPPIING CENTER,,N/A,,SAME DIR REAR END,CLEAR,DRY,DARK LIGHTS ON,TRAFFIC SIGNAL,NONE DETECTED,,0857B1FA-E0A8-4467-ACA0-4D5CC7F231CB,No,NO APPARENT INJURY,N/A,NOT DISTRACTED,MD,D7230198-804C-4315-B226-08222030114D,FUNCTIONAL,PASSENGER CAR,STOPPED IN TRAFFIC LANE,39.0406113,-76.98852897,"(39.0406113, -76.98852897)"