Report Number,Local Case Number,Agency Name,ACRS Report Type,Crash Date/Time,Route Type,Road Name,Cross-Street Type,Cross-Street Name,Off-Road Description,Municipality,Related Non-Motorist,Collision Type,Weather,Surface Condition,Light,Traffic Control,Driver Substance Abuse,Non-Motorist Substance Abuse,Person ID,Driver At Fault,Injury Severity,Circumstance,Driver Distracted By,Drivers License State,Vehicle ID,Vehicle Damage Extent,Vehicle Body Type,Vehicle Movement,Latitude,Longitude,Location
MCP2635001R,15008415,Montgomery County Police,Property Damage Crash,02/20/2015 08:02:00 PM,Maryland (State),NORBECK RD,Maryland (State),LAYHILL RD,,N/A,,HEAD ON LEFT TURN,CLEAR,DRY,DARK LIGHTS ON,TRAFFIC SIGNAL,N/A,,4AFA9D4E-67BF-4C5C-BE0A-F168D075A3F4,No,NO APPARENT INJURY,N/A,NOT DISTRACTED,FL,B911A6F6-9A14-49C1-89CF-43E0BBEB2AA6,DISABLING,PASSENGER CAR,MOVING CONSTANT SPEED,39.120425,-77.034075,"(39.120425, -77.034075)"
MCP2412000F,16026557,Montgomery County Police,Property Damage Crash,05/28/2016 03:23:00 AM,Maryland (State),UNIVERSITY BLVD E,Maryland (State),PINEY BRANCH RD,,N/A,,SAME DIR REAR END,CLEAR,DRY,DARK LIGHTS ON,TRAFFIC SIGNAL,NONE DETECTED,,1925EAD9-9741-4616-B723-0F6A1ACFF199,No,NO APPARENT INJURY,N/A,NOT DISTRACTED,VA,C57827BB-21FA-46F8-BB78-3F6DD5B48FC6,SUPERFICIAL,PASSENGER CAR,STOPPED IN TRAFFIC LANE,38.999155,-76.99508833,"(38.999155, -76.99508833)"
MCP2914003V,16059630,Montgomery County Police,Injury Crash,11/19/2016 03:45:00 PM,,,,,PARKING LOT IN FRONT OF 10101 NEW HAMPSHIRE AVENUE,,,OTHER,N/A,,DAYLIGHT,NO CONTROLS,N/A,,7F80C90C-9DCC-4A1C-ADEC-B79AF9B8DD2E,No,NO APPARENT INJURY,N/A,NOT DISTRACTED,MD,FB6A0B7D-EC05-4BE2-8351-EED74F4A2D83,FUNCTIONAL,PASSENGER CAR,PARKING,39.02121833,-76.97613,"(39.02121833, -76.97613)"
MCP2617002B,16045556,Montgomery County Police,Injury Crash,09/06/2016 02:28:00 PM,Maryland (State),ROCKVILLE PIKE,Government,SOUTH DR,,N/A,,SAME DIR REAR END,CLEAR,DRY,DAYLIGHT,TRAFFIC SIGNAL,NONE DETECTED,,810E7B7E-2EF6-43C5-B94A-B7DCB56B24D4,Yes,NO APPARENT INJURY,"DEBRIS OR OBSTRUCTION, N/A",NOT DISTRACTED,VA,F505BD41-217A-473E-9A30-DCECF2ABEFE0,SUPERFICIAL,PICKUP TRUCK,MOVING CONSTANT SPEED,38.99975,-77.09688,"(38.99975, -77.09688)"
MCP2960000W,16004907,Montgomery County Police,Injury Crash,01/30/2016 10:42:00 AM,Maryland (State),GEORGIA AVE,Maryland (State),NORBECK RD,,N/A,,SAME DIR REAR END,CLEAR,DRY,DAYLIGHT,TRAFFIC SIGNAL,N/A,,4A61F688-3EAB-4BE7-8761-DBF6FB6D1109,No,NO APPARENT INJURY,N/A,NOT DISTRACTED,MD,015B88AA-4BBD-4C08-B21E-612341533B45,DISABLING,PASSENGER CAR,STOPPED IN TRAFFIC LANE,39.10943333,-77.07553833,"(39.10943333, -77.07553833)"
MCP27230020,16050897,Montgomery County Police,Injury Crash,10/04/2016 08:25:00 AM,Maryland (State),GEORGIA AVE,Maryland (State),INTERCOUNTY CONNECTOR,,N/A,,SAME DIR REAR END,CLEAR,DRY,DAYLIGHT,NO CONTROLS,N/A,,47BEB7D2-2749-4F93-8105-2291022DC3B1,Yes,NO APPARENT INJURY,N/A,UNKNOWN,MD,9F3133DC-C90B-4B9A-B386-47255F1B2D65,FUNCTIONAL,PASSENGER CAR,MOVING CONSTANT SPEED,39.11269,-77.07531833,"(39.11269, -77.07531833)"
MCP1064003N,15056325,MONTGOMERY,Property Damage Crash,11/05/2015 08:19:00 AM,,,,,"PARKING LOT
10119 NEW HAMPSHIRE AVE
SILVER SPRING, MD 20903",,,OTHER,CLOUDY,,DAYLIGHT,N/A,N/A,,99FA18FB-52DB-4A01-96EA-B9D2C5A7CECD,No,NO APPARENT INJURY,"N/A, WET",NOT DISTRACTED,MD,88B637F3-0201-4D6B-AB58-0B0563F123BA,SUPERFICIAL,PASSENGER CAR,PARKED,39.02095,-76.97523333,"(39.02095, -76.97523333)"
MCP2515000T,16041257,Montgomery County Police,Property Damage Crash,08/14/2016 07:43:00 PM,Maryland (State),RIDGE RD,County,BRINK RD,,N/A,,SINGLE VEHICLE,SEVERE WINDS,WET,DARK LIGHTS ON,TRAFFIC SIGNAL,NONE DETECTED,,E6EEBFE3-59A4-4A18-A687-1F2A08E1AA50,No,NO APPARENT INJURY,"RAIN, SNOW, ROAD UNDER CONSTRUCTION/MAINTENANCE, SEVERE CROSSWINDS",NOT DISTRACTED,MD,E3897F7C-72C0-4879-89F3-9577103A13F4,UNKNOWN,PASSENGER CAR,STOPPED IN TRAFFIC LANE,39.21008779,-77.2397849,"(39.21008779, -77.2397849)"
MCP2937000Q,15032849,MONTGOMERY,Property Damage Crash,07/05/2015 01:18:00 PM,Maryland (State),NEW HAMPSHIRE AVE,County,QUAINT ACRES DR,,N/A,,SAME DIRECTION LEFT TURN,CLEAR,DRY,DAYLIGHT,NO CONTROLS,NONE DETECTED,,948F8816-4509-4F36-9EE5-BA15E677EEE7,No,NO APPARENT INJURY,N/A,NOT DISTRACTED,MD,269009EB-63FD-4A8B-B682-A08B859B7DFB,FUNCTIONAL,PASSENGER CAR,MOVING CONSTANT SPEED,39.04994373,-76.99326038,"(39.04994373, -76.99326038)"
MCP2874001W,17001328,Montgomery County Police,Property Damage Crash,01/08/2017 06:46:00 PM,County,HARDY AVE,County,MEDWAY ST,,N/A,,OTHER,CLEAR,SNOW,DARK LIGHTS ON,NO CONTROLS,ALCOHOL PRESENT,,0C26FFE6-B54C-4351-9678-C7463A2DD541,Yes,NO APPARENT INJURY,"ICY OR SNOW-COVERED, N/A",UNKNOWN,MD,E84A5FD9-D38C-44FA-B942-A700EE4748CE,FUNCTIONAL,PASSENGER CAR,UNKNOWN,39.05107,-77.06221,"(39.05107, -77.06221)"
EJ78290036,170525230,Gaithersburg Police Depar,Property Damage Crash,08/16/2017 07:00:00 PM,,,,,PARKING LOT OF 891 CLOPPER ROAD,,,OTHER,CLEAR,,DUSK,NO CONTROLS,UNKNOWN,,F609D42A-FAA4-43F9-B0D2-91E8A97AF2DF,Yes,NO APPARENT INJURY,N/A,UNKNOWN,,71A98ED5-C8ED-4A1D-A105-800DF83DF52A,SUPERFICIAL,PASSENGER CAR,PARKING,39.14486446,-77.22367287,"(39.14486446, -77.22367287)"
MCP1212000C,15041844,MONTGOMERY,Property Damage Crash,08/21/2015 10:00:00 AM,,,,,parking lot of Damascus High School,,,SAME DIRECTION SIDESWIPE,CLEAR,,DAYLIGHT,NO CONTROLS,UNKNOWN,,4E7C9FD0-419B-4C83-80E2-4211641E5E4E,Yes,NO APPARENT INJURY,N/A,UNKNOWN,MD,96EB442A-C8A9-4757-AFFC-9721B10D2839,SUPERFICIAL,"CARGO VAN/LIGHT TRUCK 2 AXLES (OVER 10,000LBS (4,536 KG))",PARKED,39.28253817,-77.21096992,"(39.28253817, -77.21096992)"
MCP28890021,16062457,Montgomery County Police,Property Damage Crash,12/05/2016 03:58:00 PM,County,HUNTLEY AVE,County,DENNIS AVE,,N/A,,OTHER,CLOUDY,DRY,N/A,N/A,NONE DETECTED,,C18C27F9-D2D9-4BDF-84E1-E28A908684A2,Yes,NO APPARENT INJURY,N/A,LOOKED BUT DID NOT SEE,MD,397C8E30-181F-457E-89C1-E89DA11BAC3E,SUPERFICIAL,SCHOOL BUS,STOPPED IN TRAFFIC LANE,39.02692333,-77.03756667,"(39.02692333, -77.03756667)"
MCP3060000B,170524996,Montgomery County Police,Injury Crash,08/15/2017 03:11:00 PM,Maryland (State),WILSON LA,County,GLENBROOK RD,,N/A,,STRAIGHT MOVEMENT ANGLE,CLEAR,DRY,DAYLIGHT,STOP SIGN,N/A,,596EFF79-FBF8-459E-A9C8-CF8C84E188CE,Yes,POSSIBLE INJURY,N/A,LOOKED BUT DID NOT SEE,MD,10352381-E11D-413B-8211-B5EA838AB93E,DISABLING,PASSENGER CAR,ACCELERATING,38.98715728,-77.10695654,"(38.98715728, -77.10695654)"
EJ7853001D,15063202,GAITHERSBURG,Injury Crash,12/10/2015 07:42:00 PM,County,SAM EIG HWY,County,DIAMONDBACK DR,,N/A,,SAME DIRECTION RIGHT TURN,CLEAR,DRY,DARK LIGHTS ON,NO CONTROLS,NONE DETECTED,,7961AB76-3362-4E92-8779-65F45E9C5126,Yes,NO APPARENT INJURY,N/A,UNKNOWN,MD,37EF938B-AB71-405F-A3CD-C2089273857E,FUNCTIONAL,PASSENGER CAR,CHANGING LANES,39.13984,-77.19560167,"(39.13984, -77.19560167)"
MCP29290014,16000793,Montgomery County Police,Property Damage Crash,01/05/2016 02:41:00 PM,Maryland (State),OLNEY SANDY SPRING RD,County,SKYMEADOW WAY,,N/A,,SAME DIR REAR END,CLEAR,DRY,DAYLIGHT,TRAFFIC SIGNAL,NONE DETECTED,,48788B10-F2AB-4A28-9FA1-EBA0FE9920EE,Yes,NO APPARENT INJURY,N/A,DISTRACTED BY OUTSIDE PERSON OBJECT OR EVENT,MD,2858ABA4-92B0-452D-80A8-A69B2FA73290,DISABLING,PASSENGER CAR,SLOWING OR STOPPING,39.12055833,-77.05389333,"(39.12055833, -77.05389333)"
MCP2786001B,16045199,Montgomery County Police,Property Damage Crash,09/04/2016 12:43:00 AM,Maryland (State),GEORGIA AVE,Ramp,RAMP 8 FR MD 97 SB TO IS 495 WB,,N/A,,SAME DIRECTION SIDESWIPE,CLEAR,DRY,DARK LIGHTS ON,NO CONTROLS,ALCOHOL PRESENT,,ECF90B66-52F3-43E8-A0B0-39E93B77FB22,No,NO APPARENT INJURY,N/A,LOOKED BUT DID NOT SEE,MD,3D63EC5E-7566-42D5-AEEC-93D6525AE174,SUPERFICIAL,PASSENGER CAR,MOVING CONSTANT SPEED,39.01487667,-77.04258,"(39.01487667, -77.04258)"
MCP2456000H,15003023,Montgomery County Police,Property Damage Crash,01/19/2015 02:41:00 PM,,,,,Parking lot of 10741 Columbia Pike,,,OTHER,CLEAR,,DAYLIGHT,NO CONTROLS,N/A,,2B227CBB-29EB-48C6-8346-CD97E5A9964E,Yes,NO APPARENT INJURY,N/A,LOOKED BUT DID NOT SEE,DC,B3B53076-40BB-43EF-8ACC-B01C019268BC,SUPERFICIAL,PASSENGER CAR,BACKING,39.03152833,-77.00402167,"(39.03152833, -77.00402167)"
DD5614001L,16056438,Rockville Police Departme,Injury Crash,11/02/2016 07:27:00 AM,Maryland (State),FREDERICK RD,Unknown,OUT CORP LMTS ROCKVILLE,,N/A,,SAME DIR REAR END,CLOUDY,DRY,DAWN,NO CONTROLS,NONE DETECTED,,51E040D7-113F-4811-8728-CFD0318E6E2F,No,SUSPECTED MINOR INJURY,N/A,NOT DISTRACTED,MD,DCC83C05-48B4-43C6-B76C-B28FEC9E025E,FUNCTIONAL,PASSENGER CAR,STOPPED IN TRAFFIC LANE,39.12026,-77.17385167,"(39.12026, -77.17385167)"
MCP2961000Y,16017723,Montgomery County Police,Property Damage Crash,04/11/2016 04:49:00 PM,,,,,TURN AROUND IN FRONT OF 1131 UNIVERSITY BLVD WEST,,,SAME DIRECTION SIDESWIPE,CLEAR,,DAYLIGHT,NO CONTROLS,NONE DETECTED,,66C42A6D-A327-40ED-A3BF-44C0272EA74C,Yes,NO APPARENT INJURY,N/A,NOT DISTRACTED,MD,397F5D8A-34A9-40A2-807B-ED6D061A523D,NO DAMAGE,SCHOOL BUS,ACCELERATING,39.03749153,-77.02946618,"(39.03749153, -77.02946618)"
MCP2702000Y,15039497,MONTGOMERY,Injury Crash,08/08/2015 07:42:00 PM,Maryland (State),16TH ST,Maryland (State),EAST WEST HWY,,N/A,,OTHER,N/A,DRY,DAYLIGHT,TRAFFIC SIGNAL,UNKNOWN,,59DF5E99-82AD-4792-A38A-3DC8BCFA9F8E,Yes,SUSPECTED MINOR INJURY,N/A,UNKNOWN,MD,ED92E4DC-2A7C-457A-A2D4-6C927E47291A,FUNCTIONAL,PASSENGER CAR,SLOWING OR STOPPING,38.99520833,-77.03625167,"(38.99520833, -77.03625167)"
MCP28910023,16015317,Montgomery County Police,Property Damage Crash,03/29/2016 08:52:00 AM,Interstate (State),CAPITAL BELTWAY,Ramp,RAMP 6 FR IS 495 EB TO MD 97 SB,,N/A,,SAME DIR REAR END,CLEAR,DRY,DAYLIGHT,N/A,NONE DETECTED,,027C7173-A748-465C-B56E-736626481032,No,NO APPARENT INJURY,N/A,NOT DISTRACTED,MD,5651E843-BD75-4820-8B61-922632BE2B35,FUNCTIONAL,PASSENGER CAR,STOPPED IN TRAFFIC LANE,39.01267328,-77.04311728,"(39.01267328, -77.04311728)"
MCP25450007,16057088,Montgomery County Police,Injury Crash,11/05/2016 12:14:00 PM,County,DENNIS AVE,County,TENBROOK DR,,N/A,,STRAIGHT MOVEMENT ANGLE,CLEAR,DRY,DAYLIGHT,NO CONTROLS,NONE DETECTED,,7FB6F65A-B0EB-4A78-8D47-5CF9D27A4201,No,POSSIBLE INJURY,N/A,NOT DISTRACTED,MD,C75B121E-A2AB-4E0C-AA43-9F16DC1C684F,FUNCTIONAL,PASSENGER CAR,MOVING CONSTANT SPEED,39.02342,-77.02919333,"(39.02342, -77.02919333)"
MCP0936001N,16031979,Montgomery County Police,Property Damage Crash,06/24/2016 02:48:00 PM,Maryland (State),CONNECTICUT AVE,Maryland (State),EAST WEST HWY,,N/A,,OTHER,CLOUDY,DRY,DAYLIGHT,TRAFFIC SIGNAL,NONE DETECTED,,5CD86B66-7ADD-46CD-B7DC-F52E3C41E4FC,No,NO APPARENT INJURY,N/A,NOT DISTRACTED,MD,CBA519DC-1FAC-427B-865A-682B85F6C12C,FUNCTIONAL,AMBULANCE/NON EMERGENCY,STARTING FROM LANE,38.9879933,-77.07707405,"(38.9879933, -77.07707405)"
MCP2102000W,170529558,Montgomery County Police,Property Damage Crash,09/09/2017 11:36:00 AM,Maryland (State),GEORGIA AVE,County,HENDERSON AVE,,N/A,,HEAD ON LEFT TURN,CLEAR,DRY,DAYLIGHT,NO CONTROLS,NONE DETECTED,,46A2D69B-D1C8-42FC-B117-346FD95221AA,No,NO APPARENT INJURY,N/A,NOT DISTRACTED,MD,412C2768-02D9-4FCB-93ED-955F3FE2D4B2,FUNCTIONAL,(SPORT) UTILITY VEHICLE,MOVING CONSTANT SPEED,39.05068736,-77.05167219,"(39.05068736, -77.05167219)"
MCP21340015,170522696,Montgomery County Police,Injury Crash,08/03/2017 08:33:00 AM,Interstate (State),EISENHOWER MEMORIAL HWY,Ramp,RAMP 8 FR IS270 SB TO FATHER HURLEY BLVD,,N/A,,SAME DIRECTION RIGHT TURN,N/A,DRY,DAYLIGHT,N/A,NONE DETECTED,,D2887FF7-C7DD-4BE0-A6CB-A129962EA161,Yes,NO APPARENT INJURY,"N/A, PHYSICAL OBSTRUCTION(S)",LOOKED BUT DID NOT SEE,DC,44BC06BA-59FA-422F-B8A0-FC82FFEC432B,DISABLING,"MEDIUM/HEAVY TRUCKS 3 AXLES (OVER 10,000LBS (4,536KG))",CHANGING LANES,39.20206833,-77.26800333,"(39.20206833, -77.26800333)"
MCP2815000M,170530346,Montgomery County Police,Property Damage Crash,09/13/2017 07:50:00 AM,,,,,"PARKING LOT ADJACENT TO WATKINS MILL HS, 10301 APPLE RIDGE",,,OTHER,CLEAR,,DAYLIGHT,N/A,N/A,,658A8C61-B313-40FA-8E17-3FB66FD87CA3,Yes,NO APPARENT INJURY,N/A,UNKNOWN,MD,4B81A785-2E15-45A5-B48D-E1C3DBCA92E4,SUPERFICIAL,PASSENGER CAR,PARKING,39.184115,-77.213895,"(39.184115, -77.213895)"
MCP28590036,17005910,Montgomery County Police,Injury Crash,02/03/2017 08:55:00 AM,Maryland (State),W DIAMOND AVE,County,MUDDY BRANCH RD,,N/A,,SAME DIR REAR END,CLOUDY,DRY,DAYLIGHT,NO CONTROLS,NONE DETECTED,,3A6ED576-0BF4-4B86-8E6D-333FFBBDD79B,No,NO APPARENT INJURY,N/A,NOT DISTRACTED,MD,8C780FAE-043A-4D57-A465-A951D5343204,FUNCTIONAL,PASSENGER CAR,STOPPED IN TRAFFIC LANE,39.1400415,-77.20439167,"(39.1400415, -77.20439167)"
MCP2801001K,16024413,Montgomery County Police,Injury Crash,05/16/2016 10:27:00 PM,Maryland (State),GEORGIA AVE,Maryland (State),FOREST GLEN RD,,N/A,,SAME DIR REAR END,CLEAR,DRY,DARK LIGHTS ON,TRAFFIC SIGNAL,NONE DETECTED,,B3985603-4B09-48C8-8A70-B67C5A45F1CE,No,POSSIBLE INJURY,N/A,NOT DISTRACTED,DC,ECFD7E3D-8EC2-475E-AAE6-B962D6698D39,FUNCTIONAL,PASSENGER CAR,SLOWING OR STOPPING,39.015615,-77.042215,"(39.015615, -77.042215)"
MCP15750037,15058462,MONTGOMERY,Injury Crash,11/16/2015 01:20:00 PM,County,TWINBROOK PKWY,County,HALPINE RD,,N/A,,SAME DIR REAR END,CLEAR,DRY,DAYLIGHT,NO CONTROLS,NONE DETECTED,,348488E4-120B-4BBC-8F29-4ABF9FADADBF,No,POSSIBLE INJURY,N/A,NOT DISTRACTED,MD,736EE679-E88F-42A8-AA1B-24888F73D8BF,FUNCTIONAL,(SPORT) UTILITY VEHICLE,SLOWING OR STOPPING,39.06656333,-77.11464333,"(39.06656333, -77.11464333)"
MCP24280004,15054669,MONTGOMERY,Property Damage Crash,10/28/2015 04:56:00 AM,Maryland (State),OLD GEORGETOWN RD,Ramp,RAMP 2 FR IS 270 WB TO MD 187 NB,,N/A,,STRAIGHT MOVEMENT ANGLE,RAINING,WET,DARK LIGHTS ON,TRAFFIC SIGNAL,NONE DETECTED,,40BE6D2C-84C4-4B84-804A-7882C634363D,Unknown,NO APPARENT INJURY,"RAIN, SNOW, WET",NOT DISTRACTED,MD,324D462C-AD42-432A-B7F0-2EA7A74A7DA9,DISABLING,VAN,MOVING CONSTANT SPEED,39.0313,-77.12602,"(39.0313, -77.12602)"
DD5606003Q,16055759,Rockville Police Departme,Property Damage Crash,10/29/2016 03:19:00 PM,Municipality,FIRST ST,Municipality,TAFT ST,,ROCKVILLE,,SAME DIRECTION SIDESWIPE,CLEAR,DRY,DAYLIGHT,NO CONTROLS,NONE DETECTED,,52C87770-5B5A-464D-A596-40B118FD8F77,Unknown,NO APPARENT INJURY,N/A,NOT DISTRACTED,MD,AFB6F4E5-3C6F-4B46-A5F6-66336F8534DB,DISABLING,PASSENGER CAR,MOVING CONSTANT SPEED,39.09432667,-77.134435,"(39.09432667, -77.134435)"
MCP2487000B,170507056,Montgomery County Police,Property Damage Crash,05/10/2017 12:00:00 AM,,,,,BEST BUY PARKING GARAGE.,,,SINGLE VEHICLE,CLEAR,,DARK LIGHTS ON,N/A,N/A,,48BE2D5C-7E8F-461D-9769-B5C4A4316A4F,Yes,NO APPARENT INJURY,N/A,NOT DISTRACTED,MD,DC624B9F-F165-4CED-B0C7-93288B6B543C,SUPERFICIAL,POLICE VEHICLE/NON EMERGENCY,PARKING,39.0694483,-77.12974325,"(39.0694483, -77.12974325)"
MCP27400038,170512916,Montgomery County Police,Injury Crash,06/10/2017 04:02:00 PM,Maryland (State),PINEY BRANCH RD,County,BARRON ST,,N/A,,SAME DIR REAR END,CLEAR,DRY,DAYLIGHT,TRAFFIC SIGNAL,NONE DETECTED,,3FF79CE8-28AD-4CC9-A185-7D0AD1B34F7F,No,NO APPARENT INJURY,N/A,LOOKED BUT DID NOT SEE,MD,CF7C5D59-28B4-42B1-8C2B-EB4A0DDA8580,FUNCTIONAL,PASSENGER CAR,MOVING CONSTANT SPEED,38.99918373,-76.99703693,"(38.99918373, -76.99703693)"
MCP28700018,16004434,Montgomery County Police,Property Damage Crash,01/27/2016 06:26:00 PM,Maryland (State),NEW HAMPSHIRE AVE,US (State),COLUMBIA PIKE,,N/A,,SAME DIR REAR END,CLEAR,WET,DARK LIGHTS ON,NO CONTROLS,UNKNOWN,,B3682FD1-5E3C-43E6-B3C6-55B171B05C2D,Yes,NO APPARENT INJURY,"RAIN, SNOW, WET",UNKNOWN,MD,FF1586C2-9DE6-433B-B5AE-2A937555B53A,UNKNOWN,PASSENGER CAR,SLOWING OR STOPPING,39.04412667,-76.99202667,"(39.04412667, -76.99202667)"
MCP29230025,16052241,Montgomery County Police,Property Damage Crash,10/11/2016 10:13:00 AM,Maryland (State),GEORGIA AVE,County,PLYERS MILL RD,,N/A,,SAME DIR REAR END,CLEAR,DRY,DAYLIGHT,NO CONTROLS,N/A,,5FBFEB16-8C4F-405F-85BD-BCB995CD124E,No,NO APPARENT INJURY,N/A,NOT DISTRACTED,MD,B414C04A-9554-41BF-8C8B-9C2E95E0C224,SUPERFICIAL,PASSENGER CAR,STOPPED IN TRAFFIC LANE,39.02857167,-77.04735,"(39.02857167, -77.04735)"
MCP29100026,16021061,Montgomery County Police,Injury Crash,04/29/2016 07:40:00 AM,County,GREENCASTLE RD,County,WEXHALL DR,,N/A,,STRAIGHT MOVEMENT ANGLE,CLOUDY,N/A,DAYLIGHT,STOP SIGN,NONE DETECTED,,D0C5003F-A88A-484C-850E-BA0F5AA9F094,No,POSSIBLE INJURY,N/A,NOT DISTRACTED,MD,8144DF6E-C6A4-44CE-BB0E-EE3290FC9E8D,DISABLING,PASSENGER CAR,MOVING CONSTANT SPEED,39.09417,-76.93456,"(39.09417, -76.93456)"
MCP0942000G,15035164,MONTGOMERY,Property Damage Crash,07/17/2015 12:18:00 PM,County,ARLINGTON RD,County,BETHESDA AVE,,N/A,,SAME DIRECTION SIDESWIPE,CLOUDY,DRY,DAYLIGHT,NO CONTROLS,NONE DETECTED,,D0481050-A809-4B4C-97C1-B07F481142C7,No,NO APPARENT INJURY,N/A,NOT DISTRACTED,VA,DA78C2F7-834F-479E-9E1C-140A9FFCBEC2,DISABLING,PASSENGER CAR,MOVING CONSTANT SPEED,38.98148167,-77.09850333,"(38.98148167, -77.09850333)"
MCP29160014,15059091,Montgomery County Police,Injury Crash,11/19/2015 01:20:00 PM,Maryland (State),CHERRY HILL RD,US (State),COLUMBIA PIKE,,N/A,,SAME DIR REAR END,RAINING,WET,DAYLIGHT,NO CONTROLS,NONE DETECTED,,AC2F74D8-D918-49B5-A8F3-B9D4987057DE,No,SUSPECTED MINOR INJURY,"RAIN, SNOW, WET",NOT DISTRACTED,MD,CB1376B0-57B7-4534-9C99-D369FB3F2138,FUNCTIONAL,PASSENGER CAR,SLOWING OR STOPPING,39.0625489,-76.96224332,"(39.0625489, -76.96224332)"
MCP2162001Y,16056328,Montgomery County Police,Injury Crash,11/01/2016 05:44:00 PM,Maryland (State),OLNEY SANDY SPRING RD,Unknown,VILLAGE CENTER DR,,N/A,,HEAD ON LEFT TURN,CLEAR,DRY,DAWN,TRAFFIC SIGNAL,N/A,,6AD650AA-59D6-4363-88DE-BC6D32892E46,Yes,NO APPARENT INJURY,N/A,UNKNOWN,MD,627F5CA2-8EE2-445A-8804-C2C3CDEB6766,DISABLING,PASSENGER CAR,MAKING LEFT TURN,39.15203667,-77.06425,"(39.15203667, -77.06425)"
MCP2816000Z,15004906,Montgomery County Police,Injury Crash,01/30/2015 06:45:00 PM,Municipality,WOOTTON PKWY,Municipality,SEVEN LOCKS RD,,ROCKVILLE,,SAME DIR REAR END,CLEAR,DRY,DAWN,YIELD SIGN,NONE DETECTED,,AB9607EB-5189-4BB9-B891-BBA9D923AAF5,Yes,NO APPARENT INJURY,N/A,INATTENTIVE OR LOST IN THOUGHT,MD,203C79FE-FEA8-43A9-8AB3-2964923689D5,FUNCTIONAL,PASSENGER CAR,ACCELERATING,39.06679833,-77.16126833,"(39.06679833, -77.16126833)"
MCP25260015,170518913,Montgomery County Police,Injury Crash,07/13/2017 04:10:00 PM,Maryland (State),FISHER AVE,Municipality,TOM FOX AVE,,POOLESVILLE,,SAME DIR REAR END,CLEAR,DRY,DAYLIGHT,N/A,N/A,,BF85A843-EDA4-4487-A1B4-A0D02C7F1B9B,No,NO APPARENT INJURY,N/A,NOT DISTRACTED,MD,A5CD6552-60E9-46B4-9776-B165495B7A35,FUNCTIONAL,PASSENGER CAR,STOPPED IN TRAFFIC LANE,39.13506,-77.40337833,"(39.13506, -77.40337833)"
MCP2198000V,15009143,Montgomery County Police,Property Damage Crash,02/03/2015 07:00:00 PM,Interstate (State),NO NAME,Ramp,RAMP 2 FR IS 370 WB TO IS 270 NB,,N/A,,SAME DIRECTION SIDESWIPE,CLEAR,DRY,DARK LIGHTS ON,NO CONTROLS,N/A,,1059E871-5355-4094-862A-70CB80E14A7E,Yes,NO APPARENT INJURY,N/A,NOT DISTRACTED,MD,93AB7C8E-2D5F-4185-96C3-E77D8191C279,SUPERFICIAL,"OTHER LIGHT TRUCKS (10,000LBS (4,536KG) OR LESS)",MOVING CONSTANT SPEED,39.12326833,-77.19157333,"(39.12326833, -77.19157333)"
DD56010016,15043166,ROCKVILLE,Property Damage Crash,08/28/2015 08:47:00 AM,,,,,East side parking lot / bus turn-around of Rockville Metro (250 Rockville Pike),,,SAME DIRECTION SIDESWIPE,CLEAR,,DAYLIGHT,NO CONTROLS,N/A,,02392BB9-4DC8-41F0-B5C1-300439FEEB7E,Yes,NO APPARENT INJURY,N/A,UNKNOWN,MD,CAEB749A-A1D5-4630-B6F0-10CEB7C8AAB1,FUNCTIONAL,TRANSIT BUS,MOVING CONSTANT SPEED,39.08543333,-77.14631,"(39.08543333, -77.14631)"
MCP28740023,17012614,Montgomery County Police,Property Damage Crash,03/10/2017 11:38:00 AM,Municipality,SCOTT DR,Municipality,WESCOTT PL,,ROCKVILLE,,SINGLE VEHICLE,RAINING,WET,DAYLIGHT,N/A,N/A,,76BED5BE-CBB7-4443-963D-587FE72603C4,Yes,NO APPARENT INJURY,"RAIN, SNOW, WET",NOT DISTRACTED,MD,7356A8A4-D5F1-4675-A771-F2C2D09FE858,SUPERFICIAL,PASSENGER CAR,MOVING CONSTANT SPEED,39.07719864,-77.19184041,"(39.07719864, -77.19184041)"
MCP2986000Y,16037276,Montgomery County Police,Injury Crash,07/23/2016 09:35:00 AM,Maryland (State),GEORGIA AVE,Maryland (State),FOREST GLEN RD,,N/A,,SAME DIR REAR END,CLEAR,DRY,DAYLIGHT,NO CONTROLS,NONE DETECTED,,5C227D04-1079-46F2-90C2-DAD0F3566882,No,NO APPARENT INJURY,N/A,NOT DISTRACTED,MD,4A0597E0-4898-4C1D-9744-B32AB11DEDED,SUPERFICIAL,PASSENGER CAR,SLOWING OR STOPPING,39.01743,-77.04357167,"(39.01743, -77.04357167)"
MCP23580032,170502303,Montgomery County Police,Property Damage Crash,04/15/2017 11:10:00 AM,,,,,PARKING LOT 5111 DUDLEY LANE,,,OTHER,CLEAR,,DAYLIGHT,NO CONTROLS,NONE DETECTED,,F7B419FF-06AB-49C9-86AA-AF2397E455DF,Yes,NO APPARENT INJURY,N/A,NOT DISTRACTED,NY,023A4EF2-294D-4848-8D53-FD4DEC22038C,FUNCTIONAL,PASSENGER CAR,BACKING,39.014236,-77.101633,"(39.014236, -77.101633)"