Report Number,Local Case Number,Agency Name,ACRS Report Type,Crash Date/Time,Route Type,Road Name,Cross-Street Type,Cross-Street Name,Off-Road Description,Municipality,Related Non-Motorist,Collision Type,Weather,Surface Condition,Light,Traffic Control,Driver Substance Abuse,Non-Motorist Substance Abuse,Person ID,Driver At Fault,Injury Severity,Circumstance,Driver Distracted By,Drivers License State,Vehicle ID,Vehicle Damage Extent,Vehicle Body Type,Vehicle Movement,Latitude,Longitude,Location
MCP1417004N,16005364,Montgomery County Police,Injury Crash,02/02/2016 06:10:00 AM,County,WATKINS MILL RD,County,WATKINS MILL DR,,N/A,,SINGLE VEHICLE,CLEAR,ICE,DARK NO LIGHTS,NO CONTROLS,NONE DETECTED,,99A26975-75DE-4996-AC8E-D2E70DA188BF,Yes,SUSPECTED MINOR INJURY,"ICY OR SNOW-COVERED, N/A",UNKNOWN,MD,64AA88D2-8C2D-40F4-822A-30B7B4651713,DISABLING,PASSENGER CAR,SKIDDING,39.16639,-77.21395,"(39.16639, -77.21395)"
MCP1121001D,16042136,Montgomery County Police,Injury Crash,08/19/2016 03:48:00 PM,County,SHADY GROVE RD,County,MIDCOUNTY HWY,,N/A,,SAME DIR REAR END,CLEAR,DRY,DAYLIGHT,TRAFFIC SIGNAL,NONE DETECTED,,6162D959-0732-4007-9AC7-74277C517209,No,POSSIBLE INJURY,N/A,NOT DISTRACTED,MD,B991122F-90F9-46A8-BC08-69A66B0828B7,FUNCTIONAL,(SPORT) UTILITY VEHICLE,STOPPED IN TRAFFIC LANE,39.14017,-77.15218333,"(39.14017, -77.15218333)"
MCP3031000M,17014700,Montgomery County Police,Injury Crash,03/22/2017 05:34:00 PM,,,,,PARKING LOT OF 3866 INTERNATIONAL DRIVE. M&T BANK ATM DRIVE THROUGH.,,,SINGLE VEHICLE,CLEAR,,DAYLIGHT,NO CONTROLS,NONE DETECTED,,FB123876-F00C-4196-9EB7-56F5D8325137,Yes,SUSPECTED SERIOUS INJURY,N/A,OTHER DISTRACTION,MD,9A440B4C-1827-4D0A-B29C-FF5BC21D4A00,DISABLING,PASSENGER CAR,ACCELERATING,39.10180793,-77.07643032,"(39.10180793, -77.07643032)"
MCP2850000T,15036287,MONTGOMERY,Property Damage Crash,07/23/2015 11:53:00 AM,,,,,parking lot 14,,,OTHER,CLEAR,,DAYLIGHT,NO CONTROLS,N/A,,C76B872E-B987-4638-8A9B-94D2FC30FB67,Yes,NO APPARENT INJURY,N/A,NOT DISTRACTED,VA,B6DD83AB-32EF-42FD-97C2-31FDB1A51E37,DISABLING,PASSENGER CAR,PARKING,39.04254333,-77.05009167,"(39.04254333, -77.05009167)"
MCP3016000G,16009903,MONTGOMERY,Property Damage Crash,02/28/2016 11:15:00 AM,Maryland (State),OLD HUNDRED RD,Ramp,RAMP 8 FR RAMP 5 (FR IS270) TO MD 109 WB,,N/A,,STRAIGHT MOVEMENT ANGLE,CLEAR,DRY,DAYLIGHT,STOP SIGN,N/A,,F3D570A8-3B76-4BE4-A90A-B05265AEEB66,Yes,NO APPARENT INJURY,N/A,LOOKED BUT DID NOT SEE,MD,D058118E-05A1-40B4-BC2D-6EDB43AA3ADD,FUNCTIONAL,PASSENGER CAR,MAKING RIGHT TURN,39.27836,-77.32237167,"(39.27836, -77.32237167)"
MCP1064005W,170509404,Montgomery County Police,Injury Crash,05/23/2017 01:08:00 PM,Maryland (State),GEORGIA AVE,Maryland (State),FOREST GLEN RD,,N/A,,SAME DIR REAR END,CLOUDY,DRY,DAYLIGHT,TRAFFIC SIGNAL,N/A,,F3A9BC74-A338-4166-A736-38F295AFF880,No,SUSPECTED SERIOUS INJURY,N/A,NOT DISTRACTED,MD,B9928A8B-4CED-40AE-85AC-5153D5848D98,DISABLING,PASSENGER CAR,STOPPED IN TRAFFIC LANE,39.01617167,-77.04290833,"(39.01617167, -77.04290833)"
MCP2231002P,16065930,Montgomery County Police,Property Damage Crash,12/23/2016 10:06:00 AM,Maryland (State),EAST WEST HWY,Other Public Roadway,ROSEMARY HILLS RD,,N/A,,SAME DIRECTION LEFT TURN,CLEAR,DRY,DAYLIGHT,TRAFFIC SIGNAL,NONE DETECTED,,CF48E3A0-0F50-4BC7-97A7-FB79E0F0AB49,No,NO APPARENT INJURY,N/A,NOT DISTRACTED,MD,766A52A7-242D-4449-9B45-A8BE42AF000B,DISABLING,PASSENGER CAR,ACCELERATING,38.99625167,-77.04225333,"(38.99625167, -77.04225333)"
HA22800006,15000529,Maryland-National Capital,Property Damage Crash,06/01/2015 06:20:00 AM,Government,BEACH DR,County,WOODBINE ST,,N/A,,SINGLE VEHICLE,RAINING,WET,DAWN,NO CONTROLS,NONE DETECTED,,8562F2E6-5AE3-43FD-863B-2A7D9DBA46B6,Yes,NO APPARENT INJURY,"ANIMAL, WET",NOT DISTRACTED,MD,10D3AC76-3018-4709-9F27-CF1D03EDDA2A,DISABLING,PASSENGER CAR,MOVING CONSTANT SPEED,38.98817676,-77.06321239,"(38.98817676, -77.06321239)"
MCP25590014,16036716,Montgomery County Police,Property Damage Crash,07/20/2016 12:45:00 PM,Municipality,CHESTNUT ST,Municipality,E DIAMOND AVE,,GAITHERSBURG,,ANGLE MEETS LEFT TURN,CLOUDY,DRY,DAYLIGHT,TRAFFIC SIGNAL,N/A,,C30792D8-D492-4F8E-AEC4-57FFBC301047,No,NO APPARENT INJURY,N/A,NOT DISTRACTED,MD,2B009F2F-35CF-4BBE-8BD8-D1A5251FD22A,FUNCTIONAL,PASSENGER CAR,MOVING CONSTANT SPEED,39.142884,-77.20274,"(39.142884, -77.20274)"
MCP2738002B,170508751,Montgomery County Police,Injury Crash,05/19/2017 06:55:00 PM,,,,,PARKING LOT OF 12028 CHERRY HILL RD,,PEDESTRIAN,N/A,N/A,,DAYLIGHT,NO CONTROLS,N/A,N/A,621C8E91-457A-4F58-874C-E2C6B918472E,Unknown,NO APPARENT INJURY,N/A,NOT DISTRACTED,MD,E7653DED-EE1C-4432-8AF0-A546D7337282,NO DAMAGE,AMBULANCE/EMERGENCY,MOVING CONSTANT SPEED,39.05500003,-76.95592538,"(39.05500003, -76.95592538)"
MCP2973002K,17000577,Montgomery County Police,Property Damage Crash,01/04/2017 01:05:00 PM,,,,,"KOHLS PARKING LOT - 3901 ASPEN HILL ROAD SILVER SPRING, MD 20906",,,OTHER,CLEAR,,DAYLIGHT,N/A,N/A,,0C5BB37F-F8FC-4EAF-9CFA-D51072AC208E,Yes,NO APPARENT INJURY,N/A,LOOKED BUT DID NOT SEE,,A8CABE89-1BFD-4E47-B689-2C3C9E5227AD,FUNCTIONAL,,STARTING FROM PARKED,39.08079833,-77.07769,"(39.08079833, -77.07769)"
DD5583000M,15036187,ROCKVILLE,Property Damage Crash,07/22/2015 08:28:00 PM,Municipality,DENFIELD RD,Municipality,MIDWAY AVE,,ROCKVILLE,,HEAD ON,CLEAR,DRY,DUSK,N/A,NONE DETECTED,,1E7AACBD-B227-43F6-953F-3ED76F8448AA,No,NO APPARENT INJURY,N/A,NOT DISTRACTED,MD,C8BDF254-1589-4049-8E16-41C3804D0F27,FUNCTIONAL,PASSENGER CAR,SLOWING OR STOPPING,39.07119542,-77.11868048,"(39.07119542, -77.11868048)"
MCP1015000F,15035535,MONTGOMERY,Property Damage Crash,07/18/2015 10:55:00 AM,Other Public Roadway,SKYLARK RD,Other Public Roadway,ARORA HILLS DR,,N/A,,STRAIGHT MOVEMENT ANGLE,RAINING,WET,DAYLIGHT,STOP SIGN,NONE DETECTED,,41074E65-BEC6-4277-BB74-4D982DB6D65A,No,NO APPARENT INJURY,"N/A, WET",NOT DISTRACTED,MD,82D5A2AB-EBF0-4839-9BC2-1934248F102F,FUNCTIONAL,(SPORT) UTILITY VEHICLE,MOVING CONSTANT SPEED,39.23563,-77.24738333,"(39.23563, -77.24738333)"
MCP2358002L,16064879,Montgomery County Police,Injury Crash,12/18/2016 02:39:00 PM,County,DEMOCRACY BLVD,Unknown,ENT TO MALL,,N/A,,SAME DIR REAR END,CLOUDY,WET,DAYLIGHT,TRAFFIC SIGNAL,NONE DETECTED,,6A38E81D-A843-45AD-B4CB-27AFEC1ADCC0,No,NO APPARENT INJURY,"N/A, WET",NOT DISTRACTED,MD,495819FA-EF18-45F0-B38F-A42BEB9B9AD8,FUNCTIONAL,PASSENGER CAR,STOPPED IN TRAFFIC LANE,39.02182833,-77.144015,"(39.02182833, -77.144015)"
MCP3000001H,16061343,Montgomery County Police,Property Damage Crash,11/29/2016 10:43:00 PM,County,FATHER HURLEY BLVD,County,WATERS LANDING DR,,N/A,,SINGLE VEHICLE,FOGGY,WET,DARK LIGHTS ON,NO CONTROLS,NONE DETECTED,,703EB175-5075-4C9A-A263-75CA80502AC7,No,NO APPARENT INJURY,"N/A, WET",NOT DISTRACTED,MD,4A7F0D4E-3ED6-41DD-9B14-DDB9F0618B97,SUPERFICIAL,POLICE VEHICLE/EMERGENCY,MOVING CONSTANT SPEED,39.19054167,-77.272975,"(39.19054167, -77.272975)"
EJ7777000J,16030450,Gaithersburg Police Depar,Property Damage Crash,06/16/2016 01:00:00 PM,,,,,PARKING LOT OF 803 RUSSELL AVE,,,HEAD ON,CLEAR,,DAYLIGHT,N/A,NONE DETECTED,,53BF39E5-F47C-4A44-843C-F055679BCC4C,Yes,NO APPARENT INJURY,N/A,NOT DISTRACTED,MD,6A18970D-8456-4E7C-B121-27CCC5CE4716,SUPERFICIAL,PASSENGER CAR,STARTING FROM PARKED,39.15549167,-77.20971667,"(39.15549167, -77.20971667)"
EJ77470022,16033848,Gaithersburg Police Depar,Injury Crash,07/04/2016 07:02:00 PM,Municipality,WASHINGTONIAN BLVD,Unknown,BOARDWALK PL,,N/A,PEDESTRIAN,SAME DIR REAR END,RAINING,WET,DAYLIGHT,OTHER,NONE DETECTED,NONE DETECTED,A043D4BC-091F-44D4-A8A2-10F034E2067B,Yes,NO APPARENT INJURY,"RAIN, SNOW, WET",NOT DISTRACTED,MD,5935C8AD-2932-46D7-9DEF-5BBF66E2E0AB,DISABLING,PASSENGER CAR,SLOWING OR STOPPING,39.116595,-77.19954,"(39.116595, -77.19954)"
MCP1580006Q,16062426,Montgomery County Police,Injury Crash,12/05/2016 01:35:00 PM,County,SHADY GROVE RD,County,BRIARDALE RD,,N/A,,HEAD ON LEFT TURN,CLEAR,DRY,DAYLIGHT,TRAFFIC SIGNAL,NONE DETECTED,,8575A327-6503-462F-925A-FADEE86F28AC,No,POSSIBLE INJURY,N/A,NOT DISTRACTED,MD,432971D0-B875-4B62-925C-02E84C740A4A,DISABLING,(SPORT) UTILITY VEHICLE,MAKING LEFT TURN,39.13388,-77.158235,"(39.13388, -77.158235)"
MCP1305000R,16032523,Montgomery County Police,Injury Crash,06/27/2016 01:52:00 PM,Maryland (State),MUNCASTER MILL RD,Unknown,ENT TO REDLAND MIDDLE SCHOOL,,N/A,,HEAD ON LEFT TURN,CLEAR,DRY,DAYLIGHT,N/A,NONE DETECTED,,9C258788-03BE-4FDF-979F-3F812E3EE32F,No,POSSIBLE INJURY,N/A,NOT DISTRACTED,MD,6BBC3AA0-3832-405A-9FE7-36AA753A6B1B,DISABLING,PASSENGER CAR,MOVING CONSTANT SPEED,39.13856535,-77.13113129,"(39.13856535, -77.13113129)"
MCP13420014,16044627,Montgomery County Police,Injury Crash,09/01/2016 11:00:00 AM,Maryland (State),DARNESTOWN RD,County,BERRYVILLE RD,,N/A,,HEAD ON LEFT TURN,CLOUDY,DRY,DAYLIGHT,NO CONTROLS,NONE DETECTED,,205C8236-3F6D-41C0-B967-FD55DB933AFC,Yes,NO APPARENT INJURY,N/A,NOT DISTRACTED,MD,1F0E1B10-0131-4721-983E-081591869C8E,DISABLING,PASSENGER CAR,MAKING U TURN,39.117435,-77.315075,"(39.117435, -77.315075)"
MCP2472001S,16030450,Montgomery County Police,Property Damage Crash,06/16/2016 12:45:00 PM,,,,,PARKING LOT OF 10231 OLD GEORGETOWN RD,,,STRAIGHT MOVEMENT ANGLE,CLEAR,,DAYLIGHT,NO CONTROLS,NONE DETECTED,,C9E76963-4792-4CAD-A6E5-2E19345F602E,No,NO APPARENT INJURY,N/A,NOT DISTRACTED,MD,77CDB4EE-86FE-4AFB-9E05-4E3F8DD9CABF,FUNCTIONAL,(SPORT) UTILITY VEHICLE,OTHER,39.02371812,-77.12368011,"(39.02371812, -77.12368011)"
MCP1121001N,16063241,Montgomery County Police,Property Damage Crash,12/09/2016 03:58:00 PM,Maryland (State),MUNCASTER MILL RD,County,OLDE MILL RUN,,N/A,,OTHER,CLEAR,DRY,DAYLIGHT,NO CONTROLS,NONE DETECTED,,6037FF29-1683-48FA-A9B5-154706299E4A,No,NO APPARENT INJURY,N/A,NOT DISTRACTED,MD,C63B9E17-BCDD-4323-AC99-806AFA08F210,FUNCTIONAL,"CARGO VAN/LIGHT TRUCK 2 AXLES (OVER 10,000LBS (4,536 KG))",STOPPED IN TRAFFIC LANE,39.13971667,-77.133665,"(39.13971667, -77.133665)"
MCP137800FG,16062509,Montgomery County Police,Injury Crash,12/05/2016 07:01:00 PM,County,EMORY GROVE RD,County,TEA ROSE DR,,N/A,,OTHER,CLOUDY,DRY,DARK LIGHTS ON,NO CONTROLS,NONE DETECTED,,F41B26A7-7C75-4876-BA7A-4E85CE73EEDB,Yes,POSSIBLE INJURY,N/A,NOT DISTRACTED,MD,45FE80F3-7BC0-4587-8B4B-9C8189A9C6E5,FUNCTIONAL,(SPORT) UTILITY VEHICLE,MAKING RIGHT TURN,39.15566,-77.17661333,"(39.15566, -77.17661333)"
MCP23700027,16000969,Montgomery County Police,Property Damage Crash,01/06/2016 03:40:00 PM,County,WAYNE AVE,County,GREENBRIER DR,,N/A,,SAME DIRECTION SIDESWIPE,CLEAR,DRY,DAYLIGHT,NO CONTROLS,NONE DETECTED,,515B571F-B0AB-4F90-B0C7-4D4365EC6205,No,NO APPARENT INJURY,N/A,NOT DISTRACTED,MD,BF838600-ACD8-4943-9FD7-C5AEE7D46EEC,FUNCTIONAL,"OTHER LIGHT TRUCKS (10,000LBS (4,536KG) OR LESS)",STOPPED IN TRAFFIC LANE,38.99794,-77.02271333,"(38.99794, -77.02271333)"
MCP29280016,16022765,Montgomery County Police,Injury Crash,05/08/2016 01:25:00 AM,US (State),COLESVILLE RD,County,FENTON ST,,N/A,,STRAIGHT MOVEMENT ANGLE,CLEAR,WET,DARK LIGHTS ON,FLASHING TRAFFIC SIGNAL,NONE DETECTED,,6E4027C2-A256-4EB9-94B1-13262562631F,No,POSSIBLE INJURY,N/A,NOT DISTRACTED,MD,ED7B918D-CDD8-497D-A95F-627E1916F737,DISABLING,PASSENGER CAR,MOVING CONSTANT SPEED,38.99762764,-77.02699453,"(38.99762764, -77.02699453)"
MCP2082000T,170505136,Montgomery County Police,Property Damage Crash,04/30/2017 09:20:00 PM,Maryland (State),UNIVERSITY BLVD W,County,EASECREST DR,,N/A,,OTHER,CLEAR,DRY,DARK LIGHTS ON,STOP SIGN,NONE DETECTED,,126E414C-20FE-49D3-BF2F-5874EBAAD536,Yes,NO APPARENT INJURY,N/A,LOOKED BUT DID NOT SEE,MD,B0DD54FA-C19B-4DDD-BE65-D2846C9A5236,FUNCTIONAL,PASSENGER CAR,MAKING RIGHT TURN,39.03802167,-77.04042,"(39.03802167, -77.04042)"
MCP28590024,16031563,Montgomery County Police,Property Damage Crash,06/22/2016 02:00:00 PM,Maryland (State),KEY WEST AVE,County,MEDICAL CENTER DR,,N/A,,SAME DIRECTION SIDESWIPE,CLEAR,DRY,DAYLIGHT,N/A,NONE DETECTED,,5FACA39B-5706-4C9E-9196-164E27926623,No,NO APPARENT INJURY,N/A,NOT DISTRACTED,MD,AD0185E6-C994-479B-A420-22F602AE5F70,SUPERFICIAL,PASSENGER CAR,MOVING CONSTANT SPEED,39.10488667,-77.19661333,"(39.10488667, -77.19661333)"
MCP2848002S,16015355,MONTGOMERY,Injury Crash,03/29/2016 12:24:00 PM,Maryland (State),OLD GEORGETOWN RD,County,TUCKERMAN LA,,N/A,,SAME DIRECTION RIGHT TURN,N/A,DRY,DAYLIGHT,TRAFFIC SIGNAL,UNKNOWN,,D16499D9-6D31-4863-B8B4-D082C32BC5CF,Yes,NO APPARENT INJURY,N/A,UNKNOWN,,5F8C1A92-D60F-40E0-8C86-C867A560F0E8,UNKNOWN,,CHANGING LANES,39.027375,-77.14732333,"(39.027375, -77.14732333)"
MCP94320013,15057368,MONTGOMERY,Property Damage Crash,11/10/2015 04:18:00 PM,,,,,Parking lot of 12901 Town Commons Drive,,,SAME DIRECTION SIDESWIPE,RAINING,,DAYLIGHT,NO CONTROLS,NONE DETECTED,,3440D52C-5D05-4FE9-9C8D-8D68DC0FF368,Yes,NO APPARENT INJURY,"N/A, WET",NOT DISTRACTED,MD,9C3BCEF5-5575-4BF3-9F57-7A105803F9CD,SUPERFICIAL,PASSENGER CAR,ACCELERATING,39.18194,-77.26731333,"(39.18194, -77.26731333)"
MCP2689002X,17011463,Montgomery County Police,Injury Crash,03/04/2017 06:13:00 AM,County,COLD SPRING RD,Unknown,ROAD END,,N/A,,SINGLE VEHICLE,N/A,DRY,DAWN,NO CONTROLS,UNKNOWN,,3766E847-F1F0-43C7-BC04-BC259F0E6A3F,Yes,NO APPARENT INJURY,N/A,UNKNOWN,MD,3F35F48F-FAB8-4ED1-8342-7A16B0D7198B,DISABLING,PASSENGER CAR,UNKNOWN,39.06533123,-77.17899933,"(39.06533123, -77.17899933)"
DD5582000T,16004485,Rockville Police Departme,Property Damage Crash,01/27/2016 10:48:00 PM,Maryland (State),E JEFFERSON ST,Municipality,MONROE ST,,ROCKVILLE,,OTHER,CLOUDY,OTHER,DARK LIGHTS ON,TRAFFIC SIGNAL,NONE DETECTED,,DCB57571-7CA1-4823-B421-A51F0F2C1642,No,NO APPARENT INJURY,"ICY OR SNOW-COVERED, N/A",NOT DISTRACTED,MD,D3506E6B-169D-4BB7-9979-4315F86FFE30,SUPERFICIAL,(SPORT) UTILITY VEHICLE,STOPPED IN TRAFFIC LANE,39.08206833,-77.14952167,"(39.08206833, -77.14952167)"
MCP2759000Y,15050521,MONTGOMERY,Property Damage Crash,10/06/2015 12:36:00 AM,Maryland (State),COLESVILLE RD,Maryland (State),16TH ST,,N/A,,SINGLE VEHICLE,CLEAR,N/A,DARK LIGHTS ON,TRAFFIC SIGNAL,COMBINED SUBSTANCE PRESENT,,3AFE71CC-02F4-4500-84E5-3A25BA3B4E1C,Yes,NO APPARENT INJURY,N/A,UNKNOWN,MD,460C832C-6697-4267-B07B-8F60479FC7CB,DISABLING,PASSENGER CAR,MOVING CONSTANT SPEED,38.99232125,-77.03589141,"(38.99232125, -77.03589141)"
MCP16190018,15042964,MONTGOMERY,Property Damage Crash,08/27/2015 09:26:00 AM,Maryland (State),CLOPPER RD,Other Public Roadway,ALLSPICE RD,,N/A,,SAME DIR REAR END,CLEAR,DRY,DAYLIGHT,NO CONTROLS,NONE DETECTED,,D4D7C848-E41B-4E8C-B655-4E23AF16660E,No,NO APPARENT INJURY,N/A,NOT DISTRACTED,MD,2E727286-17D3-4F28-8284-3F64B05C3517,SUPERFICIAL,VAN,SLOWING OR STOPPING,39.15461,-77.25772333,"(39.15461, -77.25772333)"
MCP2231001X,16012457,MONTGOMERY,Property Damage Crash,03/13/2016 02:45:00 PM,Maryland (State),METROPOLITAN AVE,Municipality,PLYERS MILL RD,,KENSINGTON,,STRAIGHT MOVEMENT ANGLE,CLOUDY,DRY,DAYLIGHT,STOP SIGN,NONE DETECTED,,1D70557C-B178-4D84-B0E9-CE77A5CD89F7,No,NO APPARENT INJURY,N/A,NOT DISTRACTED,MD,DD05BFA2-64F3-4B74-8BC0-7BDE912F821E,SUPERFICIAL,PASSENGER CAR,ACCELERATING,39.02975667,-77.07443,"(39.02975667, -77.07443)"
MCP24200018,16004446,Montgomery County Police,Property Damage Crash,01/27/2016 07:18:00 PM,Maryland (State),NORBECK RD,Maryland (State),GEORGIA AVE,,N/A,,SAME DIRECTION RIGHT TURN,WINTRY MIX,WET,DARK LIGHTS ON,N/A,N/A,,E74031D6-EDC7-4BF2-BB3A-3F47817F790B,Yes,NO APPARENT INJURY,"RAIN, SNOW, WET",NOT DISTRACTED,,2C38BE32-B2DC-4736-87C8-751E0138B049,FUNCTIONAL,STATION WAGON,CHANGING LANES,39.10887333,-77.07652667,"(39.10887333, -77.07652667)"
MCP2940001T,170523639,Montgomery County Police,Property Damage Crash,08/08/2017 12:45:00 PM,,,,,IN PARKING LOT OF 11900 PARKLAWN DR,,,OTHER,CLOUDY,,DAYLIGHT,N/A,N/A,,0DB58531-A182-43A0-802C-0EA2205E8626,Yes,NO APPARENT INJURY,N/A,LOOKED BUT DID NOT SEE,MD,9E3FF2BE-D10A-41BF-BBD0-F6877C580C9B,FUNCTIONAL,PASSENGER CAR,BACKING,39.05071333,-77.10542333,"(39.05071333, -77.10542333)"
MCP30480014,170516797,Montgomery County Police,Property Damage Crash,07/01/2017 12:05:00 PM,Maryland (State),MASSACHUSETTS AVE,County,FORT SUMNER DR,,N/A,,HEAD ON,CLEAR,DRY,DAYLIGHT,TRAFFIC SIGNAL,NONE DETECTED,,D5FE62BB-DF6B-4410-89D8-015DDCA7FDD9,Yes,NO APPARENT INJURY,N/A,UNKNOWN,MD,3EEAB9EC-3381-4175-8CE4-CEB4CEFD2594,FUNCTIONAL,PASSENGER CAR,MOVING CONSTANT SPEED,38.95818167,-77.10925,"(38.95818167, -77.10925)"
MCP11190024,16008121,Montgomery County Police,Property Damage Crash,02/18/2016 10:38:00 AM,County,KENSINGTON BLVD,County,MURDOCK RD,,N/A,,OTHER,CLEAR,DRY,DAYLIGHT,NO CONTROLS,NONE DETECTED,,39DC10BB-D1D0-48A2-B0B4-8356240D70D0,No,NO APPARENT INJURY,N/A,NOT DISTRACTED,MD,9D2EB792-EBD5-4943-B6F9-F67C4B6EC472,SUPERFICIAL,SCHOOL BUS,PARKED,39.03801667,-77.0671,"(39.03801667, -77.0671)"
MCP26200010,16010312,MONTGOMERY,Injury Crash,03/01/2016 06:32:00 PM,Maryland (State),NORBECK RD,Maryland (State),MUNCASTER MILL RD,,N/A,,SAME DIR REAR END,N/A,DRY,DARK LIGHTS ON,NO CONTROLS,NONE DETECTED,,6020E981-8D2E-4580-8F28-CD51A42A59F0,Yes,SUSPECTED MINOR INJURY,N/A,UNKNOWN,MD,4D206FD8-16E1-4948-BC39-F75D0C08E8D4,DISABLING,PASSENGER CAR,SLOWING OR STOPPING,39.10811033,-77.0818913,"(39.10811033, -77.0818913)"
MCP2904001J,15057188,MONTGOMERY,Property Damage Crash,11/09/2015 07:05:00 PM,Maryland (State),UNIVERSITY BLVD E,County,LANGLEY DR,,N/A,,STRAIGHT MOVEMENT ANGLE,RAINING,WET,DARK NO LIGHTS,NO CONTROLS,NONE DETECTED,,E6453F6D-49A7-4C93-9CAB-6F7203DBA2DB,No,NO APPARENT INJURY,"RAIN, SNOW, WET",NOT DISTRACTED,MD,801BE297-F158-4C11-AF3B-C00EA5B30604,FUNCTIONAL,PASSENGER CAR,SLOWING OR STOPPING,39.001505,-76.99555833,"(39.001505, -76.99555833)"
MCP2904002F,16044049,Montgomery County Police,Property Damage Crash,08/29/2016 06:46:00 PM,Maryland (State),NEW HAMPSHIRE AVE,County,OAKVIEW DR,,N/A,,SAME DIR REAR END,CLEAR,DRY,DAYLIGHT,NO CONTROLS,NONE DETECTED,,EA20FBFF-7706-4180-93CD-FB905B285AE7,No,NO APPARENT INJURY,N/A,NOT DISTRACTED,MD,5C9EBD18-D51A-43C7-8ADD-0B57D4224B39,DISABLING,PASSENGER CAR,SLOWING OR STOPPING,39.01781,-76.97703167,"(39.01781, -76.97703167)"
MCP20770017,16041886,Montgomery County Police,Property Damage Crash,08/18/2016 08:39:00 AM,,,,,"PARKING LOT OF 29 OLNEY SANDY SPRING RD, ASHTON, MD.",,,SAME DIRECTION SIDESWIPE,CLEAR,,DAYLIGHT,N/A,NONE DETECTED,,38C74DE9-A6AC-4A26-94A9-8D4126354179,No,NO APPARENT INJURY,N/A,NOT DISTRACTED,MD,1FFB1A50-0F8F-4E7F-97FE-9F8917753868,SUPERFICIAL,VAN,PARKED,39.149738,-77.013443,"(39.149738, -77.013443)"
MCP28860029,170501611,Montgomery County Police,Injury Crash,04/11/2017 04:06:00 PM,County,RANDOLPH RD,County,DEWEY RD,,N/A,,OTHER,CLEAR,DRY,DAYLIGHT,N/A,NONE DETECTED,,80ACF9DC-9F8B-451C-9ABF-1B5D21D362D2,Yes,NO APPARENT INJURY,N/A,NOT DISTRACTED,MD,CC1D83A5-618A-498F-8B1A-CE4585674BBA,DISABLING,PASSENGER CAR,MOVING CONSTANT SPEED,39.05329667,-77.08903833,"(39.05329667, -77.08903833)"
MCP14750017,170519502,Montgomery County Police,Property Damage Crash,07/17/2017 01:00:00 AM,,,,,PARKING LOT OF 18736 WALKERS CHOICE ROAD,,,SAME DIR REAR END,CLEAR,,DARK LIGHTS ON,NO CONTROLS,UNKNOWN,,DD848F48-61DD-4889-A789-271099CFAE27,Yes,NO APPARENT INJURY,N/A,NOT DISTRACTED,MD,D7C47DF7-440B-4300-8746-02930C3480DA,FUNCTIONAL,PASSENGER CAR,ACCELERATING,39.16416964,-77.20443405,"(39.16416964, -77.20443405)"
MCP2928000Z,16001849,Montgomery County Police,Property Damage Crash,01/11/2016 01:15:00 AM,Maryland (State),GEORGIA AVE,County,BLUERIDGE AVE,,N/A,,SAME DIRECTION SIDESWIPE,CLEAR,DRY,DARK LIGHTS ON,TRAFFIC SIGNAL,NONE DETECTED,,B4776BE8-4736-4371-96E1-766EE5F248C2,Yes,NO APPARENT INJURY,N/A,OTHER DISTRACTION,MD,AA2A19BE-3773-4CF9-A86A-F0F5E777E172,FUNCTIONAL,"OTHER LIGHT TRUCKS (10,000LBS (4,536KG) OR LESS)",MOVING CONSTANT SPEED,39.04307785,-77.05178618,"(39.04307785, -77.05178618)"
MCP2970000M,15041109,MONTGOMERY,Property Damage Crash,08/17/2015 02:11:00 PM,Maryland (State),GEORGIA AVE,County,WINDHAM LA,,N/A,,SAME DIRECTION SIDESWIPE,CLEAR,DRY,DAYLIGHT,TRAFFIC SIGNAL,N/A,,56FACF54-A1A6-434F-963B-72421A76D34F,Yes,NO APPARENT INJURY,N/A,LOOKED BUT DID NOT SEE,PA,2744C791-C8D6-48C6-8A49-E17569EDE9F6,SUPERFICIAL,PASSENGER CAR,MAKING LEFT TURN,39.03196936,-77.04841465,"(39.03196936, -77.04841465)"
MCP2046005X,16039423,Montgomery County Police,Injury Crash,08/04/2016 09:50:00 AM,County,CRESTHAVEN DR,County,HARPER DR,,N/A,,SAME DIR REAR END,CLEAR,DRY,DAYLIGHT,NO CONTROLS,NONE DETECTED,,B42A9622-9048-4D5F-97ED-50324E49ACBC,Yes,SUSPECTED MINOR INJURY,N/A,NOT DISTRACTED,MD,83B39537-95A0-42BB-B507-7C9EF756312D,DISABLING,PASSENGER CAR,MOVING CONSTANT SPEED,39.027475,-76.98680167,"(39.027475, -76.98680167)"
MCP27670025,16064755,Montgomery County Police,Injury Crash,12/17/2016 06:27:00 PM,Maryland (State),GEORGIA AVE,County,REEDIE DR,,N/A,,STRAIGHT MOVEMENT ANGLE,CLEAR,WET,DARK LIGHTS ON,TRAFFIC SIGNAL,NONE DETECTED,,1FF46C4C-D752-4B61-9199-F1174CBE0321,No,POSSIBLE INJURY,"N/A, WET",NOT DISTRACTED,MD,02DCAFBF-6C05-4863-BC2F-9C96FE6081A8,DISABLING,PASSENGER CAR,MOVING CONSTANT SPEED,39.03864833,-77.050875,"(39.03864833, -77.050875)"