Report Number,Local Case Number,Agency Name,ACRS Report Type,Crash Date/Time,Route Type,Road Name,Cross-Street Type,Cross-Street Name,Off-Road Description,Municipality,Related Non-Motorist,Collision Type,Weather,Surface Condition,Light,Traffic Control,Driver Substance Abuse,Non-Motorist Substance Abuse,Person ID,Driver At Fault,Injury Severity,Circumstance,Driver Distracted By,Drivers License State,Vehicle ID,Vehicle Damage Extent,Vehicle Body Type,Vehicle Movement,Latitude,Longitude,Location
MCP9442000Q,17005367,Montgomery County Police,Injury Crash,01/31/2017 09:19:00 AM,County,BOWIE MILL RD,County,FOGGY LA,,N/A,,SAME DIR REAR END,CLEAR,DRY,DAYLIGHT,NO CONTROLS,NONE DETECTED,,965C7513-4E1D-47A0-9335-850B2F765B15,No,NO APPARENT INJURY,N/A,NOT DISTRACTED,MD,E58F4B94-ADE8-4566-845B-119B32A8B1F4,FUNCTIONAL,PASSENGER CAR,MAKING LEFT TURN,39.14369667,-77.11931167,"(39.14369667, -77.11931167)"
MCP2251001W,170508532,Montgomery County Police,Injury Crash,05/18/2017 05:07:00 PM,Maryland (State),SPENCERVILLE RD,County,THOMPSON RD,,N/A,,STRAIGHT MOVEMENT ANGLE,CLEAR,DRY,DAYLIGHT,NO CONTROLS,NONE DETECTED,,69F84FB5-0AE9-469F-BD31-112DE503CA5A,Yes,NO APPARENT INJURY,N/A,UNKNOWN,MD,B577E757-A173-457E-91CE-E1B291B5026B,DISABLING,PASSENGER CAR,ACCELERATING,39.11800167,-76.972625,"(39.11800167, -76.972625)"
DD5594002K,16060252,Rockville Police Departme,Property Damage Crash,11/23/2016 01:04:00 PM,Maryland (State),FIRST ST,Municipality,MAPLE AVE,,ROCKVILLE,,SAME DIR REAR END,CLEAR,DRY,DAYLIGHT,N/A,NONE DETECTED,,DC39A9F2-B97A-400B-B382-51E116729490,No,NO APPARENT INJURY,N/A,NOT DISTRACTED,MD,B7E01F4D-DA30-45CF-BBDD-65F965F2D6A9,FUNCTIONAL,PASSENGER CAR,SLOWING OR STOPPING,39.08173833,-77.13719333,"(39.08173833, -77.13719333)"
MCP2658001C,16058057,Montgomery County Police,Property Damage Crash,11/10/2016 06:25:00 PM,County,BROADBIRCH DR,County,BOURNEFIELD WAY,,N/A,,HEAD ON,CLEAR,DRY,DARK LIGHTS ON,STOP SIGN,NONE DETECTED,,A0F52C3E-D9D1-4AEE-8803-1CB423A6FBFC,No,NO APPARENT INJURY,N/A,NOT DISTRACTED,MD,013E7820-EA0A-453B-A00C-D505E975719B,SUPERFICIAL,PASSENGER CAR,STOPPED IN TRAFFIC LANE,39.05575667,-76.96224167,"(39.05575667, -76.96224167)"
MCP29660011,15046318,MONTGOMERY,Injury Crash,09/13/2015 01:54:00 PM,Maryland (State),CONNECTICUT AVE,Unknown,ENT TO ASPEN HILLS SHOPPING CTR,,N/A,,ANGLE MEETS RIGHT TURN,CLEAR,DRY,DAYLIGHT,NO CONTROLS,NONE DETECTED,,CA1AA654-8A2E-4A19-A749-20A744CC4547,Yes,SUSPECTED MINOR INJURY,N/A,NOT DISTRACTED,MD,652AACD0-3FF6-4331-9EE0-DADC05D24C68,FUNCTIONAL,PASSENGER CAR,MOVING CONSTANT SPEED,39.07813,-77.08099333,"(39.07813, -77.08099333)"
MCP2516000Q,16004687,Montgomery County Police,Property Damage Crash,01/29/2016 08:27:00 AM,Maryland (State),GEORGIA AVE,Unknown,ENT TO APTS,,N/A,,SAME DIRECTION RIGHT TURN,CLOUDY,ICE,DAYLIGHT,NO CONTROLS,N/A,,D1F0067E-2E8F-4648-8643-E138A68B25EE,No,NO APPARENT INJURY,"ICY OR SNOW-COVERED, VISION OBSTRUCTION (INCL. BLINDED BY SUN)",NOT DISTRACTED,MD,B51ABF3D-2FEA-4368-A434-7D7C4D1BA924,DISABLING,PASSENGER CAR,MOVING CONSTANT SPEED,39.08841,-77.07971667,"(39.08841, -77.07971667)"
MCP21910013,16050413,Montgomery County Police,Property Damage Crash,10/01/2016 06:59:00 AM,Interstate (State),CAPITAL BELTWAY,Unknown,EXIT #33,,N/A,,SAME DIR REAR END,RAINING,WET,DAWN,NO CONTROLS,NONE DETECTED,,EF94DD7F-08A2-4A7B-8C1B-31E5740408E0,No,NO APPARENT INJURY,"N/A, WET",NOT DISTRACTED,MD,29E8A619-E8B7-43B7-8E08-442A5E39DBB5,NO DAMAGE,"MEDIUM/HEAVY TRUCKS 3 AXLES (OVER 10,000LBS (4,536KG))",SLOWING OR STOPPING,39.00984333,-77.08843833,"(39.00984333, -77.08843833)"
MCP2756001J,16046294,Montgomery County Police,Injury Crash,09/09/2016 09:22:00 PM,County,PLYERS MILL RD,County,INSLEY ST,,N/A,,SINGLE VEHICLE,CLEAR,DRY,DARK LIGHTS ON,OTHER,NONE DETECTED,,5F2178C3-6F55-4FE3-BABB-7CB12E100B04,Yes,POSSIBLE INJURY,N/A,LOOKED BUT DID NOT SEE,MD,7E66C611-D4E2-4507-B498-CBF5DE93F321,DISABLING,PASSENGER CAR,MOVING CONSTANT SPEED,39.029431,-77.053812,"(39.029431, -77.053812)"
MCP22460018,16035931,Montgomery County Police,Property Damage Crash,07/15/2016 06:20:00 PM,US (State),COLESVILLE RD,County,BREWSTER AVE,,N/A,,SAME DIR REAR END,CLEAR,DRY,DAYLIGHT,NO CONTROLS,NONE DETECTED,,634B4AC7-B688-447C-8061-B365ABA26878,No,NO APPARENT INJURY,N/A,NOT DISTRACTED,NJ,6076D07E-EE4C-45B1-A3DB-4942A5883581,FUNCTIONAL,PASSENGER CAR,STOPPED IN TRAFFIC LANE,38.99132333,-77.02743333,"(38.99132333, -77.02743333)"
MCP2939000P,15057414,MONTGOMERY,Injury Crash,11/10/2015 07:13:00 PM,County,CENTURY BLVD,County,MIDDLEBROOK RD,,N/A,,STRAIGHT MOVEMENT ANGLE,RAINING,WET,DARK LIGHTS ON,TRAFFIC SIGNAL,NONE DETECTED,,86C8EBCB-3EFC-4DDE-BE23-09E0D2BFED9B,Yes,NO APPARENT INJURY,"RAIN, SNOW, WET",LOOKED BUT DID NOT SEE,MD,334D00DB-4D58-43EB-B14A-A2CC280525E7,FUNCTIONAL,PASSENGER CAR,ACCELERATING,39.18038167,-77.26824667,"(39.18038167, -77.26824667)"
MCP2946001V,16050506,Montgomery County Police,Injury Crash,10/01/2016 07:55:00 PM,Maryland (State),FREDERICK RD,County,LITTLE SENECA PKWY,,N/A,,HEAD ON LEFT TURN,RAINING,WET,DARK LIGHTS ON,TRAFFIC SIGNAL,NONE DETECTED,,E2D5DF71-D07C-46DC-9C95-675F85834D49,Yes,POSSIBLE INJURY,"N/A, WET",NOT DISTRACTED,MD,FB0211D6-679A-4FD2-A3A2-B284E1274BD8,DESTROYED,PASSENGER CAR,MAKING LEFT TURN,39.223135,-77.26047833,"(39.223135, -77.26047833)"
MCP9130002V,16062743,Montgomery County Police,Property Damage Crash,12/07/2016 08:17:00 AM,Maryland (State),UNIVERSITY BLVD E,County,SEEK LA,,N/A,,SAME DIR BOTH LEFT TURN,CLOUDY,WET,DAYLIGHT,NO CONTROLS,NONE DETECTED,,AE76868E-8E43-48A6-AAFC-44E53264BD54,Yes,NO APPARENT INJURY,"N/A, WET",LOOKED BUT DID NOT SEE,MD,1B73534E-36E7-4595-8F2D-CE693A708DF3,FUNCTIONAL,PASSENGER CAR,MAKING LEFT TURN,38.99726167,-76.99412,"(38.99726167, -76.99412)"
MCP11600005,15060911,MONTGOMERY,Injury Crash,11/29/2015 04:53:00 AM,Maryland (State),RIVER RD,Maryland (State),GOLDSBORO RD,,N/A,,STRAIGHT MOVEMENT ANGLE,RAINING,WET,DARK LIGHTS ON,FLASHING TRAFFIC SIGNAL,ALCOHOL PRESENT,,4D969E78-38F1-449B-9FB3-C97CD80CA984,Yes,NO APPARENT INJURY,"N/A, WET",NOT DISTRACTED,MD,B9F50DF9-E260-4AD2-809C-ADAFF46E7E4F,DISABLING,PASSENGER CAR,MOVING CONSTANT SPEED,38.97312279,-77.12197423,"(38.97312279, -77.12197423)"
MCP2512001Y,16024532,Montgomery County Police,Property Damage Crash,05/17/2016 05:03:00 PM,Maryland (State),QUINCE ORCHARD RD,Interstate (State),EISENHOWER MEMORIAL HWY,,N/A,,SAME DIR REAR END,CLOUDY,WET,DAYLIGHT,NO CONTROLS,NONE DETECTED,,0727CD7D-5E00-4C5C-A1AE-6F2A3D7FB1DD,No,NO APPARENT INJURY,"N/A, WET",NOT DISTRACTED,MD,A326F21B-06F8-498C-928C-6FD9FD67E71D,SUPERFICIAL,(SPORT) UTILITY VEHICLE,SLOWING OR STOPPING,39.14919,-77.21578333,"(39.14919, -77.21578333)"
MCP9379001D,170524283,Montgomery County Police,Property Damage Crash,08/11/2017 10:37:00 AM,County,E GUDE DR,County,CECIL ST,,N/A,,SAME DIR REAR END,CLOUDY,DRY,DAYLIGHT,TRAFFIC SIGNAL,NONE DETECTED,,E8633008-F465-4FEE-89B4-FE0E914C865C,No,NO APPARENT INJURY,N/A,NOT DISTRACTED,MD,7A18A5A1-624B-4813-8FB8-AA7C334555BF,DISABLING,PASSENGER CAR,SLOWING OR STOPPING,39.10546333,-77.14459667,"(39.10546333, -77.14459667)"
MCP2880000Q,15002149,Montgomery County Police,Injury Crash,01/14/2015 10:00:00 AM,Maryland (State),W DIAMOND AVE,Maryland (State),QUINCE ORCHARD RD,,N/A,,SAME DIR REAR END,CLOUDY,DRY,DAYLIGHT,NO CONTROLS,NONE DETECTED,,4A24310F-8181-428A-98F0-A8894FE942DC,No,NO APPARENT INJURY,N/A,NOT DISTRACTED,MD,F087720A-3701-41E3-8091-382EFCAA682E,FUNCTIONAL,PASSENGER CAR,MOVING CONSTANT SPEED,39.14240667,-77.22046833,"(39.14240667, -77.22046833)"
DD56160010,16031503,Rockville Police Departme,Property Damage Crash,06/22/2016 07:50:00 AM,Municipality,WOOTTON PKWY,Maryland (State),ROCKVILLE PIKE,,N/A,,SAME DIRECTION SIDESWIPE,CLEAR,DRY,DAYLIGHT,TRAFFIC SIGNAL,NONE DETECTED,,0C48293D-B2D9-498E-8898-106727EAB139,No,NO APPARENT INJURY,N/A,NOT DISTRACTED,VA,B0928258-1BA0-49B6-8EC0-BFBFDD9FBFF7,SUPERFICIAL,"MEDIUM/HEAVY TRUCKS 3 AXLES (OVER 10,000LBS (4,536KG))",STOPPED IN TRAFFIC LANE,39.07650217,-77.14000017,"(39.07650217, -77.14000017)"
MCP14750011,17014414,Montgomery County Police,Injury Crash,03/21/2017 11:50:00 AM,,,,,"PARKING LOT 701 RUSSELL AVENUE
LAKE FOREST MALL",,,STRAIGHT MOVEMENT ANGLE,CLOUDY,,DAYLIGHT,NO CONTROLS,NONE DETECTED,,0390EE9D-74F0-413A-9AF7-2B6E0BB4E65E,No,NO APPARENT INJURY,N/A,NOT DISTRACTED,MD,580F6386-F709-430E-8E28-711407C8489E,DISABLING,PASSENGER CAR,MOVING CONSTANT SPEED,39.15662667,-77.20356167,"(39.15662667, -77.20356167)"
MCP2552001K,17001848,Montgomery County Police,Property Damage Crash,01/11/2017 04:07:00 PM,County,WILKINS AVE,County,PARKLAWN DR,,N/A,,SAME DIR REAR END,CLOUDY,DRY,DAYLIGHT,OTHER,N/A,,16B2B128-B16C-42B9-9BC1-D44C861B74A4,No,NO APPARENT INJURY,"N/A, ROAD UNDER CONSTRUCTION/MAINTENANCE",NOT DISTRACTED,MD,622EC033-1AA8-4935-A66C-83B6D63EB998,SUPERFICIAL,"OTHER LIGHT TRUCKS (10,000LBS (4,536KG) OR LESS)",BACKING,39.05629242,-77.11216807,"(39.05629242, -77.11216807)"
MCP2944000G,15024672,MONTGOMERY,Injury Crash,05/22/2015 04:18:00 AM,County,JONES BRIDGE RD,Maryland (State),CONNECTICUT AVE,,N/A,,SAME DIR REAR END,CLEAR,DRY,N/A,NO CONTROLS,NONE DETECTED,,3F35E65A-6E64-4DC7-A1D9-CA805035C91C,Yes,NO APPARENT INJURY,N/A,INATTENTIVE OR LOST IN THOUGHT,DC,3D406742-DEDA-491A-8698-CE0BB8840B7D,SUPERFICIAL,(SPORT) UTILITY VEHICLE,SLOWING OR STOPPING,38.99963398,-77.07604408,"(38.99963398, -77.07604408)"
DD5604000S,15003542,Rockville Police Departme,Injury Crash,01/22/2015 12:28:00 PM,Maryland (State),FIRST ST,Maryland (State),VEIRS MILL RD,,N/A,,SAME DIR REAR END,CLEAR,DRY,DAYLIGHT,YIELD SIGN,NONE DETECTED,,98241948-103A-4EA6-88E5-C4127AD7930B,Yes,NO APPARENT INJURY,N/A,LOOKED BUT DID NOT SEE,MD,22CCB659-DA2D-4114-845A-BBDBC6841DFF,FUNCTIONAL,PASSENGER CAR,ACCELERATING,39.07996333,-77.13833167,"(39.07996333, -77.13833167)"
MCP2008001R,15063186,MONTGOMERY,Injury Crash,12/10/2015 06:35:00 PM,Maryland (State),ROCKVILLE PIKE,Unknown,SPUR TO MD 547,,N/A,PEDESTRIAN,OTHER,CLEAR,DRY,DARK LIGHTS ON,N/A,NONE DETECTED,NONE DETECTED,9CBD4A4F-C066-424A-807A-D67E94A09F6D,Yes,NO APPARENT INJURY,N/A,LOOKED BUT DID NOT SEE,MD,C6C01D48-CD81-44CC-BFF5-5CD229960B94,NO DAMAGE,(SPORT) UTILITY VEHICLE,MAKING RIGHT TURN,39.03442667,-77.106525,"(39.03442667, -77.106525)"
MCP24560018,16058612,Montgomery County Police,Injury Crash,11/14/2016 09:12:00 AM,Maryland (State),NEW HAMPSHIRE AVE,County,POWDER MILL RD,,N/A,,SAME DIR REAR END,CLEAR,DRY,DAYLIGHT,TRAFFIC SIGNAL,UNKNOWN,,1E598D42-1613-4831-979B-D0B5BEE017F6,Yes,NO APPARENT INJURY,N/A,UNKNOWN,XX,195F5F87-37A5-4324-ADA3-7AF1079499EE,SUPERFICIAL,VAN,MOVING CONSTANT SPEED,39.02184333,-76.977115,"(39.02184333, -76.977115)"
DD5611002W,170508476,Rockville Police Departme,Injury Crash,05/18/2017 12:39:00 PM,,,,,DRIVEWAY INTO WOODMONT COUNTRY CLUB,,,HEAD ON,CLEAR,,DAYLIGHT,NO CONTROLS,NONE DETECTED,,A3FA5EB4-00B2-47A6-9D22-8665BFE0E89A,No,POSSIBLE INJURY,N/A,NOT DISTRACTED,MD,316AE1DD-72CC-4877-BC2C-DF9386E404DD,DISABLING,PASSENGER CAR,MOVING CONSTANT SPEED,39.06694333,-77.135275,"(39.06694333, -77.135275)"
MCP2398001K,170511725,Montgomery County Police,Injury Crash,06/04/2017 12:29:00 PM,County,WASHINGTON GROVE LA,County,MIDCOUNTY HWY,,N/A,,SAME DIR REAR END,CLEAR,DRY,DAYLIGHT,TRAFFIC SIGNAL,NONE DETECTED,,73BAFBD2-BE05-49AA-9C8F-48A3BAA4B2A2,Yes,NO APPARENT INJURY,N/A,OTHER DISTRACTION,MD,178F4026-7349-4C55-81CD-9954D8BBA443,SUPERFICIAL,(SPORT) UTILITY VEHICLE,ACCELERATING,39.14788167,-77.16886333,"(39.14788167, -77.16886333)"
MCP2698001F,16006690,Montgomery County Police,Property Damage Crash,02/09/2016 10:28:00 AM,Maryland (State),DR BIRD RD,County,NORWOOD RD,,N/A,,SAME DIR REAR END,SNOW,WET,DAYLIGHT,TRAFFIC SIGNAL,N/A,,47753380-A543-4876-BB07-F7EDEDECEBC6,Yes,NO APPARENT INJURY,"RAIN, SNOW, WET",UNKNOWN,MD,E39981CB-E5D1-4365-93E0-16FAB25B7974,FUNCTIONAL,PASSENGER CAR,SLOWING OR STOPPING,39.13838,-77.03354833,"(39.13838, -77.03354833)"
MCP2923001P,16016352,Montgomery County Police,Property Damage Crash,04/04/2016 07:22:00 AM,County,BLUERIDGE AVE,County,ELNORA ST,,N/A,,STRAIGHT MOVEMENT ANGLE,CLEAR,DRY,DAYLIGHT,STOP SIGN,N/A,,13ED3125-E752-45C3-9F54-E7E4C70BEED7,No,NO APPARENT INJURY,N/A,NOT DISTRACTED,MD,C8C08C0E-5588-4973-B840-295FD7D8825C,FUNCTIONAL,(SPORT) UTILITY VEHICLE,MOVING CONSTANT SPEED,39.04508667,-77.05751,"(39.04508667, -77.05751)"
DD5575000K,15046820,ROCKVILLE,Property Damage Crash,09/16/2015 12:40:00 AM,Municipality,BRADLEY AVE,Municipality,BROADWOOD DR,,ROCKVILLE,,OTHER,CLEAR,DRY,DARK LIGHTS ON,N/A,NONE DETECTED,,5E17DBC6-861C-4247-A4A8-82024BCDE380,Yes,NO APPARENT INJURY,"N/A, VISION OBSTRUCTION (INCL. BLINDED BY SUN)",DISTRACTED BY OUTSIDE PERSON OBJECT OR EVENT,MD,29FED3CA-F3D7-4937-8BC6-236521ECEAD8,FUNCTIONAL,POLICE VEHICLE/NON EMERGENCY,BACKING,39.08096,-77.11993,"(39.08096, -77.11993)"
MCP27260017,16028549,Montgomery County Police,Property Damage Crash,06/07/2016 11:43:00 AM,County,MONTROSE RD,Municipality,TOWER OAKS BLVD,,ROCKVILLE,,SAME DIR REAR END,CLEAR,DRY,DAYLIGHT,NO CONTROLS,NONE DETECTED,,DD47877E-5E81-435F-965A-631F507BC6DB,Yes,NO APPARENT INJURY,N/A,NOT DISTRACTED,MD,FD4F6A9E-D0D2-48C4-B2B5-954D9D192E90,SUPERFICIAL,PASSENGER CAR,MOVING CONSTANT SPEED,39.05544471,-77.14901894,"(39.05544471, -77.14901894)"
MCP2286000G,15048379,MONTGOMERY,Property Damage Crash,09/24/2015 07:47:00 AM,County,MONTROSE RD,County,SEVEN LOCKS RD,,N/A,,SAME DIRECTION LEFT TURN,CLEAR,DRY,DAYLIGHT,NO CONTROLS,UNKNOWN,,CEF8B505-EA70-41E3-9381-8802B98E71C0,Unknown,NO APPARENT INJURY,N/A,UNKNOWN,MD,DB21DED6-3EE2-4A76-BDA2-4CC570AB9594,UNKNOWN,PICKUP TRUCK,MOVING CONSTANT SPEED,39.05712,-77.16066833,"(39.05712, -77.16066833)"
MCP229800BF,16061100,Montgomery County Police,Property Damage Crash,11/28/2016 05:51:00 PM,Maryland (State),FREDERICK RD,County,CANTERFIELD WAY,,N/A,,SAME DIR REAR END,CLEAR,DRY,DARK LIGHTS ON,NO CONTROLS,NONE DETECTED,,21249829-0D90-40F8-8852-A6D0E7234BFF,No,NO APPARENT INJURY,N/A,NOT DISTRACTED,MD,74ADFD17-2D5F-4430-8F86-EDDA27673744,FUNCTIONAL,PASSENGER CAR,SLOWING OR STOPPING,39.21986119,-77.2574687,"(39.21986119, -77.2574687)"
MCP22150006,170506162,Montgomery County Police,Property Damage Crash,05/05/2017 08:47:00 PM,Maryland (State),RIDGE RD,Maryland (State),KEMPTOWN RD,,N/A,,SINGLE VEHICLE,CLOUDY,DRY,DARK LIGHTS ON,N/A,NONE DETECTED,,69DD9067-38F4-48B5-969D-94B99AA8D084,Yes,NO APPARENT INJURY,N/A,NOT DISTRACTED,MD,4F08C238-A834-4845-88EB-6D1B3E3C002A,DISABLING,PASSENGER CAR,MOVING CONSTANT SPEED,39.31361833,-77.198105,"(39.31361833, -77.198105)"
DD5595004F,170520400,Rockville Police Departme,Injury Crash,07/21/2017 05:19:00 PM,Municipality,REDLAND BLVD,Municipality,PLEASANT DR,,ROCKVILLE,,STRAIGHT MOVEMENT ANGLE,CLEAR,DRY,DAYLIGHT,TRAFFIC SIGNAL,NONE DETECTED,,10160866-6D95-4566-B9F9-8C72E0F19116,No,POSSIBLE INJURY,N/A,NOT DISTRACTED,MD,71FA2A8F-DD20-4FC3-8752-F880C245983F,DISABLING,PASSENGER CAR,MOVING CONSTANT SPEED,39.113234,-77.17041233,"(39.113234, -77.17041233)"
MCP2987001R,17015955,Montgomery County Police,Injury Crash,03/29/2017 12:40:00 PM,County,CALVERTON BLVD,County,GRACEFIELD RD,,N/A,,STRAIGHT MOVEMENT ANGLE,CLEAR,DRY,DAYLIGHT,STOP SIGN,NONE DETECTED,,BCEADE7C-1CAD-43E7-887F-E75BBC020444,No,NO APPARENT INJURY,N/A,LOOKED BUT DID NOT SEE,MD,74AAD257-125E-4CB6-986B-AE1EB656EEE5,DISABLING,PASSENGER CAR,MOVING CONSTANT SPEED,39.0569183,-76.95120871,"(39.0569183, -76.95120871)"
MCP2870001P,16040770,Montgomery County Police,Property Damage Crash,08/11/2016 06:55:00 PM,County,FOREST GLEN RD,Government,SLIGO CREEK PKWY,,N/A,,SAME DIRECTION SIDESWIPE,CLEAR,DRY,DAYLIGHT,TRAFFIC SIGNAL,NONE DETECTED,,5ABC5CA2-677C-4421-AFDE-39C17DF4A508,No,NO APPARENT INJURY,N/A,NOT DISTRACTED,MD,5C5D132A-ECD6-4CCC-A801-73057814758C,FUNCTIONAL,POLICE VEHICLE/NON EMERGENCY,PARKED,39.01645,-77.03209167,"(39.01645, -77.03209167)"
MCP20470010,17008979,Montgomery County Police,Property Damage Crash,02/19/2017 09:56:00 AM,County,REDLAND RD,Unknown,ENT SHADY GROVE METRO STATION,,N/A,,SINGLE VEHICLE,CLEAR,DRY,DAYLIGHT,N/A,NONE DETECTED,,DC40A9C6-7F6E-4FE3-8212-968F0E708091,Yes,NO APPARENT INJURY,N/A,OTHER DISTRACTION,MD,CD1CC776-9B6F-4802-83A1-DAEFA2745FB5,DISABLING,PASSENGER CAR,MOVING CONSTANT SPEED,39.12322333,-77.16190667,"(39.12322333, -77.16190667)"
MCP2684000Q,15062274,MONTGOMERY,Property Damage Crash,12/06/2015 03:49:00 AM,Maryland (State),UNIVERSITY BLVD E,County,DEARBORN AVE,,N/A,,SAME DIR REND RIGHT TURN,CLEAR,DRY,DARK LIGHTS ON,NO CONTROLS,ALCOHOL PRESENT,,36A879AB-E539-49B3-B124-B7CA35BAB04B,Unknown,NO APPARENT INJURY,N/A,NOT DISTRACTED,MD,55D558DA-723E-4E82-A739-8A355F9DBD07,DISABLING,PASSENGER CAR,MOVING CONSTANT SPEED,39.010695,-77.00112167,"(39.010695, -77.00112167)"
MCP2656000Z,15057405,MONTGOMERY,Injury Crash,11/10/2015 06:25:00 PM,Maryland (State),OLD COLUMBIA PIKE,Unknown,ENT TO BUSINESS,,N/A,PEDESTRIAN,OTHER,RAINING,WET,DARK NO LIGHTS,TRAFFIC SIGNAL,NONE DETECTED,NONE DETECTED,7E5F82BC-34A8-47DB-A810-BF50F8280974,Yes,NO APPARENT INJURY,N/A,LOOKED BUT DID NOT SEE,MD,FFBF0858-A572-4675-B1C4-86863ABE18B1,SUPERFICIAL,"OTHER LIGHT TRUCKS (10,000LBS (4,536KG) OR LESS)",STARTING FROM LANE,39.11253333,-76.932735,"(39.11253333, -76.932735)"
MCP26830018,15046138,MONTGOMERY,Property Damage Crash,09/12/2015 09:38:00 AM,County,MIDCOUNTY HWY,Maryland (State),WOODFIELD RD,,N/A,,HEAD ON LEFT TURN,RAINING,WET,DAYLIGHT,TRAFFIC SIGNAL,NONE DETECTED,,85354D99-1D1A-427A-8252-27609EC576E5,No,NO APPARENT INJURY,"RAIN, SNOW, WET",NOT DISTRACTED,MD,4A3CF112-9850-4CA5-AE27-BBC9D28863D3,DISABLING,PASSENGER CAR,MOVING CONSTANT SPEED,39.15068333,-77.17419167,"(39.15068333, -77.17419167)"
MCP27650023,16016465,Montgomery County Police,Injury Crash,04/04/2016 06:54:00 PM,Other Public Roadway,HECTIC HILL LA,Municipality,WOOTTON PKWY,,ROCKVILLE,,ANGLE MEETS LEFT TURN,CLEAR,WET,DAYLIGHT,NO CONTROLS,NONE DETECTED,,6F34A7BD-1967-404A-9D11-5E3B6D755018,Yes,NO APPARENT INJURY,"N/A, WET",LOOKED BUT DID NOT SEE,MD,D265CEA1-1618-451F-AAB1-EF6AB591678E,FUNCTIONAL,PASSENGER CAR,MAKING LEFT TURN,39.07032333,-77.17180333,"(39.07032333, -77.17180333)"
MCP2611000W,15057349,MONTGOMERY,Injury Crash,11/10/2015 03:06:00 PM,County,OLD COLUMBIA PIKE,Maryland (State),OLD COLUMBIA PIKE (AHEAD),,N/A,,STRAIGHT MOVEMENT ANGLE,RAINING,WET,DAYLIGHT,TRAFFIC SIGNAL,NONE DETECTED,,089DD071-634C-4D8F-BE68-75DCBDD14083,No,POSSIBLE INJURY,"N/A, RAIN, SNOW",NOT DISTRACTED,MD,BDE479E2-46A5-4442-83A0-C01117A32157,FUNCTIONAL,PASSENGER CAR,MOVING CONSTANT SPEED,39.07221161,-76.98871136,"(39.07221161, -76.98871136)"
MCP23390010,15035217,Montgomery County Police,Property Damage Crash,07/17/2016 03:30:00 PM,Maryland (State),MUNCASTER MILL RD,County,BOWIE MILL RD,,N/A,,OTHER,CLEAR,DRY,DAYLIGHT,TRAFFIC SIGNAL,NONE DETECTED,,0CD0DDAF-A662-4ADA-ABD8-9B687556EA46,No,NO APPARENT INJURY,N/A,NOT DISTRACTED,MD,3E4AFC5E-20EC-4E38-897E-F0FC9789C9FB,FUNCTIONAL,PASSENGER CAR,MAKING LEFT TURN,39.133902,-77.122596,"(39.133902, -77.122596)"
MCP2094006L,16033094,Montgomery County Police,Injury Crash,06/30/2016 12:07:00 PM,Maryland (State),CONNECTICUT AVE,Municipality,HOWARD AVE,,KENSINGTON,,SAME DIR REAR END,CLEAR,DRY,DAYLIGHT,NO CONTROLS,NONE DETECTED,,882536FB-49B1-4323-8117-673DAE938DC1,Yes,NO APPARENT INJURY,N/A,NOT DISTRACTED,MD,5DD2AA9D-46F4-4223-A5D5-6DBC099B4E9E,SUPERFICIAL,(SPORT) UTILITY VEHICLE,MOVING CONSTANT SPEED,39.028285,-77.07655,"(39.028285, -77.07655)"
MCP9318000J,15060142,MONTGOMERY,Injury Crash,11/24/2015 06:13:00 PM,Interstate (State),CAPITAL BELTWAY,Maryland (State),GEORGIA AVE,,N/A,,SAME DIR REAR END,CLEAR,DRY,DUSK,NO CONTROLS,NONE DETECTED,,AD005681-279F-47CB-A86A-44EBAA160A1C,No,NO APPARENT INJURY,N/A,NOT DISTRACTED,MD,22AC81AA-4E20-480B-83C8-9804EF6C00E4,SUPERFICIAL,PASSENGER CAR,STOPPED IN TRAFFIC LANE,39.02119333,-77.00807167,"(39.02119333, -77.00807167)"
MCP2961001N,16064606,Montgomery County Police,Property Damage Crash,12/16/2016 09:18:00 PM,Government,GARRETT PARK RD,Government,BEACH DR,,N/A,,SAME DIR REAR END,CLEAR,DRY,DARK LIGHTS ON,STOP SIGN,NONE DETECTED,,0448BD5F-1F48-427E-9841-7F3C0D4A3D36,Yes,NO APPARENT INJURY,N/A,TEXTING FROM A CELLULAR PHONE,MD,11FDA2E5-2D40-4242-9617-F37F0A4CE801,SUPERFICIAL,PASSENGER CAR,SLOWING OR STOPPING,39.04128627,-77.08861828,"(39.04128627, -77.08861828)"
MCP2900001T,16049106,Montgomery County Police,Injury Crash,09/24/2016 03:58:00 AM,Ramp,RAMP 4 FR IS 270 NB TO MD 124 EB,Maryland (State),QUINCE ORCHARD RD,,N/A,,SINGLE VEHICLE,CLEAR,DRY,DARK NO LIGHTS,N/A,ALCOHOL PRESENT,,7964C278-CCED-4F56-99FC-AC42B53B9ACC,Yes,POSSIBLE INJURY,N/A,INATTENTIVE OR LOST IN THOUGHT,DC,14D09B80-0B3F-40D5-BEE9-C0748E8518FB,DESTROYED,PASSENGER CAR,CHANGING LANES,39.13019667,-77.20481333,"(39.13019667, -77.20481333)"
MCP2892002B,170509655,Montgomery County Police,Property Damage Crash,05/24/2017 05:10:00 PM,Maryland (State),PINEY BRANCH RD,County,SILVER SPRING AVE,,N/A,,HEAD ON LEFT TURN,CLOUDY,DRY,DAYLIGHT,NO CONTROLS,NONE DETECTED,,2824639F-F978-43DA-80A7-C136FEAC6362,No,NO APPARENT INJURY,N/A,NOT DISTRACTED,VA,61D4972B-7607-4E22-B60E-27A388CF5C65,DISABLING,PASSENGER CAR,MOVING CONSTANT SPEED,38.99296646,-77.00946361,"(38.99296646, -77.00946361)"