Report Number,Local Case Number,Agency Name,ACRS Report Type,Crash Date/Time,Route Type,Road Name,Cross-Street Type,Cross-Street Name,Off-Road Description,Municipality,Related Non-Motorist,Collision Type,Weather,Surface Condition,Light,Traffic Control,Driver Substance Abuse,Non-Motorist Substance Abuse,Person ID,Driver At Fault,Injury Severity,Circumstance,Driver Distracted By,Drivers License State,Vehicle ID,Vehicle Damage Extent,Vehicle Body Type,Vehicle Movement,Latitude,Longitude,Location
MCP9417000M,15019497,MONTGOMERY,Property Damage Crash,04/25/2015 10:52:00 AM,County,NEBEL ST,County,WENTWORTH PL,,N/A,,OTHER,CLOUDY,DRY,DAYLIGHT,STOP SIGN,NONE DETECTED,,A89F862B-317D-43E7-AA23-C5A14A1EC42A,Yes,NO APPARENT INJURY,N/A,NOT DISTRACTED,MD,9B769147-4119-48CF-922D-34555FD96E0A,FUNCTIONAL,PASSENGER CAR,MOVING CONSTANT SPEED,39.04982667,-77.10783,"(39.04982667, -77.10783)"
MCP20590038,16064349,Montgomery County Police,Property Damage Crash,12/15/2016 11:19:00 AM,Maryland (State),WISCONSIN AVE,Other Public Roadway,SOMERSET TERRACE,,N/A,,SAME DIRECTION SIDESWIPE,CLEAR,DRY,DAYLIGHT,NO CONTROLS,NONE DETECTED,,21788DCC-F290-4C3F-A27E-925985004C3D,Unknown,NO APPARENT INJURY,N/A,NOT DISTRACTED,PA,5C97E585-C271-4339-94B8-9E35DDD50EBC,SUPERFICIAL,FIRE VEHICLE/EMERGENCY,SLOWING OR STOPPING,38.96509,-77.08795,"(38.96509, -77.08795)"
MCP2785002C,17009295,Montgomery County Police,Property Damage Crash,02/21/2017 07:39:00 AM,County,OLD COLUMBIA PIKE,County,FAIRLAND RD,,N/A,,SAME DIRECTION SIDESWIPE,CLEAR,DRY,DAYLIGHT,N/A,N/A,,2D741B83-B550-467B-B90C-D8701F4C1302,Yes,NO APPARENT INJURY,N/A,UNKNOWN,,7438D3EB-9B4A-49BB-A845-A8750A48F661,UNKNOWN,,PASSING,39.076255,-76.95757333,"(39.076255, -76.95757333)"
MCP137800GG,170501662,Montgomery County Police,Injury Crash,04/11/2017 07:53:00 PM,Municipality,BROOKS AVE,Municipality,N SUMMIT AVE,,GAITHERSBURG,BICYCLIST,STRAIGHT MOVEMENT ANGLE,CLEAR,DRY,DUSK,NO CONTROLS,NONE DETECTED,NONE DETECTED,98079A70-4B87-4009-8B27-024BF4B7C616,No,NO APPARENT INJURY,N/A,NOT DISTRACTED,MD,82DA6DF4-B1F1-437B-A138-E2E92979A7E0,FUNCTIONAL,PASSENGER CAR,MAKING LEFT TURN,39.14425704,-77.19369248,"(39.14425704, -77.19369248)"
MCP2683001H,16007474,MONTGOMERY,Injury Crash,02/13/2016 07:52:00 PM,County,LOST KNIFE RD,Maryland (State),MONTGOMERY VILLAGE AVE,,N/A,,SAME DIR REAR END,CLEAR,DRY,DARK LIGHTS ON,NO CONTROLS,NONE DETECTED,,22E1955D-59FA-4329-80B9-A23436111EAA,Yes,NO APPARENT INJURY,N/A,NOT DISTRACTED,MD,5EEC0A1B-D1F7-4CE7-A2BF-F8637F8959E0,FUNCTIONAL,PASSENGER CAR,MAKING RIGHT TURN,39.15743333,-77.20382833,"(39.15743333, -77.20382833)"
MCP2260000H,15000318,Montgomery County Police,Property Damage Crash,01/02/2015 06:39:00 PM,Maryland (State),ROCKVILLE PIKE,Unknown,ENT TO BEST BUY,,N/A,,HEAD ON LEFT TURN,N/A,DRY,DARK LIGHTS ON,TRAFFIC SIGNAL,N/A,,B638CC7C-5215-4A87-8C4F-5DD298E4B721,No,NO APPARENT INJURY,N/A,NOT DISTRACTED,CA,96675DA5-9B97-41AA-988B-DEB9C4D0F025,N/A,PASSENGER CAR,MOVING CONSTANT SPEED,39.06973833,-77.13053667,"(39.06973833, -77.13053667)"
EJ7851000W,15038317,GAITHERSBURG,Property Damage Crash,08/02/2015 03:18:00 PM,Municipality,W DEER PARK RD,Municipality,SUNNYSIDE CT,,GAITHERSBURG,,SAME DIRECTION SIDESWIPE,CLEAR,DRY,DAYLIGHT,NO CONTROLS,NONE DETECTED,,137CE4D0-354F-4442-879C-965C6699853E,No,NO APPARENT INJURY,N/A,NOT DISTRACTED,MD,083F72C9-7BCE-4D7E-A9AF-1869FEA1F149,FUNCTIONAL,PASSENGER CAR,MOVING CONSTANT SPEED,39.13152499,-77.20215082,"(39.13152499, -77.20215082)"
MCP229800BH,16061478,Montgomery County Police,Injury Crash,11/30/2016 03:47:00 PM,Maryland (State),WOODFIELD RD,County,AUGUSTA FARM LANE,,N/A,,HEAD ON,RAINING,WET,DAYLIGHT,NO CONTROLS,NONE DETECTED,,FCBC7452-A5B5-47F2-995D-3DE5AE840079,Yes,POSSIBLE INJURY,"N/A, WET",LOOKED BUT DID NOT SEE,MD,11BC7F3C-8642-4CB8-9E16-A758EFB6B61F,DESTROYED,PASSENGER CAR,MOVING CONSTANT SPEED,39.22021667,-77.17492667,"(39.22021667, -77.17492667)"
MCP2339001N,16032985,Montgomery County Police,Injury Crash,06/29/2016 07:21:00 PM,Maryland (State),OLNEY SANDY SPRING RD,Maryland (State),GEORGIA AVE,,N/A,,HEAD ON LEFT TURN,CLEAR,DRY,DAYLIGHT,TRAFFIC SIGNAL,NONE DETECTED,,2382E107-24D9-4B82-BD9E-676EAEFC3935,Yes,NO APPARENT INJURY,N/A,LOOKED BUT DID NOT SEE,MD,7D96A0C4-CFF1-41EC-93FA-5A408D84E3C9,DISABLING,TRANSIT BUS,MAKING LEFT TURN,39.153193,-77.067124,"(39.153193, -77.067124)"
MCP2746000W,15035883,MONTGOMERY,Property Damage Crash,07/21/2015 01:09:00 PM,Maryland (State),LAYHILL RD,County,BRIGGS RD,,N/A,,SAME DIRECTION SIDESWIPE,CLEAR,DRY,DAYLIGHT,NO CONTROLS,NONE DETECTED,,737720F5-374B-4206-9C92-61728E6BD0B8,Yes,NO APPARENT INJURY,N/A,LOOKED BUT DID NOT SEE,MD,5ACA7FD6-1321-438D-B120-1C48DE6AB537,SUPERFICIAL,PASSENGER CAR,CHANGING LANES,39.18452667,-77.26524667,"(39.18452667, -77.26524667)"
MCP27840021,15059378,MONTGOMERY,Injury Crash,11/20/2015 07:15:00 PM,County,BROOKE RD,County,MEADOWSWEET DR,,N/A,,SINGLE VEHICLE,CLEAR,DRY,DARK LIGHTS ON,NO CONTROLS,NONE DETECTED,,A4E0714D-4D8C-4E9A-9F23-40111A6E3B33,Yes,POSSIBLE INJURY,N/A,UNKNOWN,MD,27DB65AE-CC82-4596-A2A9-159123373569,DISABLING,PASSENGER CAR,MOVING CONSTANT SPEED,39.157215,-77.03563,"(39.157215, -77.03563)"
MCP1417005Q,16044862,Montgomery County Police,Property Damage Crash,09/02/2016 12:03:00 PM,Maryland (State),QUINCE ORCHARD RD,Ramp,RAMP 1 FR RAMP 8 (FR IS270) TO MD 124 EB,,N/A,,SAME DIR REAR END,CLEAR,DRY,DAYLIGHT,NO CONTROLS,NONE DETECTED,,A5114E27-B773-4258-A0B8-5C12B6A2EAF4,Yes,NO APPARENT INJURY,N/A,UNKNOWN,MD,3A856D4F-55A4-4039-B75D-D98FB0636CF7,DISABLING,PASSENGER CAR,MOVING CONSTANT SPEED,39.15063052,-77.21423686,"(39.15063052, -77.21423686)"
MCP2515000C,15063156,MONTGOMERY,Injury Crash,12/10/2015 04:09:00 PM,Maryland (State),DAMASCUS RD,County,LONG CORNER RD,,N/A,,OPPOSITE DIRECTION SIDESWIPE,CLEAR,DRY,DAYLIGHT,STOP SIGN,N/A,,96203C21-C0CD-4206-97C5-B3DD49831836,No,NO APPARENT INJURY,N/A,NOT DISTRACTED,MD,A207CA70-A667-4C29-9AD0-4FBE616723F2,FUNCTIONAL,(SPORT) UTILITY VEHICLE,SLOWING OR STOPPING,39.27399,-77.15545833,"(39.27399, -77.15545833)"
MCP2847001D,16021365,Montgomery County Police,Property Damage Crash,04/30/2016 10:00:00 PM,County,ASPEN HILL RD,County,PARKLAND DR,,N/A,,HEAD ON LEFT TURN,RAINING,WET,DARK LIGHTS ON,TRAFFIC SIGNAL,NONE DETECTED,,918F9C86-4D63-4F36-B39E-81AB8D71A162,Yes,NO APPARENT INJURY,"RAIN, SNOW, WET",NOT DISTRACTED,MD,733E5639-456E-49FF-BAA4-FEB5CB0AC42A,DISABLING,PASSENGER CAR,ACCELERATING,39.079365,-77.08711667,"(39.079365, -77.08711667)"
MCP2931001C,16019839,Montgomery County Police,Injury Crash,04/22/2016 03:41:00 PM,County,RANDOLPH RD,County,PARKLAWN DR,,N/A,,SAME DIR REAR END,CLEAR,N/A,DAYLIGHT,N/A,N/A,,6BA1CB07-DD68-429A-A9BD-816996ADB19E,Yes,NO APPARENT INJURY,N/A,LOOKED BUT DID NOT SEE,FL,B2517673-A98E-4ABF-AAAF-77D326DB627F,SUPERFICIAL,PASSENGER CAR,MOVING CONSTANT SPEED,39.05351167,-77.10772333,"(39.05351167, -77.10772333)"
MCP2881001D,16016087,Montgomery County Police,Injury Crash,04/02/2016 12:53:00 PM,County,CRYSTAL ROCK DR,Maryland (State),GERMANTOWN RD,,N/A,PEDESTRIAN,OTHER,CLEAR,N/A,DAYLIGHT,TRAFFIC SIGNAL,N/A,N/A,4A02B885-4611-46B0-A339-D8D9738C97C7,Yes,NO APPARENT INJURY,N/A,LOOKED BUT DID NOT SEE,MD,D5504864-B055-4FB5-96DF-E4BF23C9DD5F,N/A,PASSENGER CAR,MAKING RIGHT TURN,39.17998167,-77.26487667,"(39.17998167, -77.26487667)"
MCP2254000B,15048238,MONTGOMERY,Property Damage Crash,09/23/2015 01:00:00 PM,Maryland (State),FREDERICK RD,County,WEST OLD BALTIMORE RD,,N/A,,STRAIGHT MOVEMENT ANGLE,N/A,DRY,DAYLIGHT,NO CONTROLS,NONE DETECTED,,C89C8DD1-0548-483E-A8E7-30E737283CB4,Yes,NO APPARENT INJURY,N/A,NOT DISTRACTED,MD,502D4C8D-860F-4ACE-A124-D8CC80D0ECC6,DISABLING,"OTHER LIGHT TRUCKS (10,000LBS (4,536KG) OR LESS)",MAKING LEFT TURN,39.21548167,-77.25246,"(39.21548167, -77.25246)"
MCP2694002J,17006688,Montgomery County Police,Injury Crash,02/07/2017 03:16:00 PM,Maryland (State),ROCKVILLE PIKE,County,NICHOLSON LA,,N/A,,STRAIGHT MOVEMENT ANGLE,CLEAR,DRY,DAYLIGHT,TRAFFIC SIGNAL,NONE DETECTED,,977E7D8D-577D-4310-ACC3-936B73D87810,No,NO APPARENT INJURY,N/A,NOT DISTRACTED,MD,66E5FBEC-04E7-4DC1-A7EF-0294857A28D3,FUNCTIONAL,PASSENGER CAR,STOPPED IN TRAFFIC LANE,39.04443333,-77.11149333,"(39.04443333, -77.11149333)"
MCP2717008F,16056696,Montgomery County Police,Injury Crash,11/03/2016 01:20:00 PM,County,BETHESDA AVE,County,ARLINGTON RD,,N/A,PEDESTRIAN,OTHER,RAINING,WET,DAYLIGHT,NO CONTROLS,UNKNOWN,NONE DETECTED,9B3D913D-838D-4A87-BF8B-63C06B6F911D,Yes,NO APPARENT INJURY,N/A,UNKNOWN,DC,1F417924-1BA4-4151-8955-6923A45B622A,UNKNOWN,PASSENGER CAR,MOVING CONSTANT SPEED,38.99738167,-77.10942667,"(38.99738167, -77.10942667)"
MCP08990021,170503930,Montgomery County Police,Property Damage Crash,04/24/2017 04:00:00 PM,Interstate (State),CAPITAL BELTWAY,Maryland (State),ROCKVILLE PIKE,,N/A,,SAME DIR REAR END,RAINING,WET,DAYLIGHT,NO CONTROLS,NONE DETECTED,,D7372E75-A5E8-478E-BB82-4E05F4E7FB0F,Yes,NO APPARENT INJURY,"RAIN, SNOW, WET",LOOKED BUT DID NOT SEE,MD,BE23BBF2-6798-4053-9461-C59E69D259D2,FUNCTIONAL,VAN,SLOWING OR STOPPING,39.01698,-77.11002167,"(39.01698, -77.11002167)"
MCP2935000Q,16015061,MONTGOMERY,Injury Crash,03/27/2016 10:25:00 PM,County,RUPPERT RD,Maryland (State),NEW HAMPSHIRE AVE,,N/A,,OTHER,RAINING,WET,DARK LIGHTS ON,NO CONTROLS,ALCOHOL PRESENT,,B3C03C27-04FC-43AB-9728-CA4852C9FDC9,Yes,NO APPARENT INJURY,"N/A, RAIN, SNOW",OTHER DISTRACTION,NC,6E53644A-B1B7-4D4A-9020-AEB944044B2E,DISABLING,PASSENGER CAR,MAKING LEFT TURN,39.032115,-76.984895,"(39.032115, -76.984895)"
MCP94220004,15055678,MONTGOMERY,Injury Crash,11/02/2015 03:51:00 AM,County,JONES BRIDGE RD,Maryland (State),ROCKVILLE PIKE,,N/A,,STRAIGHT MOVEMENT ANGLE,CLEAR,DRY,DARK LIGHTS ON,TRAFFIC SIGNAL,NONE DETECTED,,A3360014-C3F3-4B67-B081-8F6082C925DD,No,POSSIBLE INJURY,N/A,NOT DISTRACTED,MD,FF20BCFB-E2A3-487B-88D1-F7C2618E005D,DISABLING,PASSENGER CAR,STOPPED IN TRAFFIC LANE,38.99698833,-77.09603167,"(38.99698833, -77.09603167)"
MCP2864002Q,170504149,Montgomery County Police,Injury Crash,04/25/2017 03:40:00 PM,Maryland (State),ROCKVILLE PIKE,Unknown,HUBBARD DR,,N/A,,STRAIGHT MOVEMENT ANGLE,RAINING,WET,DAYLIGHT,TRAFFIC SIGNAL,NONE DETECTED,,62269251-6CD5-45AB-9DC8-35CD0F57667B,Yes,POSSIBLE INJURY,"RAIN, SNOW, WET",UNKNOWN,MD,358990E3-3A48-4873-87CD-D54417E8D00B,DISABLING,PASSENGER CAR,MOVING CONSTANT SPEED,39.05481667,-77.118005,"(39.05481667, -77.118005)"
MCP15190016,16057726,Montgomery County Police,Injury Crash,11/09/2016 07:11:00 AM,Maryland (State),CLOPPER RD,County,HOPKINS RD,,N/A,,SAME DIR REAR END,RAINING,WET,DAWN,N/A,NONE DETECTED,,68BF75C0-42F2-4D2C-AC6A-2E5D7BDA0B76,No,POSSIBLE INJURY,"RAIN, SNOW, WET",NOT DISTRACTED,MD,ADB82B6E-5D91-425A-9782-01A73328E825,SUPERFICIAL,(SPORT) UTILITY VEHICLE,STOPPED IN TRAFFIC LANE,39.16807351,-77.29365572,"(39.16807351, -77.29365572)"
MCP2534001F,16034612,Montgomery County Police,Property Damage Crash,07/08/2016 04:00:00 PM,County,RANDOLPH RD,County,LOCKSLEY LA,,N/A,,SAME DIR REAR END,CLEAR,DRY,DAYLIGHT,TRAFFIC SIGNAL,NONE DETECTED,,4171F300-0D62-445E-992F-9FEBF3C0FE3D,Yes,NO APPARENT INJURY,N/A,NOT DISTRACTED,PA,56B43EF1-AAF3-458A-A3F6-AD241FE669D0,FUNCTIONAL,PASSENGER CAR,SLOWING OR STOPPING,39.07113667,-77.011815,"(39.07113667, -77.011815)"
MCP2889000Y,15030760,MONTGOMERY,Property Damage Crash,06/24/2015 09:07:00 AM,Maryland (State),UNIVERSITY BLVD W,County,SUTHERLAND RD,,N/A,,SAME DIR REAR END,CLEAR,DRY,DAYLIGHT,TRAFFIC SIGNAL,NONE DETECTED,,027C0ED9-AEEE-42C4-A2E3-370DC0F78AE3,No,NO APPARENT INJURY,N/A,NOT DISTRACTED,MD,27A84DAE-A137-4729-9679-28F7EC7BD4E7,FUNCTIONAL,PASSENGER CAR,STOPPED IN TRAFFIC LANE,39.02118629,-77.01403409,"(39.02118629, -77.01403409)"
DD5611000L,15054464,ROCKVILLE,Property Damage Crash,10/27/2015 08:43:00 AM,Municipality,PARK RD,Maryland (State),HUNGERFORD DR,,N/A,,SAME DIRECTION SIDESWIPE,CLEAR,DRY,DAYLIGHT,TRAFFIC SIGNAL,UNKNOWN,,CA8184E9-05D6-44E6-B3F7-E70A4D0725C1,Yes,NO APPARENT INJURY,N/A,UNKNOWN,,61E02288-AEB6-4D2D-832F-DB5EE7182EA1,UNKNOWN,OTHER,MAKING RIGHT TURN,39.08522087,-77.14788437,"(39.08522087, -77.14788437)"
DD55930024,16035137,Rockville Police Departme,Injury Crash,07/11/2016 06:25:00 PM,Maryland (State),FALLS RD,Municipality,GREAT FALLS RD (AHEAD),,ROCKVILLE,,HEAD ON LEFT TURN,CLEAR,DRY,N/A,TRAFFIC SIGNAL,N/A,,C9D9D883-13CF-457C-B94B-75D6A1767793,Yes,NO APPARENT INJURY,N/A,UNKNOWN,MD,218D57CA-F359-44AE-8F07-213EA4A6F49D,DISABLING,(SPORT) UTILITY VEHICLE,MAKING LEFT TURN,39.07611667,-77.16246167,"(39.07611667, -77.16246167)"
MCP30170009,170511652,Montgomery County Police,Property Damage Crash,06/04/2017 12:00:00 AM,County,GOSHEN RD,Municipality,ODENDHAL AVE,,GAITHERSBURG,,SAME DIR REAR END,CLEAR,DRY,DARK -- UNKNOWN LIGHTING,TRAFFIC SIGNAL,NONE DETECTED,,479DCCD2-D661-4041-B45C-5B3F91F04003,No,NO APPARENT INJURY,N/A,NOT DISTRACTED,MD,769F65BA-9C0F-4307-B668-400C2292D11A,SUPERFICIAL,PASSENGER CAR,STOPPED IN TRAFFIC LANE,39.151725,-77.19242167,"(39.151725, -77.19242167)"
MCP2866001L,15045579,MONTGOMERY,Property Damage Crash,09/09/2015 04:06:00 PM,County,JONES MILL RD,County,TWIN FORKS LA,,N/A,,STRAIGHT MOVEMENT ANGLE,CLOUDY,DRY,DAYLIGHT,NO CONTROLS,NONE DETECTED,,3F57BECC-8D49-4EC7-B8B2-8BDC4AB96D95,Yes,NO APPARENT INJURY,N/A,NOT DISTRACTED,DC,2AC0CF7D-9948-4889-82FA-103DD566CF5F,DISABLING,PASSENGER CAR,MOVING CONSTANT SPEED,38.99381167,-77.06438,"(38.99381167, -77.06438)"
MCP20030007,15004414,Montgomery County Police,Property Damage Crash,01/27/2015 11:45:00 PM,County,DEWEY RD,County,GARRETT PARK RD,,N/A,,SINGLE VEHICLE,CLEAR,WET,DARK LIGHTS ON,NO CONTROLS,NONE DETECTED,,646DED00-49F4-4D87-95A4-A170E922491C,No,NO APPARENT INJURY,N/A,NOT DISTRACTED,MD,C0655AE8-B0E7-4A2D-813F-D9044E2859C5,SUPERFICIAL,POLICE VEHICLE/NON EMERGENCY,MOVING CONSTANT SPEED,39.04341333,-77.08563333,"(39.04341333, -77.08563333)"
MCP2565004N,170522537,Montgomery County Police,Injury Crash,08/02/2017 02:40:00 PM,Maryland (State),OLD GEORGETOWN RD,County,TUCKERMAN LA,,N/A,,STRAIGHT MOVEMENT ANGLE,N/A,DRY,DAYLIGHT,TRAFFIC SIGNAL,NONE DETECTED,,6327A981-C8C0-4C6C-B5C2-8A9BA75F9EC4,No,POSSIBLE INJURY,N/A,NOT DISTRACTED,DE,652EC9F5-A5AB-41D1-BACE-3069BA688FF1,DISABLING,PASSENGER CAR,MOVING CONSTANT SPEED,39.03445833,-77.12518333,"(39.03445833, -77.12518333)"
MCP20160012,16033061,Montgomery County Police,Injury Crash,06/30/2016 08:38:00 AM,County,E GUDE DR,County,DOVER RD,,N/A,,SINGLE VEHICLE,CLEAR,DRY,DAYLIGHT,N/A,N/A,,BFC253D5-C63E-491B-BA9F-3A9CC1B695DE,Yes,SUSPECTED MINOR INJURY,N/A,NOT DISTRACTED,MD,52BDB792-A188-4A1E-B3FF-388D34DB40B7,FUNCTIONAL,MOTORCYCLE,MOVING CONSTANT SPEED,39.09991,-77.13941667,"(39.09991, -77.13941667)"
MCP2664000X,15006765,Montgomery County Police,Injury Crash,02/10/2015 02:23:00 PM,Maryland (State),UNIVERSITY BLVD W,Maryland (State),GEORGIA AVE,,N/A,,SAME DIR REAR END,CLOUDY,DRY,DAYLIGHT,TRAFFIC SIGNAL,NONE DETECTED,,A4694870-12E8-4F27-B54E-E0D9370FD6D6,No,POSSIBLE INJURY,N/A,NOT DISTRACTED,MD,0F4C6E26-DCC3-44FA-9E26-68B455C38366,FUNCTIONAL,PASSENGER CAR,SLOWING OR STOPPING,39.0415449,-77.05184739,"(39.0415449, -77.05184739)"
MCP2923000Y,15043412,MONTGOMERY,Property Damage Crash,08/29/2015 12:49:00 PM,Maryland (State),GEORGIA AVE,County,HERMITAGE AVE,,N/A,,SAME DIR REAR END,CLEAR,DRY,DAYLIGHT,NO CONTROLS,NONE DETECTED,,5E5287A3-E830-4A3B-90B0-C1BE91E704EA,Yes,NO APPARENT INJURY,N/A,INATTENTIVE OR LOST IN THOUGHT,MD,B12A5D70-C649-499E-8E37-C06093E3B1AE,DISABLING,"OTHER LIGHT TRUCKS (10,000LBS (4,536KG) OR LESS)",MOVING CONSTANT SPEED,39.04864167,-77.05188167,"(39.04864167, -77.05188167)"
MCP2298005Y,15042478,MONTGOMERY,Injury Crash,08/24/2015 05:30:00 PM,Maryland (State),GERMANTOWN RD,County,CRYSTAL ROCK DR,,N/A,,SAME DIR REAR END,RAINING,WET,DAYLIGHT,TRAFFIC SIGNAL,NONE DETECTED,,4949124A-3988-469D-AF2E-A94ACCB7CC90,Yes,NO APPARENT INJURY,"RAIN, SNOW, WET",NOT DISTRACTED,MD,4F414F68-29B1-4577-B65C-A532F1EF0554,FUNCTIONAL,(SPORT) UTILITY VEHICLE,SLOWING OR STOPPING,39.1809424,-77.26242542,"(39.1809424, -77.26242542)"
EJ78390014,16009965,Gaithersburg Police Depar,Property Damage Crash,02/28/2016 06:39:00 PM,Maryland (State),FREDERICK RD,Municipality,ONEILL DR,,GAITHERSBURG,,SAME DIR REAR END,CLEAR,DRY,DARK LIGHTS ON,TRAFFIC SIGNAL,NONE DETECTED,,F3C5B6FE-1B13-46B4-95C6-488161293BC5,No,NO APPARENT INJURY,N/A,NOT DISTRACTED,MD,428635F9-42BE-4B2D-960F-C0833A08B3B6,FUNCTIONAL,PASSENGER CAR,SLOWING OR STOPPING,39.12451333,-77.18078167,"(39.12451333, -77.18078167)"
MCP21070015,170502759,Montgomery County Police,Property Damage Crash,04/18/2017 12:44:00 PM,County,MIDDLEBROOK RD,Unknown,CROSSOVER,,N/A,,STRAIGHT MOVEMENT ANGLE,CLEAR,DRY,DAYLIGHT,N/A,NONE DETECTED,,D8AF529C-2032-4D94-8AC1-D1C1A5F41C90,Yes,NO APPARENT INJURY,N/A,NOT DISTRACTED,VA,33C6B899-15A1-4B44-B48B-9D2CBE89CAD3,FUNCTIONAL,(SPORT) UTILITY VEHICLE,ENTERING TRAFFIC LANE,39.182798,-77.27089316,"(39.182798, -77.27089316)"
MCP2789002W,16059487,Montgomery County Police,Property Damage Crash,11/18/2016 07:59:00 PM,US (State),COLESVILLE RD,County,FENTON ST,,N/A,,HEAD ON LEFT TURN,CLEAR,N/A,DARK LIGHTS ON,NO CONTROLS,N/A,,05EB4635-C187-494F-BD3E-5541D9759379,No,NO APPARENT INJURY,N/A,NOT DISTRACTED,DC,87B262A5-7789-4F99-B6E0-5A1484614D0B,SUPERFICIAL,TRANSIT BUS,STOPPED IN TRAFFIC LANE,38.99746333,-77.02711833,"(38.99746333, -77.02711833)"
MCP28530030,17009075,Montgomery County Police,Property Damage Crash,02/19/2017 08:47:00 PM,County,CRESTHAVEN DR,County,LA GRANDE RD,,N/A,,SAME DIRECTION SIDESWIPE,CLEAR,DRY,DARK LIGHTS ON,NO CONTROLS,N/A,,A2E022EE-B332-46A8-B511-820966D7CA1A,Yes,NO APPARENT INJURY,N/A,OTHER ELECTRONIC DEVICE (NAVIGATIONAL PALM PILOT),MD,E48FB0F7-57D5-40EB-A221-27D093669D1F,DISABLING,PASSENGER CAR,MOVING CONSTANT SPEED,39.02654833,-76.987125,"(39.02654833, -76.987125)"
MCP30410009,17012067,Montgomery County Police,Injury Crash,03/07/2017 07:20:00 PM,US (State),COLUMBIA PIKE,County,FAIRLAND RD,,N/A,,SAME DIR REAR END,RAINING,WET,DARK LIGHTS ON,N/A,NONE DETECTED,,8BA24B16-8EE1-4F36-8374-A7DA263BE331,No,NO APPARENT INJURY,"RAIN, SNOW, WET",NOT DISTRACTED,VA,9E920B2C-AAC5-40ED-B146-FB8CD9C6D198,SUPERFICIAL,PASSENGER CAR,MOVING CONSTANT SPEED,39.07368589,-76.95524812,"(39.07368589, -76.95524812)"
MCP22780018,16016546,Montgomery County Police,Injury Crash,04/05/2016 09:25:00 AM,County,SEVEN LOCKS RD,County,BELLS MILL RD,,N/A,,SAME DIR REAR END,CLEAR,DRY,DAYLIGHT,NO CONTROLS,NONE DETECTED,,AA644923-7B66-454C-B529-91338FE9CA05,No,NO APPARENT INJURY,N/A,NOT DISTRACTED,MD,DB18A87A-E1B3-4EA5-915B-A8CB8A4F90BD,DISABLING,PASSENGER CAR,SLOWING OR STOPPING,39.03312258,-77.16091454,"(39.03312258, -77.16091454)"
MCP27220026,17000086,Montgomery County Police,Injury Crash,01/01/2017 10:09:00 AM,Maryland (State),VEIRS MILL RD,County,ROBINDALE DR,,N/A,,STRAIGHT MOVEMENT ANGLE,CLEAR,DRY,DAYLIGHT,TRAFFIC SIGNAL,N/A,,E7FECAA7-3A86-4A4C-8604-9E1047788155,Yes,POSSIBLE INJURY,N/A,NOT DISTRACTED,MD,C874ABD4-1A7E-4BAC-ABF7-D38BEC1B1D71,DISABLING,PASSENGER CAR,MOVING CONSTANT SPEED,39.06328333,-77.09476833,"(39.06328333, -77.09476833)"
MCP2966000Q,15033605,MONTGOMERY,Property Damage Crash,07/09/2015 12:35:00 PM,Maryland (State),NEW HAMPSHIRE AVE,County,STONEGATE DR,,N/A,,OTHER,CLEAR,DRY,DAYLIGHT,NO CONTROLS,NONE DETECTED,,2D95AB17-4C48-4034-99FA-752B8B6814E6,Yes,NO APPARENT INJURY,N/A,NOT DISTRACTED,MD,69D5787C-DBFE-4FB4-BE16-B8F45E3DB719,DISABLING,PASSENGER CAR,MOVING CONSTANT SPEED,39.09988255,-77.00362444,"(39.09988255, -77.00362444)"
DD5502001S,15054850,ROCKVILLE,Property Damage Crash,10/28/2015 06:22:00 PM,Maryland (State),ROCKVILLE PIKE,Municipality,TWINBROOK PKWY,,ROCKVILLE,,SAME DIR REAR END,RAINING,WET,DUSK,NO CONTROLS,NONE DETECTED,,3D210627-8349-4E2D-BA3D-CF9BA605E515,No,NO APPARENT INJURY,"N/A, WET",NOT DISTRACTED,VA,08767C44-AAE6-45D9-A21D-0BBA82EE5A99,FUNCTIONAL,(SPORT) UTILITY VEHICLE,MOVING CONSTANT SPEED,39.0595,-77.12177667,"(39.0595, -77.12177667)"
MCP00360050,16047067,Montgomery County Police,Property Damage Crash,09/14/2016 07:57:00 AM,Maryland (State),RIDGE RD,Unknown,LITTLE SENECA PKWY,,N/A,,STRAIGHT MOVEMENT ANGLE,CLEAR,DRY,DAYLIGHT,STOP SIGN,NONE DETECTED,,C2EF2610-F020-4476-86AE-B44481E1E382,No,NO APPARENT INJURY,"N/A, VISION OBSTRUCTION (INCL. BLINDED BY SUN)",NOT DISTRACTED,MD,9BCE435B-567A-4143-8D37-9EB31EB1298B,DISABLING,OTHER,MAKING LEFT TURN,39.23141333,-77.23713167,"(39.23141333, -77.23713167)"
MCP22310023,16031178,Montgomery County Police,Injury Crash,06/20/2016 02:41:00 PM,County,TUCKERMAN LA,County,SUGARBUSH LA,,N/A,,SAME DIR REAR END,CLEAR,DRY,DAYLIGHT,TRAFFIC SIGNAL,NONE DETECTED,,D93B5F81-564B-456D-9284-6BEC243F7E9D,Yes,NO APPARENT INJURY,N/A,UNKNOWN,MD,EBF33B33-31B4-41B4-945A-B38CF5B97C07,DISABLING,VAN,SLOWING OR STOPPING,39.03196,-77.11826667,"(39.03196, -77.11826667)"