Report Number,Local Case Number,Agency Name,ACRS Report Type,Crash Date/Time,Route Type,Road Name,Cross-Street Type,Cross-Street Name,Off-Road Description,Municipality,Related Non-Motorist,Collision Type,Weather,Surface Condition,Light,Traffic Control,Driver Substance Abuse,Non-Motorist Substance Abuse,Person ID,Driver At Fault,Injury Severity,Circumstance,Driver Distracted By,Drivers License State,Vehicle ID,Vehicle Damage Extent,Vehicle Body Type,Vehicle Movement,Latitude,Longitude,Location
MCP3044001S,170529113,Montgomery County Police,Property Damage Crash,09/07/2017 07:41:00 AM,Maryland (State),16TH ST,County,SPRING ST,,N/A,,SAME DIRECTION SIDESWIPE,CLEAR,DRY,DAYLIGHT,NO CONTROLS,NONE DETECTED,,899E27D5-C011-412A-9F0C-A8408EC53DE6,No,NO APPARENT INJURY,N/A,NOT DISTRACTED,MD,1BC7A458-DCF8-4D74-9E41-B2C0FCD8797E,FUNCTIONAL,(SPORT) UTILITY VEHICLE,N/A,38.99862167,-77.03979,"(38.99862167, -77.03979)"
MCP3031000G,17010959,Montgomery County Police,Property Damage Crash,03/01/2017 05:39:00 PM,County,RANDOLPH RD,County,JUDSON RD,,N/A,,SAME DIR REAR END,N/A,DRY,DAYLIGHT,NO CONTROLS,NONE DETECTED,,B1C1F1EB-16D0-4304-B79C-52DFDA44940F,No,NO APPARENT INJURY,N/A,NOT DISTRACTED,MD,79AE3D50-E8F6-4622-B463-7DEE5D7A4946,FUNCTIONAL,"CARGO VAN/LIGHT TRUCK 2 AXLES (OVER 10,000LBS (4,536 KG))",MOVING CONSTANT SPEED,39.0575171,-77.05217779,"(39.0575171, -77.05217779)"
MCP25460025,16064007,Montgomery County Police,Property Damage Crash,12/13/2016 05:10:00 PM,Maryland (State),CONNECTICUT AVE,County,INDEPENDENCE ST,,N/A,,SAME DIR REAR END,CLEAR,DRY,DARK LIGHTS ON,TRAFFIC SIGNAL,NONE DETECTED,,EA169468-9673-471B-AEAE-A11DFA727D90,Yes,NO APPARENT INJURY,N/A,NOT DISTRACTED,MD,F606CFF7-64B7-4928-AA6A-81133D1D2F9B,DISABLING,PASSENGER CAR,MOVING CONSTANT SPEED,39.07590667,-77.080295,"(39.07590667, -77.080295)"
MCP2378000C,15048556,MONTGOMERY,Injury Crash,09/24/2015 11:02:00 PM,Maryland (State),ROCKVILLE PIKE,County,TUCKERMAN LA,,N/A,,HEAD ON LEFT TURN,CLEAR,DRY,DARK LIGHTS ON,TRAFFIC SIGNAL,NONE DETECTED,,C9E23569-D022-4200-BAEB-E30850B7822C,Yes,NO APPARENT INJURY,N/A,UNKNOWN,MD,45A4BD68-E058-4FC8-9202-99BA4748D1F5,DISABLING,PASSENGER CAR,MOVING CONSTANT SPEED,39.0242849,-77.10293055,"(39.0242849, -77.10293055)"
MCP2782000K,15004136,Montgomery County Police,Property Damage Crash,01/26/2015 08:15:00 AM,County,VALLEYWOOD DR,County,DALEWOOD DR,,N/A,,SAME DIR REAR END,WINTRY MIX,WET,DAYLIGHT,NO CONTROLS,NONE DETECTED,,7870E701-EE84-45B4-8BE2-1E9D40C6FBB4,Yes,NO APPARENT INJURY,"RAIN, SNOW, WET",NOT DISTRACTED,MD,31BADBD3-8ECD-4112-98A8-55F9AF0F5579,NO DAMAGE,(SPORT) UTILITY VEHICLE,SLOWING OR STOPPING,39.062835,-77.064595,"(39.062835, -77.064595)"
MCP2586001B,15046379,MONTGOMERY,Property Damage Crash,09/13/2015 07:42:00 PM,Maryland (State),NEW HAMPSHIRE AVE,County,HEARTFIELDS DR,,N/A,,SAME DIR REAR END,CLEAR,DRY,DARK LIGHTS ON,TRAFFIC SIGNAL,NONE DETECTED,,51B331DA-CFA0-4511-BA56-A7D1126C113D,No,NO APPARENT INJURY,N/A,NOT DISTRACTED,MD,25485B5A-D253-454A-9B5D-3B22165303A9,SUPERFICIAL,(SPORT) UTILITY VEHICLE,STOPPED IN TRAFFIC LANE,39.04700333,-76.99258333,"(39.04700333, -76.99258333)"
MCP2948001W,170529421,Montgomery County Police,Injury Crash,09/08/2017 03:43:00 PM,Maryland (State),GEORGIA AVE,County,RANDOLPH RD,,N/A,PEDESTRIAN,OTHER,CLEAR,DRY,DAYLIGHT,NO CONTROLS,N/A,NONE DETECTED,F1E8DF76-9BC8-4316-8F0D-9D22BFEE0D54,No,NO APPARENT INJURY,N/A,NOT DISTRACTED,MD,31E468C3-6B65-4CEF-85C7-5FA4CA353DC3,N/A,PASSENGER CAR,SLOWING OR STOPPING,39.05910103,-77.05020905,"(39.05910103, -77.05020905)"
MCP29210010,16002226,Montgomery County Police,Property Damage Crash,01/12/2016 05:47:00 PM,County,GRIFFITH RD,County,GRIFFITH DR,,N/A,,SINGLE VEHICLE,CLEAR,DRY,DARK LIGHTS ON,N/A,NONE DETECTED,,23992122-7BB1-44B0-A154-044A297538F4,Yes,NO APPARENT INJURY,N/A,LOOKED BUT DID NOT SEE,MD,CDCA88CE-43BA-4ED1-A206-DA43403A6757,SUPERFICIAL,SCHOOL BUS,BACKING,39.22914167,-77.11618667,"(39.22914167, -77.11618667)"
MCP1022006B,17007793,Montgomery County Police,Injury Crash,02/13/2017 08:05:00 AM,County,MIDDLEBROOK RD,County,WARING STATION RD,,N/A,,HEAD ON LEFT TURN,CLEAR,DRY,DAYLIGHT,TRAFFIC SIGNAL,NONE DETECTED,,AE6E237C-DC5A-4FCE-84C0-111DF6B3F17B,No,POSSIBLE INJURY,N/A,NOT DISTRACTED,MD,1A921133-18BB-4644-B77F-54850809A814,DISABLING,PASSENGER CAR,MOVING CONSTANT SPEED,39.17518167,-77.25363167,"(39.17518167, -77.25363167)"
EJ78520018,15064548,GAITHERSBURG,Injury Crash,12/17/2015 06:36:00 PM,Municipality,BOOTH ST,Municipality,KENTLANDS BLVD,,GAITHERSBURG,PEDESTRIAN,HEAD ON LEFT TURN,FOGGY,WET,DARK LIGHTS ON,STOP SIGN,NONE DETECTED,NONE DETECTED,3C45FA87-D0B9-4FA9-B28E-24D7D7D9FA1E,Unknown,NO APPARENT INJURY,"N/A, WET",UNKNOWN,MD,EEAC26BD-D52C-4FEE-8E5E-FF8A8F606DC9,SUPERFICIAL,PASSENGER CAR,MAKING LEFT TURN,39.12469833,-77.24017833,"(39.12469833, -77.24017833)"
MCP2254000G,16012538,MONTGOMERY,Property Damage Crash,03/14/2016 06:56:00 AM,County,KINGSTEAD RD,County,BURNT HILL RD,,N/A,,SINGLE VEHICLE,RAINING,WET,DARK LIGHTS ON,NO CONTROLS,NONE DETECTED,,EBBB4775-3346-469A-A848-186DFE039AF3,Yes,NO APPARENT INJURY,"N/A, RUTS, HOLES, BUMPS, WET",NOT DISTRACTED,MA,0CAA5610-8842-4BFE-8723-43254E2B0120,DISABLING,PASSENGER CAR,MOVING CONSTANT SPEED,39.27019833,-77.24945167,"(39.27019833, -77.24945167)"
MCP2878002Z,170523717,Montgomery County Police,Injury Crash,08/08/2017 06:40:00 PM,County,CLARKSBURG RD,Unknown,OVERLOOK PARK DR,,N/A,,SAME DIR REAR END,CLEAR,DRY,DAYLIGHT,NO CONTROLS,NONE DETECTED,,34344B87-9BCE-488B-99E9-C93F340414CB,No,NO APPARENT INJURY,N/A,NOT DISTRACTED,MD,0A65BEAE-ECA2-4E62-A204-3E2CC70F7EB9,DESTROYED,POLICE VEHICLE/EMERGENCY,SLOWING OR STOPPING,39.24427333,-77.278535,"(39.24427333, -77.278535)"
MCP27240023,170511289,Montgomery County Police,Property Damage Crash,06/02/2017 08:34:00 AM,Maryland (State),PINEY BRANCH RD,County,MANCHESTER RD,,N/A,,OTHER,CLEAR,DRY,DAYLIGHT,TRAFFIC SIGNAL,N/A,,5A95A1E6-80A8-45F5-B6B1-E49033BA8B70,No,NO APPARENT INJURY,N/A,NOT DISTRACTED,MD,8148528C-BB37-4A6C-AA21-3A70B1B3287A,FUNCTIONAL,(SPORT) UTILITY VEHICLE,SLOWING OR STOPPING,38.99699167,-77.00515,"(38.99699167, -77.00515)"
MCP2723001V,16040124,Montgomery County Police,Injury Crash,08/08/2016 09:19:00 AM,,,,,PARKING LOT OF 18111 PRINCE PHILLIP,,,OPPOSITE DIRECTION SIDESWIPE,CLEAR,,DAYLIGHT,NO CONTROLS,N/A,,3DD0D68D-878D-4E8D-9B23-5B919D4FF278,Yes,NO APPARENT INJURY,N/A,LOOKED BUT DID NOT SEE,MD,2661AC98-7F81-401F-A99E-D21BD453F5AF,FUNCTIONAL,PASSENGER CAR,MAKING RIGHT TURN,39.11618,-77.07294833,"(39.11618, -77.07294833)"
EJ7864000B,16048090,Gaithersburg Police Depar,Property Damage Crash,09/19/2016 12:19:00 PM,,,,,17 FIRSTFIELD RD PARKING LOT,,,SAME DIR REAR END,RAINING,,DAYLIGHT,N/A,UNKNOWN,,0F94EB6E-6BDB-47E0-8F09-A4C3B54C32C7,Yes,NO APPARENT INJURY,"N/A, WET",UNKNOWN,,7BB3326D-FA58-4E63-A175-7068C9502084,UNKNOWN,,STARTING FROM PARKED,39.13916333,-77.22620333,"(39.13916333, -77.22620333)"
MCP1113001C,170506781,Montgomery County Police,Injury Crash,05/09/2017 09:43:00 AM,County,ZION RD,County,SUNDOWN RD,,N/A,,OPPOSITE DIR BOTH LEFT TURN,CLEAR,DRY,DAYLIGHT,NO CONTROLS,NONE DETECTED,,3001DA2F-1BF8-4075-B67D-E503F7AF211D,Unknown,POSSIBLE INJURY,N/A,NOT DISTRACTED,NC,D58AB71D-AF2E-4546-B09A-5C5CD9DEDCDE,DISABLING,PASSENGER CAR,MOVING CONSTANT SPEED,39.21803667,-77.0869,"(39.21803667, -77.0869)"
MCP3007001M,170503529,Montgomery County Police,Property Damage Crash,04/23/2017 08:00:00 AM,,,,,"PARKING LOT IN FRONT OF 14126 GRAND PRE ROAD, SILVER SPRING MD 20906",,,N/A,N/A,,UNKNOWN,N/A,N/A,,CEE5617C-A393-40C8-B180-F778F7DBA14C,Yes,NO APPARENT INJURY,"N/A, WET",LOOKED BUT DID NOT SEE,MD,A8A46A2B-A4AF-41BE-BBE9-8D3B382BA5F4,DISABLING,PASSENGER CAR,STARTING FROM PARKED,39.08669175,-77.07442939,"(39.08669175, -77.07442939)"
MCP2796002C,15056537,MONTGOMERY,Injury Crash,11/06/2015 11:15:00 AM,,,,,"Parking lot in front of entrance to Best Buy located at 10901 Georgia Avenue, Silver Spring",,PEDESTRIAN,SINGLE VEHICLE,CLEAR,,DAYLIGHT,N/A,UNKNOWN,NONE DETECTED,09E1F19D-129D-4923-A6BD-5DE2D821C6D8,Yes,NO APPARENT INJURY,N/A,LOOKED BUT DID NOT SEE,,44DB866A-1B58-4FD3-A52B-6024640C9D9E,UNKNOWN,(SPORT) UTILITY VEHICLE,BACKING,39.03438333,-77.04835667,"(39.03438333, -77.04835667)"
MCP2191001R,170510185,Montgomery County Police,Injury Crash,05/27/2017 08:52:00 AM,County,HIGHLAND AVE,Maryland (State),WISCONSIN AVE,,N/A,,SINGLE VEHICLE,N/A,DRY,DAYLIGHT,N/A,NONE DETECTED,,FA07E582-25B1-4283-8C95-3E438C69C317,Yes,SUSPECTED MINOR INJURY,N/A,NOT DISTRACTED,MD,40A225FE-E8C6-48F7-8272-C7DAA2A93E4E,FUNCTIONAL,MOPED,MOVING CONSTANT SPEED,38.99124554,-77.09513068,"(38.99124554, -77.09513068)"
MCP229800BK,16061894,Montgomery County Police,Property Damage Crash,12/02/2016 01:38:00 PM,Maryland (State),RIDGE RD,Unknown,ENT TO CEMETERY,,N/A,,SAME DIR REAR END,CLEAR,DRY,DAYLIGHT,NO CONTROLS,NONE DETECTED,,BAB6EED8-5B07-4387-9DC5-BD076B4A7F9F,No,NO APPARENT INJURY,N/A,NOT DISTRACTED,WV,7778646A-552F-4573-9260-C6222AA08B45,SUPERFICIAL,"OTHER LIGHT TRUCKS (10,000LBS (4,536KG) OR LESS)",SLOWING OR STOPPING,39.32281333,-77.19736,"(39.32281333, -77.19736)"
MCP1564001H,16042567,Montgomery County Police,Property Damage Crash,08/22/2016 11:05:00 AM,,,,,PARKING LOT OF 19109 GEORGIA AVENUE-MARIAN ASSISTED LIVING,,,SINGLE VEHICLE,CLEAR,,DAYLIGHT,NO CONTROLS,NONE DETECTED,,F012409F-ED83-4A0F-8D99-7D16E41872C3,Yes,NO APPARENT INJURY,"N/A, NON-HIGHWAY WORK",LOOKED BUT DID NOT SEE,MD,0445BF61-7FB3-4276-A9A1-3A4FC445A51B,SUPERFICIAL,FIRE VEHICLE/EMERGENCY,STARTING FROM LANE,39.170165,-77.05595667,"(39.170165, -77.05595667)"
MCP2789003H,170509105,Montgomery County Police,Property Damage Crash,05/21/2017 09:03:00 PM,County,FENWICK LA,County,FIRST AVE,,N/A,,SAME DIR REAR END,CLEAR,DRY,DARK LIGHTS ON,NO CONTROLS,N/A,,94864E66-9E91-4510-9564-B4618FBEDAAE,No,NO APPARENT INJURY,N/A,NOT DISTRACTED,MD,490B60BE-EAFF-4451-8477-D5B9561F71F9,SUPERFICIAL,POLICE VEHICLE/NON EMERGENCY,PARKED,38.99747667,-77.03168167,"(38.99747667, -77.03168167)"
MCP2905002P,170511922,Montgomery County Police,Property Damage Crash,06/05/2017 04:11:00 PM,County,CEDAR LA,Maryland (State),ROCKVILLE PIKE,,N/A,,STRAIGHT MOVEMENT ANGLE,CLOUDY,WET,DAYLIGHT,OTHER,N/A,,D0C84FCA-EF97-4C0D-85B8-3FDE00754D0F,Yes,NO APPARENT INJURY,"RAIN, SNOW, WET",NOT DISTRACTED,MD,C54C9AF5-1D7A-4776-B1C2-109EA84374FD,DISABLING,PASSENGER CAR,MAKING U TURN,39.00604167,-77.09924667,"(39.00604167, -77.09924667)"
MCP2962000K,15050197,MONTGOMERY,Property Damage Crash,10/03/2015 11:12:00 PM,Maryland (State),BUCKLODGE RD,County,MOORE RD,,N/A,,SINGLE VEHICLE,RAINING,WET,DARK NO LIGHTS,NO CONTROLS,NONE DETECTED,,5F83865F-17BD-46D6-837F-84B9B904AB78,Yes,NO APPARENT INJURY,"ANIMAL, WET",NOT DISTRACTED,MD,F3237BDC-4BDE-409A-81F0-58CA52DBC25F,DISABLING,PASSENGER CAR,MOVING CONSTANT SPEED,39.17084833,-77.359405,"(39.17084833, -77.359405)"
MCP28930030,170508886,Montgomery County Police,Property Damage Crash,05/20/2017 03:31:00 PM,County,BRINK RD,County,BLUNT RD,,N/A,,N/A,CLOUDY,DRY,DAYLIGHT,STOP SIGN,NONE DETECTED,,63ECDB0C-4D17-4598-A900-0F5EC32CAB7F,Yes,NO APPARENT INJURY,N/A,LOOKED BUT DID NOT SEE,MD,1AD6FFE8-819C-4BBF-B009-FE03AFF8F58C,DISABLING,PASSENGER CAR,STARTING FROM LANE,39.20399333,-77.20733667,"(39.20399333, -77.20733667)"
MCP2329000N,15034572,MONTGOMERY,Injury Crash,07/14/2015 01:44:00 PM,Municipality,S SUMMIT AVE,Municipality,OLDE TOWNE AVE,,GAITHERSBURG,,SAME DIR REAR END,CLEAR,DRY,DAYLIGHT,TRAFFIC SIGNAL,NONE DETECTED,,1723EFF5-16DD-4D08-8C43-9B75BC51F44F,No,NO APPARENT INJURY,N/A,NOT DISTRACTED,MD,1C9A96B3-9B43-4AB0-B20F-63F7F75CFCB2,SUPERFICIAL,VAN,N/A,39.14092833,-77.19305333,"(39.14092833, -77.19305333)"
MCP2717001K,15033419,MONTGOMERY,Property Damage Crash,07/08/2015 03:12:00 PM,Maryland (State),RIVER RD,County,SEVEN LOCKS RD,,N/A,,OTHER,CLEAR,DRY,DAYLIGHT,NO CONTROLS,N/A,,A26A07C4-806B-4FA4-B5DE-EF7A9F25B537,No,NO APPARENT INJURY,N/A,NOT DISTRACTED,MD,91CA614B-A71B-43CB-B4CE-49FA1D4F9760,DISABLING,PASSENGER CAR,PARKED,38.98340333,-77.17235333,"(38.98340333, -77.17235333)"
MCP2832001F,15036322,MONTGOMERY,Property Damage Crash,07/23/2015 12:15:00 PM,County,NEBEL ST,County,RANDOLPH RD,,N/A,,STRAIGHT MOVEMENT ANGLE,CLEAR,DRY,DAYLIGHT,TRAFFIC SIGNAL,UNKNOWN,,E7796C32-2F8E-4ABF-BAA7-84177EA4184B,Yes,NO APPARENT INJURY,N/A,UNKNOWN,,B64051A8-466D-4B44-BC13-119C97384956,UNKNOWN,PASSENGER CAR,MAKING RIGHT TURN,39.05247833,-77.11124,"(39.05247833, -77.11124)"
MCP229800CT,17015995,Montgomery County Police,Property Damage Crash,03/29/2017 03:42:00 PM,Maryland (State),OLNEY LAYTONSVILLE RD,County,FIELDCREST RD,,N/A,,SAME DIR REAR END,CLEAR,DRY,DAYLIGHT,NO CONTROLS,NONE DETECTED,,4DCF0B26-E442-4C23-8160-A6B42D4EB9D7,No,NO APPARENT INJURY,N/A,NOT DISTRACTED,MD,B25071FD-C6DF-4221-BBFF-5A86CCB96244,FUNCTIONAL,PASSENGER CAR,SLOWING OR STOPPING,39.18909003,-77.12039709,"(39.18909003, -77.12039709)"
DD55740007,15049932,ROCKVILLE,Property Damage Crash,10/02/2015 10:41:00 AM,Interstate (State),EISENHOWER MEMORIAL HWY,Maryland (State),MONTROSE RD,,N/A,,SAME DIR REAR END,RAINING,WET,DAYLIGHT,N/A,N/A,,E7DE9894-B595-4E9A-8803-DEA9151F3ABE,No,NO APPARENT INJURY,"RAIN, SNOW, WET",NOT DISTRACTED,MD,324F57D3-6FA7-454D-8C13-140B23AC4CF5,SUPERFICIAL,PASSENGER CAR,STOPPED IN TRAFFIC LANE,39.05769,-77.15479333,"(39.05769, -77.15479333)"
MCP2877003B,17006289,Montgomery County Police,Injury Crash,02/05/2017 11:54:00 AM,County,E MELBOURNE AVE,Maryland (State),UNIVERSITY BLVD E,,N/A,,STRAIGHT MOVEMENT ANGLE,CLEAR,DRY,DAYLIGHT,STOP SIGN,NONE DETECTED,,6C3AC8C3-34DF-402B-87CE-588B82E2D44B,No,SUSPECTED MINOR INJURY,N/A,NOT DISTRACTED,MD,E7CE3EFF-7208-4601-8C29-CEE94E2CE794,DISABLING,PASSENGER CAR,MOVING CONSTANT SPEED,39.01003,-77.00042833,"(39.01003, -77.00042833)"
MCP3018000N,170502283,Montgomery County Police,Injury Crash,04/15/2017 08:37:00 AM,Maryland (State),VEIRS MILL RD,County,TURKEY BRANCH PKWY,,N/A,,SAME DIR REAR END,CLEAR,DRY,DAYLIGHT,OTHER,NONE DETECTED,,1567D3C9-4B3F-4045-9EF4-7D4B264C1396,No,POSSIBLE INJURY,N/A,NOT DISTRACTED,MD,979BD751-D10C-40F5-996C-DEA5C03A97C3,SUPERFICIAL,PASSENGER CAR,SLOWING OR STOPPING,39.06011115,-77.08935454,"(39.06011115, -77.08935454)"
MCP2845002R,170507832,Montgomery County Police,Injury Crash,05/15/2017 08:52:00 AM,Maryland (State),NEW HAMPSHIRE AVE,County,ELTON RD,,N/A,,SAME DIR REAR END,CLEAR,DRY,DAYLIGHT,TRAFFIC SIGNAL,NONE DETECTED,,ABD69F9C-1F16-43B9-AF70-39739ACA84B1,Yes,NO APPARENT INJURY,N/A,LOOKED BUT DID NOT SEE,MD,4273B43A-C67A-4070-94BB-187E943BCC3F,SUPERFICIAL,PASSENGER CAR,SLOWING OR STOPPING,39.01954333,-76.97649167,"(39.01954333, -76.97649167)"
DD5603003M,17009020,Rockville Police Departme,Property Damage Crash,02/19/2017 02:15:00 PM,Maryland (State),ROCKVILLE PIKE,Unknown,CONGRESSIONAL LA,,N/A,,STRAIGHT MOVEMENT ANGLE,CLEAR,DRY,DAYLIGHT,NO CONTROLS,NONE DETECTED,,0AB2E638-8AF6-405C-95D5-D70CCD58F8D4,No,NO APPARENT INJURY,N/A,NOT DISTRACTED,MD,7F62D413-895F-4316-BC7C-D42FD86ECB86,FUNCTIONAL,PASSENGER CAR,MOVING CONSTANT SPEED,39.06450654,-77.12611556,"(39.06450654, -77.12611556)"
MCP1212000H,15065439,MONTGOMERY,Injury Crash,12/22/2015 08:42:00 AM,Maryland (State),OLD HUNDRED RD,Maryland (State),FREDERICK RD,,N/A,,SAME DIR REAR END,RAINING,WET,DAYLIGHT,N/A,NONE DETECTED,,68ECFBA7-DD72-4A24-AD4F-56D70E082ABB,Yes,SUSPECTED MINOR INJURY,"RAIN, SNOW, WET",NOT DISTRACTED,MD,750DA6AA-1C78-4C81-91D5-45351F0DA896,DISABLING,PASSENGER CAR,SLOWING OR STOPPING,39.28072667,-77.314825,"(39.28072667, -77.314825)"
MCP2522000K,16056875,Montgomery County Police,Property Damage Crash,11/04/2016 11:10:00 AM,Maryland (State),WILSON LA,County,SELKIRK DR,,N/A,,STRAIGHT MOVEMENT ANGLE,CLEAR,DRY,DAYLIGHT,STOP SIGN,NONE DETECTED,,C4D546B0-E621-4889-94E7-912A82981ACB,Yes,NO APPARENT INJURY,N/A,TALKING OR LISTENING TO CELLULAR PHONE,MD,89524D7C-558E-4E8C-A71E-FFCDE285DA1C,DISABLING,PASSENGER CAR,MOVING CONSTANT SPEED,38.98117167,-77.14082333,"(38.98117167, -77.14082333)"
DD5595001V,15051972,ROCKVILLE,Property Damage Crash,10/13/2015 03:49:00 PM,,,,,THE PARKING LOT OF 1601 ROCKVLLE PIKE IN FRONT OF THE CONTAINER STORE.,,,OTHER,CLOUDY,,DAYLIGHT,N/A,UNKNOWN,,FF9B18E4-2F26-41D4-9177-0CBB7614FCDE,Yes,NO APPARENT INJURY,N/A,UNKNOWN,,28E351B0-BC49-49CB-9900-B95001FF041A,SUPERFICIAL,PASSENGER CAR,BACKING,39.06317633,-77.12612867,"(39.06317633, -77.12612867)"
MCP2247000Y,15054357,MONTGOMERY,Property Damage Crash,10/26/2015 04:04:00 PM,County,BRIGGS CHANEY RD,Ramp,RAMP 5 FR US 29 SB TO BRIGGS CHANEY RD,,N/A,,SAME DIR REAR END,CLEAR,DRY,DAYLIGHT,TRAFFIC SIGNAL,NONE DETECTED,,5902CFF1-5229-4E2B-850D-08E14F51AF49,No,NO APPARENT INJURY,N/A,NOT DISTRACTED,MD,6E532AF4-241D-4718-A668-332752B17527,SUPERFICIAL,PASSENGER CAR,STOPPED IN TRAFFIC LANE,39.08381345,-76.94989443,"(39.08381345, -76.94989443)"
MCP1205002B,16043960,Montgomery County Police,Property Damage Crash,08/29/2016 10:05:00 AM,Maryland (State),CONNECTICUT AVE,Municipality,BLACKTHORN ST,,CHEVY CHASE #4,,STRAIGHT MOVEMENT ANGLE,CLEAR,DRY,DAYLIGHT,STOP SIGN,NONE DETECTED,,92489EF5-6CE5-49BB-BB06-B234F53FDE74,No,NO APPARENT INJURY,N/A,NOT DISTRACTED,MD,1CAFEC30-1965-40FC-B0D2-187C565262BA,DISABLING,PASSENGER CAR,MOVING CONSTANT SPEED,38.98706763,-77.07713038,"(38.98706763, -77.07713038)"
MCP28240022,16025869,Montgomery County Police,Property Damage Crash,05/24/2016 07:20:00 PM,Municipality,WOOTTON PKWY,Maryland (State),FALLS RD,,N/A,,OTHER,CLEAR,DRY,DAYLIGHT,NO CONTROLS,N/A,,DB5ABCD3-D566-4CDA-AF1E-8C6159E758A9,No,NO APPARENT INJURY,N/A,NOT DISTRACTED,MD,76D2A4B1-B34D-4DC0-89F9-6C945F75985A,SUPERFICIAL,PASSENGER CAR,CHANGING LANES,39.06976167,-77.16982167,"(39.06976167, -77.16982167)"
EJ7839000L,15034609,GAITHERSBURG,Property Damage Crash,07/14/2015 05:23:00 PM,Maryland (State),QUINCE ORCHARD RD,Municipality,BANK ST,,GAITHERSBURG,,SAME DIR REAR END,CLEAR,DRY,DAYLIGHT,TRAFFIC SIGNAL,NONE DETECTED,,9DEC7624-AAA0-4343-9F32-5C48A858CD29,No,NO APPARENT INJURY,N/A,NOT DISTRACTED,MD,6C592513-F75F-4F07-B888-51B1E1EC82A9,SUPERFICIAL,PICKUP TRUCK,SLOWING OR STOPPING,39.14022,-77.22166667,"(39.14022, -77.22166667)"
MCP1334001S,15006672,Montgomery County Police,Property Damage Crash,02/10/2015 05:15:00 AM,County,ROTHBURY DR,County,GOSHEN RD,,N/A,,SINGLE VEHICLE,WINTRY MIX,ICE,DARK LIGHTS ON,N/A,NONE DETECTED,,5E8BD603-D6A7-4673-8FFA-A2642937B728,Yes,NO APPARENT INJURY,"ICY OR SNOW-COVERED, SLEET, HAIL, FREEZ. RAIN",NOT DISTRACTED,MD,BFD61C23-4DC8-401C-BAB6-CD78E378C8A6,DISABLING,PASSENGER CAR,MOVING CONSTANT SPEED,39.18544667,-77.18914167,"(39.18544667, -77.18914167)"
MCP1182001N,170500345,Montgomery County Police,Property Damage Crash,04/04/2017 01:27:00 PM,Maryland (State),ROCKVILLE PIKE,County,ELSMERE AVE,,N/A,,SAME DIR REAR END,CLEAR,DRY,DAYLIGHT,NO CONTROLS,NONE DETECTED,,C874B2BC-CBCD-481B-BB84-79364DD7D005,No,NO APPARENT INJURY,N/A,NOT DISTRACTED,AL,A202F1F9-8F9D-4902-9F24-C30F50B9A78C,SUPERFICIAL,(SPORT) UTILITY VEHICLE,STOPPED IN TRAFFIC LANE,39.01172667,-77.09825833,"(39.01172667, -77.09825833)"
MCP0113001G,170516613,Montgomery County Police,Injury Crash,06/30/2017 12:49:00 PM,Maryland (State),MASSACHUSETTS AVE,County,SANGAMORE RD,,N/A,,STRAIGHT MOVEMENT ANGLE,CLEAR,DRY,DAYLIGHT,TRAFFIC SIGNAL,NONE DETECTED,,00498F71-EA7F-45CE-97E8-AD133521EC89,No,SUSPECTED MINOR INJURY,N/A,NOT DISTRACTED,MD,4E532F43-3049-4BA5-B9E6-A8C952D31730,DISABLING,PASSENGER CAR,MAKING LEFT TURN,38.96298167,-77.12108333,"(38.96298167, -77.12108333)"
MCP3019000G,17011093,Montgomery County Police,Injury Crash,03/02/2017 01:31:00 PM,Maryland (State),OLD GEORGETOWN RD,Ramp,RAMP 6 FR IS 495 EB TO MD 187 SB,,N/A,,SAME DIR REAR END,N/A,DRY,DAYLIGHT,TRAFFIC SIGNAL,N/A,,E6169A90-CF3B-46E9-816E-A91E719984C8,No,NO APPARENT INJURY,N/A,NOT DISTRACTED,DC,8774F86E-6F3F-4C61-AC33-9529710FEBD1,SUPERFICIAL,PASSENGER CAR,SLOWING OR STOPPING,39.01608167,-77.11940833,"(39.01608167, -77.11940833)"
MCP2679000Z,15045060,MONTGOMERY,Property Damage Crash,09/07/2015 02:30:00 AM,Maryland (State),PINEY BRANCH RD,Other Public Roadway,NO NAME,,N/A,,SAME DIR REAR END,CLEAR,DRY,DARK LIGHTS ON,NO CONTROLS,NONE DETECTED,,EA95DF72-2D47-4113-9B38-6F1E44822569,No,NO APPARENT INJURY,N/A,NOT DISTRACTED,MD,4369E35D-5393-4CD7-ADA4-FF6351038537,SUPERFICIAL,PASSENGER CAR,SLOWING OR STOPPING,39.00236667,-76.98602667,"(39.00236667, -76.98602667)"
EJ78360002,16016672,Gaithersburg Police Depar,Property Damage Crash,04/05/2016 08:47:00 PM,Maryland (State),W DIAMOND AVE,Unknown,KING JAMES WAY,,N/A,,STRAIGHT MOVEMENT ANGLE,N/A,DRY,DARK LIGHTS ON,NO CONTROLS,N/A,,A9336873-E245-4C84-B107-9A3641A4BA84,No,NO APPARENT INJURY,N/A,NOT DISTRACTED,MD,2421ECCC-F0A3-46AF-9E33-51E6CBC95624,SUPERFICIAL,PASSENGER CAR,SLOWING OR STOPPING,39.14017667,-77.20632333,"(39.14017667, -77.20632333)"