Report Number,Local Case Number,Agency Name,ACRS Report Type,Crash Date/Time,Route Type,Road Name,Cross-Street Type,Cross-Street Name,Off-Road Description,Municipality,Related Non-Motorist,Collision Type,Weather,Surface Condition,Light,Traffic Control,Driver Substance Abuse,Non-Motorist Substance Abuse,Person ID,Driver At Fault,Injury Severity,Circumstance,Driver Distracted By,Drivers License State,Vehicle ID,Vehicle Damage Extent,Vehicle Body Type,Vehicle Movement,Latitude,Longitude,Location
MCP2969003L,170528128,Montgomery County Police,Property Damage Crash,09/01/2017 10:11:00 AM,Maryland (State),NEW HAMPSHIRE AVE,Ramp,RAMP 7 FR MD 200 WB TO MD 650 SB,,N/A,,SAME DIR REAR END,CLEAR,DRY,DAYLIGHT,TRAFFIC SIGNAL,NONE DETECTED,,7DA876E2-A98E-4D01-9227-FE1AD463B251,No,NO APPARENT INJURY,N/A,NOT DISTRACTED,MD,7D148EF0-2E6E-4A39-84D9-51D62F019504,FUNCTIONAL,PASSENGER CAR,SLOWING OR STOPPING,39.08750817,-76.99958983,"(39.08750817, -76.99958983)"
MCP2960000M,15038681,MONTGOMERY,Property Damage Crash,08/04/2015 02:49:00 PM,County,INTERNATIONAL DR,,CUL DE SAC,,N/A,,HEAD ON LEFT TURN,CLEAR,DRY,DAYLIGHT,STOP SIGN,NONE DETECTED,,0A603DC2-71B3-474A-AF6A-9004C603CAB7,Yes,NO APPARENT INJURY,N/A,LOOKED BUT DID NOT SEE,MD,0A2FAF97-057A-45BC-907B-CB841DF56353,DISABLING,PASSENGER CAR,ACCELERATING,39.10384667,-77.0756,"(39.10384667, -77.0756)"
MCP13660041,16001894,Montgomery County Police,Property Damage Crash,01/11/2016 10:04:00 AM,,,,,"SHADY GROVE METRO
15903 SOMERVILLE DR
ROCKVILLE, MD 20855",,,SAME DIRECTION SIDESWIPE,CLEAR,,DAYLIGHT,N/A,NONE DETECTED,,C29A2189-6173-4B7C-BCBB-AC8D9C384775,Yes,NO APPARENT INJURY,N/A,LOOKED BUT DID NOT SEE,MD,CE2F1389-C2EF-4A12-80BA-05BD4C6A6B1D,SUPERFICIAL,TRANSIT BUS,MOVING CONSTANT SPEED,39.12053167,-77.16310167,"(39.12053167, -77.16310167)"
MCP2899000K,15013134,MONTGOMERY,Injury Crash,03/22/2015 04:50:00 AM,US (State),COLUMBIA PIKE,Unknown,HOWARD CO/L,,N/A,,SAME DIR REAR END,CLEAR,DRY,DARK NO LIGHTS,N/A,N/A,,F50EA0FD-1E04-4554-B28D-22F6BC7DC64E,No,POSSIBLE INJURY,N/A,NOT DISTRACTED,MD,07461A67-A5DF-4E5B-A28F-960B4C25076A,DISABLING,POLICE VEHICLE/EMERGENCY,OTHER,39.1309133,-76.91970885,"(39.1309133, -76.91970885)"
MCP20810008,16020028,Montgomery County Police,Property Damage Crash,04/23/2016 04:49:00 PM,Maryland (State),VEIRS MILL RD,County,FERRARA AVE,,N/A,,STRAIGHT MOVEMENT ANGLE,CLEAR,DRY,DAYLIGHT,TRAFFIC SIGNAL,NONE DETECTED,,B3650839-B8D3-4921-93AE-5355E9EAB1A0,No,NO APPARENT INJURY,N/A,NOT DISTRACTED,MD,3AFFAC04-669D-4224-A90F-0BC205582A28,DISABLING,PASSENGER CAR,MOVING CONSTANT SPEED,39.05287,-77.07689667,"(39.05287, -77.07689667)"
MCP29100013,15007995,Montgomery County Police,Property Damage Crash,02/18/2015 12:24:00 PM,County,FOREST GLEN RD,County,WOODLAND DR,,N/A,,HEAD ON LEFT TURN,CLEAR,DRY,DAYLIGHT,STOP SIGN,NONE DETECTED,,1416CECD-DFDD-4D77-A30A-9EC2161F6479,Yes,NO APPARENT INJURY,N/A,LOOKED BUT DID NOT SEE,MD,A18595FC-16EB-4265-B851-AE54F5520A3B,FUNCTIONAL,PASSENGER CAR,MAKING LEFT TURN,39.01575833,-77.04201667,"(39.01575833, -77.04201667)"
MCP29360011,16027624,Montgomery County Police,Property Damage Crash,06/02/2016 04:48:00 PM,Maryland (State),WISCONSIN AVE,Municipality,S PARK AVE,,FRIENDSHIP HEIGHTS,,SAME DIR REAR END,CLEAR,DRY,DAYLIGHT,NO CONTROLS,NONE DETECTED,,0B7B3FF3-9DF5-4A27-A829-F87ACA7234F7,No,NO APPARENT INJURY,N/A,NOT DISTRACTED,MD,C31C76C9-B1A6-420C-87BC-4A787278B160,FUNCTIONAL,VAN,PARKED,38.964025,-77.08485333,"(38.964025, -77.08485333)"
MCP2291001R,16043050,Montgomery County Police,Property Damage Crash,08/24/2016 03:16:00 PM,Maryland (State),CONNECTICUT AVE,County,MANOR RD,,N/A,,SAME DIR REAR END,CLEAR,DRY,DAYLIGHT,NO CONTROLS,NONE DETECTED,,E8ACAB52-D933-47B7-866A-60E15F44BE21,No,NO APPARENT INJURY,N/A,NOT DISTRACTED,MD,A21190EC-BA4B-454A-8C8E-2DC6A4A2E865,SUPERFICIAL,PASSENGER CAR,STOPPED IN TRAFFIC LANE,38.99687667,-77.077105,"(38.99687667, -77.077105)"
MCP28850021,170524579,Montgomery County Police,Property Damage Crash,08/13/2017 02:43:00 AM,County,ASPEN HILL RD,County,PARKLAND DR,,N/A,,STRAIGHT MOVEMENT ANGLE,CLEAR,DRY,DARK LIGHTS ON,TRAFFIC SIGNAL,ALCOHOL PRESENT,,F53D84FB-685C-4629-B396-C7CDC81F6355,Yes,NO APPARENT INJURY,N/A,NOT DISTRACTED,XX,2F12959C-361C-482B-AC6E-748148E7AE10,FUNCTIONAL,PASSENGER CAR,MOVING CONSTANT SPEED,39.07916628,-77.08712362,"(39.07916628, -77.08712362)"
MCP28530035,17012282,Montgomery County Police,Injury Crash,03/08/2017 07:43:00 PM,Maryland (State),NEW HAMPSHIRE AVE,County,OAKVIEW DR,,N/A,,SAME DIR REAR END,CLEAR,DRY,DARK NO LIGHTS,NO CONTROLS,N/A,,362CB728-2E84-4CD9-A519-7388A4FC021F,No,SUSPECTED MINOR INJURY,N/A,NOT DISTRACTED,MD,B6AF2E84-562A-444A-AA05-BCC9CE07AF33,FUNCTIONAL,PASSENGER CAR,STOPPED IN TRAFFIC LANE,39.01722,-76.97725,"(39.01722, -76.97725)"
DD5605002X,16061182,Rockville Police Departme,Injury Crash,11/29/2016 09:24:00 AM,Municipality,W GUDE DR,Municipality,RESEARCH BLVD,,ROCKVILLE,,OTHER,RAINING,WET,DAYLIGHT,TRAFFIC SIGNAL,NONE DETECTED,,8C05DD5A-A6D8-4D38-9939-C64950D91339,No,POSSIBLE INJURY,"RAIN, SNOW, WET",NOT DISTRACTED,MD,F859D083-8790-4B4A-A31B-D3F11EAEB5FE,DISABLING,PASSENGER CAR,MOVING CONSTANT SPEED,39.100515,-77.18113667,"(39.100515, -77.18113667)"
MCP2676002Q,170515223,Montgomery County Police,Injury Crash,06/22/2017 06:26:00 PM,County,SNOUFFERS SCHOOL RD,County,BONANZA WAY,,N/A,,HEAD ON LEFT TURN,CLEAR,DRY,DAYLIGHT,NO CONTROLS,N/A,,08CC3F8A-8A73-4D7A-A508-0FA8D0762C51,No,POSSIBLE INJURY,N/A,NOT DISTRACTED,MD,D70C7C4D-6CB1-4894-9297-C7A8E5B82941,FUNCTIONAL,PASSENGER CAR,MOVING CONSTANT SPEED,39.16638167,-77.17098167,"(39.16638167, -77.17098167)"
MCP20460065,16054840,Montgomery County Police,Property Damage Crash,10/25/2016 07:18:00 AM,Maryland (State),CHERRY HILL RD,US (State),COLUMBIA PIKE,,N/A,,OPPOSITE DIR BOTH LEFT TURN,CLEAR,DRY,DARK LIGHTS ON,TRAFFIC SIGNAL,NONE DETECTED,,06D7C7F9-190E-4693-8420-700CC999B186,No,NO APPARENT INJURY,N/A,NOT DISTRACTED,MD,C9C9478D-85E5-42DE-95F6-5CA000C71667,DISABLING,(SPORT) UTILITY VEHICLE,MAKING LEFT TURN,39.062595,-76.96336,"(39.062595, -76.96336)"
MCP30390012,170523517,Montgomery County Police,Property Damage Crash,08/07/2017 04:30:00 PM,Maryland (State),OLD GEORGETOWN RD,County,BEECH AVE,,N/A,,STRAIGHT MOVEMENT ANGLE,RAINING,WET,DAYLIGHT,FLASHING TRAFFIC SIGNAL,NONE DETECTED,,E7050C21-1D16-405F-9021-99FCBF87B984,No,NO APPARENT INJURY,"RAIN, SNOW, WET",NOT DISTRACTED,VA,B91A1FE0-D349-458A-9CFB-18CCBEA68F03,SUPERFICIAL,(SPORT) UTILITY VEHICLE,MOVING CONSTANT SPEED,39.01020333,-77.11457,"(39.01020333, -77.11457)"
MCP2799002F,17004006,Montgomery County Police,Injury Crash,02/08/2017 05:34:00 PM,Maryland (State),LAYHILL RD,Maryland (State),INTERCOUNTY CONNECTOR,,N/A,,STRAIGHT MOVEMENT ANGLE,CLEAR,DRY,DARK LIGHTS ON,TRAFFIC SIGNAL,NONE DETECTED,,540093B1-41A8-4587-BEEC-281898A58D79,Yes,NO APPARENT INJURY,N/A,LOOKED BUT DID NOT SEE,MD,F4FDD8C1-4FED-4E99-893F-4FC0B79AD4F9,DISABLING,PASSENGER CAR,MAKING LEFT TURN,39.10006573,-77.04179227,"(39.10006573, -77.04179227)"
MCP29140039,16035765,Montgomery County Police,Injury Crash,07/14/2016 09:33:00 PM,,,,,1702 MT. PISGAH LN- PARKING LOT FOR APARTMENT COMPLEX,,,HEAD ON,CLEAR,,DARK LIGHTS ON,NO CONTROLS,N/A,,C1AE4CB1-ECB7-47AF-94FA-CCD753E5C00C,No,POSSIBLE INJURY,N/A,NOT DISTRACTED,MD,CC7D5B39-2474-44F4-A2FF-152FA1C00FD8,FUNCTIONAL,PASSENGER CAR,MOVING CONSTANT SPEED,39.01487092,-76.97512865,"(39.01487092, -76.97512865)"
MCP25640013,16065512,Montgomery County Police,Injury Crash,12/21/2016 05:47:00 PM,Municipality,RUSSELL AVE,Municipality,ODENDHAL AVE,,GAITHERSBURG,,HEAD ON LEFT TURN,CLEAR,DRY,DARK LIGHTS ON,TRAFFIC SIGNAL,NONE DETECTED,,272F1F68-0E0A-40D3-8927-A5704EB6CCDB,No,POSSIBLE INJURY,N/A,NOT DISTRACTED,MD,66695851-488D-426B-9E96-F0813842B8FC,DESTROYED,PASSENGER CAR,MOVING CONSTANT SPEED,39.15062948,-77.2037977,"(39.15062948, -77.2037977)"
MCP27380012,15047012,MONTGOMERY,Property Damage Crash,09/16/2015 11:47:00 PM,US (State),COLUMBIA PIKE,Maryland (State),CHERRY HILL RD,,N/A,,SAME DIR REAR END,CLEAR,DRY,DARK LIGHTS ON,NO CONTROLS,NONE DETECTED,,1BDE998E-7403-47E7-9AF5-D0E8B79B06CC,No,NO APPARENT INJURY,N/A,NOT DISTRACTED,MD,7E08BB04-1C9B-40F1-9A1A-19C50A9EC893,FUNCTIONAL,PASSENGER CAR,MOVING CONSTANT SPEED,39.06183167,-76.96339167,"(39.06183167, -76.96339167)"
MCP2845001J,16002306,Montgomery County Police,Property Damage Crash,01/13/2016 10:21:00 AM,Maryland (State),UNIVERSITY BLVD E,US (State),COLESVILLE RD,,N/A,,SAME DIRECTION SIDESWIPE,CLEAR,DRY,DAYLIGHT,NO CONTROLS,N/A,,07F30F82-E28B-4F9C-8F54-D81E361D08A2,Yes,NO APPARENT INJURY,N/A,UNKNOWN,MD,4504F10F-F0B1-4DE9-A99B-6FCC904C89CB,UNKNOWN,PASSENGER CAR,PASSING,39.020615,-77.01329333,"(39.020615, -77.01329333)"
MCP2378000H,15059430,MONTGOMERY,Property Damage Crash,11/20/2015 11:00:00 PM,Maryland (State),ROCKVILLE PIKE,County,NICHOLSON LA,,N/A,,OTHER,CLEAR,DRY,DARK LIGHTS ON,N/A,NONE DETECTED,,1DD2ECCE-56F0-4F4B-890E-3819533A4596,No,NO APPARENT INJURY,N/A,NOT DISTRACTED,MD,47467FBC-63A9-4466-9B8F-C4E7791DBDEC,FUNCTIONAL,PASSENGER CAR,MOVING CONSTANT SPEED,39.04465273,-77.11179256,"(39.04465273, -77.11179256)"
DD56110022,17007730,Rockville Police Departme,Property Damage Crash,02/12/2017 07:20:00 PM,Maryland (State),ROCKVILLE PIKE,Municipality,MONROE PL,,ROCKVILLE,,SAME DIRECTION SIDESWIPE,N/A,DRY,DARK LIGHTS ON,NO CONTROLS,NONE DETECTED,,DB7EA009-72F9-4ED1-8D01-3B75DDC1E164,No,NO APPARENT INJURY,N/A,NOT DISTRACTED,MD,A861F041-01AC-4417-A868-C4DDDE4F0A99,DISABLING,PASSENGER CAR,MOVING CONSTANT SPEED,39.08450667,-77.14745333,"(39.08450667, -77.14745333)"
MCP28630013,15056307,MONTGOMERY,Property Damage Crash,11/05/2015 07:01:00 AM,County,BRINK RD,County,GOSHEN RD,,N/A,,OPPOSITE DIR BOTH LEFT TURN,RAINING,WET,DAWN,N/A,NONE DETECTED,,EB48125A-13A0-40E7-B653-7D8FEE3C7A55,Yes,NO APPARENT INJURY,"RAIN, SNOW, WET",NOT DISTRACTED,MB,D7904813-6E70-4316-8F30-BDB49935DCC6,FUNCTIONAL,PASSENGER CAR,MOVING CONSTANT SPEED,39.205705,-77.18617167,"(39.205705, -77.18617167)"
MCP24250060,15061499,MONTGOMERY,Property Damage Crash,12/02/2015 09:32:00 AM,Maryland (State),NEW HAMPSHIRE AVE,County,CHALMERS RD,,N/A,,SAME DIR REAR END,RAINING,WET,DAYLIGHT,TRAFFIC SIGNAL,NONE DETECTED,,8E84C244-C133-43B7-9892-832A2CD30BD5,No,NO APPARENT INJURY,"RAIN, SNOW, WET",NOT DISTRACTED,MD,1C2CBE2E-1E1B-4229-A29A-32189A9935C1,SUPERFICIAL,(SPORT) UTILITY VEHICLE,SLOWING OR STOPPING,39.029755,-76.98326833,"(39.029755, -76.98326833)"
MCP2756000Z,15053296,MONTGOMERY,Injury Crash,10/20/2015 08:09:00 PM,Maryland (State),UNIVERSITY BLVD W,County,AMHERST AVE,,N/A,,SAME DIR REAR END,CLEAR,DRY,DARK LIGHTS ON,TRAFFIC SIGNAL,NONE DETECTED,,4A2BE6AD-4BE1-4374-9242-B8D99875CADE,No,SUSPECTED MINOR INJURY,N/A,NOT DISTRACTED,MD,76DC88AA-67C9-4643-9270-7C79A34F20FC,DISABLING,PASSENGER CAR,STOPPED IN TRAFFIC LANE,39.041267,-77.048252,"(39.041267, -77.048252)"
MCP2905002V,170519779,Montgomery County Police,Property Damage Crash,07/18/2017 03:26:00 PM,County,ROCKLEDGE DR,County,ROCKLEDGE BLVD,,N/A,,SINGLE VEHICLE,CLOUDY,WET,DAYLIGHT,TRAFFIC SIGNAL,N/A,,2F624B45-43F6-4510-A2CD-793337AB2502,Yes,NO APPARENT INJURY,"N/A, WET",UNKNOWN,MD,EFF31651-9C68-44DF-9F39-5ECE206D4A00,DISABLING,PASSENGER CAR,MAKING RIGHT TURN,39.02974333,-77.13287833,"(39.02974333, -77.13287833)"
MCP2162001T,16043697,Montgomery County Police,Property Damage Crash,08/27/2016 06:23:00 PM,Maryland (State),GEORGIA AVE,Ramp,RAMP 8 FR MD 97 SB TO MD 200 WB,,N/A,,STRAIGHT MOVEMENT ANGLE,CLEAR,DRY,DAYLIGHT,TRAFFIC SIGNAL,N/A,,EBBB728A-91A7-4DA0-AF0C-18F0019AFDE9,No,NO APPARENT INJURY,N/A,NOT DISTRACTED,MD,327F1564-71DE-43BD-9318-D6C49CA14122,FUNCTIONAL,PASSENGER CAR,STARTING FROM LANE,39.11841087,-77.07502216,"(39.11841087, -77.07502216)"
MCP2932001C,17052396,Montgomery County Police,Property Damage Crash,04/16/2017 12:07:00 AM,US (State),COLESVILLE RD,County,ROWEN RD,,N/A,,SAME DIRECTION SIDESWIPE,CLEAR,WET,DARK LIGHTS ON,N/A,NONE DETECTED,,AF93774E-C8EE-4129-8C0D-B986685D0C3D,Yes,NO APPARENT INJURY,"N/A, WET",LOOKED BUT DID NOT SEE,WA,6F8AE699-41A8-4668-AC4E-7906DF7DE4C4,DISABLING,PASSENGER CAR,CHANGING LANES,39.00403626,-77.02371687,"(39.00403626, -77.02371687)"
MCP2859003Z,170516146,Montgomery County Police,Property Damage Crash,06/28/2017 06:33:00 AM,Maryland (State),QUINCE ORCHARD RD,Ramp,RAMP 2 FR MD 124 WB TO IS 270 NB,,N/A,,SAME DIR REAR END,CLEAR,DRY,DAYLIGHT,TRAFFIC SIGNAL,NONE DETECTED,,0114275C-5705-4F20-ABDC-1EEB4EBDB0CA,Yes,NO APPARENT INJURY,N/A,NOT DISTRACTED,MD,C1FA24F4-7F66-4048-A0FD-6EA0A220A422,SUPERFICIAL,PASSENGER CAR,MOVING CONSTANT SPEED,39.14775517,-77.21838983,"(39.14775517, -77.21838983)"
MCP2827002R,17012514,Montgomery County Police,Property Damage Crash,03/09/2017 09:16:00 PM,Maryland (State),NEW HAMPSHIRE AVE,County,RANDOLPH RD,,N/A,,SAME DIR REAR END,CLEAR,DRY,DARK LIGHTS ON,TRAFFIC SIGNAL,NONE DETECTED,,6682A40D-DA49-430A-8032-52EB0BBF5271,No,NO APPARENT INJURY,N/A,NOT DISTRACTED,MD,634EB97E-1189-4C15-B0CB-9D07662E587E,FUNCTIONAL,PASSENGER CAR,STOPPED IN TRAFFIC LANE,39.076455,-77.00180167,"(39.076455, -77.00180167)"
DD5610002G,17009783,Rockville Police Departme,Injury Crash,02/23/2017 01:54:00 PM,Maryland (State),HUNGERFORD DR,Municipality,N WASHINGTON ST,,ROCKVILLE,,HEAD ON LEFT TURN,CLEAR,DRY,DAYLIGHT,TRAFFIC SIGNAL,N/A,,A0AD1F23-A94C-4404-BEED-3F18B5932DDD,Yes,NO APPARENT INJURY,N/A,UNKNOWN,MD,E086F58A-3BE1-4A31-9471-5BFFF65723C3,DISABLING,PASSENGER CAR,MAKING LEFT TURN,39.091645,-77.15349,"(39.091645, -77.15349)"
MCP28440013,15054834,MONTGOMERY,Injury Crash,10/28/2015 05:09:00 PM,County,VEIRS MILL SERV RD,County,COLLEGE VIEW DR,,N/A,,SAME DIR REAR END,RAINING,WET,DAYLIGHT,NO CONTROLS,NONE DETECTED,,90275F41-56C0-483D-A496-77BE5954A1D0,Yes,NO APPARENT INJURY,"RAIN, SNOW, WET",LOOKED BUT DID NOT SEE,MD,ADAE6FA2-90DF-4CB2-9750-A3CFCEA59BBA,FUNCTIONAL,PASSENGER CAR,MOVING CONSTANT SPEED,39.041679,-77.058696,"(39.041679, -77.058696)"
MCP2891001Z,16009248,Montgomery County Police,Property Damage Crash,02/24/2016 02:22:00 PM,Maryland (State),GEORGIA AVE,Other Public Roadway,ARTHUR AVE,,N/A,,SAME DIRECTION SIDESWIPE,RAINING,WET,DAYLIGHT,N/A,NONE DETECTED,,419EC0B0-B13E-4A16-BF4D-24410D057492,Yes,NO APPARENT INJURY,"RAIN, SNOW, WET",LOOKED BUT DID NOT SEE,DC,B454BC1E-E08D-4CDA-BACC-D6149DD5C398,FUNCTIONAL,PASSENGER CAR,MOVING CONSTANT SPEED,39.01849,-77.04405333,"(39.01849, -77.04405333)"
MCP2748000J,15055340,MONTGOMERY,Injury Crash,10/31/2015 03:18:00 AM,County,SCHUYLKILL RD,County,CREEK SHORE PL,,N/A,,SAME DIR REAR END,CLEAR,DRY,DARK LIGHTS ON,NO CONTROLS,ALCOHOL PRESENT,,856B0F5E-F3A5-4450-9A16-FAD3D5BB1ED3,Yes,POSSIBLE INJURY,N/A,NOT DISTRACTED,MD,5321EA1B-65F1-4D77-8B65-5EE737A8D729,DISABLING,PASSENGER CAR,MOVING CONSTANT SPEED,39.04231,-77.09624,"(39.04231, -77.09624)"
MCP3038000G,170507632,Montgomery County Police,Property Damage Crash,05/13/2017 09:45:00 PM,Maryland (State),ROCKVILLE PIKE,Ramp,RAMP 5 FR MD 355 SB TO IS 495 EB,,N/A,,SAME DIR REAR END,N/A,DRY,DARK LIGHTS ON,N/A,N/A,,D584299E-4B6C-428B-87CD-C5E4FD1FBE6A,Yes,NO APPARENT INJURY,N/A,NOT DISTRACTED,MD,5A7333AF-835E-468C-A52F-09D8CA0A43DA,DISABLING,PASSENGER CAR,SLOWING OR STOPPING,39.01699973,-77.10173965,"(39.01699973, -77.10173965)"
MCP0942000M,15059258,MONTGOMERY,Injury Crash,11/20/2015 09:11:00 AM,Maryland (State),BRADLEY LA,Municipality,EAST AVE,,CHEVY CHASE #4,,SAME DIR REAR END,N/A,DRY,DAYLIGHT,NO CONTROLS,NONE DETECTED,,75CA12A9-8C9F-41C3-80BB-C6621FCC0B4F,No,NO APPARENT INJURY,N/A,NOT DISTRACTED,MD,41014A20-809F-488F-8D88-F4445F512766,FUNCTIONAL,PASSENGER CAR,STOPPED IN TRAFFIC LANE,38.97724667,-77.08671,"(38.97724667, -77.08671)"
MCP2977001M,16036024,Montgomery County Police,Injury Crash,07/16/2016 07:29:00 AM,County,LOCKWOOD DR,County,BURNT MILLS AVE,,N/A,,SINGLE VEHICLE,N/A,DRY,DAYLIGHT,NO CONTROLS,N/A,,5A1BFAE6-AF7E-47B5-8F8E-2F912FFE59E5,Yes,POSSIBLE INJURY,N/A,UNKNOWN,DC,5AA21589-CC91-4F8A-B3EC-4D4AED5A053B,DISABLING,STATION WAGON,MOVING CONSTANT SPEED,39.035275,-76.99719167,"(39.035275, -76.99719167)"
MCP10640067,170522508,Montgomery County Police,Injury Crash,08/02/2017 12:25:00 PM,Maryland (State),SANDY SPRING RD,County,RIDING STABLE RD,,N/A,,STRAIGHT MOVEMENT ANGLE,CLOUDY,DRY,DAYLIGHT,NO CONTROLS,N/A,,D121A79C-0EF1-42A9-BDAF-B701E92544A3,No,SUSPECTED SERIOUS INJURY,N/A,NOT DISTRACTED,MD,B6793195-6EE8-44D9-A452-018C3926D11C,DISABLING,(SPORT) UTILITY VEHICLE,SLOWING OR STOPPING,39.17859167,-77.13742,"(39.17859167, -77.13742)"
MCP2964001Z,16051991,Montgomery County Police,Property Damage Crash,10/09/2016 09:54:00 PM,County,FATHER HURLEY BLVD,County,CRYSTAL ROCK DR,,N/A,,SINGLE VEHICLE,CLEAR,DRY,DARK LIGHTS ON,TRAFFIC SIGNAL,NONE DETECTED,,104EA483-BFF2-4F2B-9F64-33E0A3E0F4DD,Yes,NO APPARENT INJURY,N/A,DISTRACTED BY OUTSIDE PERSON OBJECT OR EVENT,XX,76C7DF60-1B3C-4C2D-BEDA-770B211C239C,DISABLING,POLICE VEHICLE/EMERGENCY,MAKING RIGHT TURN,39.1933776,-77.27019176,"(39.1933776, -77.27019176)"
MCP2001000L,16061208,Montgomery County Police,Fatal Crash,11/29/2016 11:32:00 AM,County,SNOUFFERS SCHOOL RD,County,CENTERWAY RD,,N/A,,HEAD ON LEFT TURN,RAINING,WET,DAYLIGHT,TRAFFIC SIGNAL,NONE DETECTED,,4FD4D341-7942-4386-AABC-487C51E09169,Unknown,POSSIBLE INJURY,N/A,UNKNOWN,MD,113A9842-21B7-47F2-A436-479572F92B07,FUNCTIONAL,(SPORT) UTILITY VEHICLE,MOVING CONSTANT SPEED,39.17001366,-77.17677042,"(39.17001366, -77.17677042)"
MCP1227000B,15037401,MONTGOMERY,Fatal Crash,07/28/2015 09:24:00 PM,County,CLARKSBURG RD,County,PRICES DISTILLERY RD,,N/A,,SINGLE VEHICLE,CLEAR,DRY,DARK NO LIGHTS,N/A,NONE DETECTED,,6A8C7F3E-8855-42C7-BAEA-487751B574EC,Unknown,FATAL INJURY,N/A,UNKNOWN,MD,DC243C8B-286B-4437-BEE3-D9CABEE84B4D,DESTROYED,PASSENGER CAR,MOVING CONSTANT SPEED,39.29223297,-77.26303428,"(39.29223297, -77.26303428)"
MCP2815000G,17014001,Montgomery County Police,Property Damage Crash,03/18/2017 11:15:00 PM,County,MUDDY BRANCH RD,Maryland (State),DARNESTOWN RD,,N/A,,OTHER,RAINING,WET,DARK LIGHTS ON,TRAFFIC SIGNAL,N/A,,78EED1A2-B3A8-47C4-9C29-20378CE58A7C,No,NO APPARENT INJURY,N/A,NOT DISTRACTED,MD,3F21FFFD-0D85-42C3-A6B0-479F8BB7A37B,DISABLING,PASSENGER CAR,MOVING CONSTANT SPEED,39.10285167,-77.22054667,"(39.10285167, -77.22054667)"
MCP2931001S,17002262,Montgomery County Police,Property Damage Crash,01/13/2017 03:24:00 PM,County,E GUDE DR,County,DOVER RD,,N/A,,SAME DIR REAR END,CLOUDY,DRY,DAYLIGHT,N/A,N/A,,539B62A8-0E82-498D-BFEA-90DBAE18744C,No,NO APPARENT INJURY,N/A,NOT DISTRACTED,MD,8E2550A6-E4CD-4658-8076-0BF3140C3FB6,DISABLING,PASSENGER CAR,MAKING RIGHT TURN,39.10236167,-77.14214667,"(39.10236167, -77.14214667)"
MCP2864001T,16020609,Montgomery County Police,Property Damage Crash,04/26/2016 05:02:00 PM,County,TWINBROOK PKWY,County,HALPINE RD,,N/A,,STRAIGHT MOVEMENT ANGLE,CLEAR,DRY,DAYLIGHT,NO CONTROLS,NONE DETECTED,,4144B43E-41D9-47C8-B7FA-EC16E53661FF,Yes,NO APPARENT INJURY,N/A,LOOKED BUT DID NOT SEE,VA,FACD1283-3F2C-45AD-9C4D-764352E3962A,FUNCTIONAL,PASSENGER CAR,MAKING LEFT TURN,39.06609833,-77.11475833,"(39.06609833, -77.11475833)"
MCP9130001W,15063278,MONTGOMERY,Injury Crash,12/11/2015 06:03:00 AM,County,OAKVIEW DR,Maryland (State),NEW HAMPSHIRE AVE,,N/A,PEDESTRIAN,SINGLE VEHICLE,CLEAR,DRY,DARK LIGHTS ON,TRAFFIC SIGNAL,NONE DETECTED,NONE DETECTED,B203E2A5-6B59-4940-8173-D0036EBAA1BC,Yes,NO APPARENT INJURY,N/A,UNKNOWN,DC,F8B0020C-FCD9-4C54-B8A1-CA37E857B481,NO DAMAGE,PICKUP TRUCK,MAKING RIGHT TURN,39.01544924,-76.97772503,"(39.01544924, -76.97772503)"
MCP3009000D,16020247,Montgomery County Police,Injury Crash,04/24/2016 10:02:00 PM,County,WYNNFIELD DR,County,FATHER HURLEY BLVD,,N/A,,OTHER,CLEAR,DRY,DARK LIGHTS ON,TRAFFIC SIGNAL,N/A,,DDCE14D8-DF8B-42C6-9262-00DF69FBB68C,Yes,SUSPECTED MINOR INJURY,N/A,NOT DISTRACTED,MD,6484FCF2-0F14-4F05-B3AE-6F09679B9672,DISABLING,(SPORT) UTILITY VEHICLE,MAKING LEFT TURN,39.18627724,-77.273857,"(39.18627724, -77.273857)"
MCP30360009,17009229,Montgomery County Police,Injury Crash,02/20/2017 05:42:00 PM,County,MONTGOMERY VILLAGE AVE,County,CLUB HOUSE RD,,N/A,,STRAIGHT MOVEMENT ANGLE,CLEAR,DRY,DAYLIGHT,TRAFFIC SIGNAL,N/A,,B69796C6-2DE5-4B92-94F9-222E7B108072,Yes,SUSPECTED MINOR INJURY,N/A,UNKNOWN,MD,2A1DEE3A-ED54-483C-859D-203322EEB6E9,DISABLING,PASSENGER CAR,MOVING CONSTANT SPEED,39.174565,-77.20448167,"(39.174565, -77.20448167)"
MCP15800065,16046745,Montgomery County Police,Injury Crash,09/12/2016 02:51:00 PM,,,,,LOST KNIFE CIR  PARKING LOT ROAD  (NEAR 13439 BUILDING),,,STRAIGHT MOVEMENT ANGLE,CLEAR,,DAYLIGHT,NO CONTROLS,NONE DETECTED,,A2654BFA-3CE3-46D1-B453-8167359952DF,No,NO APPARENT INJURY,N/A,NOT DISTRACTED,MD,199C48A1-9B91-4DC1-BDD0-57676EF616A1,DISABLING,(SPORT) UTILITY VEHICLE,MOVING CONSTANT SPEED,39.156395,-77.19884833,"(39.156395, -77.19884833)"