Report Number,Local Case Number,Agency Name,ACRS Report Type,Crash Date/Time,Route Type,Road Name,Cross-Street Type,Cross-Street Name,Off-Road Description,Municipality,Related Non-Motorist,Collision Type,Weather,Surface Condition,Light,Traffic Control,Driver Substance Abuse,Non-Motorist Substance Abuse,Person ID,Driver At Fault,Injury Severity,Circumstance,Driver Distracted By,Drivers License State,Vehicle ID,Vehicle Damage Extent,Vehicle Body Type,Vehicle Movement,Latitude,Longitude,Location
DD5601002Y,170513709,Rockville Police Departme,Injury Crash,06/14/2017 07:16:00 PM,Municipality,PASTURE BROOK WAY,Municipality,WOOTTON PKWY,,ROCKVILLE,BICYCLIST,OTHER,CLEAR,DRY,DAYLIGHT,STOP SIGN,N/A,N/A,BADEC955-7221-4A28-85BD-0C61A3DFC16D,Yes,NO APPARENT INJURY,N/A,UNKNOWN,MD,D9B0F47F-DE5C-403C-89F4-554B64298E9E,FUNCTIONAL,PASSENGER CAR,STARTING FROM LANE,39.06825333,-77.16766,"(39.06825333, -77.16766)"
MCP2635001N,15000472,Montgomery County Police,Property Damage Crash,01/03/2015 09:05:00 PM,County,PRINCE PHILIP DR,County,BUEHLER RD,,N/A,,SINGLE VEHICLE,RAINING,WET,DARK LIGHTS ON,NO CONTROLS,N/A,,6CD0F992-88A3-4319-B15A-7F0EFE2F9160,Yes,NO APPARENT INJURY,"RAIN, SNOW, WET",NOT DISTRACTED,MD,C8F5EB4D-9912-493D-A9FB-103F906BD147,DISABLING,PASSENGER CAR,MOVING CONSTANT SPEED,39.14424833,-77.058465,"(39.14424833, -77.058465)"
MCP2750001Q,15046359,MONTGOMERY,Property Damage Crash,09/13/2015 05:35:00 PM,Maryland (State),GEORGIA AVE,County,PRICE AVE,,N/A,,STRAIGHT MOVEMENT ANGLE,CLEAR,DRY,DAYLIGHT,STOP SIGN,NONE DETECTED,,3D153FED-EEB6-44E9-A70B-6B9DD15D21E0,No,NO APPARENT INJURY,N/A,NOT DISTRACTED,MD,A218306B-FFFD-40ED-9C76-929E799F724A,DISABLING,PASSENGER CAR,MOVING CONSTANT SPEED,39.04011964,-77.05126047,"(39.04011964, -77.05126047)"
MCP2894003D,170500190,Montgomery County Police,Property Damage Crash,04/03/2017 12:00:00 PM,,,,,HARRIS TEETER PARKING LOT. OLD GEORGETOWN RD/ NEBEL ST,,,OTHER,N/A,,DAYLIGHT,NO CONTROLS,UNKNOWN,,67E21056-9E91-473E-BFE2-CEEC328B493C,Yes,NO APPARENT INJURY,N/A,UNKNOWN,,49B711AF-6A7B-456C-92E4-7D364F7AE09E,UNKNOWN,PASSENGER CAR,STARTING FROM PARKED,39.04974377,-77.10874021,"(39.04974377, -77.10874021)"
MCP13500012,16038169,Montgomery County Police,Property Damage Crash,07/04/2016 09:30:00 PM,Municipality,N SUMMIT AVE,Municipality,BROOKS AVE,,GAITHERSBURG,,SAME DIR REAR END,N/A,DRY,DARK LIGHTS ON,NO CONTROLS,UNKNOWN,,BBD60198-3E90-4770-9BBA-4B83E3C34B01,Yes,NO APPARENT INJURY,N/A,UNKNOWN,MD,E8A698B9-7C93-40E8-9334-9C7BD1E020F9,SUPERFICIAL,PASSENGER CAR,PASSING,39.14523333,-77.19251167,"(39.14523333, -77.19251167)"
MCP2437001P,16022674,Montgomery County Police,Property Damage Crash,05/07/2016 04:00:00 PM,County,BEL PRE RD,Maryland (State),LAYHILL RD,,N/A,,HEAD ON LEFT TURN,CLEAR,DRY,DAYLIGHT,NO CONTROLS,NONE DETECTED,,B265B581-4265-418C-B48A-0E552A6D2924,No,NO APPARENT INJURY,N/A,NOT DISTRACTED,MD,2D1D5FEE-F218-4826-831B-E564AB26A355,FUNCTIONAL,PASSENGER CAR,MOVING CONSTANT SPEED,39.09062667,-77.04551833,"(39.09062667, -77.04551833)"
MCP137800CT,16050279,Montgomery County Police,Property Damage Crash,09/30/2016 01:35:00 PM,Maryland (State),FREDERICK RD,Municipality,ONEILL DR,,GAITHERSBURG,,SAME DIR REAR END,CLOUDY,DRY,DAYLIGHT,NO CONTROLS,NONE DETECTED,,93B0864D-3AE0-42FF-AA7F-BB9718A41780,Yes,NO APPARENT INJURY,N/A,NOT DISTRACTED,WV,CC10D5FA-0D68-4976-B964-A5C911B4EF44,DISABLING,PASSENGER CAR,SLOWING OR STOPPING,39.12439667,-77.18060167,"(39.12439667, -77.18060167)"
DD55020024,16011710,Rockville Police Departme,Property Damage Crash,03/09/2016 01:19:00 PM,Municipality,BEALL AVE #2,Other Public Roadway,MARYLAND AVE,,N/A,,SAME DIRECTION SIDESWIPE,CLEAR,N/A,DAYLIGHT,NO CONTROLS,NONE DETECTED,,AA67778B-A16E-44C4-B9BB-C01E1CB49831,No,NO APPARENT INJURY,"N/A, ROAD UNDER CONSTRUCTION/MAINTENANCE",NOT DISTRACTED,MD,CC6A257B-06FA-4948-AE9F-04E481EB32F2,SUPERFICIAL,POLICE VEHICLE/EMERGENCY,MOVING CONSTANT SPEED,39.08697667,-77.15144667,"(39.08697667, -77.15144667)"
MCP2934002C,17003425,Montgomery County Police,Property Damage Crash,01/20/2017 05:45:00 AM,Maryland (State),WILSON LA,County,OLD CHESTER RD,,N/A,,SINGLE VEHICLE,CLEAR,DRY,DARK -- UNKNOWN LIGHTING,NO CONTROLS,UNKNOWN,,A45BC385-346E-409F-9085-E1AE9E47360F,Yes,NO APPARENT INJURY,N/A,UNKNOWN,MD,D8661940-8791-43C6-82EA-DF2C4FBBBDC1,DISABLING,PASSENGER CAR,MOVING CONSTANT SPEED,38.98877145,-77.1190989,"(38.98877145, -77.1190989)"
MCP12050022,16025281,Montgomery County Police,Property Damage Crash,05/21/2016 01:49:00 PM,County,GRUBB RD,County,BLAINE DR,,N/A,,OPPOSITE DIRECTION SIDESWIPE,RAINING,WET,DAYLIGHT,NO CONTROLS,N/A,,A0875F94-120E-4C6C-89FD-F123C055782C,No,NO APPARENT INJURY,"N/A, WET",NOT DISTRACTED,,973830A6-89D5-41C1-8FC1-062206BAD2ED,DISABLING,PASSENGER CAR,PARKED,38.99252138,-77.04974771,"(38.99252138, -77.04974771)"
MCP9128000S,16049636,Montgomery County Police,Injury Crash,09/27/2016 07:19:00 AM,Maryland (State),GEORGIA AVE,County,ROSSMOOR BLVD,,N/A,,SAME DIR REAR END,CLOUDY,WET,DAYLIGHT,NO CONTROLS,NONE DETECTED,,9480056F-FA2C-4199-9CF7-CCE6CF163F17,No,POSSIBLE INJURY,"N/A, WET",NOT DISTRACTED,MD,38E3E483-7F17-4212-B331-FF3776918873,DISABLING,"CARGO VAN/LIGHT TRUCK 2 AXLES (OVER 10,000LBS (4,536 KG))",STOPPED IN TRAFFIC LANE,39.09788667,-77.07812167,"(39.09788667, -77.07812167)"
MCP2907000W,15004097,Montgomery County Police,Injury Crash,01/25/2015 09:04:00 PM,County,ELM ST,Maryland (State),WISCONSIN AVE,,N/A,PEDESTRIAN,OTHER,CLEAR,DRY,DARK LIGHTS ON,TRAFFIC SIGNAL,NONE DETECTED,NONE DETECTED,F584D222-7BF4-4CD0-8664-D1546880C582,Yes,NO APPARENT INJURY,N/A,LOOKED BUT DID NOT SEE,DE,BB03CCDF-E5ED-41E8-9E8F-832C1555D81B,FUNCTIONAL,PASSENGER CAR,STARTING FROM LANE,38.98287833,-77.09362,"(38.98287833, -77.09362)"
MCP2895000V,15007060,Montgomery County Police,Property Damage Crash,02/12/2015 06:23:00 AM,Maryland (State),FREDERICK RD,County,APPLEDOWRE WAY,,N/A,,HEAD ON LEFT TURN,CLEAR,DRY,DARK NO LIGHTS,STOP SIGN,NONE DETECTED,,789B34D8-2C3E-4D7C-8DBF-EDDAA200E981,Yes,NO APPARENT INJURY,N/A,LOOKED BUT DID NOT SEE,MD,B385EB08-6BA3-4E04-BF2F-AD16CF0C6D0A,FUNCTIONAL,PASSENGER CAR,MOVING CONSTANT SPEED,39.18549,-77.240085,"(39.18549, -77.240085)"
MCP2586002V,170511939,Montgomery County Police,Injury Crash,06/05/2017 04:59:00 PM,County,OLD COLUMBIA PIKE,Maryland (State),OLD COLUMBIA PIKE,,N/A,,SAME DIR REAR END,CLOUDY,DRY,DAYLIGHT,TRAFFIC SIGNAL,NONE DETECTED,,34A6D7A5-699D-4FBC-A335-CF99D598F041,Yes,NO APPARENT INJURY,N/A,UNKNOWN,MD,6BEE4EBD-E42E-4AF3-A180-6C4B6D405206,FUNCTIONAL,PASSENGER CAR,MAKING RIGHT TURN,39.11146833,-76.93238167,"(39.11146833, -76.93238167)"
DD56140029,170501449,Rockville Police Departme,Property Damage Crash,04/10/2017 05:26:00 PM,Maryland (State),FALLS RD,Municipality,FALLSMEAD WAY,,ROCKVILLE,,SAME DIRECTION SIDESWIPE,N/A,DRY,DAYLIGHT,NO CONTROLS,NONE DETECTED,,8FDCB939-0E19-4623-882B-1DF53AD26E25,Yes,NO APPARENT INJURY,N/A,UNKNOWN,MD,44AFB828-DE5D-4F5F-8AAB-F40C19D22431,FUNCTIONAL,(SPORT) UTILITY VEHICLE,CHANGING LANES,39.07158587,-77.16736794,"(39.07158587, -77.16736794)"
MCP2941001N,17000474,Montgomery County Police,Property Damage Crash,01/03/2017 01:30:00 PM,,,,,PARKING LOT OF 9520 GEORGIA AVENUE,,,OTHER,CLEAR,,DAYLIGHT,NO CONTROLS,N/A,,10430F07-9382-4EE0-953C-371A389C505D,No,NO APPARENT INJURY,N/A,NOT DISTRACTED,MD,66D945D1-1C95-43CF-8BE1-E0AE6B43B6F7,SUPERFICIAL,PASSENGER CAR,PARKED,39.01082258,-77.0418191,"(39.01082258, -77.0418191)"
MCP22910017,15038322,MONTGOMERY,Property Damage Crash,08/02/2015 03:15:00 PM,Maryland (State),CONNECTICUT AVE,Maryland (State),BRADLEY LA,,N/A,,SAME DIRECTION SIDESWIPE,CLEAR,DRY,DAYLIGHT,N/A,NONE DETECTED,,A9B7D816-F767-475C-AE20-987B98A4B809,No,NO APPARENT INJURY,N/A,NOT DISTRACTED,MD,C03C43B6-5355-413B-B945-2DA1D57EF3DF,SUPERFICIAL,"OTHER LIGHT TRUCKS (10,000LBS (4,536KG) OR LESS)",MOVING CONSTANT SPEED,38.9766593,-77.0772028,"(38.9766593, -77.0772028)"
DD56010017,15043887,ROCKVILLE,Property Damage Crash,09/01/2015 09:26:00 AM,Maryland (State),ROCKVILLE PIKE,Municipality,RICHARD MONTGOMERY DR,,ROCKVILLE,,STRAIGHT MOVEMENT ANGLE,CLEAR,DRY,DAYLIGHT,TRAFFIC SIGNAL,N/A,,F8B04E96-2C34-419D-81A0-12C818C7A43A,Yes,NO APPARENT INJURY,N/A,UNKNOWN,MD,8E37812E-0CDF-4F46-BBA4-69AD2EC8AC57,DISABLING,PASSENGER CAR,MOVING CONSTANT SPEED,39.080125,-77.14425833,"(39.080125, -77.14425833)"
MCP2081000L,170516681,Montgomery County Police,Property Damage Crash,06/30/2017 06:03:00 PM,Maryland (State),UNIVERSITY BLVD W,County,REEDIE DR,,N/A,,HEAD ON LEFT TURN,CLEAR,DRY,DAYLIGHT,FLASHING TRAFFIC SIGNAL,NONE DETECTED,,DD436F40-49B1-4B44-AB30-B83EA8AB51D5,No,NO APPARENT INJURY,N/A,NOT DISTRACTED,MD,5DDFB3F2-DEC6-4AF3-849F-1BD2B3BC0AEC,FUNCTIONAL,PASSENGER CAR,MOVING CONSTANT SPEED,39.03978632,-77.04302609,"(39.03978632, -77.04302609)"
MCP09340007,15063676,MONTGOMERY,Injury Crash,12/13/2015 12:08:00 PM,Other Public Roadway,MONTROSE PKWY,County,E JEFFERSON ST,,N/A,,SAME DIR REAR END,CLEAR,DRY,DAYLIGHT,NO CONTROLS,NONE DETECTED,,25D139CA-28A2-4184-AAA0-5759A5FA3AA1,No,POSSIBLE INJURY,N/A,NOT DISTRACTED,MD,36B8D27A-DA89-45D2-B17A-1E376D213DA3,FUNCTIONAL,PASSENGER CAR,STOPPED IN TRAFFIC LANE,39.05072694,-77.12725282,"(39.05072694, -77.12725282)"
MCP2837001C,170503012,Montgomery County Police,Property Damage Crash,04/19/2017 05:32:00 PM,Municipality,MONROE ST,Maryland (State),E JEFFERSON ST,,N/A,,SAME DIR BOTH LEFT TURN,CLOUDY,DRY,DUSK,TRAFFIC SIGNAL,NONE DETECTED,,97501A30-A6BC-412D-AE73-CA29C5C727F3,Yes,NO APPARENT INJURY,N/A,TALKING OR LISTENING TO CELLULAR PHONE,MD,C799A0B5-7B6A-49F3-8A43-BF8CC87F6AC5,SUPERFICIAL,(SPORT) UTILITY VEHICLE,PASSING,39.08221,-77.149285,"(39.08221, -77.149285)"
MCP2690000N,15000473,Montgomery County Police,Injury Crash,01/03/2015 08:31:00 PM,,,,,Parking Lot 13 at 11219 Grandview Ave,,PEDESTRIAN,SINGLE VEHICLE,RAINING,,DARK LIGHTS ON,NO CONTROLS,ALCOHOL CONTRIBUTED,NONE DETECTED,5DBD856A-2077-45B4-8E81-6A05DA6DBA82,Yes,NO APPARENT INJURY,"RAIN, SNOW, WET",NOT DISTRACTED,MD,2445D691-0907-401A-9B4C-953D7FDE21C0,UNKNOWN,PASSENGER CAR,ACCELERATING,39.03882591,-77.05136508,"(39.03882591, -77.05136508)"
MCP2231003B,170506832,Montgomery County Police,Injury Crash,05/09/2017 02:02:00 PM,Maryland (State),ROCKVILLE PIKE,Unknown,ENT TO NATIONAL NAVAL MEDICAL CTR,,N/A,,SAME DIR REAR END,CLEAR,DRY,DAYLIGHT,TRAFFIC SIGNAL,NONE DETECTED,,754A238C-CE96-4C2D-818B-06463953F5B8,No,POSSIBLE INJURY,N/A,NOT DISTRACTED,MD,7631A96F-8FE3-41E0-A9E3-2E84B25FC1EC,DISABLING,PASSENGER CAR,SLOWING OR STOPPING,39.00468667,-77.09744,"(39.00468667, -77.09744)"
MCP25490053,16043171,Montgomery County Police,Property Damage Crash,08/25/2016 08:51:00 AM,County,WOODMONT AVE,County,BATTERY LA,,N/A,,SAME DIRECTION SIDESWIPE,CLEAR,DRY,DAYLIGHT,N/A,NONE DETECTED,,C9631AE4-D7DF-474B-9E8A-3B26FC090803,No,NO APPARENT INJURY,N/A,NOT DISTRACTED,QC,C30606AA-8722-4716-82D8-336CB37B8289,SUPERFICIAL,"CARGO VAN/LIGHT TRUCK 2 AXLES (OVER 10,000LBS (4,536 KG))",STOPPED IN TRAFFIC LANE,38.99345167,-77.097755,"(38.99345167, -77.097755)"
MCP05390018,15003316,Montgomery County Police,Property Damage Crash,01/21/2015 07:08:00 AM,Maryland (State),LAYHILL RD,County,POST LA,,N/A,,SINGLE VEHICLE,CLOUDY,WET,DAWN,NO CONTROLS,NONE DETECTED,,818FB5F8-1737-4862-A4D1-76622F5F32F8,Yes,NO APPARENT INJURY,"N/A, WET",NOT DISTRACTED,MD,B919AA55-F26F-492C-82D9-28DB446EDED6,DISABLING,PASSENGER CAR,SKIDDING,39.08279667,-77.04704,"(39.08279667, -77.04704)"
MCP2724000Y,16013543,MONTGOMERY,Property Damage Crash,03/19/2016 10:08:00 AM,Maryland (State),UNIVERSITY BLVD E,County,SEEK LA,,N/A,,OTHER,CLOUDY,DRY,DAYLIGHT,N/A,N/A,,A5DBE4E8-C6CA-4A7C-BAF3-8EBE527B9031,Yes,NO APPARENT INJURY,N/A,INATTENTIVE OR LOST IN THOUGHT,MD,804E315C-9303-4608-947D-B32D2B5F9CE4,FUNCTIONAL,PASSENGER CAR,ACCELERATING,38.99748167,-76.993745,"(38.99748167, -76.993745)"
MCP29530012,16026810,Montgomery County Police,Injury Crash,05/29/2016 06:04:00 PM,County,VEIRS MILL RD,County,GAYNOR RD,,N/A,,SAME DIR REAR END,RAINING,WET,DAYLIGHT,TRAFFIC SIGNAL,N/A,,9D90FC1E-9341-45DB-862D-D91E3234DE10,No,SUSPECTED MINOR INJURY,"RAIN, SNOW, WET",UNKNOWN,MD,1F9D3909-CF1E-40C6-8359-67F21CD0FED8,DISABLING,STATION WAGON,SLOWING OR STOPPING,39.061015,-77.09093833,"(39.061015, -77.09093833)"
DD56140028,17013530,Rockville Police Departme,Injury Crash,03/16/2017 12:29:00 PM,Maryland (State),ROCKVILLE PIKE,Unknown,CROSSOVER,,N/A,,SAME DIR REAR END,CLEAR,DRY,DAYLIGHT,NO CONTROLS,NONE DETECTED,,785BFB4C-53FB-4A6C-A2BF-628B964C4720,Yes,NO APPARENT INJURY,N/A,INATTENTIVE OR LOST IN THOUGHT,MD,66A5DB67-1133-40B7-B05C-861F2E2563C2,DISABLING,VAN,SLOWING OR STOPPING,39.083857,-77.1530475,"(39.083857, -77.1530475)"
MCP2682000G,16010997,MONTGOMERY,Injury Crash,03/05/2016 11:10:00 AM,Maryland (State),FREDERICK RD,Municipality,PROFESSIONAL DR,,GAITHERSBURG,,HEAD ON LEFT TURN,CLOUDY,DRY,DAYLIGHT,TRAFFIC SIGNAL,NONE DETECTED,,CBE907FA-753F-42EA-9B59-22FB332666CB,Yes,SUSPECTED MINOR INJURY,N/A,LOOKED BUT DID NOT SEE,MD,4498505E-D145-466D-B031-FD6F57EF8DF9,DISABLING,PASSENGER CAR,MAKING LEFT TURN,39.163855,-77.226355,"(39.163855, -77.226355)"
MCP9130001X,16002523,Montgomery County Police,Injury Crash,01/14/2016 10:14:00 AM,Maryland (State),NEW HAMPSHIRE AVE,County,POWDER MILL RD,,N/A,,SAME DIR REAR END,CLEAR,DRY,DAYLIGHT,TRAFFIC SIGNAL,NONE DETECTED,,A53B987F-B7F6-446C-AF73-69660700FCA1,No,NO APPARENT INJURY,N/A,NOT DISTRACTED,MD,24CF2268-1510-4A6B-B109-2C3BD02CF652,FUNCTIONAL,PASSENGER CAR,STOPPED IN TRAFFIC LANE,39.023465,-76.97859,"(39.023465, -76.97859)"
MCP2766002B,16006949,Montgomery County Police,Property Damage Crash,02/10/2016 04:25:00 PM,Maryland (State),NORBECK RD,County,EMORY LA,,N/A,,SAME DIRECTION RIGHT TURN,CLEAR,DRY,DAYLIGHT,TRAFFIC SIGNAL,NONE DETECTED,,A8012670-895F-42D6-8A36-DFF6E2AA9E98,Yes,NO APPARENT INJURY,N/A,LOOKED BUT DID NOT SEE,MD,AC67AF0C-0E4A-42A0-9DD0-6C6A9364DAD6,FUNCTIONAL,(SPORT) UTILITY VEHICLE,MAKING RIGHT TURN,39.42654,-77.42957833,"(39.42654, -77.42957833)"
MCP2298009H,16045797,Montgomery County Police,Property Damage Crash,09/07/2016 03:13:00 PM,County,LITTLE SENECA PWK,County,NEWCUT RD,,N/A,,STRAIGHT MOVEMENT ANGLE,CLEAR,DRY,DAYLIGHT,STOP SIGN,NONE DETECTED,,F65BD246-D381-4C2F-AE7D-464A7898EF19,No,NO APPARENT INJURY,N/A,NOT DISTRACTED,MD,77B5CE40-F567-4A9B-831C-9DA2162BC0D9,DISABLING,VAN,MOVING CONSTANT SPEED,39.23196,-77.24630667,"(39.23196, -77.24630667)"
MCP29690033,17013557,Montgomery County Police,Injury Crash,03/16/2017 02:48:00 PM,Maryland (State),DAMASCUS RD,County,HOWARD CHAPEL RD,,N/A,,STRAIGHT MOVEMENT ANGLE,CLEAR,DRY,DAYLIGHT,STOP SIGN,NONE DETECTED,,D0E432B3-E366-4CA7-9CD2-0FB46D171996,Yes,NO APPARENT INJURY,N/A,LOOKED BUT DID NOT SEE,MD,EA01FE94-278A-4BD4-A602-CC406A9F7563,DISABLING,PASSENGER CAR,MAKING LEFT TURN,39.22699267,-77.07599133,"(39.22699267, -77.07599133)"
MCP27670033,170520756,Montgomery County Police,Property Damage Crash,07/23/2017 07:14:00 PM,Maryland (State),UNIVERSITY BLVD W,County,DENNIS AVE,,N/A,,STRAIGHT MOVEMENT ANGLE,RAINING,WET,DAYLIGHT,TRAFFIC SIGNAL,NONE DETECTED,,03F2CEED-78F8-4BB5-A800-B65AD011434B,No,NO APPARENT INJURY,N/A,NOT DISTRACTED,DC,F964D6EE-2086-459B-8369-F131D093CBAF,FUNCTIONAL,PASSENGER CAR,MOVING CONSTANT SPEED,39.026395,-77.02018167,"(39.026395, -77.02018167)"
MCP27830018,16065046,Montgomery County Police,Property Damage Crash,12/19/2016 02:35:00 PM,County,RIDGE RD,County,OBSERVATION DR,,N/A,,SAME DIRECTION LEFT TURN,CLEAR,DRY,DAYLIGHT,NO CONTROLS,NONE DETECTED,,403B3B9E-7C14-4A71-88DE-17E27DFDB3E1,Yes,NO APPARENT INJURY,N/A,UNKNOWN,MD,C6EB60C5-1DC2-426B-B491-2415F0C459DF,SUPERFICIAL,PASSENGER CAR,CHANGING LANES,39.202355,-77.25247167,"(39.202355, -77.25247167)"
MCP2736002V,15041699,MONTGOMERY,Property Damage Crash,08/20/2015 03:20:00 PM,County,WESTBARD AVE,County,RIDGEFIELD RD,,N/A,BICYCLIST,STRAIGHT MOVEMENT ANGLE,CLEAR,DRY,DAYLIGHT,TRAFFIC SIGNAL,UNKNOWN,NONE DETECTED,851CCD5F-0B3D-4A9C-B8F5-A183AFCE85A8,Yes,NO APPARENT INJURY,N/A,UNKNOWN,,46D1859F-43E2-4D55-812A-483B40FA1B8B,SUPERFICIAL,"CARGO VAN/LIGHT TRUCK 2 AXLES (OVER 10,000LBS (4,536 KG))",RIGHT TURN ON RED,38.96544833,-77.10710833,"(38.96544833, -77.10710833)"
MCP28860019,16004450,Montgomery County Police,Property Damage Crash,01/27/2016 07:31:00 PM,County,BEL PRE RD,County,CHESTERFIELD RD,,N/A,,SAME DIR REAR END,CLEAR,WET,DARK NO LIGHTS,N/A,NONE DETECTED,,75D07966-68F0-4526-A4E7-DC781D01E1B9,Yes,NO APPARENT INJURY,"N/A, WET",LOOKED BUT DID NOT SEE,MD,015C6CF3-DD59-44BF-AC6E-367C146D8C7A,FUNCTIONAL,PASSENGER CAR,SLOWING OR STOPPING,39.09238167,-77.08254667,"(39.09238167, -77.08254667)"
MCP0942000V,16048071,Montgomery County Police,Injury Crash,09/19/2016 10:17:00 AM,County,WOODMONT AVE,County,HAMPDEN LA,,N/A,,STRAIGHT MOVEMENT ANGLE,CLEAR,DRY,DAYLIGHT,TRAFFIC SIGNAL,NONE DETECTED,,7F3227CA-7B0B-4BF0-A5CF-6D5145BECD3B,No,NO APPARENT INJURY,N/A,NOT DISTRACTED,VA,85C4F268-4758-48B4-877B-CC4F2997508B,SUPERFICIAL,"MEDIUM/HEAVY TRUCKS 3 AXLES (OVER 10,000LBS (4,536KG))",STOPPED IN TRAFFIC LANE,38.98242167,-77.09662667,"(38.98242167, -77.09662667)"
EJ78330037,170512291,Gaithersburg Police Depar,Injury Crash,06/07/2017 01:43:00 PM,Municipality,E DIAMOND AVE,Municipality,RUSSELL AVE,,GAITHERSBURG,,HEAD ON LEFT TURN,CLOUDY,DRY,DAYLIGHT,STOP SIGN,NONE DETECTED,,93565773-3659-477B-91BA-678F23F74038,Yes,NO APPARENT INJURY,N/A,LOOKED BUT DID NOT SEE,MD,0066314A-AF70-4125-8C6C-0E08216C1FF9,FUNCTIONAL,PASSENGER CAR,MAKING LEFT TURN,39.1419,-77.19668833,"(39.1419, -77.19668833)"
MCP29230035,170522910,Montgomery County Police,Injury Crash,08/07/2017 08:55:00 AM,Maryland (State),VEIRS MILL RD,County,CLARIDGE RD,,N/A,,STRAIGHT MOVEMENT ANGLE,CLEAR,DRY,DAYLIGHT,TRAFFIC SIGNAL,UNKNOWN,,FCE7AC14-0ADD-4076-BB6C-D804C06FC056,Yes,NO APPARENT INJURY,N/A,NO DRIVER PRESENT,,1AB2279D-5DE4-4394-89D3-8C3C2BF9DF1B,FUNCTIONAL,PASSENGER CAR,MOVING CONSTANT SPEED,39.04856894,-77.0691669,"(39.04856894, -77.0691669)"
MCP0036004T,16044225,Montgomery County Police,Property Damage Crash,08/30/2016 03:44:00 PM,Maryland (State),FREDERICK RD,County,WEST OLD BALTIMORE RD,,N/A,,STRAIGHT MOVEMENT ANGLE,CLEAR,DRY,DAYLIGHT,NO CONTROLS,NONE DETECTED,,A068B0B1-594D-4F35-980C-9BC9DB76EF05,Yes,NO APPARENT INJURY,N/A,UNKNOWN,MD,AB96A195-B324-43D5-A26D-04FEE3BF35E2,DISABLING,PASSENGER CAR,MAKING LEFT TURN,39.21551667,-77.25233833,"(39.21551667, -77.25233833)"
MCP2767002T,170508315,Montgomery County Police,Property Damage Crash,05/17/2017 03:36:00 PM,Maryland (State),GEORGIA AVE,County,PARKER AVE,,N/A,,SAME DIR REAR END,CLEAR,DRY,DAYLIGHT,NO CONTROLS,NONE DETECTED,,E2EC828C-67F0-485B-9C0F-C53C53BF88A9,Yes,NO APPARENT INJURY,N/A,BY OTHER OCCUPANTS,MD,04288E04-55BC-4CBF-B489-69DE4BD4EA55,DESTROYED,PASSENGER CAR,SLOWING OR STOPPING,39.04904333,-77.05187833,"(39.04904333, -77.05187833)"
MCP2816001M,17013451,Montgomery County Police,Property Damage Crash,03/15/2017 10:56:00 AM,,,,,1301 SEVEN LOCKS ROAD,,,OTHER,N/A,,DARK LIGHTS ON,NO CONTROLS,NONE DETECTED,,0BFDF1F5-ECA8-43CF-B725-AA109590BC7D,Yes,NO APPARENT INJURY,N/A,INATTENTIVE OR LOST IN THOUGHT,MD,D44E4CF5-7C2E-4E29-8AA4-E9474AB8BB20,SUPERFICIAL,VAN,MAKING RIGHT TURN,39.06773333,-77.16089667,"(39.06773333, -77.16089667)"
MCP1554001N,16055380,Montgomery County Police,Property Damage Crash,10/27/2016 07:20:00 PM,Maryland (State),FREDERICK RD,Municipality,W GUDE DR,,ROCKVILLE,,STRAIGHT MOVEMENT ANGLE,CLOUDY,WET,DARK LIGHTS ON,TRAFFIC SIGNAL,NONE DETECTED,,EB982160-A993-4950-99B4-1703F687F3B3,No,NO APPARENT INJURY,"N/A, WET",NOT DISTRACTED,MD,05B0807F-F6E2-4036-9BB3-24CD3CB9F225,DESTROYED,(SPORT) UTILITY VEHICLE,MAKING LEFT TURN,39.106555,-77.1587,"(39.106555, -77.1587)"
MCP22880006,15040120,MONTGOMERY,Property Damage Crash,08/12/2015 05:57:00 AM,County,WOODMONT AVE,County,HAMPDEN LA,,N/A,,STRAIGHT MOVEMENT ANGLE,CLEAR,DRY,DAWN,TRAFFIC SIGNAL,NONE DETECTED,,922D2FD5-C4F8-455F-B30B-BE87440CAFAC,No,NO APPARENT INJURY,N/A,NOT DISTRACTED,DC,130562BC-B05C-42EB-A128-B09A968F90CD,FUNCTIONAL,PASSENGER CAR,MOVING CONSTANT SPEED,39.26220833,-77.2243,"(39.26220833, -77.2243)"
MCP2954001V,16030417,Montgomery County Police,Property Damage Crash,06/16/2016 10:06:00 AM,Maryland (State),GEORGIA AVE,County,LOCUST GROVE RD,,N/A,,SAME DIRECTION LEFT TURN,CLOUDY,DRY,DAYLIGHT,N/A,NONE DETECTED,,189AF896-A911-43F4-A90A-39804F03364D,Yes,NO APPARENT INJURY,N/A,LOOKED BUT DID NOT SEE,MD,D2F16FC8-5B6A-4A73-804F-CC7A2DBBCD09,DISABLING,PASSENGER CAR,MAKING LEFT TURN,39.01172293,-77.04134703,"(39.01172293, -77.04134703)"
MCP28450016,15046837,MONTGOMERY,Injury Crash,09/16/2015 08:11:00 AM,Maryland (State),UNIVERSITY BLVD E,County,E FRANKLIN AVE,,N/A,,SAME DIR REAR END,CLEAR,DRY,DAYLIGHT,NO CONTROLS,NONE DETECTED,,F33A586B-390E-4C6F-BFA5-A0383690A3B6,No,POSSIBLE INJURY,N/A,NOT DISTRACTED,MD,E3923974-5F21-4572-90A7-1613003BEAD5,SUPERFICIAL,PASSENGER CAR,SLOWING OR STOPPING,39.01240651,-77.00271249,"(39.01240651, -77.00271249)"