Report Number,Local Case Number,Agency Name,ACRS Report Type,Crash Date/Time,Route Type,Road Name,Cross-Street Type,Cross-Street Name,Off-Road Description,Municipality,Related Non-Motorist,Collision Type,Weather,Surface Condition,Light,Traffic Control,Driver Substance Abuse,Non-Motorist Substance Abuse,Person ID,Driver At Fault,Injury Severity,Circumstance,Driver Distracted By,Drivers License State,Vehicle ID,Vehicle Damage Extent,Vehicle Body Type,Vehicle Movement,Latitude,Longitude,Location
MCP9386003T,16053307,Montgomery County Police,Property Damage Crash,10/17/2016 09:46:00 AM,Maryland (State),ROCKVILLE PIKE,County,NICHOLSON LA,,N/A,,SAME DIRECTION SIDESWIPE,CLEAR,DRY,DAYLIGHT,TRAFFIC SIGNAL,NONE DETECTED,,E92993D0-16BA-4AF7-A633-90BCDAFB2720,Yes,NO APPARENT INJURY,N/A,NOT DISTRACTED,MD,688205BE-DF6A-47EB-B932-A004250AE7CE,SUPERFICIAL,"CARGO VAN/LIGHT TRUCK 2 AXLES (OVER 10,000LBS (4,536 KG))",MOVING CONSTANT SPEED,39.04442,-77.11100667,"(39.04442, -77.11100667)"
MCP9365000D,16014837,Montgomery County Police,Property Damage Crash,03/26/2016 07:58:00 AM,US (State),COLUMBIA PIKE,County,FAIRLAND RD,,N/A,,SAME DIR REAR END,CLEAR,DRY,DAYLIGHT,TRAFFIC SIGNAL,NONE DETECTED,,55425BD0-10BD-4DCE-B638-BE53F80E61E4,Yes,NO APPARENT INJURY,N/A,UNKNOWN,MD,04B69EA9-25DD-480C-A797-D2E821F5CA67,DISABLING,PASSENGER CAR,MOVING CONSTANT SPEED,39.07276667,-76.95584667,"(39.07276667, -76.95584667)"
MCP2677000L,16023284,Montgomery County Police,Property Damage Crash,05/10/2016 09:41:00 PM,County,MATENY RD,Unknown,EAGLES ROOST DR,,N/A,,SAME DIRECTION SIDESWIPE,N/A,DRY,DARK LIGHTS ON,N/A,N/A,,B719296A-4C19-46BF-BC4E-C2363E5231B8,Yes,NO APPARENT INJURY,N/A,NOT DISTRACTED,MD,B30409AE-D94C-472B-99C4-920ADAA5B24E,DISABLING,PASSENGER CAR,MOVING CONSTANT SPEED,39.16148333,-77.26884833,"(39.16148333, -77.26884833)"
MCP2770001M,17008709,Montgomery County Police,Property Damage Crash,02/17/2017 05:53:00 PM,County,SHADY GROVE RD,Ramp,RAMP 8 FR RAMP 5 TO SHADY GROVE RD WB,,N/A,,SAME DIR REAR END,CLEAR,DRY,DUSK,NO CONTROLS,NONE DETECTED,,6ABF75A6-127E-4872-B7DA-3A28E661C400,Yes,NO APPARENT INJURY,N/A,NOT DISTRACTED,MD,214099F4-173A-4221-8209-57E1D054AC10,DISABLING,PASSENGER CAR,ACCELERATING,39.13160333,-77.16046833,"(39.13160333, -77.16046833)"
MCP2879000Z,16013593,MONTGOMERY,Injury Crash,03/19/2016 06:00:00 PM,County,SHADY GROVE RD,County,CRABBS BRANCH WAY,,N/A,,SAME DIR REAR END,WINTRY MIX,WET,DAYLIGHT,TRAFFIC SIGNAL,NONE DETECTED,,4F711B1D-C3DC-43F7-95E6-3AFBBCAB56D6,Yes,NO APPARENT INJURY,"RAIN, SNOW, WET",NOT DISTRACTED,MD,81FFD901-6F7B-4D89-91C7-7ABCB2477FFB,NO DAMAGE,PASSENGER CAR,STARTING FROM LANE,39.12885763,-77.16757178,"(39.12885763, -77.16757178)"
MCP2181000Y,16043030,Montgomery County Police,Property Damage Crash,08/24/2016 01:30:00 PM,Maryland (State),DARNESTOWN RD,County,MUDDY BRANCH RD,,N/A,,OTHER,CLEAR,DRY,DAYLIGHT,TRAFFIC SIGNAL,UNKNOWN,,2DB09C89-FB07-44FE-8E51-A5B3CD7D2E65,No,NO APPARENT INJURY,N/A,NOT DISTRACTED,,364B393E-8689-4F4F-B835-77017DD6E92E,NO DAMAGE,TRUCK TRACTOR,STOPPED IN TRAFFIC LANE,39.10294167,-77.22190833,"(39.10294167, -77.22190833)"
MCP13780088,15053037,MONTGOMERY,Injury Crash,10/19/2015 02:58:00 PM,County,MONTGOMERY VILLAGE AVE,County,CLUB HOUSE RD,,N/A,PEDESTRIAN,SINGLE VEHICLE,CLEAR,DRY,DAYLIGHT,TRAFFIC SIGNAL,NONE DETECTED,NONE DETECTED,30B734F4-772C-40E5-8FD6-267D2AF28191,Yes,NO APPARENT INJURY,N/A,NOT DISTRACTED,MD,D2C80558-6D3B-4CD6-AA11-FFEBF02A0453,NO DAMAGE,PASSENGER CAR,MAKING LEFT TURN,39.17440667,-77.20350833,"(39.17440667, -77.20350833)"
MCP15500029,16042770,Montgomery County Police,Property Damage Crash,08/24/2016 10:20:00 AM,Maryland (State),ROCKVILLE PIKE,County,CEDAR LA,,N/A,,SAME DIRECTION SIDESWIPE,CLEAR,DRY,DAYLIGHT,NO CONTROLS,UNKNOWN,,A3FBD077-DB2F-4EBE-92D8-D06390B87C4D,Yes,NO APPARENT INJURY,N/A,NOT DISTRACTED,,33D1E8EC-5723-4173-9DA3-EA951B7B7D70,UNKNOWN,,MOVING CONSTANT SPEED,39.00724167,-77.09757167,"(39.00724167, -77.09757167)"
MCP2298009H,16045797,Montgomery County Police,Property Damage Crash,09/07/2016 03:13:00 PM,County,LITTLE SENECA PWK,County,NEWCUT RD,,N/A,,STRAIGHT MOVEMENT ANGLE,CLEAR,DRY,DAYLIGHT,STOP SIGN,NONE DETECTED,,B5B03A30-A114-4211-B3FB-481EFAFE9AA2,Yes,NO APPARENT INJURY,N/A,NOT DISTRACTED,MD,CF59A421-46C3-43F3-8AF7-9D92715A363E,DISABLING,PASSENGER CAR,ACCELERATING,39.23196,-77.24630667,"(39.23196, -77.24630667)"
MCP11510055,16044581,Montgomery County Police,Property Damage Crash,09/01/2016 07:30:00 AM,Maryland (State),OLD HUNDRED RD,Maryland (State),FREDERICK RD,,N/A,,SINGLE VEHICLE,RAINING,WET,DAYLIGHT,TRAFFIC SIGNAL,NONE DETECTED,,98F7A9EF-82E0-4B8D-9961-F43E407FD373,Yes,NO APPARENT INJURY,"RAIN, SNOW, WET",NOT DISTRACTED,MD,4FD54E9E-332C-4899-9F2F-6C578F5CC166,DISABLING,"OTHER LIGHT TRUCKS (10,000LBS (4,536KG) OR LESS)",SLOWING OR STOPPING,39.2806115,-77.31719613,"(39.2806115, -77.31719613)"
MCP2923001S,16023952,Montgomery County Police,Property Damage Crash,05/14/2016 09:21:00 AM,Maryland (State),CONNECTICUT AVE,Maryland (State),VEIRS MILL RD,,N/A,,SAME DIRECTION SIDESWIPE,CLEAR,DRY,DAYLIGHT,NO CONTROLS,N/A,,C288A9A3-A298-4DF1-810B-6B9586D2C2B6,No,NO APPARENT INJURY,N/A,NOT DISTRACTED,MD,C0578821-7799-49BF-8FB7-AF960DAC288D,SUPERFICIAL,TRANSIT BUS,MOVING CONSTANT SPEED,39.05829667,-77.04855333,"(39.05829667, -77.04855333)"
MCP1417007Q,170516209,Montgomery County Police,Property Damage Crash,06/28/2017 12:39:00 PM,Municipality,RUSSELL AVE,Maryland (State),MONTGOMERY VILLAGE AVE,,N/A,,SAME DIRECTION SIDESWIPE,N/A,DRY,DAYLIGHT,NO CONTROLS,NONE DETECTED,,8C511488-AF52-4F50-9931-D147C0075C4F,No,NO APPARENT INJURY,N/A,NOT DISTRACTED,MD,09C56BA8-C1AC-468A-8576-9C7DB8DD3E9F,FUNCTIONAL,PASSENGER CAR,MOVING CONSTANT SPEED,39.15550176,-77.21054614,"(39.15550176, -77.21054614)"
MCP0036003Q,16008144,Montgomery County Police,Property Damage Crash,02/17/2016 10:15:00 AM,,,,,INTERIOR SALLY PORT BALTIMORE COUNTY DEPT OF CORRECTIONS 720 BOSLEY AVE TOWSON MD 21204,,,SINGLE VEHICLE,CLEAR,,DAYLIGHT,N/A,NONE DETECTED,,C174FC50-2B8B-4238-89F8-BB6C61BE3977,Yes,NO APPARENT INJURY,N/A,LOOKED BUT DID NOT SEE,MD,3994820E-FD7A-4AB3-8DCA-46FFD06684F3,SUPERFICIAL,(SPORT) UTILITY VEHICLE,BACKING,39.40652199,-76.60797715,"(39.40652199, -76.60797715)"
MCP28140013,16005911,Montgomery County Police,Property Damage Crash,02/04/2016 08:27:00 PM,Maryland (State),CLOPPER RD,Unknown,SULLNICK WAY,,N/A,,HEAD ON LEFT TURN,CLEAR,DRY,DARK LIGHTS ON,NO CONTROLS,NONE DETECTED,,2AD062AE-D54B-4704-A310-14B1DA620187,Yes,NO APPARENT INJURY,N/A,LOOKED BUT DID NOT SEE,MD,A92FC707-C36A-4C2E-9DF0-92014FB01458,FUNCTIONAL,PASSENGER CAR,MAKING LEFT TURN,39.14828333,-77.23685667,"(39.14828333, -77.23685667)"
MCP1382002R,16025549,Montgomery County Police,Property Damage Crash,05/23/2016 07:10:00 AM,Maryland (State),NEW HAMPSHIRE AVE,County,ELTON RD,,N/A,,SAME DIR REAR END,CLOUDY,WET,DAYLIGHT,TRAFFIC SIGNAL,NONE DETECTED,,28C52EEC-F7B7-49CB-82AA-FC469614981D,Yes,NO APPARENT INJURY,N/A,LOOKED BUT DID NOT SEE,XX,B1B549AA-4FC6-4A00-BEEF-1BCD7FF188AB,FUNCTIONAL,PASSENGER CAR,STARTING FROM LANE,39.02059167,-76.976935,"(39.02059167, -76.976935)"
MCP2695001K,170513587,Montgomery County Police,Injury Crash,06/14/2017 08:34:00 AM,County,OLD COLUMBIA PIKE,Maryland (State),OLD COLUMBIA PIKE,,N/A,,SAME DIR REND RIGHT TURN,CLEAR,DRY,DAYLIGHT,N/A,N/A,,52D31C7F-0965-4F38-B5E6-2633B2B7E4A5,Yes,NO APPARENT INJURY,N/A,UNKNOWN,MD,207F096E-0B40-40A5-BD92-38083B049E38,FUNCTIONAL,PASSENGER CAR,CHANGING LANES,39.10929333,-76.935565,"(39.10929333, -76.935565)"
MCP9113001R,16043424,Montgomery County Police,Property Damage Crash,08/26/2016 12:58:00 PM,County,RANDOLPH RD,Maryland (State),VEIRS MILL RD,,N/A,,SAME DIRECTION LEFT TURN,CLEAR,DRY,DAYLIGHT,TRAFFIC SIGNAL,NONE DETECTED,,106B1DA7-1E92-49AC-839C-49B0738E2C30,Unknown,NO APPARENT INJURY,N/A,UNKNOWN,MD,58EF22F0-1AF4-4A81-8035-3D4C0BBDAA7D,DISABLING,(SPORT) UTILITY VEHICLE,MAKING LEFT TURN,39.056335,-77.08213167,"(39.056335, -77.08213167)"
MCP21770023,170520374,Montgomery County Police,Property Damage Crash,07/21/2017 03:07:00 PM,Maryland (State),ROCKVILLE PIKE,Unknown,ENT TO FEDERAL PLAZA S.C.,,N/A,,HEAD ON LEFT TURN,CLOUDY,DRY,DAYLIGHT,TRAFFIC SIGNAL,NONE DETECTED,,0D469D02-A97D-4A3E-BB7D-4A15005E2655,Yes,NO APPARENT INJURY,N/A,DISTRACTED BY OUTSIDE PERSON OBJECT OR EVENT,MD,D7DED26D-28EF-4B49-B75C-7B7F6C3EDF10,FUNCTIONAL,PASSENGER CAR,MAKING LEFT TURN,39.05721333,-77.120265,"(39.05721333, -77.120265)"
MCP29660029,16034217,Montgomery County Police,Injury Crash,07/06/2016 03:39:00 PM,Maryland (State),VEIRS MILL RD,County,RANDOLPH RD,,N/A,,SAME DIR REAR END,CLEAR,DRY,N/A,PERSON,NONE DETECTED,,1DDAB00B-CA82-4A3E-BDD9-A77C0F957A4A,Yes,NO APPARENT INJURY,N/A,OTHER DISTRACTION,MD,ECB0ACF5-7FB0-4491-BE5E-ABBC56B48BC7,DISABLING,PASSENGER CAR,ACCELERATING,39.05613,-77.08309833,"(39.05613, -77.08309833)"
MCP137800CM,16049530,Montgomery County Police,Property Damage Crash,09/26/2016 03:47:00 PM,Maryland (State),MONTGOMERY VILLAGE AVE,Maryland (State),FREDERICK RD,,N/A,,STRAIGHT MOVEMENT ANGLE,CLOUDY,DRY,DAYLIGHT,NO CONTROLS,NONE DETECTED,,7CC4175D-B094-4FEF-A0E6-8C6EA6677ADE,No,NO APPARENT INJURY,"N/A, VISION OBSTRUCTION (INCL. BLINDED BY SUN)",NOT DISTRACTED,MD,82916DB5-C9C0-484C-9202-90FB8E059EF6,DISABLING,PASSENGER CAR,MOVING CONSTANT SPEED,39.15383167,-77.2105,"(39.15383167, -77.2105)"
EJ7852001M,170508138,Gaithersburg Police Depar,Injury Crash,05/16/2017 05:28:00 PM,County,MUDDY BRANCH RD,Maryland (State),W DIAMOND AVE,,N/A,,SAME DIR REAR END,N/A,DRY,DAYLIGHT,TRAFFIC SIGNAL,ALCOHOL PRESENT,,CBF5833B-109F-4B96-8F11-597638DCBC50,Yes,SUSPECTED MINOR INJURY,N/A,UNKNOWN,MD,E7CEC30C-8B29-4F5C-AC51-066E2CF21FA1,SUPERFICIAL,PASSENGER CAR,UNKNOWN,39.13744193,-77.20546603,"(39.13744193, -77.20546603)"
MCP2072001K,170509021,Montgomery County Police,Property Damage Crash,05/21/2017 11:12:00 AM,,,,,20910 FREDERRICK ROAD WALMART PARKING LOT,,,STRAIGHT MOVEMENT ANGLE,CLOUDY,,DAYLIGHT,N/A,UNKNOWN,,48C5F60B-0F56-4798-A5C9-F309D6BC7F15,Yes,NO APPARENT INJURY,N/A,NOT DISTRACTED,MD,C2615616-1E51-4594-B112-0707D231D0A9,UNKNOWN,"MEDIUM/HEAVY TRUCKS 3 AXLES (OVER 10,000LBS (4,536KG))",MOVING CONSTANT SPEED,39.18835333,-77.233475,"(39.18835333, -77.233475)"
MCP24720027,16062069,Montgomery County Police,Injury Crash,12/03/2016 09:44:00 AM,Maryland (State),RIVER RD,County,BURDETTE RD,,N/A,,SAME DIR REAR END,CLEAR,DRY,DAYLIGHT,TRAFFIC SIGNAL,NONE DETECTED,,8B3BFE08-5872-4DBE-A713-7A1951D488F3,Yes,POSSIBLE INJURY,N/A,NOT DISTRACTED,MD,77110BB2-6B75-45F0-8269-19B0A34110A2,DISABLING,PASSENGER CAR,MOVING CONSTANT SPEED,38.98971167,-77.15062833,"(38.98971167, -77.15062833)"
MCP2930000M,15035912,MONTGOMERY,Injury Crash,07/21/2015 03:33:00 PM,County,RANDOLPH RD,County,KEMP MILL RD,,N/A,,SAME DIR REAR END,CLEAR,DRY,DAYLIGHT,N/A,NONE DETECTED,,264291AA-6E97-42A7-A906-D54F3BB98050,No,NO APPARENT INJURY,N/A,NOT DISTRACTED,MD,99EB40E0-6EBC-4AA6-A6C8-C253D5C2F91F,SUPERFICIAL,PASSENGER CAR,STOPPED IN TRAFFIC LANE,39.06644833,-77.03150167,"(39.06644833, -77.03150167)"
MCP0613000H,15040138,MONTGOMERY,Injury Crash,08/12/2015 09:20:00 AM,Maryland (State),GEORGIA AVE,County,EMORY LA,,N/A,,SAME DIR REAR END,CLEAR,N/A,DAYLIGHT,TRAFFIC SIGNAL,NONE DETECTED,,4077A8EC-9234-4FB6-A4A2-4C2212EF690D,No,NO APPARENT INJURY,"N/A, NON-HIGHWAY WORK",NOT DISTRACTED,MD,4E074E30-0536-4661-BDBE-26C069931EF4,SUPERFICIAL,(SPORT) UTILITY VEHICLE,STOPPED IN TRAFFIC LANE,39.1264565,-77.07235336,"(39.1264565, -77.07235336)"
MCP27890010,15030685,MONTGOMERY,Injury Crash,06/23/2015 06:10:00 PM,County,SPRING ST,County,FIRST AVE,,N/A,,SAME DIR REAR END,CLEAR,DRY,DAYLIGHT,NO CONTROLS,N/A,,4301551C-8759-4188-97E0-D2F90E14BD74,No,SUSPECTED MINOR INJURY,N/A,NOT DISTRACTED,NY,828248C3-BE74-477C-BF82-D2F6D43E3CED,SUPERFICIAL,PASSENGER CAR,SLOWING OR STOPPING,38.99906833,-77.03337667,"(38.99906833, -77.03337667)"
MCP25880031,170526345,Montgomery County Police,Property Damage Crash,08/23/2017 07:49:00 AM,County,RANDOLPH RD,County,BUSHEY DR,,N/A,,STRAIGHT MOVEMENT ANGLE,CLEAR,DRY,DAYLIGHT,NO CONTROLS,UNKNOWN,,2CEB8446-961A-45D8-828D-C9361069B742,No,NO APPARENT INJURY,N/A,UNKNOWN,CO,4615020D-B0B7-44CE-8737-7BD887EC81B6,FUNCTIONAL,PICKUP TRUCK,MOVING CONSTANT SPEED,39.05734667,-77.07787833,"(39.05734667, -77.07787833)"
MCP2964001F,16018498,Montgomery County Police,Property Damage Crash,04/15/2016 05:13:00 PM,County,BRINK RD,County,SENECA CROSSING DR,,N/A,,STRAIGHT MOVEMENT ANGLE,CLEAR,DRY,DAYLIGHT,NO CONTROLS,NONE DETECTED,,6E34B031-B84A-4B22-825C-C661F00253B0,No,NO APPARENT INJURY,N/A,NOT DISTRACTED,MD,E7ECD871-95DE-4FDB-8C31-3E83356EDDFC,SUPERFICIAL,PASSENGER CAR,STOPPED IN TRAFFIC LANE,39.21000466,-77.23724484,"(39.21000466, -77.23724484)"
MCP24440018,15034069,MONTGOMERY,Property Damage Crash,07/11/2015 05:22:00 PM,County,GRUBB RD,County,DONNYBROOK DR,,N/A,,STRAIGHT MOVEMENT ANGLE,CLEAR,DRY,DAYLIGHT,NO CONTROLS,NONE DETECTED,,93CABDD9-8F15-4C78-836A-E6C4E823B487,No,NO APPARENT INJURY,N/A,UNKNOWN,MD,7B1700CF-A521-426C-87D8-709DF917881D,FUNCTIONAL,PASSENGER CAR,MOVING CONSTANT SPEED,38.99619868,-77.05613136,"(38.99619868, -77.05613136)"
MCP30100010,16025948,Montgomery County Police,Property Damage Crash,05/25/2016 07:48:00 AM,Maryland (State),ROCKVILLE PIKE,County,MARINELLI RD,,N/A,,SAME DIR REAR END,CLEAR,DRY,DAYLIGHT,NO CONTROLS,N/A,,D7854F13-1CC2-46B3-9E01-5587D97FCCD6,Yes,NO APPARENT INJURY,N/A,NOT DISTRACTED,MD,407A3901-B7A9-44B1-B645-683338F85D68,DISABLING,PASSENGER CAR,MOVING CONSTANT SPEED,39.04603,-77.112355,"(39.04603, -77.112355)"
MCP2978001J,16058040,Montgomery County Police,Property Damage Crash,11/10/2016 05:03:00 PM,Maryland (State),FALLS RD,County,WOODINGTON DR,,N/A,,SAME DIR REAR END,CLEAR,DRY,DUSK,N/A,NONE DETECTED,,32EE48EC-1F73-4DCA-A371-760649891171,No,NO APPARENT INJURY,N/A,NOT DISTRACTED,MD,B0B0B533-DB82-4D95-97F7-C6E1FE79C538,FUNCTIONAL,(SPORT) UTILITY VEHICLE,SLOWING OR STOPPING,39.04029,-77.19212667,"(39.04029, -77.19212667)"
MCP30690007,170530885,Montgomery County Police,Injury Crash,09/17/2017 01:00:00 AM,Maryland (State),EAST WEST HWY,Maryland (State),16TH ST,,N/A,,STRAIGHT MOVEMENT ANGLE,CLEAR,DRY,DARK LIGHTS ON,TRAFFIC SIGNAL,NONE DETECTED,,76A2A5A3-DA85-43CE-911D-DADDB26A0E77,No,SUSPECTED MINOR INJURY,N/A,NOT DISTRACTED,XX,8E07ECF2-BB57-402A-9806-04239D0CEB3C,DISABLING,PASSENGER CAR,ACCELERATING,38.99442259,-77.03626156,"(38.99442259, -77.03626156)"
MCP2771000P,15066061,Montgomery County Police,Injury Crash,12/24/2015 10:43:00 PM,,,,,RESIDENTIAL PARKING AREA ALONG W DEER PARK ROAD; COLISSION INTO TOWNHOME,,,SINGLE VEHICLE,CLOUDY,,DARK LIGHTS ON,N/A,NONE DETECTED,,4D5273C8-1B0D-421D-BA5E-00B3BBE7ADBF,Yes,SUSPECTED MINOR INJURY,N/A,OTHER DISTRACTION,MD,ADAF5BCD-D4D8-4FC5-86A7-68604BEC36C7,DISABLING,PASSENGER CAR,ACCELERATING,39.12949639,-77.20251292,"(39.12949639, -77.20251292)"
MCP1453002Y,16010772,MONTGOMERY,Property Damage Crash,03/04/2016 07:35:00 AM,,,,,PARKING LOT OF SENECA VALLEY HIGH SCHOOL 19401 CRYSTAL ROCK DR,,,SINGLE VEHICLE,SNOW,,DAYLIGHT,N/A,NONE DETECTED,,D732CC6A-4618-4464-8E0D-149A5D6E3A58,Yes,NO APPARENT INJURY,"N/A, WET",NOT DISTRACTED,MD,48FC1688-EC94-4C2C-8457-C518A82843EB,DISABLING,(SPORT) UTILITY VEHICLE,MAKING LEFT TURN,39.175105,-77.262695,"(39.175105, -77.262695)"
MCP2991000X,16036865,Montgomery County Police,Property Damage Crash,07/21/2016 07:00:00 AM,Maryland (State),GEORGIA AVE,County,QUEEN ELIZABETH DR,,N/A,,STRAIGHT MOVEMENT ANGLE,CLEAR,DRY,DAYLIGHT,TRAFFIC SIGNAL,NONE DETECTED,,25564B83-8F5F-42F1-86C3-ACFAB3CE9EE5,Yes,NO APPARENT INJURY,N/A,LOOKED BUT DID NOT SEE,MD,42B271EF-F756-4246-89AB-A482E6D4EDC1,DISABLING,PASSENGER CAR,MOVING CONSTANT SPEED,39.15906667,-77.06401833,"(39.15906667, -77.06401833)"
DD5546000H,15039429,ROCKVILLE,Injury Crash,08/08/2015 10:14:00 AM,County,E JEFFERSON ST,Unknown,CALIFORNIA CIR,,N/A,PEDESTRIAN,HEAD ON LEFT TURN,CLEAR,DRY,DAYLIGHT,NO CONTROLS,NONE DETECTED,NONE DETECTED,80C6B5E3-52CE-4BE1-9954-6BF051347E97,No,NO APPARENT INJURY,N/A,NOT DISTRACTED,MD,688F269A-3556-4986-A4D4-71FE1B699D50,NO DAMAGE,PASSENGER CAR,MAKING LEFT TURN,39.05555667,-77.12607167,"(39.05555667, -77.12607167)"
MCP28770024,16006200,Montgomery County Police,Property Damage Crash,02/06/2016 09:14:00 AM,Maryland (State),GEORGIA AVE,County,SEMINARY RD,,N/A,,SAME DIR REAR END,CLEAR,DRY,DAYLIGHT,NO CONTROLS,NONE DETECTED,,488CA07D-BA5F-4B60-8AED-465852D13E66,No,NO APPARENT INJURY,N/A,NOT DISTRACTED,MD,773F078C-E01E-403E-B7E7-A76CF60F8C6E,FUNCTIONAL,PASSENGER CAR,MOVING CONSTANT SPEED,39.00971,-77.04112833,"(39.00971, -77.04112833)"
MCP2717005C,16018502,Montgomery County Police,Property Damage Crash,04/15/2016 05:15:00 PM,Maryland (State),ROCKVILLE PIKE,County,BELLEVUE DR,,N/A,,SAME DIR REAR END,N/A,DRY,DAYLIGHT,TRAFFIC SIGNAL,NONE DETECTED,,AA233465-CC2D-4A9B-9E46-D62AB7F7CA75,Yes,NO APPARENT INJURY,N/A,UNKNOWN,MD,275E0C58-8DC6-4C57-86CA-59BC4BF5206D,DISABLING,PASSENGER CAR,MOVING CONSTANT SPEED,39.013045,-77.09841167,"(39.013045, -77.09841167)"
MCP29140035,16031434,Montgomery County Police,Injury Crash,06/21/2016 07:59:00 PM,Interstate (State),CAPITAL BELTWAY,Ramp,RAMP 7 FR IS 495 WB TO MD 650 SB,,N/A,,OTHER,RAINING,WET,DAYLIGHT,NO CONTROLS,N/A,,2CE61040-2AC2-421F-A5D4-D4ED83F2C126,Yes,NO APPARENT INJURY,"RAIN, SNOW, WET",NOT DISTRACTED,MD,15A1309F-D79B-4D76-BDF4-20797A7A690A,DISABLING,PASSENGER CAR,SLOWING OR STOPPING,39.01846333,-76.98978667,"(39.01846333, -76.98978667)"
MCP9106001B,170506562,Montgomery County Police,Property Damage Crash,05/08/2017 08:54:00 AM,County,WATERS LANDING DR,Unknown,STAFFORDSHIRE DR,,N/A,,OPPOSITE DIRECTION SIDESWIPE,N/A,DRY,DAYLIGHT,N/A,NONE DETECTED,,E186C6D7-233E-4234-AC1D-602C420E4029,No,NO APPARENT INJURY,N/A,NOT DISTRACTED,MD,6420CF06-0B68-4F11-8BBB-537DF4FB9661,FUNCTIONAL,PASSENGER CAR,ACCELERATING,39.19271333,-77.27732,"(39.19271333, -77.27732)"
MCP2466001N,16059272,Montgomery County Police,Injury Crash,11/17/2016 05:36:00 PM,County,E RANDOLPH RD,County,BEA KAY DR,,N/A,,SINGLE VEHICLE,CLEAR,DRY,DARK LIGHTS ON,NO CONTROLS,N/A,,08F24B4F-071F-4EC3-A0BD-4982391BA09D,Yes,POSSIBLE INJURY,N/A,NOT DISTRACTED,MD,ED323D34-3774-4146-B636-71D501939AD0,DISABLING,PASSENGER CAR,MOVING CONSTANT SPEED,39.07384833,-76.990815,"(39.07384833, -76.990815)"
MCP26650014,15036618,MONTGOMERY,Property Damage Crash,07/24/2015 06:43:00 PM,Maryland (State),OLD GEORGETOWN RD,Unknown,SPUR TO MD 355,,N/A,,SAME DIRECTION SIDESWIPE,CLEAR,DRY,DAYLIGHT,YIELD SIGN,N/A,,0451E019-081A-46D9-94C9-C26C4DEBDF8F,Yes,NO APPARENT INJURY,N/A,LOOKED BUT DID NOT SEE,MD,7AD9A0F2-FB1D-42F8-A759-763436A8D069,SUPERFICIAL,TRANSIT BUS,STOPPED IN TRAFFIC LANE,39.04920667,-77.11655667,"(39.04920667, -77.11655667)"
MCP2353001J,15050752,MONTGOMERY,Property Damage Crash,10/07/2015 07:27:00 AM,Maryland (State),OLD GEORGETOWN RD,Ramp,RAMP 5 FR MD 187 SB TO RAMP 4 (TO IS495),,N/A,,SAME DIR REAR END,CLEAR,DRY,DARK LIGHTS ON,TRAFFIC SIGNAL,NONE DETECTED,,20A2C43D-CE9E-4355-B9C9-E2E1630F001F,Yes,NO APPARENT INJURY,N/A,UNKNOWN,MD,BBF2080E-B312-463E-8D43-34ED3AB73F37,FUNCTIONAL,PASSENGER CAR,SLOWING OR STOPPING,38.98364167,-77.09297,"(38.98364167, -77.09297)"
MCP06170006,16009382,MONTGOMERY,Injury Crash,02/25/2016 09:49:00 AM,Maryland (State),MUNCASTER MILL RD,Maryland (State),NORBECK RD,,N/A,,SAME DIR REAR END,CLEAR,DRY,DAYLIGHT,NO CONTROLS,N/A,,0499E01F-19B3-4EAB-82C6-7832D390C4FE,Yes,NO APPARENT INJURY,N/A,DISTRACTED BY OUTSIDE PERSON OBJECT OR EVENT,MD,5ACE1E9A-A8AD-42F2-9E40-E425CFE6271A,DISABLING,PASSENGER CAR,MOVING CONSTANT SPEED,39.12815333,-77.06918167,"(39.12815333, -77.06918167)"
EJ7852001C,16022733,Gaithersburg Police Depar,Injury Crash,05/07/2016 10:01:00 PM,County,MUDDY BRANCH RD,Unknown,ENT TO MUDDY BRANCH SQUARE,,N/A,,STRAIGHT MOVEMENT ANGLE,CLEAR,WET,DARK LIGHTS ON,STOP SIGN,NONE DETECTED,,6B2113CE-6418-4845-A139-97378351BAAB,Unknown,NO APPARENT INJURY,"N/A, RAIN, SNOW",LOOKED BUT DID NOT SEE,MD,33AD2310-5C69-43D4-A855-9A54B3C04B27,SUPERFICIAL,"OTHER LIGHT TRUCKS (10,000LBS (4,536KG) OR LESS)",STARTING FROM LANE,39.11377118,-77.2160849,"(39.11377118, -77.2160849)"
MCP15750042,16034559,Montgomery County Police,Property Damage Crash,07/08/2016 10:52:00 AM,Maryland (State),FALLS RD,County,FALLS CHAPEL WAY,,N/A,,SAME DIR REAR END,CLEAR,DRY,DAYLIGHT,PERSON,NONE DETECTED,,08F61C80-9F94-403A-9A12-39BD3B317324,No,NO APPARENT INJURY,N/A,NOT DISTRACTED,MD,A34F898C-ECC6-4F62-B707-1FE8EED376B7,FUNCTIONAL,PASSENGER CAR,SLOWING OR STOPPING,39.06328,-77.17611167,"(39.06328, -77.17611167)"
DD56030030,16040873,Rockville Police Departme,Injury Crash,08/12/2016 10:03:00 AM,Maryland (State),HUNGERFORD DR,Municipality,MANNAKEE ST,,ROCKVILLE,,SAME DIR REAR END,CLEAR,DRY,DAYLIGHT,TRAFFIC SIGNAL,NONE DETECTED,,B04725D1-224D-46EB-B873-B8DD767B1DEC,Yes,NO APPARENT INJURY,N/A,NOT DISTRACTED,MD,314C7D93-4852-4565-9AE0-ED34555967A8,DISABLING,PASSENGER CAR,MOVING CONSTANT SPEED,39.09672065,-77.15317369,"(39.09672065, -77.15317369)"