Report Number,Local Case Number,Agency Name,ACRS Report Type,Crash Date/Time,Route Type,Road Name,Cross-Street Type,Cross-Street Name,Off-Road Description,Municipality,Related Non-Motorist,Collision Type,Weather,Surface Condition,Light,Traffic Control,Driver Substance Abuse,Non-Motorist Substance Abuse,Person ID,Driver At Fault,Injury Severity,Circumstance,Driver Distracted By,Drivers License State,Vehicle ID,Vehicle Damage Extent,Vehicle Body Type,Vehicle Movement,Latitude,Longitude,Location
MCP1121002Q,170524156,Montgomery County Police,Injury Crash,08/10/2017 06:05:00 PM,County,MIDCOUNTY HWY,County,WASHINGTON GROVE LA,,N/A,,HEAD ON LEFT TURN,CLOUDY,DRY,DAYLIGHT,TRAFFIC SIGNAL,NONE DETECTED,,3E532015-1DB5-4790-95D0-305B07E15B2A,Yes,NO APPARENT INJURY,N/A,NOT DISTRACTED,MD,CFF6F080-71FC-4BA1-9565-7A140BF48245,DISABLING,PICKUP TRUCK,MAKING LEFT TURN,39.14729667,-77.16905167,"(39.14729667, -77.16905167)"
MCP2824001J,15048720,MONTGOMERY,Property Damage Crash,09/25/2015 08:50:00 PM,,,,,"100 Edison Park Dr, Gaithersburg MD HQ Secure Parking Lot",,,SINGLE VEHICLE,CLEAR,,DARK LIGHTS ON,NO CONTROLS,N/A,,1D63FB0F-3F3D-483A-B008-8CD382C32674,Yes,NO APPARENT INJURY,N/A,NOT DISTRACTED,MD,34D123AA-1567-4906-885D-45DAEEA5760B,SUPERFICIAL,PICKUP TRUCK,PARKED,39.113105,-77.23563333,"(39.113105, -77.23563333)"
MCP1121002G,170515551,Montgomery County Police,Property Damage Crash,06/24/2017 02:46:00 PM,County,SPIRE ST,County,CLARKSBURG RD,,N/A,,SAME DIR REAR END,CLEAR,DRY,DAYLIGHT,STOP SIGN,NONE DETECTED,,F13D496C-4245-44A1-AE51-DCCD6C9688E0,No,NO APPARENT INJURY,N/A,NOT DISTRACTED,MD,CD30F54A-6324-4C63-A497-3DAAFE20A795,SUPERFICIAL,MOTORCYCLE,SLOWING OR STOPPING,39.24169667,-77.28019833,"(39.24169667, -77.28019833)"
MCP2552001V,170507418,Montgomery County Police,Property Damage Crash,05/12/2017 03:53:00 PM,County,BOU AVE,County,CHAPMAN AVE,,N/A,,OTHER,RAINING,WET,DAYLIGHT,NO CONTROLS,NONE DETECTED,,535B4300-54B2-4F93-BBE8-2D3D1D2B529C,Yes,NO APPARENT INJURY,"RAIN, SNOW, WET",UNKNOWN,MD,C47114AA-73FA-484C-9F18-A15C36B5251B,DESTROYED,PASSENGER CAR,NEGOTIATING A CURVE,39.05754209,-77.11636305,"(39.05754209, -77.11636305)"
MCP29870012,16045744,Montgomery County Police,Injury Crash,09/07/2016 10:47:00 AM,Maryland (State),UNIVERSITY BLVD E,US (State),COLESVILLE RD,,N/A,,SAME DIRECTION RIGHT TURN,CLEAR,DRY,DAYLIGHT,TRAFFIC SIGNAL,NONE DETECTED,,6D95D5E5-E1FA-451B-9D95-E05C76619298,Yes,NO APPARENT INJURY,N/A,INATTENTIVE OR LOST IN THOUGHT,MD,A6993F55-043A-4939-A11C-F1E4A3E517C4,FUNCTIONAL,PASSENGER CAR,MOVING CONSTANT SPEED,39.020615,-77.01298,"(39.020615, -77.01298)"
MCP2921001T,170514597,Montgomery County Police,Property Damage Crash,06/19/2017 06:20:00 PM,Maryland (State),RIDGE RD,County,WACOMOR DR,,N/A,,SAME DIR REAR END,CLEAR,WET,DAYLIGHT,N/A,N/A,,1E6A198D-EE66-4E7E-9335-B6E28DC6A599,No,NO APPARENT INJURY,"N/A, WET",NOT DISTRACTED,MD,504F6F6A-24DE-41CF-8B3A-68A513382CE8,DESTROYED,PASSENGER CAR,STOPPED IN TRAFFIC LANE,39.22758667,-77.23671833,"(39.22758667, -77.23671833)"
MCP3045000P,170521626,Montgomery County Police,Property Damage Crash,07/28/2017 08:57:00 AM,Maryland (State),CONNECTICUT AVE,Ramp,RAMP 5 FR MD 185 SB TO IS 495 EB,,N/A,,SAME DIRECTION SIDESWIPE,CLEAR,DRY,DAYLIGHT,NO CONTROLS,NONE DETECTED,,3FD6E00C-C6E7-4D94-94E7-DFF2BA6E2F48,Yes,NO APPARENT INJURY,N/A,LOOKED BUT DID NOT SEE,DC,3551ABDD-9C45-4B87-8CAC-7944AD5D8961,FUNCTIONAL,PASSENGER CAR,CHANGING LANES,39.06612667,-77.15954667,"(39.06612667, -77.15954667)"
MCP2492000D,15039531,MONTGOMERY,Injury Crash,08/08/2015 09:27:00 PM,County,MUDDY BRANCH RD,Maryland (State),W DIAMOND AVE,,N/A,,SINGLE VEHICLE,N/A,DRY,DARK LIGHTS ON,NO CONTROLS,ALCOHOL CONTRIBUTED,,4E7BB947-1DF3-48F7-B604-EE4279C1DD11,Yes,SUSPECTED MINOR INJURY,N/A,NOT DISTRACTED,MD,32EE8EE6-70B2-44DD-AE92-5CB366322943,DISABLING,PASSENGER CAR,MOVING CONSTANT SPEED,39.1397964,-77.20515892,"(39.1397964, -77.20515892)"
MCP2849001F,15040204,MONTGOMERY,Injury Crash,08/12/2015 04:07:00 PM,County,BOWIE MILL RD,County,WICKHAM DR,,N/A,,HEAD ON LEFT TURN,CLEAR,DRY,DAYLIGHT,TRAFFIC SIGNAL,NONE DETECTED,,EE274CDC-FD6E-41E8-868D-8635EEACA73A,No,NO APPARENT INJURY,N/A,NOT DISTRACTED,MD,6B6F9589-EEA8-4B70-8E45-4F1E5983C799,DISABLING,PASSENGER CAR,MOVING CONSTANT SPEED,39.154985,-77.09474,"(39.154985, -77.09474)"
MCP2690001K,16028017,Montgomery County Police,Property Damage Crash,06/04/2016 04:07:00 PM,Maryland (State),MUNCASTER MILL RD,County,APPLEWOOD LA,,N/A,,STRAIGHT MOVEMENT ANGLE,CLEAR,DRY,DAYLIGHT,NO CONTROLS,NONE DETECTED,,3F295DA2-2CB9-4F76-A319-3A355420A4BA,No,NO APPARENT INJURY,N/A,NOT DISTRACTED,MD,2D698CA1-6BE0-4B66-A7CC-E2D99FBCB26D,DISABLING,PASSENGER CAR,MOVING CONSTANT SPEED,39.14182,-77.13812833,"(39.14182, -77.13812833)"
MCP29710023,16062646,Montgomery County Police,Injury Crash,12/06/2016 05:17:00 PM,US (State),COLUMBIA PIKE,Ramp,RAMP 5 FR US 29 SB TO BRIGGS CHANEY RD,,N/A,,SAME DIR REAR END,RAINING,WET,DARK LIGHTS ON,NO CONTROLS,NONE DETECTED,,800042D7-78A8-43FB-976D-BD9071C60E65,Yes,POSSIBLE INJURY,"RAIN, SNOW, WET",NOT DISTRACTED,MD,20D0A88A-6DF2-4D8E-94DC-B26485C159F2,DISABLING,PASSENGER CAR,SLOWING OR STOPPING,39.08487006,-76.94696009,"(39.08487006, -76.94696009)"
MCP26670025,16000920,Montgomery County Police,Property Damage Crash,01/06/2016 10:21:00 AM,County,MONTGOMERY VILLAGE AVE,County,CLUB HOUSE RD,,N/A,,STRAIGHT MOVEMENT ANGLE,CLEAR,DRY,DAYLIGHT,TRAFFIC SIGNAL,NONE DETECTED,,0FFC238D-21C3-47D7-BEA8-1F98BB5EBD03,Yes,NO APPARENT INJURY,N/A,LOOKED BUT DID NOT SEE,MD,109A704B-0D35-403E-9C75-B6F0190A1A4A,DISABLING,PASSENGER CAR,MAKING LEFT TURN,39.17456833,-77.20327,"(39.17456833, -77.20327)"
MCP2559000H,16001751,Montgomery County Police,Property Damage Crash,01/10/2016 11:36:00 AM,Municipality,MAIN ST,Municipality,ALFANDRE ST,,GAITHERSBURG,,OTHER,CLOUDY,WET,DAYLIGHT,NO CONTROLS,NONE DETECTED,,20B15298-6BEB-4C1E-938B-52FDFF13242E,No,NO APPARENT INJURY,"N/A, WET",NOT DISTRACTED,MD,2F80C9CF-0C8D-4685-B2E1-ED343B9889FB,SUPERFICIAL,FIRE VEHICLE/NON EMERGENCY,MOVING CONSTANT SPEED,39.12167792,-77.23818764,"(39.12167792, -77.23818764)"
MCP93860031,16015337,MONTGOMERY,Injury Crash,03/29/2016 11:09:00 AM,Maryland (State),CONNECTICUT AVE,County,JONES BRIDGE RD,,N/A,,SAME DIR REAR END,CLEAR,DRY,DAYLIGHT,TRAFFIC SIGNAL,NONE DETECTED,,99B1118B-5615-4FD1-AE49-E32E6BFAD855,No,POSSIBLE INJURY,N/A,NOT DISTRACTED,MD,1D2F2F29-F414-4FBC-B169-2F6AA86AA90F,DESTROYED,(SPORT) UTILITY VEHICLE,STOPPED IN TRAFFIC LANE,39.000395,-77.07706333,"(39.000395, -77.07706333)"
MCP1550001J,15046360,MONTGOMERY,Injury Crash,09/13/2015 05:44:00 PM,County,JONES MILL RD,County,JONES BRIDGE RD,,N/A,,SAME DIR REAR END,CLEAR,DRY,DAYLIGHT,TRAFFIC SIGNAL,NONE DETECTED,,D67F5120-FC85-44F0-98E2-1F1A14B53CBA,No,POSSIBLE INJURY,N/A,NOT DISTRACTED,DC,ADF10AF8-0BCF-48BE-93C2-6C85AABD8C52,SUPERFICIAL,(SPORT) UTILITY VEHICLE,STOPPED IN TRAFFIC LANE,39.02951167,-77.08069667,"(39.02951167, -77.08069667)"
MCP28780019,15037123,MONTGOMERY,Property Damage Crash,07/27/2015 05:42:00 PM,County,BLUNT RD,County,SCENERY DR,,N/A,,OPPOSITE DIRECTION SIDESWIPE,CLEAR,WET,DAYLIGHT,NO CONTROLS,NONE DETECTED,,FC434698-F93F-4092-B89F-ADF13CD8FDA2,No,NO APPARENT INJURY,"N/A, WET",NOT DISTRACTED,MD,54DBE713-7E65-488A-AFAB-3B46446A6A7F,DISABLING,(SPORT) UTILITY VEHICLE,MOVING CONSTANT SPEED,39.18616497,-77.23162293,"(39.18616497, -77.23162293)"
MCP93210007,15002016,Montgomery County Police,Property Damage Crash,01/13/2015 01:27:00 PM,Maryland (State),VEIRS MILL RD,County,FERRARA AVE,,N/A,,STRAIGHT MOVEMENT ANGLE,CLEAR,DRY,DAYLIGHT,TRAFFIC SIGNAL,NONE DETECTED,,188D7A60-D999-4076-BB5C-D759E94B2CB5,Yes,NO APPARENT INJURY,N/A,NOT DISTRACTED,DC,DC079199-EC6B-49F9-9301-6C1BE19E22CD,FUNCTIONAL,PASSENGER CAR,MAKING LEFT TURN,39.05290333,-77.07718667,"(39.05290333, -77.07718667)"
MCP1608000F,16033253,Montgomery County Police,Property Damage Crash,07/01/2016 05:04:00 AM,Other Public Roadway,MONTROSE PKWY,County,E JEFFERSON ST,,N/A,,STRAIGHT MOVEMENT ANGLE,CLEAR,DRY,DAWN,TRAFFIC SIGNAL,N/A,,FB5D669A-0DE7-4E02-88FC-30F19B72DD11,No,NO APPARENT INJURY,N/A,NOT DISTRACTED,MD,BDA06C04-C383-4F99-9841-AA1F52060A82,DISABLING,PASSENGER CAR,STARTING FROM LANE,39.05076167,-77.12564667,"(39.05076167, -77.12564667)"
MCP2948000Q,16002855,Montgomery County Police,Property Damage Crash,01/15/2016 06:47:00 PM,Maryland (State),UNIVERSITY BLVD W,County,ARCOLA AVE,,N/A,,HEAD ON LEFT TURN,RAINING,WET,DARK LIGHTS ON,TRAFFIC SIGNAL,NONE DETECTED,,70DFE929-1A90-4FA9-AA5A-FBC150A446A8,Yes,NO APPARENT INJURY,"RAIN, SNOW, WET",NOT DISTRACTED,MD,5147E6A1-5047-4745-A243-7F12001E316D,FUNCTIONAL,"CARGO VAN/LIGHT TRUCK 2 AXLES (OVER 10,000LBS (4,536 KG))",MOVING CONSTANT SPEED,39.03560167,-77.02573333,"(39.03560167, -77.02573333)"
MCP1564002G,170524752,Montgomery County Police,Property Damage Crash,08/14/2017 12:04:00 PM,,,,,"PARKING LOT OF 18115 TOWN CENTER DRIVE, OLNEY, MD 20832",,,STRAIGHT MOVEMENT ANGLE,CLOUDY,,DAYLIGHT,NO CONTROLS,NONE DETECTED,,4CDC3B0A-13D1-45E2-B798-4AC2A9A8E87B,Yes,NO APPARENT INJURY,N/A,LOOKED BUT DID NOT SEE,MD,F7CB69DE-797C-4EE0-BAA1-F1B875A2A49F,SUPERFICIAL,PASSENGER CAR,BACKING,39.15252331,-77.06204295,"(39.15252331, -77.06204295)"
MCP26900015,15061414,MONTGOMERY,Injury Crash,12/01/2015 07:40:00 PM,County,GOSHEN RD,Maryland (State),MIDCOUNTY HWY,,N/A,,HEAD ON,RAINING,WET,DARK LIGHTS ON,TRAFFIC SIGNAL,NONE DETECTED,,3C494770-23F2-4320-985E-6B094A8C0F68,No,NO APPARENT INJURY,N/A,NOT DISTRACTED,MD,68A9D5B7-3895-497A-885A-CA11FFF4C605,DESTROYED,SNOWMOBILE,STARTING FROM LANE,39.15836667,-77.19198667,"(39.15836667, -77.19198667)"
MCP1334004Z,170507173,Montgomery County Police,Injury Crash,05/11/2017 08:06:00 AM,County,WATKINS MILL RD,County,CRESTED IRIS DR,,N/A,,SAME DIR REAR END,RAINING,WET,DAYLIGHT,N/A,NONE DETECTED,,48DF41A3-479F-4D8E-8971-1ACFE95898A3,Yes,NO APPARENT INJURY,"RAIN, SNOW, WET",NOT DISTRACTED,TX,035E824A-751F-486B-BEF8-95979A812222,FUNCTIONAL,PASSENGER CAR,SLOWING OR STOPPING,39.18023653,-77.20999494,"(39.18023653, -77.20999494)"
MCP28910034,16065016,Montgomery County Police,Property Damage Crash,12/19/2016 11:51:00 AM,,,,,"PARKING LOT OF 2101 MEDICAL PARK DRIVE, SILVER SPRING, MD 20902",,,OTHER,CLEAR,,DAYLIGHT,N/A,UNKNOWN,,5079DA78-E435-4EBE-BF80-D86C68852D01,Yes,NO APPARENT INJURY,N/A,UNKNOWN,,4CB2A77B-0C41-4CE8-AF98-9EA51DCC62FF,SUPERFICIAL,PASSENGER CAR,STARTING FROM PARKED,39.02414833,-77.044195,"(39.02414833, -77.044195)"
MCP2756000P,15004899,Montgomery County Police,Property Damage Crash,01/30/2015 06:01:00 PM,County,RANDOLPH RD,County,LINDELL ST,,N/A,,SAME DIRECTION SIDESWIPE,N/A,DRY,DARK LIGHTS ON,N/A,NONE DETECTED,,A48AEF08-9ED2-4357-BE59-14FFB962BDFC,No,NO APPARENT INJURY,N/A,NOT DISTRACTED,MD,1DCADE95-94DF-4D82-84BF-F85EDBB6C384,SUPERFICIAL,PASSENGER CAR,MOVING CONSTANT SPEED,39.059184,-77.062779,"(39.059184, -77.062779)"
MCP24250070,16030007,Montgomery County Police,Property Damage Crash,06/14/2016 01:20:00 PM,US (State),COLESVILLE RD,County,DALE DR,,N/A,,SAME DIRECTION SIDESWIPE,CLEAR,DRY,DAYLIGHT,TRAFFIC SIGNAL,NONE DETECTED,,D9F214B2-B81A-4C86-AF28-D9B4AD29F47B,Unknown,NO APPARENT INJURY,N/A,NOT DISTRACTED,VA,E1A56EB5-0453-4738-8B50-1EF9726B138E,SUPERFICIAL,"MEDIUM/HEAVY TRUCKS 3 AXLES (OVER 10,000LBS (4,536KG))",SLOWING OR STOPPING,39.00449,-77.02370667,"(39.00449, -77.02370667)"
MCP20550019,16042563,Montgomery County Police,Property Damage Crash,08/22/2016 10:30:00 AM,Maryland (State),CLOPPER RD,Unknown,SPUR FR MD 124,,N/A,,SAME DIR REAR END,CLEAR,DRY,DAYLIGHT,TRAFFIC SIGNAL,NONE DETECTED,,C0085A60-417B-4253-B681-A9CE9FC834BD,No,NO APPARENT INJURY,N/A,NOT DISTRACTED,VA,ECAF4D5E-A16E-4EE4-8787-03A94D5F26B9,FUNCTIONAL,PASSENGER CAR,STOPPED IN TRAFFIC LANE,39.14325167,-77.20738667,"(39.14325167, -77.20738667)"
MCP1500001H,17008495,Montgomery County Police,Property Damage Crash,02/16/2017 07:00:00 PM,,,,,PARKING LOT OF 11215 NEW HMPSHIRE AVENUE,,,STRAIGHT MOVEMENT ANGLE,CLEAR,,DARK NO LIGHTS,N/A,UNKNOWN,,3EF6A14A-8B74-4411-8C31-376EA0D5D9C9,Yes,NO APPARENT INJURY,N/A,UNKNOWN,MD,19EF4993-E66C-4454-9086-5CCECC21DFBF,NO DAMAGE,PICKUP TRUCK,BACKING,39.04093524,-76.98998943,"(39.04093524, -76.98998943)"
MCP24250091,17015736,Montgomery County Police,Property Damage Crash,03/28/2017 07:32:00 AM,Maryland (State),GEORGIA AVE,US (State),COLESVILLE RD,,N/A,,SAME DIRECTION SIDESWIPE,CLEAR,WET,DAYLIGHT,TRAFFIC SIGNAL,NONE DETECTED,,C3908EFD-688D-4CF1-ADED-5B472CA6BCE7,No,NO APPARENT INJURY,"N/A, WET",NOT DISTRACTED,MD,B25D6E48-C7A2-47F7-855F-C6D19368ACF5,SUPERFICIAL,TRANSIT BUS,MOVING CONSTANT SPEED,38.99647333,-77.02902667,"(38.99647333, -77.02902667)"
MCP2810000F,15043823,MONTGOMERY,Injury Crash,08/31/2015 09:13:00 PM,Maryland (State),FREDERICK RD,Maryland (State),MONTGOMERY VILLAGE AVE,,N/A,,SAME DIR REAR END,CLEAR,DRY,DARK LIGHTS ON,N/A,N/A,,AF09D74D-5146-41EA-A32B-19CE673D0447,Yes,NO APPARENT INJURY,N/A,NOT DISTRACTED,VA,162B9263-4568-41CC-AC1C-D72C7B0F3DD5,SUPERFICIAL,PASSENGER CAR,SLOWING OR STOPPING,39.15221131,-77.21225739,"(39.15221131, -77.21225739)"
MCP1022002X,15037847,MONTGOMERY,Property Damage Crash,07/31/2015 07:57:00 AM,,GREY SQUIRREL ST,,WINDING WOODS WAY,,N/A,,HEAD ON,CLEAR,DRY,DAYLIGHT,NO CONTROLS,NONE DETECTED,,EBA23495-803C-4DF4-A1A6-67C9AAF9EBDD,Yes,NO APPARENT INJURY,N/A,NOT DISTRACTED,MD,67969C42-5F47-49C8-8579-B87935B0EABF,SUPERFICIAL,PICKUP TRUCK,BACKING,39.22476833,-77.249355,"(39.22476833, -77.249355)"
MCP2055000W,16001769,Montgomery County Police,Property Damage Crash,01/10/2016 11:00:00 AM,,,,,"18250 FLOWER HILL WAY, GAITHERSBURG MD",,,SAME DIRECTION RIGHT TURN,CLEAR,,DAYLIGHT,NO CONTROLS,N/A,,08BFD62D-5EA9-4875-91BE-D15799442FE1,No,NO APPARENT INJURY,N/A,UNKNOWN,MD,494666DF-95F4-4E9B-B196-90D5955FCF21,SUPERFICIAL,PASSENGER CAR,PARKED,39.15553167,-77.227025,"(39.15553167, -77.227025)"
DD55670005,15008061,Rockville Police Departme,Property Damage Crash,02/18/2015 06:24:00 PM,Maryland (State),ROCKVILLE PIKE,Municipality,TEMPLETON PL,,ROCKVILLE,,SAME DIR REAR END,SNOW,WET,DARK LIGHTS ON,N/A,NONE DETECTED,,8E05C675-FAE9-492E-B00A-1D777B5335E0,No,NO APPARENT INJURY,"RAIN, SNOW, WET",NOT DISTRACTED,MD,E443171C-405A-4711-93D6-7FD39E6701DF,FUNCTIONAL,PASSENGER CAR,STOPPED IN TRAFFIC LANE,39.068115,-77.1292,"(39.068115, -77.1292)"
MCP28770025,16007446,Montgomery County Police,Property Damage Crash,02/13/2016 03:09:00 PM,Maryland (State),GEORGIA AVE,County,SPRING ST,,N/A,,SAME DIRECTION SIDESWIPE,CLEAR,DRY,DAYLIGHT,NO CONTROLS,NONE DETECTED,,5078A4EC-5091-4935-85D3-1E20B9CDB881,Yes,NO APPARENT INJURY,N/A,NOT DISTRACTED,MD,65733FE5-0E35-462D-8FF2-25303DD1661B,SUPERFICIAL,TRANSIT BUS,CHANGING LANES,38.99858167,-77.03070333,"(38.99858167, -77.03070333)"
MCP2717005Z,16025687,Montgomery County Police,Injury Crash,05/23/2016 07:00:00 PM,Maryland (State),ROCKVILLE PIKE,County,OLD GEORGETOWN RD,,N/A,,OTHER,CLEAR,DRY,DAYLIGHT,TRAFFIC SIGNAL,NONE DETECTED,,7521A327-F5D2-47AA-86EF-3AAAF937C6F8,No,NO APPARENT INJURY,N/A,NOT DISTRACTED,MD,36B84B5C-1333-4CBE-9576-709877462D15,DISABLING,(SPORT) UTILITY VEHICLE,MOVING CONSTANT SPEED,39.05017333,-77.11456833,"(39.05017333, -77.11456833)"
MCP2877001H,15031445,MONTGOMERY,Property Damage Crash,06/27/2015 03:36:00 PM,US (State),COLESVILLE RD,County,FRANKLIN AVE,,N/A,,OTHER,RAINING,WET,DAYLIGHT,TRAFFIC SIGNAL,NONE DETECTED,,B01DE0FC-61A2-41FD-BA44-50331B3946EE,No,NO APPARENT INJURY,"RAIN, SNOW, WET",NOT DISTRACTED,PA,217C75F8-18D2-4958-ADF9-7789FE447096,DISABLING,PASSENGER CAR,MOVING CONSTANT SPEED,39.00862833,-77.01873333,"(39.00862833, -77.01873333)"
DD5614001Q,16064868,Rockville Police Departme,Property Damage Crash,12/18/2016 01:43:00 PM,Municipality,E MIDDLE LA,Municipality,MONROE ST,,ROCKVILLE,,STRAIGHT MOVEMENT ANGLE,RAINING,WET,DAYLIGHT,STOP SIGN,NONE DETECTED,,15C7527A-6A35-463C-853A-24B3B9FFBF1F,Yes,NO APPARENT INJURY,"N/A, WET",UNKNOWN,MD,4637BFCA-B1A5-49CC-9186-D7EBD482019B,DISABLING,PASSENGER CAR,MAKING LEFT TURN,39.08523833,-77.149205,"(39.08523833, -77.149205)"
MCP1022006Z,170503319,Montgomery County Police,Property Damage Crash,04/21/2017 10:36:00 AM,Maryland (State),FREDERICK RD,County,OXBRIDGE DR,,N/A,,HEAD ON LEFT TURN,CLEAR,DRY,DAYLIGHT,NO CONTROLS,NONE DETECTED,,64B5E638-622D-43A5-8223-0B35C984731E,Yes,NO APPARENT INJURY,N/A,NOT DISTRACTED,MD,C250C59B-E0A6-42F2-BF05-99AAFD797C04,FUNCTIONAL,PASSENGER CAR,MAKING LEFT TURN,39.18993,-77.24159667,"(39.18993, -77.24159667)"
MCP2378000D,15054239,MONTGOMERY,Property Damage Crash,10/25/2015 09:56:00 PM,County,CEDAR LA,Municipality,DRESDEN ST,,CHEVY CHASE VIEW,,STRAIGHT MOVEMENT ANGLE,CLEAR,DRY,DARK LIGHTS ON,NO CONTROLS,NONE DETECTED,,8AC581F4-34A3-437E-83EB-F569DB39876E,No,NO APPARENT INJURY,N/A,NOT DISTRACTED,MD,13A98BB0-CF39-4B3A-A91D-D9A379E53ADF,DISABLING,PASSENGER CAR,MOVING CONSTANT SPEED,39.02199833,-77.084655,"(39.02199833, -77.084655)"
DD56060030,16008605,Rockville Police Departme,Property Damage Crash,02/20/2016 09:02:00 PM,Maryland (State),VEIRS MILL RD,Municipality,EDMONSTON DR,,ROCKVILLE,,HEAD ON,CLEAR,N/A,DARK LIGHTS ON,TRAFFIC SIGNAL,UNKNOWN,,89294B7B-E96F-469E-A2E3-B1BA36268F55,Yes,NO APPARENT INJURY,N/A,UNKNOWN,,8CABACD6-E897-427C-B23E-2A8274057E6A,UNKNOWN,PASSENGER CAR,UNKNOWN,39.07844167,-77.13003667,"(39.07844167, -77.13003667)"
MCP2728000X,15007872,Montgomery County Police,Injury Crash,02/17/2015 05:00:00 PM,US (State),COLUMBIA PIKE,County,PRELUDE DR,,N/A,,SAME DIR REAR END,CLEAR,WET,DAYLIGHT,TRAFFIC SIGNAL,UNKNOWN,,CC2EA23E-09CD-4CE9-B4E9-F0441F5D55E5,Yes,NO APPARENT INJURY,N/A,UNKNOWN,PA,5E7E4EB8-8CEF-4511-B8A7-76FCCDEAC93D,UNKNOWN,PASSENGER CAR,ACCELERATING,39.03913667,-76.99796833,"(39.03913667, -76.99796833)"
MCP2916001D,16042117,Montgomery County Police,Property Damage Crash,08/19/2016 11:30:00 AM,US (State),COLESVILLE RD,Government,SLIGO CREEK PKWY,,N/A,,SAME DIR REAR END,N/A,DRY,DAYLIGHT,STOP SIGN,NONE DETECTED,,6BB6B87B-8095-4015-B34B-DDF637EFF72C,No,NO APPARENT INJURY,N/A,NOT DISTRACTED,MD,DDFB59B3-70A2-4743-B864-B58A3434AF55,SUPERFICIAL,PASSENGER CAR,SLOWING OR STOPPING,39.00774527,-77.02011935,"(39.00774527, -77.02011935)"
MCP29420015,15051655,MONTGOMERY,Property Damage Crash,10/12/2015 12:45:00 AM,County,BATTERY LA,County,WOODMONT AVE,,N/A,,STRAIGHT MOVEMENT ANGLE,CLEAR,DRY,DARK LIGHTS ON,TRAFFIC SIGNAL,NONE DETECTED,,ADFB7140-1D52-4A23-8985-1611A362DEA8,No,NO APPARENT INJURY,N/A,NOT DISTRACTED,MD,1DCC28E9-AE03-4B04-85F1-69E066E4DD3A,FUNCTIONAL,PASSENGER CAR,MOVING CONSTANT SPEED,38.99281167,-77.09675333,"(38.99281167, -77.09675333)"
MCP1194001N,16002604,Montgomery County Police,Injury Crash,01/14/2016 04:26:00 PM,County,WESTLAKE DR,County,WESTLAKE TERR,,N/A,,SAME DIR REND RIGHT TURN,CLEAR,DRY,DAYLIGHT,NO CONTROLS,NONE DETECTED,,3D46F22C-9E23-4027-9CBE-6D03653D0EB5,Yes,NO APPARENT INJURY,N/A,LOOKED BUT DID NOT SEE,MD,8B47BAE3-0886-41DF-90C0-1C1685C6AB33,DISABLING,OTHER,MOVING CONSTANT SPEED,39.02865231,-77.14745522,"(39.02865231, -77.14745522)"
MCP29820013,16043929,Montgomery County Police,Injury Crash,08/29/2016 08:02:00 AM,Maryland (State),COLESVILLE RD,Maryland (State),16TH ST,,N/A,PEDESTRIAN,OTHER,CLEAR,DRY,DAYLIGHT,NO CONTROLS,NONE DETECTED,NONE DETECTED,B9956FDC-9F22-430B-A63F-0B2E1490C410,Yes,NO APPARENT INJURY,N/A,LOOKED BUT DID NOT SEE,NY,F4E5DC6C-DDE1-419C-A55C-24A14D929D82,NO DAMAGE,PASSENGER CAR,ACCELERATING,38.99267667,-77.03617833,"(38.99267667, -77.03617833)"
MCP2564000F,15032437,MONTGOMERY,Property Damage Crash,07/02/2015 07:50:00 PM,,,,,Parking lot of 18720 Contour Rd,,,OTHER,N/A,,DAYLIGHT,NO CONTROLS,UNKNOWN,,42136420-C48E-4C43-8E1A-4FEA7355D076,Yes,NO APPARENT INJURY,N/A,UNKNOWN,,F4563F94-68C3-4705-AC28-9445A3DF0016,SUPERFICIAL,(SPORT) UTILITY VEHICLE,BACKING,39.15466564,-77.199018,"(39.15466564, -77.199018)"
MCP2944000V,15049912,MONTGOMERY,Injury Crash,10/02/2015 09:56:00 AM,Maryland (State),RIVER RD,County,TARA RD,,N/A,,SAME DIR REAR END,RAINING,WET,DAYLIGHT,NO CONTROLS,NONE DETECTED,,9AAE162D-0255-4B6A-8FA8-453C25086A1A,No,POSSIBLE INJURY,"RAIN, SNOW, WET",NOT DISTRACTED,MD,ECFE0AFD-E570-4CBA-9338-2194C2709473,DISABLING,"OTHER LIGHT TRUCKS (10,000LBS (4,536KG) OR LESS)",STOPPED IN TRAFFIC LANE,39.02980663,-77.22921968,"(39.02980663, -77.22921968)"
MCP27590019,17014454,Montgomery County Police,Property Damage Crash,03/22/2017 03:55:00 PM,Maryland (State),NEW HAMPSHIRE AVE,County,QUAINT ACRES DR,,N/A,,SAME DIR REAR END,N/A,DRY,DAYLIGHT,N/A,NONE DETECTED,,0E74740B-4618-4A2E-94D3-C1F4C5CFA5A7,No,NO APPARENT INJURY,N/A,NOT DISTRACTED,MD,DC36BA0D-FE66-4AE1-A97C-6E97DB551AC1,SUPERFICIAL,PASSENGER CAR,SLOWING OR STOPPING,39.04769406,-76.99294925,"(39.04769406, -76.99294925)"