Report Number,Local Case Number,Agency Name,ACRS Report Type,Crash Date/Time,Route Type,Road Name,Cross-Street Type,Cross-Street Name,Off-Road Description,Municipality,Related Non-Motorist,Collision Type,Weather,Surface Condition,Light,Traffic Control,Driver Substance Abuse,Non-Motorist Substance Abuse,Person ID,Driver At Fault,Injury Severity,Circumstance,Driver Distracted By,Drivers License State,Vehicle ID,Vehicle Damage Extent,Vehicle Body Type,Vehicle Movement,Latitude,Longitude,Location
MCP1417003S,15041495,MONTGOMERY,Injury Crash,08/19/2015 02:10:00 PM,Municipality,KENTLANDS BLVD,Maryland (State),GREAT SENECA HWY,,N/A,,SAME DIR REAR END,CLEAR,DRY,DAYLIGHT,TRAFFIC SIGNAL,NONE DETECTED,,4918A330-5571-44C9-A29E-27F53E5EB55A,No,NO APPARENT INJURY,N/A,NOT DISTRACTED,MD,8F2A777F-759D-4789-BDAB-2672DDA3DF76,FUNCTIONAL,PASSENGER CAR,SLOWING OR STOPPING,39.12357333,-77.23174,"(39.12357333, -77.23174)"
MCP3050001F,170528828,Montgomery County Police,Injury Crash,09/05/2017 04:08:00 PM,Maryland (State),GEORGIA AVE,County,KAYSON ST,,N/A,,HEAD ON LEFT TURN,CLEAR,N/A,DAYLIGHT,NO CONTROLS,NONE DETECTED,,D0EA1193-F4FA-4CD7-B9CE-85FA29CC68DF,No,SUSPECTED MINOR INJURY,N/A,NOT DISTRACTED,MD,A21F5408-5510-4797-BA0B-F95AD7566B4A,FUNCTIONAL,PASSENGER CAR,MOVING CONSTANT SPEED,39.07071833,-77.06335,"(39.07071833, -77.06335)"
MCP2820002B,16034555,Montgomery County Police,Property Damage Crash,07/08/2016 11:11:00 AM,Maryland (State),VEIRS MILL RD,County,PARKLAND DR,,N/A,,SAME DIR REAR END,CLEAR,DRY,DAYLIGHT,TRAFFIC SIGNAL,NONE DETECTED,,DC5905F3-58EB-4BDE-AE24-BEF2B7D0BE14,No,NO APPARENT INJURY,N/A,NOT DISTRACTED,MD,3FAB7D6C-3E48-4BFE-BEF5-524B865E928A,SUPERFICIAL,PASSENGER CAR,STOPPED IN TRAFFIC LANE,39.06137333,-77.09153,"(39.06137333, -77.09153)"
MCP1121002F,170515372,Montgomery County Police,Injury Crash,06/23/2017 04:06:00 PM,Maryland (State),MUNCASTER MILL RD,County,MILLER FALL RD,,N/A,,SAME DIR REAR END,CLOUDY,DRY,DAYLIGHT,NO CONTROLS,NONE DETECTED,,5E73D208-2D92-4465-ABC0-C9C0B7C41B88,Yes,NO APPARENT INJURY,N/A,NOT DISTRACTED,MD,8343FE92-1DAA-446E-837E-500A864A1214,DISABLING,PASSENGER CAR,SLOWING OR STOPPING,39.150815,-77.14925,"(39.150815, -77.14925)"
MCP14380012,15053596,MONTGOMERY,Property Damage Crash,10/22/2015 12:26:00 PM,,,,,42 Bureau Dr. ( Hibachi Sushi Buffet),,,OTHER,CLEAR,,DAYLIGHT,N/A,NONE DETECTED,,5F720D4E-64E9-46E6-BDBA-369239E7DF02,No,NO APPARENT INJURY,N/A,NOT DISTRACTED,MD,3B8097A1-0383-4E6B-8DBB-C54337B5B55E,SUPERFICIAL,VAN,PASSING,39.14298167,-77.21818667,"(39.14298167, -77.21818667)"
MCP2940000F,16012303,MONTGOMERY,Injury Crash,03/12/2016 01:13:00 PM,Maryland (State),OLD GEORGETOWN RD,County,TUCKERMAN LA,,N/A,PEDESTRIAN,SAME DIR REAR END,CLEAR,DRY,DAYLIGHT,TRAFFIC SIGNAL,NONE DETECTED,NONE DETECTED,48BB508A-B552-4E85-A5DC-ECAD21E9049F,Yes,NO APPARENT INJURY,N/A,NOT DISTRACTED,DC,25710C32-032F-4CBE-AE27-894A530EBA58,SUPERFICIAL,"MEDIUM/HEAVY TRUCKS 3 AXLES (OVER 10,000LBS (4,536KG))",MOVING CONSTANT SPEED,39.03463935,-77.12504804,"(39.03463935, -77.12504804)"
MCP00360048,16029041,Montgomery County Police,Property Damage Crash,06/09/2016 05:25:00 PM,Maryland (State),RIDGE RD,Other Public Roadway,HENDERSON CORNER RD,,N/A,,SAME DIRECTION SIDESWIPE,CLEAR,DRY,DAYLIGHT,NO CONTROLS,NONE DETECTED,,47900BFE-15FF-429F-9054-1EE9C60F16E7,No,NO APPARENT INJURY,N/A,NOT DISTRACTED,MD,6A931172-162E-4037-BF6B-263AC9774584,SUPERFICIAL,SCHOOL BUS,MOVING CONSTANT SPEED,39.20580667,-77.24262667,"(39.20580667, -77.24262667)"
MCP2353003S,170501565,Montgomery County Police,Property Damage Crash,04/11/2017 12:06:00 PM,Maryland (State),OLD GEORGETOWN RD,County,TUCKERMAN LA,,N/A,,STRAIGHT MOVEMENT ANGLE,CLOUDY,DRY,DAYLIGHT,TRAFFIC SIGNAL,NONE DETECTED,,64774050-9982-4427-B4CA-D42851A776AB,No,NO APPARENT INJURY,N/A,NOT DISTRACTED,MD,F50523B1-D95C-4B11-8C7B-5BE781689093,FUNCTIONAL,VAN,STARTING FROM LANE,39.034725,-77.12515333,"(39.034725, -77.12515333)"
MCP1048001F,16011711,MONTGOMERY,Property Damage Crash,03/09/2016 01:14:00 PM,Maryland (State),FALLS RD,County,GLEN RD,,N/A,,SAME DIR REAR END,CLEAR,DRY,DAYLIGHT,N/A,NONE DETECTED,,12078A08-0A10-463C-968D-240E3FED49CE,No,NO APPARENT INJURY,N/A,NOT DISTRACTED,MD,0C66A692-2F7D-4755-9FE2-9ABF5F8C1A49,FUNCTIONAL,PASSENGER CAR,STOPPED IN TRAFFIC LANE,39.046385,-77.19128667,"(39.046385, -77.19128667)"
MCP137800FB,16061886,Montgomery County Police,Injury Crash,12/02/2016 12:37:00 PM,County,MONTGOMERY VILLAGE AVE,County,CLUB HOUSE RD,,N/A,,STRAIGHT MOVEMENT ANGLE,CLEAR,DRY,DAYLIGHT,TRAFFIC SIGNAL,NONE DETECTED,,253892DE-785D-4362-9FB9-CEC3C6F60240,No,NO APPARENT INJURY,N/A,NOT DISTRACTED,MD,E7BBB4E5-4B79-4FF2-B90A-B31AA0EF2573,DISABLING,PASSENGER CAR,STOPPED IN TRAFFIC LANE,39.17446667,-77.20316833,"(39.17446667, -77.20316833)"
MCP2209001Q,16055693,Montgomery County Police,Property Damage Crash,10/29/2016 03:28:00 AM,,,,,PARKING LOT OF 10400 OLD GEORGETOWN RD,,,SAME DIRECTION SIDESWIPE,N/A,,DARK LIGHTS ON,N/A,UNKNOWN,,EE11DA6D-903A-4023-AB29-C53AF1EE922F,Yes,NO APPARENT INJURY,N/A,UNKNOWN,,1587A400-0726-44BA-95B7-6FF21D2D1D6E,UNKNOWN,,MOVING CONSTANT SPEED,39.02509,-77.125885,"(39.02509, -77.125885)"
MCP2556000F,15033706,MONTGOMERY,Property Damage Crash,07/09/2015 09:43:00 PM,County,MIDCOUNTY HWY,County,WASHINGTON GROVE LA,,N/A,,STRAIGHT MOVEMENT ANGLE,CLEAR,DRY,DARK LIGHTS ON,NO CONTROLS,NONE DETECTED,,FB9D969A-5F31-43E2-AF85-2F590A5828D1,Yes,NO APPARENT INJURY,N/A,LOOKED BUT DID NOT SEE,MD,9068FA6A-E6ED-461B-B792-CF7A4F347E9D,SUPERFICIAL,PASSENGER CAR,ACCELERATING,39.14751873,-77.16915965,"(39.14751873, -77.16915965)"
MCP25940019,16015562,Montgomery County Police,Property Damage Crash,03/30/2016 02:36:00 PM,County,BALTIMORE RD,Maryland (State),NORBECK RD,,N/A,,SAME DIR REND RIGHT TURN,CLEAR,DRY,DAYLIGHT,TRAFFIC SIGNAL,NONE DETECTED,,4A69585E-79FD-42F3-AFA2-6E760899C530,No,NO APPARENT INJURY,N/A,NOT DISTRACTED,MD,80B84FB7-CBF9-4C47-A63B-E46ED38789CC,FUNCTIONAL,PASSENGER CAR,SLOWING OR STOPPING,39.09493876,-77.11243629,"(39.09493876, -77.11243629)"
MCP9321000H,15051667,MONTGOMERY,Injury Crash,10/12/2015 06:59:00 AM,Maryland (State),GEORGIA AVE,County,SHOREFIELD RD,,N/A,PEDESTRIAN,OTHER,CLEAR,DRY,DAWN,TRAFFIC SIGNAL,NONE DETECTED,NONE DETECTED,893886A5-2CC7-478B-BB69-DA63798D3995,Yes,NO APPARENT INJURY,N/A,NOT DISTRACTED,MD,9EB35D10-585E-4225-A50E-6B69C6B4A2B8,FUNCTIONAL,PASSENGER CAR,MOVING CONSTANT SPEED,39.05,-77.05,"(39.05, -77.05)"
MCP28440018,15064955,MONTGOMERY,Property Damage Crash,12/19/2015 04:18:00 PM,,,,,PARKING LOT GARAGE OF SAFEWAY,,,UNKNOWN,CLEAR,,DAYLIGHT,NO CONTROLS,NONE DETECTED,,3D3A47FE-E9FA-400F-94FC-11FE27CFCA71,No,NO APPARENT INJURY,N/A,NOT DISTRACTED,MD,EF72CF5D-9B29-4B60-9F47-FE01DC7FCA35,FUNCTIONAL,PASSENGER CAR,PARKED,39.038674,-77.050884,"(39.038674, -77.050884)"
MCP2773001C,15037222,MONTGOMERY,Injury Crash,07/28/2015 08:14:00 AM,US (State),GEORGIA AVE,County,BLAIR RD,,N/A,,SAME DIR REAR END,CLEAR,DRY,DAYLIGHT,N/A,NONE DETECTED,,0A193F16-2D09-495F-969A-20766CC63469,Yes,SUSPECTED MINOR INJURY,N/A,NOT DISTRACTED,DC,36BD06FB-D32D-4E37-A475-A0B6DDD43DBC,SUPERFICIAL,PASSENGER CAR,CHANGING LANES,38.98563333,-77.02667667,"(38.98563333, -77.02667667)"
MCP26640036,170508841,Montgomery County Police,Property Damage Crash,05/20/2017 09:05:00 AM,Maryland (State),VEIRS MILL RD,Maryland (State),UNIVERSITY BLVD W,,N/A,,SAME DIR REND LEFT TURN,CLOUDY,DRY,DAYLIGHT,TRAFFIC SIGNAL,NONE DETECTED,,ABE71DCB-A433-4CC7-A48D-92259505279B,No,NO APPARENT INJURY,N/A,UNKNOWN,MD,D1258462-717E-4D64-A0DE-6404BEDC06A1,FUNCTIONAL,OTHER,SLOWING OR STOPPING,39.04024667,-77.05516,"(39.04024667, -77.05516)"
MCP27270016,16053529,Montgomery County Police,Injury Crash,10/18/2016 10:35:00 AM,Maryland (State),RIDGE RD,Maryland (State),MAIN ST,,N/A,,SAME DIR REND LEFT TURN,CLEAR,DRY,DAYLIGHT,TRAFFIC SIGNAL,NONE DETECTED,,1C65A512-E03F-47B0-92F2-DFDCD03680C7,No,POSSIBLE INJURY,N/A,NOT DISTRACTED,MD,C2F3E16A-3E77-4A0A-B493-C9E63524D3EB,SUPERFICIAL,PICKUP TRUCK,SLOWING OR STOPPING,39.28907833,-77.20558833,"(39.28907833, -77.20558833)"
MCP2251001V,170504156,Montgomery County Police,Injury Crash,04/25/2017 03:39:00 PM,Maryland (State),VEIRS MILL RD,County,REEDIE DR,,N/A,,SAME DIR REAR END,RAINING,WET,DAYLIGHT,TRAFFIC SIGNAL,NONE DETECTED,,72C3025C-AD5D-4402-A3E9-7630D3AD2F2E,No,POSSIBLE INJURY,"RAIN, SNOW, WET",NOT DISTRACTED,MD,28FC4004-450B-4AE8-B03F-6453FC925634,DISABLING,PASSENGER CAR,STOPPED IN TRAFFIC LANE,39.03832667,-77.05274667,"(39.03832667, -77.05274667)"
MCP2891003C,17008423,Montgomery County Police,Property Damage Crash,02/16/2017 12:36:00 PM,Maryland (State),GEORGIA AVE,County,LUZERNE AVE,,N/A,,HEAD ON LEFT TURN,CLEAR,DRY,DAYLIGHT,N/A,NONE DETECTED,,72212C77-260E-4F6A-9DD2-8841EAFE091C,Yes,NO APPARENT INJURY,N/A,NOT DISTRACTED,VA,2DF50D48-D8AB-4B03-B026-743926F5F714,DISABLING,PASSENGER CAR,MAKING LEFT TURN,39.00737067,-77.03949017,"(39.00737067, -77.03949017)"
MCP2425005X,15056124,MONTGOMERY,Injury Crash,11/04/2015 07:19:00 AM,Maryland (State),FLOWER AVE,Municipality,HOUSTON AVE,,TAKOMA PARK,,STRAIGHT MOVEMENT ANGLE,CLEAR,DRY,N/A,NO CONTROLS,NONE DETECTED,,77558EC4-A661-4F92-B4E4-FF1A57C5BAE1,Yes,NO APPARENT INJURY,N/A,NOT DISTRACTED,MD,67B6F236-457E-43E0-8E1A-CA668F8A183F,FUNCTIONAL,PASSENGER CAR,BACKING,38.99179,-77.002195,"(38.99179, -77.002195)"
MCP2081000C,16040719,Montgomery County Police,Property Damage Crash,08/11/2016 02:17:00 PM,Maryland (State),PINEY BRANCH RD,Government,SLIGO CREEK PKWY,,N/A,,SAME DIR REAR END,CLEAR,DRY,DAYLIGHT,OTHER,NONE DETECTED,,E1B6CF7D-2BA0-4815-AF2F-A18A83A8CC84,No,NO APPARENT INJURY,N/A,NOT DISTRACTED,MD,B30AD284-F042-4B6B-9FFB-1C81996FC810,FUNCTIONAL,PASSENGER CAR,SLOWING OR STOPPING,38.99542321,-77.00652122,"(38.99542321, -77.00652122)"
EJ7858000Q,16054476,Gaithersburg Police Depar,Property Damage Crash,10/22/2016 08:56:00 PM,Maryland (State),MONTGOMERY VILLAGE AVE,County,LOST KNIFE RD,,N/A,,SAME DIR REAR END,CLEAR,DRY,DARK LIGHTS ON,NO CONTROLS,NONE DETECTED,,94794E75-D684-4F73-8133-DEA942D255C9,Yes,NO APPARENT INJURY,N/A,NOT DISTRACTED,MD,8DA1506F-7AEA-4317-9F72-582A7BB49C58,DISABLING,PASSENGER CAR,MOVING CONSTANT SPEED,39.15706333,-77.2031,"(39.15706333, -77.2031)"
MCP2351000X,17010640,Montgomery County Police,Property Damage Crash,02/28/2017 07:25:00 AM,County,CRABBS BRANCH WAY,Unknown,CALHOUN PL,,N/A,,ANGLE MEETS RIGHT TURN,CLEAR,DRY,DAYLIGHT,STOP SIGN,NONE DETECTED,,976D171D-51A9-4E01-83FE-FAA2793FB2CC,Yes,NO APPARENT INJURY,N/A,NOT DISTRACTED,MD,3185E896-D9DE-4C1D-ACB1-119E9CA44FEA,DISABLING,VAN,MAKING RIGHT TURN,39.1080585,-77.15213983,"(39.1080585, -77.15213983)"
MCP0405000G,170511726,Montgomery County Police,Injury Crash,06/04/2017 12:20:00 PM,,,,,PARKING LOT OF TARGET STORE AT 20908 FREDERICK ROAD,,,STRAIGHT MOVEMENT ANGLE,CLEAR,,DAYLIGHT,STOP SIGN,NONE DETECTED,,6E1EA3E5-17F3-46CD-8078-FCDBEE43879E,Yes,SUSPECTED MINOR INJURY,N/A,LOOKED BUT DID NOT SEE,MD,F52E84EF-7E1C-4983-B7B0-A767C9538BF7,DISABLING,VAN,ENTERING TRAFFIC LANE,39.19813,-77.24980333,"(39.19813, -77.24980333)"
MCP2813001J,15050870,MONTGOMERY,Property Damage Crash,10/07/2015 04:46:00 PM,Maryland (State),UNIVERSITY BLVD W,County,REEDIE DR,,N/A,,HEAD ON LEFT TURN,CLEAR,DRY,DAYLIGHT,FLASHING TRAFFIC SIGNAL,N/A,,755F9396-EB16-449A-B53D-356CCDEE4FDC,No,NO APPARENT INJURY,N/A,NOT DISTRACTED,MD,52E679A6-0FD3-4BC0-A674-98C21AF62B71,DISABLING,PASSENGER CAR,MOVING CONSTANT SPEED,39.03976,-77.043035,"(39.03976, -77.043035)"
EJ78510023,17013934,Gaithersburg Police Depar,Property Damage Crash,03/19/2017 02:50:00 PM,Municipality,ODENDHAL AVE,County,GOSHEN RD,,N/A,,SAME DIR REAR END,CLEAR,DRY,DAYLIGHT,TRAFFIC SIGNAL,NONE DETECTED,,B9A7DA53-4089-426E-B8EA-3374DE68F0AD,No,NO APPARENT INJURY,N/A,NOT DISTRACTED,MD,3C0393BB-81BE-4B8B-AAAE-7122E2F8C69B,DISABLING,PASSENGER CAR,STOPPED IN TRAFFIC LANE,39.15239747,-77.19292,"(39.15239747, -77.19292)"
MCP14380018,15055965,MONTGOMERY,Property Damage Crash,11/03/2015 12:38:00 PM,Maryland (State),FREDERICK RD,Interstate (State),NO NAME,,N/A,,SAME DIR BOTH LEFT TURN,CLEAR,DRY,DAYLIGHT,TRAFFIC SIGNAL,NONE DETECTED,,A8DC2164-B72B-483A-919E-13A73217467D,Yes,NO APPARENT INJURY,N/A,LOOKED BUT DID NOT SEE,TN,1277DF0C-ED90-4EA6-9AD1-DED8C313A278,SUPERFICIAL,"MEDIUM/HEAVY TRUCKS 3 AXLES (OVER 10,000LBS (4,536KG))",MAKING LEFT TURN,39.12332,-77.17877167,"(39.12332, -77.17877167)"
DD5615003J,170511065,Rockville Police Departme,Property Damage Crash,06/01/2017 08:05:00 AM,Maryland (State),FIRST ST,Municipality,BALTIMORE RD,,ROCKVILLE,,SAME DIRECTION SIDESWIPE,CLEAR,DRY,DAYLIGHT,TRAFFIC SIGNAL,NONE DETECTED,,29343734-B066-45A3-95E9-53E43C5138A2,No,NO APPARENT INJURY,N/A,NOT DISTRACTED,MD,2C199CD2-096D-41C1-9F17-81DAA4651B84,FUNCTIONAL,SCHOOL BUS,MOVING CONSTANT SPEED,39.08499333,-77.13602333,"(39.08499333, -77.13602333)"
MCP2703000X,16043508,Montgomery County Police,Property Damage Crash,08/23/2016 08:15:00 AM,County,WINDHAM LA,County,AMHERST AVE,,N/A,,SAME DIR REAR END,N/A,N/A,DAYLIGHT,N/A,UNKNOWN,,C6757A8B-02C6-4921-9F31-62B01AD7F904,Yes,NO APPARENT INJURY,N/A,NOT DISTRACTED,MD,FB558B2C-C869-4413-BE43-5DF8A83AEF47,SUPERFICIAL,PASSENGER CAR,SLOWING OR STOPPING,39.03190269,-77.04709768,"(39.03190269, -77.04709768)"
MCP3009000B,16015860,Montgomery County Police,Property Damage Crash,04/01/2016 04:58:00 AM,Other Public Roadway,FATHER HURLEY BLVD,Maryland (State),GERMANTOWN RD,,N/A,,SAME DIR REAR END,N/A,DRY,DARK LIGHTS ON,TRAFFIC SIGNAL,ALCOHOL PRESENT,,4031BB9D-801B-4314-837E-89592BA2BBBA,Yes,NO APPARENT INJURY,N/A,NOT DISTRACTED,MD,AF43A5FF-E123-4B3E-82A4-6B50A4644F35,DISABLING,PASSENGER CAR,MOVING CONSTANT SPEED,39.16721833,-77.28125333,"(39.16721833, -77.28125333)"
MCP2043000Q,16052582,Montgomery County Police,Property Damage Crash,10/11/2016 05:00:00 PM,,,,,PARKING LOT OF THE GIANT FOODSTORE AT 20044 GOSHEN RD. MONTGOMERY VILLAGE MD 20886,,,OTHER,CLOUDY,,DAYLIGHT,N/A,UNKNOWN,,2E3C98C3-6F57-40C5-B6AC-4A0A487C9AA4,Yes,NO APPARENT INJURY,N/A,UNKNOWN,,8F9FF52C-3D2C-48FB-BE70-8DAD4B4FC797,UNKNOWN,,BACKING,39.18615333,-77.18846167,"(39.18615333, -77.18846167)"
MCP2046006M,17014195,Montgomery County Police,Property Damage Crash,03/20/2017 07:40:00 AM,Maryland (State),INTERCOUNTY CONNECTOR,Unknown,CROSSOVER,,N/A,,SAME DIRECTION SIDESWIPE,CLEAR,DRY,DAYLIGHT,N/A,NONE DETECTED,,FDE59747-A8A5-4EBF-90DD-AEB021BBC92A,Yes,NO APPARENT INJURY,N/A,NOT DISTRACTED,MD,6218676E-3DEC-4D33-93E4-D290CA7C82EE,FUNCTIONAL,POLICE VEHICLE/NON EMERGENCY,CHANGING LANES,39.12616519,-77.10473299,"(39.12616519, -77.10473299)"
MCP2446001T,16022703,Montgomery County Police,Property Damage Crash,05/07/2016 06:47:00 PM,County,WISTERIA DR,Maryland (State),GREAT SENECA HWY,,N/A,,SAME DIR REAR END,CLEAR,DRY,DAYLIGHT,N/A,ILLEGAL DRUG PRESENT,,FFB025A3-F095-4D3F-A5F9-B5FF21DBF1BB,Yes,NO APPARENT INJURY,N/A,UNKNOWN,MD,BA62F62E-D27B-4DC1-A663-3A26BA49C610,SUPERFICIAL,PASSENGER CAR,MOVING CONSTANT SPEED,39.169964,-77.261524,"(39.169964, -77.261524)"
DD5598000Z,16049379,Rockville Police Departme,Property Damage Crash,09/25/2016 07:24:00 PM,,,,,PARKING LOT OF 2019 VEIRS MILL RD ROCKVILLE MD 20851 (DAIRY QUEEN),,,OTHER,CLEAR,,DARK LIGHTS ON,N/A,UNKNOWN,,5CF84D79-26CC-4EC6-AEAB-1437719B0953,Yes,NO APPARENT INJURY,N/A,UNKNOWN,,FE1EE468-DC48-4F27-A7FE-BFEAAA1CB607,UNKNOWN,PASSENGER CAR,OTHER,39.07456167,-77.11599167,"(39.07456167, -77.11599167)"
MCP27030017,170500377,Montgomery County Police,Injury Crash,04/04/2017 04:24:00 PM,County,RANDOLPH RD,County,HAMMONTON PL,,N/A,,STRAIGHT MOVEMENT ANGLE,CLEAR,DRY,DAYLIGHT,NO CONTROLS,N/A,,AD6D0A4F-5418-47C1-BDB3-C4AC63E9613B,No,POSSIBLE INJURY,N/A,NOT DISTRACTED,MD,DDFEB6AF-48DC-4451-BA7E-30C11B02945A,DISABLING,PASSENGER CAR,MOVING CONSTANT SPEED,39.068845,-77.01505,"(39.068845, -77.01505)"
MCP1475000H,15034809,MONTGOMERY,Property Damage Crash,07/15/2015 05:13:00 PM,County,LINDBERGH DR,Maryland (State),WOODFIELD RD,,N/A,,SAME DIR REAR END,CLEAR,DRY,DAYLIGHT,NO CONTROLS,NONE DETECTED,,E3D28728-8624-4136-AB23-F65B40DD4C73,No,NO APPARENT INJURY,"N/A, VISION OBSTRUCTION (INCL. BLINDED BY SUN)",NOT DISTRACTED,WI,6D47A391-C40F-4CCD-8947-53EE0AB9C87D,FUNCTIONAL,TRUCK TRACTOR,MAKING RIGHT TURN,39.16683619,-77.15415001,"(39.16683619, -77.15415001)"
MCP2072001J,170504476,Montgomery County Police,Property Damage Crash,04/27/2017 11:07:00 AM,Maryland (State),GERMANTOWN RD,Other Public Roadway,OBSERVATION DR,,N/A,,STRAIGHT MOVEMENT ANGLE,CLEAR,DRY,DAYLIGHT,TRAFFIC SIGNAL,NONE DETECTED,,702DFA06-BA95-4161-BE92-B4D154E66FAD,Yes,NO APPARENT INJURY,N/A,NOT DISTRACTED,WV,6F06603D-E731-4164-A836-31BC984A0C8C,DISABLING,PASSENGER CAR,MOVING CONSTANT SPEED,39.19114667,-77.24646833,"(39.19114667, -77.24646833)"
DD5606002H,15047582,ROCKVILLE,Injury Crash,09/19/2015 07:54:00 PM,Maryland (State),FREDERICK RD,Municipality,KING FARM BLVD,,ROCKVILLE,,SINGLE VEHICLE,CLEAR,N/A,DARK LIGHTS ON,TRAFFIC SIGNAL,NONE DETECTED,,30CA7A40-4E0A-4CAC-93FC-2E98C4413031,Yes,SUSPECTED MINOR INJURY,N/A,NOT DISTRACTED,MD,83F49D52-FF59-4BCC-9B54-B0AEADCFAD3C,DESTROYED,PASSENGER CAR,MOVING CONSTANT SPEED,39.11721333,-77.16865167,"(39.11721333, -77.16865167)"
MCP93100005,16064561,Montgomery County Police,Injury Crash,12/16/2016 04:29:00 PM,County,CONNECTICUT AVE,County,GRAND PRE RD,,N/A,,SAME DIR REAR END,CLOUDY,DRY,DAYLIGHT,N/A,NONE DETECTED,,CE702698-8E5A-4946-AC45-3F1C24960077,Yes,NO APPARENT INJURY,N/A,UNKNOWN,MD,CDD90E58-5310-4EF4-A136-10391356973B,DISABLING,PASSENGER CAR,SLOWING OR STOPPING,39.08821167,-77.07281167,"(39.08821167, -77.07281167)"
MCP28480040,17011770,Montgomery County Police,Property Damage Crash,03/06/2017 09:55:00 AM,County,DEMOCRACY BLVD,County,MAYFIELD DR,,N/A,,SAME DIR REAR END,N/A,DRY,DAYLIGHT,NO CONTROLS,NONE DETECTED,,07FACE88-E716-4265-9D8B-0801E64C95E5,No,NO APPARENT INJURY,N/A,NOT DISTRACTED,MD,C5094C8A-BEE8-4D96-8E36-8406C3C21A58,FUNCTIONAL,PASSENGER CAR,SLOWING OR STOPPING,39.02289983,-77.13140967,"(39.02289983, -77.13140967)"
HA23770007,15000977,MCPARK,Property Damage Crash,09/04/2015 08:43:00 AM,Government,SLIGO CREEK PKWY,Maryland (State),PINEY BRANCH RD,,N/A,,OPPOSITE DIRECTION SIDESWIPE,CLEAR,DRY,DAYLIGHT,NO CONTROLS,NONE DETECTED,,AEB3CA40-A125-46CE-B8C8-F0653561B92B,No,NO APPARENT INJURY,N/A,NOT DISTRACTED,MD,1E699B65-F7E4-4B29-B8D1-8AFFE1950EB6,FUNCTIONAL,OTHER BUS,MOVING CONSTANT SPEED,38.99624037,-77.00867772,"(38.99624037, -77.00867772)"
DD5502002C,16021808,Rockville Police Departme,Injury Crash,05/03/2016 12:15:00 PM,Maryland (State),HUNGERFORD DR,Municipality,A ST,,ROCKVILLE,PEDESTRIAN,OTHER,CLOUDY,DRY,DAYLIGHT,TRAFFIC SIGNAL,UNKNOWN,NONE DETECTED,FE0CAFC2-1807-46AA-A1CC-9BB8FE594C72,Yes,NO APPARENT INJURY,N/A,UNKNOWN,,76315223-4FBB-45E9-AB3D-F52F94306FD1,UNKNOWN,,MAKING RIGHT TURN,39.09198065,-77.15315089,"(39.09198065, -77.15315089)"
MCP1301000H,15061863,MONTGOMERY,Injury Crash,12/03/2015 09:47:00 PM,Maryland (State),ROCKVILLE PIKE,Municipality,EDMONSTON DR,,ROCKVILLE,PEDESTRIAN,SAME DIRECTION SIDESWIPE,CLEAR,DRY,DARK LIGHTS ON,N/A,ALCOHOL PRESENT,N/A,BDD656EE-A0A2-4B3A-8B23-6F45BF847C13,Yes,NO APPARENT INJURY,N/A,UNKNOWN,MD,41558F24-2DB5-4345-87FA-3A4DA063A588,DISABLING,(SPORT) UTILITY VEHICLE,MOVING CONSTANT SPEED,39.0777754,-77.13333607,"(39.0777754, -77.13333607)"
MCP28400018,170528233,Montgomery County Police,Property Damage Crash,09/01/2017 10:00:00 PM,County,STEWART LA,US (State),COLUMBIA PIKE,,N/A,,STRAIGHT MOVEMENT ANGLE,N/A,N/A,DARK LIGHTS ON,TRAFFIC SIGNAL,NONE DETECTED,,3D411BEF-AEF2-49C3-BF1B-A45DDFB35F65,No,NO APPARENT INJURY,N/A,NOT DISTRACTED,MD,E31B31D2-1E94-4553-B9AD-A74F14DA1781,DISABLING,PASSENGER CAR,MOVING CONSTANT SPEED,39.078345,-76.94365667,"(39.078345, -76.94365667)"
MCP2888000Z,15051790,MONTGOMERY,Injury Crash,10/12/2015 06:03:00 PM,County,TRAVILAH RD,County,PINEY MEETINGHOUSE RD,,N/A,BICYCLIST,STRAIGHT MOVEMENT ANGLE,CLEAR,DRY,DAYLIGHT,N/A,N/A,N/A,7768B701-78F4-498B-A7D4-29F2C23BFB1A,Yes,NO APPARENT INJURY,N/A,NOT DISTRACTED,MD,F8133F10-5BF8-460A-828F-8A324071F25A,SUPERFICIAL,PASSENGER CAR,SLOWING OR STOPPING,39.08636177,-77.21926332,"(39.08636177, -77.21926332)"
MCP1397000C,15051585,MONTGOMERY,Property Damage Crash,10/11/2015 01:59:00 PM,,,,,12500 SPRING HARBOR PL (parking lot),,,OTHER,CLEAR,,DAYLIGHT,NO CONTROLS,N/A,,60449B3B-C891-425D-88F3-B0D589F55237,Yes,NO APPARENT INJURY,N/A,NOT DISTRACTED,MD,8E66EF85-9DD6-43A1-B487-E2227C590560,SUPERFICIAL,PASSENGER CAR,PARKING,39.16871503,-77.25808695,"(39.16871503, -77.25808695)"
MCP30180013,170514945,Montgomery County Police,Property Damage Crash,06/21/2017 01:45:00 PM,Maryland (State),GEORGIA AVE,County,SHERATON ST,,N/A,,SAME DIRECTION SIDESWIPE,CLEAR,DRY,DAYLIGHT,TRAFFIC SIGNAL,NONE DETECTED,,DBEF1022-ACBD-44E0-B8E5-518B92BF9DA8,No,NO APPARENT INJURY,N/A,NOT DISTRACTED,DC,4E0E8D9E-7542-422F-A12B-19556AB9B5CC,SUPERFICIAL,TRANSIT BUS,STOPPED IN TRAFFIC LANE,39.0590625,-77.05030024,"(39.0590625, -77.05030024)"