Report Number,Local Case Number,Agency Name,ACRS Report Type,Crash Date/Time,Route Type,Road Name,Cross-Street Type,Cross-Street Name,Off-Road Description,Municipality,Related Non-Motorist,Collision Type,Weather,Surface Condition,Light,Traffic Control,Driver Substance Abuse,Non-Motorist Substance Abuse,Person ID,Driver At Fault,Injury Severity,Circumstance,Driver Distracted By,Drivers License State,Vehicle ID,Vehicle Damage Extent,Vehicle Body Type,Vehicle Movement,Latitude,Longitude,Location
MCP2311000S,15044352,MONTGOMERY,Injury Crash,09/03/2015 02:42:00 PM,Maryland (State),FREDERICK RD,Municipality,CHESTNUT ST,,GAITHERSBURG,,STRAIGHT MOVEMENT ANGLE,CLEAR,DRY,DAYLIGHT,N/A,N/A,,F57F64E5-98EE-4935-B865-8A8163DAB437,Yes,NO APPARENT INJURY,N/A,NOT DISTRACTED,MD,E6EC3913-92AC-4AD9-B7CF-86F3FFD960EE,SUPERFICIAL,PASSENGER CAR,ACCELERATING,39.14350667,-77.20046667,"(39.14350667, -77.20046667)"
MCP24200013,15060677,MONTGOMERY,Property Damage Crash,11/27/2015 07:22:00 PM,County,BOWIE MILL RD,County,GELDING LA,,N/A,,STRAIGHT MOVEMENT ANGLE,CLEAR,DRY,DARK LIGHTS ON,STOP SIGN,NONE DETECTED,,761BB3C7-429B-497C-9544-9919FD36D5BB,No,NO APPARENT INJURY,N/A,NOT DISTRACTED,MD,87E860A0-0BA7-45B5-9388-B6897497A999,DISABLING,PASSENGER CAR,STARTING FROM LANE,39.15895012,-77.08426237,"(39.15895012, -77.08426237)"
MCP27170059,16016399,Montgomery County Police,Property Damage Crash,04/04/2016 12:40:00 PM,County,WISCONSIN CIR,Maryland (State),WISCONSIN AVE,,N/A,,SINGLE VEHICLE,CLEAR,DRY,DAYLIGHT,NO CONTROLS,NONE DETECTED,,D7AB95DA-F2BD-4C92-AE4E-AC1C3779E5E0,Yes,NO APPARENT INJURY,N/A,LOOKED BUT DID NOT SEE,MD,1F97DA6C-E927-4500-B9ED-EA45C6D16299,SUPERFICIAL,TRANSIT BUS,MAKING LEFT TURN,38.96240667,-77.08551667,"(38.96240667, -77.08551667)"
DD5603003S,170500251,Rockville Police Departme,Property Damage Crash,04/03/2017 05:00:00 PM,,,,,1700 BLOCK OF CHAPMAN AVE (TWINBROOK METRO STATION TRAFFIC CIRCLE),,,SAME DIRECTION LEFT TURN,RAINING,,DAYLIGHT,NO CONTROLS,NONE DETECTED,,0711425E-A5B5-4C4D-8816-58542EAC9C64,No,NO APPARENT INJURY,N/A,NOT DISTRACTED,MD,824D3F64-D115-43EE-AA99-950ACA471F8A,SUPERFICIAL,OTHER BUS,MOVING CONSTANT SPEED,39.06324345,-77.1239014,"(39.06324345, -77.1239014)"
MCP2846001S,16024500,Montgomery County Police,Property Damage Crash,05/17/2016 02:11:00 PM,,,,,11460-C GEORGIA AVE (7 ELEVEN) PARKING LOT,,,OPPOSITE DIRECTION SIDESWIPE,RAINING,,N/A,NO CONTROLS,UNKNOWN,,7366D7A9-5BA9-42C1-8A06-460FFF4824CC,Yes,NO APPARENT INJURY,"RAIN, SNOW, WET",UNKNOWN,,A59891C6-C760-4826-A9C9-02BB9F9C8D24,SUPERFICIAL,PASSENGER CAR,STARTING FROM PARKED,39.04174833,-77.05242667,"(39.04174833, -77.05242667)"
MCP2946001M,16038065,Montgomery County Police,Property Damage Crash,07/27/2016 05:00:00 PM,Maryland (State),FREDERICK RD,County,RIDGE RD,,N/A,,SAME DIR BOTH LEFT TURN,CLEAR,DRY,DAYLIGHT,TRAFFIC SIGNAL,NONE DETECTED,,10B5BD56-1690-47C7-AF11-D1F614498415,Unknown,NO APPARENT INJURY,N/A,NOT DISTRACTED,MD,62FD8FCC-6F6B-4CD6-868A-0D79F365B026,SUPERFICIAL,PICKUP TRUCK,MAKING LEFT TURN,39.20468618,-77.24600896,"(39.20468618, -77.24600896)"
MCP2116004N,16043174,Montgomery County Police,Injury Crash,08/25/2016 09:49:00 AM,County,MONTROSE RD,County,SEVEN LOCKS RD,,N/A,,SAME DIRECTION SIDESWIPE,CLEAR,DRY,DAYLIGHT,TRAFFIC SIGNAL,NONE DETECTED,,DA02C3C2-2BA6-4B14-8F95-C818233A538A,Yes,NO APPARENT INJURY,N/A,LOOKED BUT DID NOT SEE,MD,35EE014A-D0E7-434D-99DB-F39FE51E8641,NO DAMAGE,"CARGO VAN/LIGHT TRUCK 2 AXLES (OVER 10,000LBS (4,536 KG))",MAKING LEFT TURN,39.056865,-77.16166,"(39.056865, -77.16166)"
MCP28460016,15048851,MONTGOMERY,Injury Crash,09/26/2015 12:25:00 PM,County,RANDOLPH RD,Maryland (State),GEORGIA AVE,,N/A,,STRAIGHT MOVEMENT ANGLE,CLEAR,DRY,DAYLIGHT,TRAFFIC SIGNAL,UNKNOWN,,108BC81C-2898-49DE-9CBF-EF6AFCE7F34B,Yes,NO APPARENT INJURY,N/A,LOOKED BUT DID NOT SEE,,1EAEDF4D-2F7C-49B5-91CD-D3943A326B3A,UNKNOWN,VAN,MOVING CONSTANT SPEED,39.05781167,-77.049525,"(39.05781167, -77.049525)"
MCP2586001M,15060374,MONTGOMERY,Property Damage Crash,11/25/2015 08:30:00 PM,County,BRIGGS CHANEY RD,County,OLD BRIGGS CHANEY RD,,N/A,,STRAIGHT MOVEMENT ANGLE,CLEAR,DRY,DARK LIGHTS ON,TRAFFIC SIGNAL,NONE DETECTED,,192D4AEE-9955-41A6-B54C-2CF9A2B7F53D,No,NO APPARENT INJURY,N/A,NOT DISTRACTED,MD,1C6DB466-1D01-4580-A88B-8F35897D0EE1,DESTROYED,PASSENGER CAR,MOVING CONSTANT SPEED,39.08424,-76.95102,"(39.08424, -76.95102)"
MCP29620005,15000989,Montgomery County Police,Injury Crash,01/06/2015 10:45:00 PM,,,,,Parking lot of Cloppers Mill Shopping Center,,,HEAD ON,CLEAR,,DARK LIGHTS ON,NO CONTROLS,N/A,,6E21DF68-FFCD-4D0B-BDF8-5E1CF887EC3C,Yes,SUSPECTED MINOR INJURY,"ICY OR SNOW-COVERED, V WIPERS|W OTHER ENVIRONMENTAL",UNKNOWN,,8C21F1FB-43CA-42DF-9155-88B259DE8764,SUPERFICIAL,(SPORT) UTILITY VEHICLE,MOVING CONSTANT SPEED,39.14691667,-77.27358833,"(39.14691667, -77.27358833)"
MCP29530015,16054788,Montgomery County Police,Property Damage Crash,10/24/2016 07:09:00 PM,Maryland (State),GEORGIA AVE,Maryland (State),NORBECK RD,,N/A,,SAME DIR REAR END,CLEAR,DRY,DARK NO LIGHTS,TRAFFIC SIGNAL,NONE DETECTED,,EED20051-AB1B-4957-9C96-97276009E953,No,NO APPARENT INJURY,N/A,NOT DISTRACTED,MD,0BD700C2-34D8-415D-B651-DB3B929C4639,FUNCTIONAL,PASSENGER CAR,STOPPED IN TRAFFIC LANE,39.10702167,-77.07615833,"(39.10702167, -77.07615833)"
DD5601001L,16014636,Rockville Police Departme,Injury Crash,03/25/2016 06:50:00 AM,Maryland (State),W MONTGOMERY AVE,Municipality,RESEARCH BLVD,,ROCKVILLE,,SAME DIRECTION SIDESWIPE,CLEAR,DRY,DAWN,NO CONTROLS,N/A,,3D1EECDB-B81E-4FFB-BB7F-14C127D710FB,Yes,POSSIBLE INJURY,N/A,UNKNOWN,MD,1CE97F79-12FE-4657-89C7-BB9B9A13DA25,DISABLING,PASSENGER CAR,MOVING CONSTANT SPEED,39.09134517,-77.18015317,"(39.09134517, -77.18015317)"
MCP2867001K,15046289,MONTGOMERY,Property Damage Crash,09/13/2015 07:11:00 AM,Maryland (State),NEW HAMPSHIRE AVE,County,NORTHAMPTON DR,,N/A,,ANGLE MEETS LEFT TURN,RAINING,WET,DAYLIGHT,NO CONTROLS,NONE DETECTED,,B29884AC-7B31-457C-A3A7-5DCB165FC6E2,No,NO APPARENT INJURY,N/A,NOT DISTRACTED,MD,C3F96F16-DF57-4E4E-BCAA-7116C8F1A9DB,SUPERFICIAL,PASSENGER CAR,MOVING CONSTANT SPEED,39.00679833,-76.980885,"(39.00679833, -76.980885)"
MCP3004000N,16035514,Montgomery County Police,Property Damage Crash,07/13/2016 05:44:00 PM,County,OAKLYN DR,County,FALLS RD,,N/A,,HEAD ON LEFT TURN,CLEAR,DRY,DAYLIGHT,TRAFFIC SIGNAL,NONE DETECTED,,4B6074BC-424A-4F4D-92A0-B5C5FC0BF259,Yes,NO APPARENT INJURY,N/A,NOT DISTRACTED,MD,A0CD75DB-2DB6-4D93-A7BF-ED340B4570AA,DISABLING,PASSENGER CAR,MAKING LEFT TURN,39.0092063,-77.2204113,"(39.0092063, -77.2204113)"
MCP3033000H,17011570,Montgomery County Police,Property Damage Crash,03/04/2017 09:00:00 PM,Maryland (State),NEW HAMPSHIRE AVE,County,HEARTFIELDS DR,,N/A,,HEAD ON,CLEAR,DRY,DARK NO LIGHTS,TRAFFIC SIGNAL,NONE DETECTED,,A84CB6C7-BE59-4DDA-B67E-C99765CBC3D4,No,NO APPARENT INJURY,N/A,NOT DISTRACTED,MD,7F41A309-6D98-4BCB-AE53-021212015C4D,DISABLING,PASSENGER CAR,MOVING CONSTANT SPEED,39.04762532,-76.99278429,"(39.04762532, -76.99278429)"
MCP2182000H,16062970,Montgomery County Police,Injury Crash,12/08/2016 07:41:00 AM,County,ASPEN HILL RD,County,IRIS ST,,N/A,,SAME DIR REAR END,CLEAR,DRY,DAYLIGHT,NO CONTROLS,NONE DETECTED,,8A894B77-9952-4028-B163-BB1C1D946FAD,No,NO APPARENT INJURY,N/A,NOT DISTRACTED,MD,ACD087B5-F32C-41B8-AC3A-B38367D91BD3,DISABLING,PASSENGER CAR,STOPPED IN TRAFFIC LANE,39.07595167,-77.09361333,"(39.07595167, -77.09361333)"
MCP1121001V,17003179,Montgomery County Police,Injury Crash,01/18/2017 07:59:00 PM,County,FLOWER HILL WAY,County,BLUE VIOLET LA,,N/A,,SINGLE VEHICLE,CLEAR,DRY,DARK LIGHTS ON,N/A,ALCOHOL PRESENT,,D95BFAE9-316A-419A-B98B-830C3DF9F187,Yes,SUSPECTED MINOR INJURY,N/A,BY OTHER OCCUPANTS,MD,5AD9E287-B4D3-499B-8AAE-2ABB2216C2AE,DISABLING,(SPORT) UTILITY VEHICLE,MOVING CONSTANT SPEED,39.164545,-77.17419,"(39.164545, -77.17419)"
MCP1213000R,15047129,MONTGOMERY,Property Damage Crash,09/17/2015 04:00:00 PM,County,E RANDOLPH RD,County,CLIFTON DR,,N/A,,SAME DIRECTION RIGHT TURN,CLEAR,DRY,DAYLIGHT,NO CONTROLS,NONE DETECTED,,F3C0BAEA-56D3-43D1-A773-6FB8209E7782,No,NO APPARENT INJURY,N/A,NOT DISTRACTED,MD,02005AFF-208F-462C-B3C1-645CDBD64EB1,SUPERFICIAL,PASSENGER CAR,MOVING CONSTANT SPEED,39.07584833,-76.99860667,"(39.07584833, -76.99860667)"
MCP1382002P,16010765,MONTGOMERY,Property Damage Crash,03/04/2016 07:35:00 AM,,,,,PARKING LOT OF 51 UNIVERSITY BLVD EAST SILVER SPRING MD,,,SAME DIRECTION SIDESWIPE,CLOUDY,,DAYLIGHT,N/A,NONE DETECTED,,3BF2ADD5-2ABD-408B-ACE6-844035E89CC2,Yes,NO APPARENT INJURY,N/A,LOOKED BUT DID NOT SEE,MD,95DE87B6-275F-41D6-A908-B417E757572C,DISABLING,(SPORT) UTILITY VEHICLE,PARKING,39.01893167,-77.009555,"(39.01893167, -77.009555)"
MCP1580004W,15063100,MONTGOMERY,Property Damage Crash,12/10/2015 11:53:00 AM,County,LOST KNIFE RD,Other Public Roadway,ODENDHAL AVE,,N/A,,SINGLE VEHICLE,CLEAR,DRY,DAYLIGHT,NO CONTROLS,NONE DETECTED,,A32A87C7-368C-4A12-AF73-C8BCE571F505,Yes,NO APPARENT INJURY,N/A,NOT DISTRACTED,MD,8887415E-0DC1-45E9-97DA-021352055C90,DISABLING,(SPORT) UTILITY VEHICLE,MAKING RIGHT TURN,39.15330333,-77.19903333,"(39.15330333, -77.19903333)"
MCP2847001Q,17015230,Montgomery County Police,Injury Crash,03/25/2017 03:36:00 AM,Maryland (State),VEIRS MILL RD,County,PARKLAND DR,,N/A,,SAME DIR REND RIGHT TURN,CLEAR,DRY,DARK LIGHTS ON,TRAFFIC SIGNAL,NONE DETECTED,,604ECC7D-6C72-4DBB-8006-DD84216D60E0,No,NO APPARENT INJURY,N/A,NOT DISTRACTED,VA,2B9CD972-A353-44E0-99EF-644B0E43608B,FUNCTIONAL,TRUCK TRACTOR,SLOWING OR STOPPING,39.06127833,-77.091165,"(39.06127833, -77.091165)"
MCP3011000D,16004454,Montgomery County Police,Property Damage Crash,01/27/2016 07:09:00 PM,Maryland (State),ROCKVILLE PIKE,Maryland (State),STRATHMORE AVE,,N/A,,HEAD ON LEFT TURN,N/A,WET,DARK LIGHTS ON,TRAFFIC SIGNAL,NONE DETECTED,,5633C93E-B50C-4F73-A47A-C9DE07B6A7E5,No,NO APPARENT INJURY,N/A,NOT DISTRACTED,DC,07F47320-6881-450A-94A0-9B02A7D7F4EB,SUPERFICIAL,TRANSIT BUS,MAKING LEFT TURN,39.03483415,-77.10682511,"(39.03483415, -77.10682511)"
MCP12100015,16031609,Montgomery County Police,Injury Crash,06/22/2016 05:32:00 PM,County,SHADY GROVE RD,Ramp,RAMP 4 FR MD200A NB TO SHADY GROVE RD EB,,N/A,,SAME DIR REAR END,CLEAR,DRY,DAYLIGHT,NO CONTROLS,NONE DETECTED,,E30577ED-C653-48D6-B907-C7EB632837DD,Yes,NO APPARENT INJURY,N/A,UNKNOWN,MD,791FAFBC-B1F5-49AD-A079-F0B97055ED9C,DISABLING,(SPORT) UTILITY VEHICLE,ACCELERATING,39.13152333,-77.160505,"(39.13152333, -77.160505)"
MCP1580006Y,17003964,Montgomery County Police,Property Damage Crash,01/23/2017 02:25:00 PM,Maryland (State),QUINCE ORCHARD RD,Municipality,TWIN LAKES DR,,GAITHERSBURG,,SAME DIR REAR END,RAINING,WET,DAYLIGHT,TRAFFIC SIGNAL,NONE DETECTED,,1A208697-46A2-4EC5-B466-8DDCD43B6E3C,No,NO APPARENT INJURY,"RAIN, SNOW, WET",NOT DISTRACTED,MD,E68AB12F-B733-426A-8CC7-B90A445E5952,SUPERFICIAL,STATION WAGON,SLOWING OR STOPPING,39.12898833,-77.22952167,"(39.12898833, -77.22952167)"
MCP27660013,15007511,Montgomery County Police,Injury Crash,02/14/2015 09:12:00 PM,County,TURKEY BRANCH PKWY,County,INDEPENDENCE ST,,N/A,,SAME DIR REAR END,SNOW,SNOW,DARK NO LIGHTS,STOP SIGN,NONE DETECTED,,BFACD241-8A64-40A5-950F-41A33C9507D1,No,POSSIBLE INJURY,"ICY OR SNOW-COVERED, RAIN, SNOW",NOT DISTRACTED,MD,12F59F48-42CE-4CA7-A7F1-9D06D592AAEE,FUNCTIONAL,PASSENGER CAR,STOPPED IN TRAFFIC LANE,39.07621667,-77.08071167,"(39.07621667, -77.08071167)"
HA23720007,16000735,Maryland-National Capital,Property Damage Crash,06/14/2016 03:10:00 PM,Maryland (State),SPENCERVILLE RD,County,GOOD HOPE RD,,N/A,,SINGLE VEHICLE,CLEAR,DRY,DAYLIGHT,NO CONTROLS,NONE DETECTED,,0E77F815-54F9-428E-AB52-6503E1DC26AB,No,NO APPARENT INJURY,N/A,NOT DISTRACTED,MD,943F87D7-D860-4E3D-8692-8247F32FA6B9,FUNCTIONAL,POLICE VEHICLE/EMERGENCY,MOVING CONSTANT SPEED,39.11801028,-76.97943091,"(39.11801028, -76.97943091)"
MCP2921000Q,15040979,MONTGOMERY,Property Damage Crash,08/16/2015 08:19:00 PM,Maryland (State),FREDERICK RD,County,SHAKESPEARE BLVD,,N/A,,HEAD ON LEFT TURN,N/A,N/A,DAWN,TRAFFIC SIGNAL,NONE DETECTED,,BD12C143-583E-48F9-80F3-57E46EB14B7C,Yes,NO APPARENT INJURY,N/A,NOT DISTRACTED,MD,02D26AA2-A92D-4195-A9E4-823349D9622F,DISABLING,PASSENGER CAR,MAKING LEFT TURN,39.19834167,-77.24503,"(39.19834167, -77.24503)"
MCP2982001N,17010010,Montgomery County Police,Property Damage Crash,02/24/2017 02:21:00 PM,Maryland (State),PINEY BRANCH RD,County,DALE DR,,N/A,,SAME DIR REAR END,CLEAR,DRY,DAYLIGHT,TRAFFIC SIGNAL,ALCOHOL PRESENT,,74ECB60C-0B39-49F5-A05D-9E4F4EF48CA9,Yes,NO APPARENT INJURY,N/A,OTHER DISTRACTION,MD,7295E25F-EC6D-40EA-A1F6-1D809BC025DB,FUNCTIONAL,PASSENGER CAR,MOVING CONSTANT SPEED,38.99369505,-77.00902909,"(38.99369505, -77.00902909)"
MCP26670018,15056784,MONTGOMERY,Property Damage Crash,11/07/2015 02:25:00 PM,Maryland (State),QUINCE ORCHARD RD,Maryland (State),W DIAMOND AVE,,N/A,,HEAD ON LEFT TURN,CLOUDY,DRY,DAYLIGHT,TRAFFIC SIGNAL,NONE DETECTED,,94DCCC22-E456-44A5-B4F5-15FA713B6EC3,Yes,NO APPARENT INJURY,N/A,INATTENTIVE OR LOST IN THOUGHT,MD,0DDB262A-E770-45A4-A83B-F3118522161D,DISABLING,PASSENGER CAR,MAKING LEFT TURN,39.14230167,-77.22100667,"(39.14230167, -77.22100667)"
MCP26620018,170525818,Montgomery County Police,Injury Crash,08/20/2017 04:23:00 AM,County,MIDCOUNTY HWY,County,SHADY GROVE RD,,N/A,,SINGLE VEHICLE,CLEAR,DRY,DARK LIGHTS ON,TRAFFIC SIGNAL,ALCOHOL CONTRIBUTED,,177F6A02-4157-42BA-95DB-D143A7C14D4E,Yes,POSSIBLE INJURY,N/A,UNKNOWN,MD,7D11DF7B-4B1B-4980-B99F-F89E7D4003AA,DISABLING,PASSENGER CAR,MOVING CONSTANT SPEED,39.14099519,-77.15157509,"(39.14099519, -77.15157509)"
MCP28700020,16065541,Montgomery County Police,Property Damage Crash,12/21/2016 07:47:00 PM,Maryland (State),NEW HAMPSHIRE AVE,County,ELTON RD,,N/A,,SAME DIR REAR END,CLEAR,DRY,DARK LIGHTS ON,TRAFFIC SIGNAL,NONE DETECTED,,90280C3A-DCC2-4061-B822-103F12C38773,Yes,NO APPARENT INJURY,N/A,NOT DISTRACTED,MD,015FC1DD-C4C0-4F7D-A556-FD9875F97458,SUPERFICIAL,TRANSIT BUS,BACKING,39.02038401,-76.97665215,"(39.02038401, -76.97665215)"
MCP2832002N,170501253,Montgomery County Police,Property Damage Crash,04/09/2017 02:37:00 PM,Maryland (State),EAST WEST HWY,Maryland (State),CONNECTICUT AVE,,N/A,,SAME DIRECTION SIDESWIPE,CLEAR,DRY,DAYLIGHT,TRAFFIC SIGNAL,NONE DETECTED,,77F01593-491D-4610-86C0-BFF7CC42569B,No,NO APPARENT INJURY,N/A,NOT DISTRACTED,MD,93EC6D66-DA03-40F6-83E1-B58A5CD9623C,NO DAMAGE,TRANSIT BUS,STOPPED IN TRAFFIC LANE,38.98804833,-77.07786,"(38.98804833, -77.07786)"
MCP28700012,15048285,MONTGOMERY,Property Damage Crash,09/23/2015 04:35:00 PM,Maryland (State),NEW HAMPSHIRE AVE,County,ELTON RD,,N/A,,SAME DIRECTION SIDESWIPE,CLEAR,DRY,DAYLIGHT,NO CONTROLS,N/A,,7898699F-D416-40A7-AF66-CF9076261609,No,NO APPARENT INJURY,N/A,NOT DISTRACTED,MD,31E26185-3C16-4A2B-B6F0-08A855E64FA0,FUNCTIONAL,PASSENGER CAR,ACCELERATING,39.02117167,-76.97651333,"(39.02117167, -76.97651333)"
MCP2305000Y,15067047,MONTGOMERY,Property Damage Crash,12/30/2015 11:21:00 PM,Interstate (State),CAPITAL BELTWAY,Ramp,RAMP 6 FR IS 270 EB TO MD 355 SB,,N/A,,SAME DIR REAR END,RAINING,WET,DARK LIGHTS ON,NO CONTROLS,N/A,,AD8B1084-1E42-40DD-B0B7-AD90AF8C92F8,No,NO APPARENT INJURY,"SLEET, HAIL, FREEZ. RAIN, WET",NOT DISTRACTED,MD,6B3B661B-D7FD-40FD-8822-E4C200AE258C,SUPERFICIAL,AMBULANCE/EMERGENCY,MOVING CONSTANT SPEED,39.01915243,-77.10326582,"(39.01915243, -77.10326582)"
MCP2824001R,16004439,Montgomery County Police,Property Damage Crash,01/20/2016 02:24:00 AM,Interstate (State),CAPITAL BELTWAY,Unknown,EXIT #33,,N/A,,SAME DIR REAR END,SNOW,SNOW,DARK NO LIGHTS,N/A,N/A,,3F1AA3BA-6E34-431F-9AB6-02FC0D80A877,Yes,NO APPARENT INJURY,N/A,UNKNOWN,,309A0ADD-C111-417A-BC32-E5E63916C10A,UNKNOWN,UNKNOWN,N/A,39.116455,-77.23439,"(39.116455, -77.23439)"
MCP1519001Z,170509999,Montgomery County Police,Property Damage Crash,05/26/2017 12:33:00 PM,Maryland (State),GERMANTOWN RD,County,WISTERIA DR,,N/A,,SAME DIR REAR END,CLOUDY,DRY,DAYLIGHT,N/A,NONE DETECTED,,8EAC99D4-5738-445A-A750-7A8940CE3D12,Yes,NO APPARENT INJURY,N/A,NOT DISTRACTED,MD,CEA98A70-8120-42A9-83A1-3AB0FFB0F52E,SUPERFICIAL,PASSENGER CAR,MOVING CONSTANT SPEED,39.176105,-77.27107167,"(39.176105, -77.27107167)"
HA24160003,16000412,Maryland-National Capital,Property Damage Crash,04/11/2016 03:34:00 AM,Government,BEACH DR,County,STONEYBROOK DR,,N/A,,SINGLE VEHICLE,RAINING,WET,DARK NO LIGHTS,NO CONTROLS,ALCOHOL CONTRIBUTED,,47EB1FE1-C180-462C-AE9F-C432BC1D94AA,Yes,NO APPARENT INJURY,"N/A, WET",UNKNOWN,VA,D25FC143-3030-402D-B69D-90DB2734C968,DESTROYED,(SPORT) UTILITY VEHICLE,MOVING CONSTANT SPEED,39.01254833,-77.06398833,"(39.01254833, -77.06398833)"
MCP2791001M,15051966,MONTGOMERY,Property Damage Crash,10/13/2015 03:35:00 PM,County,DALE DR,Maryland (State),PINEY BRANCH RD,,N/A,,OTHER,CLEAR,DRY,DAYLIGHT,TRAFFIC SIGNAL,NONE DETECTED,,916E8FBA-0291-4EC9-AFAD-7DDE8F002823,No,NO APPARENT INJURY,N/A,NOT DISTRACTED,MD,59E6D009-E2F9-47CF-8A9E-FB7F9BA5AAFD,SUPERFICIAL,PASSENGER CAR,STOPPED IN TRAFFIC LANE,38.9936888,-77.00907469,"(38.9936888, -77.00907469)"
MCP2986000H,16009975,MONTGOMERY,Property Damage Crash,02/28/2016 08:09:00 PM,Maryland (State),PINEY BRANCH RD,Government,SLIGO CREEK PKWY,,N/A,,SAME DIRECTION SIDESWIPE,CLEAR,DRY,DARK LIGHTS ON,TRAFFIC SIGNAL,NONE DETECTED,,F69B357D-95F0-4026-8F8F-EF953AA4D69C,No,NO APPARENT INJURY,N/A,NOT DISTRACTED,DC,12D03DA3-D5EA-4260-8B81-A2917FB22BD6,SUPERFICIAL,PASSENGER CAR,MOVING CONSTANT SPEED,38.99598813,-77.00586945,"(38.99598813, -77.00586945)"
MCP27590015,16014787,MONTGOMERY,Injury Crash,03/25/2016 10:53:00 PM,Maryland (State),GEORGIA AVE,Maryland (State),FOREST GLEN RD,,N/A,,SAME DIR REAR END,CLEAR,DRY,DARK LIGHTS ON,TRAFFIC SIGNAL,N/A,,3910B8F0-2937-4BD3-9DB7-40649EE96B65,Yes,NO APPARENT INJURY,N/A,UNKNOWN,MD,19E4B26A-5A9A-4564-8358-C52111E5F917,FUNCTIONAL,PASSENGER CAR,ACCELERATING,39.0159,-77.04276667,"(39.0159, -77.04276667)"
MCP2978001P,17009610,Montgomery County Police,Injury Crash,02/22/2017 05:54:00 PM,Maryland (State),DARNESTOWN RD,County,TURKEY FOOT RD,,N/A,,SAME DIR REAR END,CLEAR,DRY,DUSK,N/A,NONE DETECTED,,45DCC43D-E29A-4841-8D81-4BC4C42E92FE,Yes,NO APPARENT INJURY,N/A,LOOKED BUT DID NOT SEE,MD,140752BF-02B4-4444-BB17-E5EBFF960063,FUNCTIONAL,PASSENGER CAR,MOVING CONSTANT SPEED,39.10420833,-77.28608833,"(39.10420833, -77.28608833)"
MCP11510046,16010769,MONTGOMERY,Injury Crash,03/04/2016 08:17:00 AM,Maryland (State),FREDERICK RD,Other Public Roadway,CIDER PRESS PL,,N/A,,SAME DIR REAR END,SNOW,WET,DAYLIGHT,N/A,NONE DETECTED,,83537A0B-146F-4F49-A070-07B33D9A49FA,Yes,SUSPECTED MINOR INJURY,"RAIN, SNOW, WET",LOOKED BUT DID NOT SEE,MD,88996D07-1F82-4077-9E29-EADD9C796E2F,DISABLING,(SPORT) UTILITY VEHICLE,SLOWING OR STOPPING,39.18692833,-77.2403,"(39.18692833, -77.2403)"
MCP2657001K,170521351,Montgomery County Police,Property Damage Crash,07/26/2017 09:45:00 PM,US (State),COLUMBIA PIKE,County,STEWART LA,,N/A,,ANGLE MEETS LEFT TURN,CLEAR,DRY,DARK LIGHTS ON,TRAFFIC SIGNAL,N/A,,67B3EACD-DEA4-4723-A4CA-642935D59AE5,No,NO APPARENT INJURY,N/A,NOT DISTRACTED,MD,1B9E4380-A687-445B-945E-F2B5D00A205A,FUNCTIONAL,POLICE VEHICLE/NON EMERGENCY,MAKING LEFT TURN,39.04659333,-76.98684,"(39.04659333, -76.98684)"
MCP2763000T,16008022,Montgomery County Police,Injury Crash,02/17/2016 05:59:00 PM,County,WASHINGTON GROVE LA,County,PEPPER RIDGE WAY,,N/A,,SAME DIR REAR END,CLEAR,DRY,DUSK,NO CONTROLS,N/A,,378C4EAF-4381-4E50-ACEA-09B9BFB77037,No,SUSPECTED MINOR INJURY,N/A,NOT DISTRACTED,MD,C6A98B17-3365-4A67-B214-DD5633303BAE,DESTROYED,(SPORT) UTILITY VEHICLE,STOPPED IN TRAFFIC LANE,39.15058995,-77.16551855,"(39.15058995, -77.16551855)"
EJ78550024,170525380,Gaithersburg Police Depar,Property Damage Crash,08/17/2017 04:30:00 PM,Maryland (State),CLOPPER RD,Unknown,ENT TO SHOPPING CENTER,,N/A,,SAME DIRECTION SIDESWIPE,CLEAR,N/A,DAYLIGHT,NO CONTROLS,UNKNOWN,,12B7FD38-B1DC-444A-A0AF-A19CC166DBAE,Yes,NO APPARENT INJURY,N/A,UNKNOWN,MD,E6876BF5-3292-4033-8BCD-38A3C7A73E33,SUPERFICIAL,PASSENGER CAR,PASSING,39.14296937,-77.22240686,"(39.14296937, -77.22240686)"
MCP2396001R,16060061,Montgomery County Police,Property Damage Crash,11/22/2016 12:00:00 PM,Maryland (State),GEORGIA AVE,County,BEL PRE RD,,N/A,,SAME DIRECTION SIDESWIPE,CLEAR,DRY,DAYLIGHT,NO CONTROLS,NONE DETECTED,,0017879A-DE85-49B3-B545-4CFCF3D084EB,No,NO APPARENT INJURY,N/A,NOT DISTRACTED,MD,4A3E12E6-4F49-4363-92FF-6A4F8A351FDA,SUPERFICIAL,(SPORT) UTILITY VEHICLE,SLOWING OR STOPPING,39.09334419,-77.07951218,"(39.09334419, -77.07951218)"
MCP2556000Y,16057689,Montgomery County Police,Property Damage Crash,11/08/2016 10:27:00 PM,Maryland (State),DARNESTOWN RD,Unknown,PRAIRIE LANDING WAY,,N/A,,SAME DIR REAR END,N/A,DRY,DARK LIGHTS ON,NO CONTROLS,MEDICATION PRESENT,,A5854F54-45EF-4786-ADAE-8A74CA612217,Yes,NO APPARENT INJURY,N/A,UNKNOWN,MD,C5AC91A2-0A18-4EDE-B6F0-8D271A1A00BF,SUPERFICIAL,PASSENGER CAR,ACCELERATING,39.10094204,-77.21599102,"(39.10094204, -77.21599102)"