Report Number,Local Case Number,Agency Name,ACRS Report Type,Crash Date/Time,Route Type,Road Name,Cross-Street Type,Cross-Street Name,Off-Road Description,Municipality,Related Non-Motorist,Collision Type,Weather,Surface Condition,Light,Traffic Control,Driver Substance Abuse,Non-Motorist Substance Abuse,Person ID,Driver At Fault,Injury Severity,Circumstance,Driver Distracted By,Drivers License State,Vehicle ID,Vehicle Damage Extent,Vehicle Body Type,Vehicle Movement,Latitude,Longitude,Location
MCP2260001K,16063605,Montgomery County Police,Property Damage Crash,12/11/2016 04:44:00 PM,Maryland (State),ROCKVILLE PIKE,Municipality,ROLLINS AVE,,ROCKVILLE,,STRAIGHT MOVEMENT ANGLE,N/A,DRY,OTHER,TRAFFIC SIGNAL,NONE DETECTED,,1F57FD3A-A866-4525-9060-313B0752386A,Yes,NO APPARENT INJURY,N/A,UNKNOWN,MD,80CDDB6C-A15D-4490-A112-A61AF6199396,DISABLING,PASSENGER CAR,MOVING CONSTANT SPEED,39.05859,-77.12173833,"(39.05859, -77.12173833)"
DD5611000N,15056199,ROCKVILLE,Property Damage Crash,11/04/2015 04:26:00 PM,Municipality,BEALL AVE #2,Municipality,GIBBS STREET,,ROCKVILLE,,OTHER,CLEAR,DRY,DAYLIGHT,NO CONTROLS,NONE DETECTED,,82AAB9A0-9D24-493A-8878-5E7C2D687C0F,No,NO APPARENT INJURY,N/A,NOT DISTRACTED,MD,20745E03-33A3-4C35-9416-9477010D9635,SUPERFICIAL,PASSENGER CAR,MOVING CONSTANT SPEED,39.07251147,-77.10754395,"(39.07251147, -77.10754395)"
DD5600000K,16001331,Rockville Police Departme,Property Damage Crash,01/08/2016 10:13:00 AM,Maryland (State),ROCKVILLE PIKE,Municipality,TEMPLETON PL,,ROCKVILLE,,STRAIGHT MOVEMENT ANGLE,RAINING,WET,DAYLIGHT,TRAFFIC SIGNAL,N/A,,29A16F0A-65A1-467F-96EA-547D8132340D,No,NO APPARENT INJURY,"N/A, RAIN, SNOW",NOT DISTRACTED,VA,7DF417F0-4B4F-4C93-8207-1EAD2C96B5DE,DISABLING,PASSENGER CAR,MOVING CONSTANT SPEED,39.058945,-77.15064167,"(39.058945, -77.15064167)"
MCP2971001D,16027843,Montgomery County Police,Injury Crash,06/03/2016 06:44:00 PM,Other Public Roadway,CALVERTON BLVD,County,CALVERTON BLVD (AHEAD),,N/A,,HEAD ON LEFT TURN,CLOUDY,WET,DAYLIGHT,NO CONTROLS,NONE DETECTED,,AD30F120-DB8E-4B3F-A38D-D615B8A228A0,No,POSSIBLE INJURY,"N/A, WET",NOT DISTRACTED,MD,E525A305-B8A0-457D-845F-A1C512D8F8FC,DISABLING,(SPORT) UTILITY VEHICLE,MOVING CONSTANT SPEED,39.05646217,-76.95298702,"(39.05646217, -76.95298702)"
MCP2055001C,16048059,Montgomery County Police,Property Damage Crash,09/19/2016 09:44:00 AM,County,LONGDRAFT RD,Maryland (State),CLOPPER RD,,N/A,,SAME DIRECTION RIGHT TURN,RAINING,WET,DAYLIGHT,NO CONTROLS,NONE DETECTED,,778A962F-E46B-4741-92D7-7159BA8E1EF1,Yes,NO APPARENT INJURY,"N/A, WET",OTHER DISTRACTION,MD,C9C37EB4-C8D3-4761-8C8E-27FE184C7C4F,FUNCTIONAL,PICKUP TRUCK,CHANGING LANES,39.1481,-77.23626667,"(39.1481, -77.23626667)"
MCP2969002K,16050238,Montgomery County Police,Property Damage Crash,09/30/2016 10:29:00 AM,Maryland (State),NORBECK RD,Unknown,NORBECK BLVD,,N/A,,STRAIGHT MOVEMENT ANGLE,CLEAR,WET,DAYLIGHT,TRAFFIC SIGNAL,NONE DETECTED,,5A006ECB-C835-451C-B3C2-5C94BB4D21CA,No,NO APPARENT INJURY,N/A,NOT DISTRACTED,MD,5D7C31DC-8A1A-4C83-B036-7D7189C5813B,DISABLING,"CARGO VAN/LIGHT TRUCK 2 AXLES (OVER 10,000LBS (4,536 KG))",MOVING CONSTANT SPEED,39.11248167,-77.06985167,"(39.11248167, -77.06985167)"
DD5615001J,16007318,Rockville Police Departme,Property Damage Crash,02/12/2016 06:46:00 PM,Municipality,WOOTTON PKWY,Municipality,GREENPLACE TERR,,ROCKVILLE,,SAME DIR REAR END,CLEAR,DRY,DARK LIGHTS ON,NO CONTROLS,NONE DETECTED,,3AA2B196-8185-4BBD-A9A5-C46198D84A1C,No,NO APPARENT INJURY,N/A,NOT DISTRACTED,MD,779BCE5B-26EA-4797-89CF-2D149C918061,DISABLING,PASSENGER CAR,STOPPED IN TRAFFIC LANE,39.07461043,-77.18227968,"(39.07461043, -77.18227968)"
MCP28590035,17001590,Montgomery County Police,Property Damage Crash,01/10/2017 10:09:00 AM,Maryland (State),FREDERICK RD,Municipality,CHESTNUT ST,,GAITHERSBURG,,HEAD ON LEFT TURN,CLOUDY,DRY,DAYLIGHT,NO CONTROLS,NONE DETECTED,,3551A69D-36D1-42F8-9657-CAE50A034B1B,No,NO APPARENT INJURY,N/A,NOT DISTRACTED,MD,91647832-DE14-40AD-8DE8-3838134EFD71,DISABLING,PASSENGER CAR,MOVING CONSTANT SPEED,39.144395,-77.20255333,"(39.144395, -77.20255333)"
DD5508000N,15003405,Rockville Police Departme,Property Damage Crash,01/21/2015 02:50:00 PM,,,,,Parking Lot Of 250 Richard Montgomery Dr,,,OTHER,SNOW,,DAYLIGHT,NO CONTROLS,NONE DETECTED,,52C02635-060A-4105-8BA1-455FBF263E7F,No,NO APPARENT INJURY,"N/A, WET",NOT DISTRACTED,MD,84D5E139-9171-41E5-9B52-5228F432922B,DISABLING,PASSENGER CAR,MOVING CONSTANT SPEED,39.07863667,-77.144925,"(39.07863667, -77.144925)"
MCP2760000Y,16044331,Montgomery County Police,Property Damage Crash,08/30/2016 10:47:00 PM,Maryland (State),FREDERICK RD,Municipality,PROFESSIONAL DR,,GAITHERSBURG,,OTHER,CLEAR,DRY,DARK LIGHTS ON,NO CONTROLS,NONE DETECTED,,B5F284C4-3F66-4857-B442-A10EAF0101D1,Yes,NO APPARENT INJURY,N/A,UNKNOWN,MD,5863FA53-C326-498A-832B-8FB52D4B6344,SUPERFICIAL,PASSENGER CAR,SLOWING OR STOPPING,39.16690667,-77.22898167,"(39.16690667, -77.22898167)"
MCP94370009,15045678,MONTGOMERY,Property Damage Crash,09/10/2015 03:09:00 AM,Maryland (State),WOODFIELD RD,County,VALLEY PARK DR,,N/A,,OPPOSITE DIRECTION SIDESWIPE,CLEAR,DRY,DARK NO LIGHTS,NO CONTROLS,NONE DETECTED,,E4362B51-D2D6-4270-848A-E6BED658E415,Yes,NO APPARENT INJURY,N/A,UNKNOWN,MD,26E40AF4-24EC-43DC-810D-5575A3635E3B,DESTROYED,PASSENGER CAR,MOVING CONSTANT SPEED,39.27717833,-77.20390667,"(39.27717833, -77.20390667)"
MCP00360044,16025113,Montgomery County Police,Injury Crash,05/20/2016 03:22:00 PM,Maryland (State),RIDGE RD,Other Public Roadway,VALLEY PARK DR,,N/A,,STRAIGHT MOVEMENT ANGLE,CLEAR,DRY,DAYLIGHT,STOP SIGN,NONE DETECTED,,744F56E8-950B-4A4F-AE7F-0E877D32DEF7,Yes,POSSIBLE INJURY,N/A,UNKNOWN,MD,33C13431-E152-4A89-8DC3-ED255ACC94EA,FUNCTIONAL,PASSENGER CAR,MAKING LEFT TURN,39.274395,-77.21506667,"(39.274395, -77.21506667)"
MCP3004000G,16009862,Montgomery County Police,Property Damage Crash,02/28/2016 12:24:00 AM,Maryland (State),ROCKVILLE PIKE,Government,CENTER DR,,N/A,,OTHER,CLEAR,DRY,DARK LIGHTS ON,N/A,UNKNOWN,,FBEC36FA-A878-4C22-9B2A-6FF98C26EC1A,Yes,NO APPARENT INJURY,N/A,INATTENTIVE OR LOST IN THOUGHT,MD,385DBCC6-0030-4F05-9D3C-06ADD3EFD893,DISABLING,PASSENGER CAR,OTHER,38.99694495,-77.09672257,"(38.99694495, -77.09672257)"
MCP13050019,17502722,Montgomery County Police,Property Damage Crash,04/18/2017 08:15:00 AM,County,EAST VILLAGE AVE,County,HARRON VALLEY WAY,,N/A,,SINGLE VEHICLE,CLEAR,DRY,DAWN,N/A,NONE DETECTED,,B8165651-8601-41FE-BC56-B54C1C39D7CD,Yes,NO APPARENT INJURY,N/A,NOT DISTRACTED,MD,815B6D45-727E-4727-B9B7-D8EEC787655A,DISABLING,PASSENGER CAR,MOVING CONSTANT SPEED,39.18448202,-77.17183381,"(39.18448202, -77.17183381)"
DD5616000X,16018475,Rockville Police Departme,Property Damage Crash,04/15/2016 04:00:00 PM,Maryland (State),W MONTGOMERY AVE,Municipality,WALL ST,,ROCKVILLE,,SAME DIR REAR END,CLEAR,DRY,DAYLIGHT,NO CONTROLS,NONE DETECTED,,1319E737-5D7F-4B3E-8BC6-0737FD9C259D,Yes,NO APPARENT INJURY,N/A,UNKNOWN,MD,A0E5D1B6-FC6F-4F9F-8A8C-97C5BC2C1793,SUPERFICIAL,PASSENGER CAR,MOVING CONSTANT SPEED,39.08444367,-77.159976,"(39.08444367, -77.159976)"
MCP20770015,16039213,Montgomery County Police,Property Damage Crash,08/03/2016 09:13:00 AM,Maryland (State),INTERCOUNTY CONNECTOR,Ramp,RAMP 6 FR MD 200 EB TO MD 182,,N/A,,SAME DIR REND RIGHT TURN,CLEAR,DRY,DAYLIGHT,TRAFFIC SIGNAL,NONE DETECTED,,2518E44D-DF7D-4084-A586-7B3A2BB15F3A,No,NO APPARENT INJURY,N/A,NOT DISTRACTED,MD,17FB0992-A734-498E-95D4-BDD89E1797B8,SUPERFICIAL,POLICE VEHICLE/NON EMERGENCY,STOPPED IN TRAFFIC LANE,39.099033,-77.043002,"(39.099033, -77.043002)"
EJ78510027,170507003,Gaithersburg Police Depar,Injury Crash,05/10/2017 10:29:00 AM,County,SHADY GROVE RD,Maryland (State),FREDERICK RD,,N/A,PEDESTRIAN,OTHER,CLEAR,DRY,DAYLIGHT,TRAFFIC SIGNAL,UNKNOWN,NONE DETECTED,4BCBDABC-D0F6-4ED0-82B7-EF2A46D6B96C,Yes,NO APPARENT INJURY,N/A,UNKNOWN,,D925119B-CF7D-44C9-A31A-685927794131,NO DAMAGE,,ACCELERATING,39.12408442,-77.17586517,"(39.12408442, -77.17586517)"
MCP2740002T,17014740,Montgomery County Police,Property Damage Crash,03/22/2017 09:09:00 PM,,,,,PARKING LOT OF 8640 PINEY BRANCH ROAD,,,SAME DIRECTION SIDESWIPE,CLEAR,,DARK LIGHTS ON,NO CONTROLS,NONE DETECTED,,548A3FBA-102C-433A-8340-12387C0AF2C4,No,NO APPARENT INJURY,N/A,NOT DISTRACTED,MD,49DC2DD2-5BAA-4542-83E7-D4761C0E8360,SUPERFICIAL,PASSENGER CAR,STOPPED IN TRAFFIC LANE,38.99863833,-77.00076833,"(38.99863833, -77.00076833)"
MCP229800B6,16055527,Montgomery County Police,Property Damage Crash,10/28/2016 02:38:00 PM,Maryland (State),CLARKSBURG RD,Ramp,RAMP 2 FR MD 121 WB TO RAMP 3 (TO IS270),,N/A,,HEAD ON LEFT TURN,CLEAR,"MUD, DIRT, GRAVEL",DAYLIGHT,TRAFFIC SIGNAL,NONE DETECTED,,E95CAC78-598C-4B17-8DF8-336CD8735F74,No,NO APPARENT INJURY,"ROAD UNDER CONSTRUCTION/MAINTENANCE, VISION OBSTRUCTION (INCL. BLINDED BY SUN)",LOOKED BUT DID NOT SEE,MD,DE4447E4-6685-464B-9406-2343B1A0160B,FUNCTIONAL,PASSENGER CAR,MOVING CONSTANT SPEED,39.23269879,-77.28387102,"(39.23269879, -77.28387102)"
DD5611000D,15043200,ROCKVILLE,Injury Crash,08/28/2015 11:22:00 AM,Municipality,S WASHINGTON ST,Municipality,MARYLAND AVE,,ROCKVILLE,,SAME DIR REAR END,CLEAR,DRY,DAYLIGHT,STOP SIGN,NONE DETECTED,,4BAAB55E-D963-4E59-A389-5EBF9738004C,No,SUSPECTED MINOR INJURY,N/A,NOT DISTRACTED,MD,783091D1-4D13-4B1D-A591-3A6ECB3643C2,SUPERFICIAL,PASSENGER CAR,SLOWING OR STOPPING,39.08055713,-77.15281963,"(39.08055713, -77.15281963)"
MCP28530027,16049230,Montgomery County Police,Property Damage Crash,09/24/2016 10:28:00 PM,Maryland (State),PINEY BRANCH RD,County,ARLISS ST,,N/A,,HEAD ON,CLEAR,DRY,DARK LIGHTS ON,TRAFFIC SIGNAL,ALCOHOL PRESENT,,741B6A9F-95B7-4967-BEC2-A14E60C1610C,No,NO APPARENT INJURY,N/A,NOT DISTRACTED,MD,9F4188B4-2054-41F9-B55F-B6369A754A55,DESTROYED,PASSENGER CAR,MOVING CONSTANT SPEED,38.99850167,-77.00124333,"(38.99850167, -77.00124333)"
MCP9419000L,16019191,Montgomery County Police,Property Damage Crash,04/19/2016 02:01:00 PM,County,E GUDE DR,Unknown,CALHOUN DR,,N/A,,SAME DIRECTION SIDESWIPE,CLEAR,DRY,DAYLIGHT,TRAFFIC SIGNAL,NONE DETECTED,,8B2D645C-D26D-47FF-A5A7-81C75509E70B,No,NO APPARENT INJURY,N/A,NOT DISTRACTED,MD,DA9D2A01-CD56-414B-92C2-B0176CF12B0D,FUNCTIONAL,(SPORT) UTILITY VEHICLE,MAKING LEFT TURN,39.10073077,-77.15675443,"(39.10073077, -77.15675443)"
MCP1151003T,15061681,MONTGOMERY,Injury Crash,12/03/2015 07:08:00 AM,County,MIDDLEBROOK RD,Other Public Roadway,CRYSTAL ROCK DR,,N/A,,SAME DIR REAR END,CLEAR,DRY,DUSK,N/A,NONE DETECTED,,A95E6E0B-53DB-4C5B-87FB-2D02E18D1BD8,No,SUSPECTED MINOR INJURY,"N/A, VISION OBSTRUCTION (INCL. BLINDED BY SUN)",NOT DISTRACTED,MD,5A3AD649-B687-4C4C-A4B8-91B50B9EDE98,FUNCTIONAL,(SPORT) UTILITY VEHICLE,SLOWING OR STOPPING,39.17786667,-77.26617333,"(39.17786667, -77.26617333)"
MCP2665001F,16018276,Montgomery County Police,Property Damage Crash,04/14/2016 03:12:00 PM,Other Public Roadway,MONTROSE PKWY,Unknown,ENT TO BUSINESS,,N/A,,SAME DIR REAR END,CLEAR,DRY,DAYLIGHT,TRAFFIC SIGNAL,NONE DETECTED,,550DED0C-DD3B-42A3-A93F-34E997FFCDD8,No,NO APPARENT INJURY,N/A,NOT DISTRACTED,MD,550C2EBB-5F18-4A41-BCD0-1F65D0FC9441,FUNCTIONAL,PASSENGER CAR,STOPPED IN TRAFFIC LANE,39.05085,-77.128775,"(39.05085, -77.128775)"
EJ7857000H,15032732,GAITHERSBURG,Injury Crash,07/04/2015 10:33:00 PM,Municipality,PERRY PKWY,Unknown,STRUC OV CSX R/R,,N/A,PEDESTRIAN,OTHER,CLOUDY,DRY,DARK LIGHTS ON,NO CONTROLS,NONE DETECTED,NONE DETECTED,53C75DD3-E921-48C3-AE6E-C6CDD051D832,No,NO APPARENT INJURY,N/A,LOOKED BUT DID NOT SEE,MD,F4CFE6D7-ABD7-4A86-8B7B-EF00A778DB81,SUPERFICIAL,PASSENGER CAR,MOVING CONSTANT SPEED,39.147355,-77.21405667,"(39.147355, -77.21405667)"
MCP2964001V,16049583,Montgomery County Police,Property Damage Crash,09/26/2016 07:53:00 PM,County,SENECA MEADOWS PKWY,Unknown,CROSSOVER,,N/A,,STRAIGHT MOVEMENT ANGLE,CLOUDY,DRY,DARK LIGHTS ON,NO CONTROLS,NONE DETECTED,,5E8EE1FF-2C51-452F-BC80-6D744BDDBAF1,Yes,NO APPARENT INJURY,N/A,LOOKED BUT DID NOT SEE,MD,E7B6AF5C-9BE9-4746-8C1B-E79AB0687D9C,DISABLING,PASSENGER CAR,MAKING LEFT TURN,39.19979339,-77.25870252,"(39.19979339, -77.25870252)"
HA23880005,15001107,MCPARK,Property Damage Crash,10/01/2015 03:31:00 PM,County,SHADY GROVE RD,County,CRABBS BRANCH WAY,,N/A,,SAME DIR REAR END,RAINING,WET,OTHER,TRAFFIC SIGNAL,NONE DETECTED,,F8DD03DA-28C1-4C32-919D-2EA189774D48,Yes,NO APPARENT INJURY,"RAIN, SNOW, WET",UNKNOWN,MD,4A74DFD2-5E27-43A5-B635-202CC97A57D7,SUPERFICIAL,PASSENGER CAR,SLOWING OR STOPPING,39.12750667,-77.16726,"(39.12750667, -77.16726)"
MCP2633000X,16013025,MONTGOMERY,Property Damage Crash,03/16/2016 06:16:00 PM,Maryland (State),FREDERICK RD,Unknown,SPUR TO LAKE FOREST BLVD,,N/A,,ANGLE MEETS LEFT TURN,CLEAR,DRY,DAYLIGHT,N/A,NONE DETECTED,,685F4EBE-7E0E-4E06-AFAD-01989C82B69B,Yes,NO APPARENT INJURY,N/A,UNKNOWN,MD,05805CB4-3B6B-4D91-8B86-203E37F8D1BE,FUNCTIONAL,PASSENGER CAR,MAKING LEFT TURN,39.15041667,-77.20852667,"(39.15041667, -77.20852667)"
MCP0833000H,16030130,Montgomery County Police,Injury Crash,11/22/2016 06:12:00 PM,County,OLD BALTIMORE RD,Maryland (State),OLNEY SANDY SPRING RD,,N/A,,SAME DIR REAR END,CLEAR,DRY,DARK NO LIGHTS,TRAFFIC SIGNAL,NONE DETECTED,,3091CDCF-53C2-42C7-885D-47A56F4977BF,No,SUSPECTED MINOR INJURY,N/A,NOT DISTRACTED,MD,92DA4DAD-4C22-4F63-91D3-FDAB689D378B,FUNCTIONAL,SNOWMOBILE,STOPPED IN TRAFFIC LANE,39.14695833,-77.050035,"(39.14695833, -77.050035)"
MCP137800BT,16043978,Montgomery County Police,Injury Crash,08/29/2016 11:53:00 AM,Maryland (State),FREDERICK RD,Unknown,ENT TO BUSINESS,,N/A,,SAME DIRECTION SIDESWIPE,CLEAR,DRY,DAYLIGHT,NO CONTROLS,NONE DETECTED,,3C157E5F-5781-4681-BD63-1E317E591A02,Yes,NO APPARENT INJURY,N/A,NOT DISTRACTED,MD,E350F688-CAA2-4E37-9C29-5F8428532674,DISABLING,PASSENGER CAR,SLOWING OR STOPPING,39.15710167,-77.21765667,"(39.15710167, -77.21765667)"
MCP27560011,15060646,MONTGOMERY,Injury Crash,11/27/2015 05:02:00 PM,Maryland (State),GEORGIA AVE,County,PLYERS MILL RD,,N/A,,SAME DIR REAR END,CLEAR,DRY,DARK LIGHTS ON,TRAFFIC SIGNAL,NONE DETECTED,,4E5A3241-2C29-4591-BB94-01638F7E233C,No,POSSIBLE INJURY,N/A,NOT DISTRACTED,MD,288FA0A8-1877-4CFB-9FB5-964144F665A1,DISABLING,PASSENGER CAR,STOPPED IN TRAFFIC LANE,39.030142,-77.047732,"(39.030142, -77.047732)"
MCP2455000Z,15061742,MONTGOMERY,Property Damage Crash,12/03/2015 12:14:00 PM,Ramp,RAMP 9 FR IS 370 EB TO SHADY GROVE RD,County,SHADY GROVE RD,,N/A,,SAME DIRECTION SIDESWIPE,CLEAR,UNKNOWN,DAYLIGHT,TRAFFIC SIGNAL,N/A,,120E4B8B-56DE-444F-AAE5-8F7F8B7C810A,No,NO APPARENT INJURY,N/A,NOT DISTRACTED,MD,2756E575-857E-49AE-82C6-0A7C6A505786,FUNCTIONAL,TRUCK TRACTOR,STOPPED IN TRAFFIC LANE,39.120533,-77.180242,"(39.120533, -77.180242)"
MCP10480017,16002359,Montgomery County Police,Property Damage Crash,01/13/2016 01:37:00 PM,,,,,PARKING LOT OF,,,OTHER,N/A,,DAYLIGHT,N/A,N/A,,1CF7EC19-1E1E-45C3-81B1-BF0CE542DC25,Yes,NO APPARENT INJURY,N/A,NOT DISTRACTED,MD,D35A3896-5B27-494A-AA23-9DEA12A0A851,SUPERFICIAL,PICKUP TRUCK,BACKING,39.12659,-77.16269,"(39.12659, -77.16269)"
EJ7747000P,15003012,Gaithersburg Police Depar,Injury Crash,01/19/2015 12:36:00 PM,County,MUDDY BRANCH RD,County,DIAMONDBACK DR,,N/A,,STRAIGHT MOVEMENT ANGLE,N/A,DRY,DAYLIGHT,TRAFFIC SIGNAL,NONE DETECTED,,37B04D06-54BB-4013-A557-40DAD2D7CE15,No,SUSPECTED MINOR INJURY,N/A,NOT DISTRACTED,MD,5AC102ED-83CB-4BF1-8051-F42D8E4CF666,DISABLING,PASSENGER CAR,MOVING CONSTANT SPEED,39.115005,-77.21584167,"(39.115005, -77.21584167)"
MCP2659000R,15038581,MONTGOMERY,Property Damage Crash,08/03/2015 08:56:00 AM,US (State),COLUMBIA PIKE,County,LOCKWOOD DR,,N/A,,SAME DIR REAR END,CLEAR,DRY,DAYLIGHT,NO CONTROLS,UNKNOWN,,93AA84C8-9A4C-42FC-AA5F-051049641550,No,NO APPARENT INJURY,N/A,NOT DISTRACTED,US,EFA4D03B-C9C6-4CDA-BC23-B1B84BB5FF51,SUPERFICIAL,(SPORT) UTILITY VEHICLE,STOPPED IN TRAFFIC LANE,39.03384451,-77.00239062,"(39.03384451, -77.00239062)"
MCP2959001P,16031527,Montgomery County Police,Property Damage Crash,06/22/2016 10:08:00 AM,County,RANDOLPH RD,Other Public Roadway,GLENMONT CIR #1,,N/A,,SAME DIR REAR END,CLEAR,DRY,DAYLIGHT,TRAFFIC SIGNAL,NONE DETECTED,,10DAC469-9BB6-42A5-B16A-854A21711774,No,NO APPARENT INJURY,N/A,NOT DISTRACTED,MD,A3F526A3-C512-4E6A-BBB3-DA7D150D9409,SUPERFICIAL,(SPORT) UTILITY VEHICLE,STOPPED IN TRAFFIC LANE,39.05918955,-77.04776421,"(39.05918955, -77.04776421)"
MCP29730020,16044602,Montgomery County Police,Property Damage Crash,09/01/2016 09:27:00 AM,County,GLENALLAN AVE,Maryland (State),LAYHILL RD,,N/A,,SAME DIR REAR END,RAINING,WET,DAYLIGHT,NO CONTROLS,NONE DETECTED,,CD91EB4B-2C49-42FF-940E-71E307D9D58D,Yes,NO APPARENT INJURY,"N/A, WET",LOOKED BUT DID NOT SEE,MD,D6FDF684-4097-4C7F-BC6D-BD324CD4DAE7,DISABLING,PASSENGER CAR,SLOWING OR STOPPING,39.06258222,-77.04854608,"(39.06258222, -77.04854608)"
MCP2082000L,15056866,MONTGOMERY,Property Damage Crash,11/08/2015 12:00:00 AM,,,,,parking lot of 11443 Georgia Ave,,,OTHER,N/A,,DARK LIGHTS ON,NO CONTROLS,ALCOHOL CONTRIBUTED,,570DB496-D436-495E-8FBD-6A8B5CB43D95,Yes,NO APPARENT INJURY,N/A,NOT DISTRACTED,MD,0EC6F10F-D4E4-4937-84BD-13FB6D8166C9,SUPERFICIAL,"OTHER LIGHT TRUCKS (10,000LBS (4,536KG) OR LESS)",PARKING,39.08099167,-77.081295,"(39.08099167, -77.081295)"
MCP27360047,17002620,Montgomery County Police,Property Damage Crash,01/15/2017 04:02:00 PM,Maryland (State),WISCONSIN AVE,County,CORDELL AVE,,N/A,,SAME DIR REAR END,CLEAR,DRY,DAYLIGHT,TRAFFIC SIGNAL,NONE DETECTED,,67DFBF46-C13C-4B1A-B06F-569862F92BDB,No,NO APPARENT INJURY,N/A,NOT DISTRACTED,MD,7565D0CD-E0C5-45BF-AD6B-9251DF704FCE,FUNCTIONAL,PASSENGER CAR,SLOWING OR STOPPING,38.99124267,-77.09529,"(38.99124267, -77.09529)"
MCP2087001J,170508105,Montgomery County Police,Property Damage Crash,05/16/2017 02:01:00 PM,Maryland (State),GEORGIA AVE,County,BEL PRE RD,,N/A,,SAME DIR REAR END,N/A,DRY,DAYLIGHT,TRAFFIC SIGNAL,NONE DETECTED,,BFC022E9-C650-48E8-86CC-767A7BC42757,No,NO APPARENT INJURY,N/A,NOT DISTRACTED,MD,E7BC24FF-CBE9-421A-AE67-8E1BC75254C9,FUNCTIONAL,PASSENGER CAR,STOPPED IN TRAFFIC LANE,39.09196,-77.07974667,"(39.09196, -77.07974667)"
MCP27260010,16009184,Montgomery County Police,Property Damage Crash,02/24/2016 05:50:00 AM,County,RIFFLE FORD RD,Unknown,STRUC #M0140 GREAT SENECA CREEK,,N/A,,SINGLE VEHICLE,RAINING,WET,DARK NO LIGHTS,NO CONTROLS,N/A,,F807237C-0CDD-4713-B3C9-168DB00F8B2B,No,NO APPARENT INJURY,"ANIMAL, WET",NOT DISTRACTED,MD,1EAA825F-BC29-4E8E-B194-27501DEEDDB2,SUPERFICIAL,POLICE VEHICLE/EMERGENCY,MOVING CONSTANT SPEED,39.1318995,-77.26809025,"(39.1318995, -77.26809025)"
MCP2770000Y,16003194,Montgomery County Police,Property Damage Crash,01/17/2016 06:23:00 PM,Municipality,W DEER PARK RD,Municipality,SUMMIT HALL RD,,GAITHERSBURG,,SAME DIRECTION SIDESWIPE,CLOUDY,WET,DUSK,NO CONTROLS,N/A,,FDF6F041-4EB1-47FC-B9F1-A0A5AFA44FEF,Yes,NO APPARENT INJURY,"N/A, WET",UNKNOWN,MD,EC1F2791-23B2-4D90-B014-210452291059,SUPERFICIAL,"CARGO VAN/LIGHT TRUCK 2 AXLES (OVER 10,000LBS (4,536 KG))",ACCELERATING,39.12804616,-77.19504833,"(39.12804616, -77.19504833)"
MCP2546001Q,16041991,Montgomery County Police,Injury Crash,08/18/2016 06:45:00 PM,Maryland (State),VEIRS MILL RD,County,TURKEY BRANCH PKWY,,N/A,,SAME DIR REAR END,N/A,DRY,DAYLIGHT,NO CONTROLS,NONE DETECTED,,361063C5-F36F-408B-BCB7-5655EF3232F4,No,NO APPARENT INJURY,N/A,NOT DISTRACTED,MD,E168FBBD-4528-41BD-A1AB-EADB9EE31311,FUNCTIONAL,PASSENGER CAR,SLOWING OR STOPPING,39.05708,-77.084975,"(39.05708, -77.084975)"
HA2414000B,16000960,Maryland-National Capital,Property Damage Crash,07/29/2016 05:35:00 PM,Government,BEACH DR,County,WEXFORD DR,,N/A,,SAME DIR REND RIGHT TURN,CLEAR,DRY,DAYLIGHT,NO CONTROLS,NONE DETECTED,,8CCA9BD5-7449-4310-AF9A-FF10EB64EE32,No,NO APPARENT INJURY,N/A,NOT DISTRACTED,MD,D772185B-1FA9-43A5-85C0-FF1ACC707D2B,FUNCTIONAL,PASSENGER CAR,SLOWING OR STOPPING,39.03599462,-77.08442867,"(39.03599462, -77.08442867)"
MCP1564001F,16036172,Montgomery County Police,Property Damage Crash,07/17/2016 08:16:00 AM,County,BRIGHTWOOD RD,County,BOWIE MILL RD,,N/A,,OTHER,CLOUDY,WET,DARK LIGHTS ON,NO CONTROLS,NONE DETECTED,,44FB6A5F-2B92-4EC2-A28C-4094D24C88D9,Yes,NO APPARENT INJURY,"N/A, WET",UNKNOWN,MD,6F8AD3B0-0BD6-4D0B-AD72-279692F47D4A,FUNCTIONAL,PASSENGER CAR,MOVING CONSTANT SPEED,39.15624167,-77.09171667,"(39.15624167, -77.09171667)"
MCP3009000M,16062052,Montgomery County Police,Property Damage Crash,12/03/2016 03:28:00 AM,County,WATERS LANDING DR,County,WYNNFIELD DR,,N/A,,SINGLE VEHICLE,CLEAR,DRY,DARK LIGHTS ON,NO CONTROLS,ALCOHOL PRESENT,,D7EDF32B-65DD-4B49-9A2E-BD0260268E82,Yes,NO APPARENT INJURY,N/A,NOT DISTRACTED,XX,5A615879-3B31-4815-BC93-2F3DCC878431,DISABLING,PASSENGER CAR,MOVING CONSTANT SPEED,39.191515,-77.28103167,"(39.191515, -77.28103167)"
MCP1465002F,16056629,Montgomery County Police,Property Damage Crash,11/03/2016 07:01:00 AM,Maryland (State),HUNGERFORD DR,Municipality,MANNAKEE ST,,ROCKVILLE,,HEAD ON LEFT TURN,CLOUDY,DRY,DARK LIGHTS ON,TRAFFIC SIGNAL,NONE DETECTED,,5EE9BFE5-ADE1-43D2-8AC4-472FD390663C,Yes,NO APPARENT INJURY,N/A,NOT DISTRACTED,MD,C283CD20-166B-41D5-BECB-B48E36241911,DISABLING,PASSENGER CAR,MOVING CONSTANT SPEED,39.09663833,-77.15353833,"(39.09663833, -77.15353833)"