Report Number,Local Case Number,Agency Name,ACRS Report Type,Crash Date/Time,Route Type,Road Name,Cross-Street Type,Cross-Street Name,Off-Road Description,Municipality,Related Non-Motorist,Collision Type,Weather,Surface Condition,Light,Traffic Control,Driver Substance Abuse,Non-Motorist Substance Abuse,Person ID,Driver At Fault,Injury Severity,Circumstance,Driver Distracted By,Drivers License State,Vehicle ID,Vehicle Damage Extent,Vehicle Body Type,Vehicle Movement,Latitude,Longitude,Location
MCP1151006H,170512252,Montgomery County Police,Injury Crash,06/07/2017 08:50:00 AM,County,FATHER HURLEY BLVD,Unknown,STRUC #M0251,,N/A,,SAME DIR REAR END,CLOUDY,DRY,DAYLIGHT,NO CONTROLS,NONE DETECTED,,DA1C68D5-79A9-49DC-A3A0-0455B8841D65,No,NO APPARENT INJURY,N/A,NOT DISTRACTED,MD,92644467-B4B2-48FC-BB41-2C10A41F898C,SUPERFICIAL,PASSENGER CAR,STOPPED IN TRAFFIC LANE,39.198525,-77.26206167,"(39.198525, -77.26206167)"
MCP9432001P,170516895,Montgomery County Police,Property Damage Crash,07/02/2017 12:25:00 AM,County,FATHER HURLEY BLVD,Interstate (State),EISENHOWER MEMORIAL HWY,,N/A,,SAME DIR REAR END,CLEAR,DRY,DARK LIGHTS ON,TRAFFIC SIGNAL,NONE DETECTED,,E890A4CA-2C9C-4800-8B8D-A738B8BF0D7E,No,NO APPARENT INJURY,N/A,NOT DISTRACTED,DC,231D4040-EAD9-454B-AE59-E9173AAF759E,FUNCTIONAL,PASSENGER CAR,STOPPED IN TRAFFIC LANE,39.19913167,-77.26070667,"(39.19913167, -77.26070667)"
MCP2910001Y,16002139,Montgomery County Police,Injury Crash,01/12/2016 01:07:00 PM,Maryland (State),COLESVILLE RD,County,WAYNE AVE,,N/A,,SAME DIRECTION SIDESWIPE,CLOUDY,DRY,DAYLIGHT,NO CONTROLS,NONE DETECTED,,B7B64E87-5678-4DCA-8AC8-0B027420E3DC,No,NO APPARENT INJURY,N/A,NOT DISTRACTED,VA,9D9E719E-5DFA-4131-B0F3-CB0BC50EB3D9,SUPERFICIAL,PASSENGER CAR,MOVING CONSTANT SPEED,38.99504,-77.03004167,"(38.99504, -77.03004167)"
MCP9128000W,16061011,Montgomery County Police,Property Damage Crash,11/28/2016 07:42:00 AM,Maryland (State),GEORGIA AVE,County,REGINA DR,,N/A,,STRAIGHT MOVEMENT ANGLE,CLEAR,DRY,DAYLIGHT,STOP SIGN,NONE DETECTED,,3CCA4B97-7BAB-45E9-A5F1-564173EA25A7,No,NO APPARENT INJURY,N/A,NOT DISTRACTED,MD,DACC8006-47D9-43DD-BB36-0747998FAE3A,DISABLING,PASSENGER CAR,MOVING CONSTANT SPEED,39.07391667,-77.066525,"(39.07391667, -77.066525)"
MCP2866003C,17007907,Montgomery County Police,Property Damage Crash,02/13/2017 05:57:00 PM,County,CASHELL RD,County,MACDUFF AVE,,N/A,,SAME DIR REAR END,CLEAR,DRY,DUSK,NO CONTROLS,NONE DETECTED,,9238488B-75B4-40C8-9130-D7B34B781F75,No,NO APPARENT INJURY,"ANIMAL, N/A",NOT DISTRACTED,MD,1CD877DD-3459-44BD-83FC-7C2873FCE313,FUNCTIONAL,PASSENGER CAR,STOPPED IN TRAFFIC LANE,39.13095067,-77.0829065,"(39.13095067, -77.0829065)"
DD5520000B,15059524,ROCKVILLE,Injury Crash,11/21/2015 02:34:00 PM,Maryland (State),NORBECK RD,Municipality,FIRST ST SPUR,,ROCKVILLE,,STRAIGHT MOVEMENT ANGLE,CLEAR,DRY,DAYLIGHT,NO CONTROLS,NONE DETECTED,,5AC2946F-DC52-4E20-A600-D104A4F0D189,Yes,SUSPECTED MINOR INJURY,N/A,UNKNOWN,MD,B8EDD65A-B75E-4E4A-ADD2-C63110A0830A,DISABLING,PASSENGER CAR,MAKING LEFT TURN,39.08651,-77.13524833,"(39.08651, -77.13524833)"
MCP1382001V,15003141,Montgomery County Police,Property Damage Crash,01/20/2015 09:28:00 AM,,,,,PARKING LOT OF 1957 MEDICAL PARK DRIVE,,,STRAIGHT MOVEMENT ANGLE,CLEAR,,DAYLIGHT,NO CONTROLS,NONE DETECTED,,3D56888D-0AE2-4681-A707-7BB24DF1355E,No,NO APPARENT INJURY,N/A,NOT DISTRACTED,MD,67ADA81D-B9FB-4940-8007-59AD40EBB7EB,FUNCTIONAL,PASSENGER CAR,MOVING CONSTANT SPEED,39.023975,-77.04085833,"(39.023975, -77.04085833)"
MCP29690023,16027951,Montgomery County Police,Injury Crash,06/04/2016 08:47:00 AM,Maryland (State),NEW HAMPSHIRE AVE,County,RANDOLPH RD,,N/A,,SAME DIR REAR END,CLEAR,DRY,DAYLIGHT,TRAFFIC SIGNAL,NONE DETECTED,,78B0EDB3-665D-40EB-A616-B09DB8C7FBDC,No,SUSPECTED MINOR INJURY,N/A,NOT DISTRACTED,MD,09866768-78AC-4315-BCFC-1B3038CFB664,SUPERFICIAL,(SPORT) UTILITY VEHICLE,STOPPED IN TRAFFIC LANE,39.07550333,-77.00169333,"(39.07550333, -77.00169333)"
MCP1128003P,15005893,Montgomery County Police,Injury Crash,02/05/2015 02:44:00 PM,County,MARINELLI RD,Unknown,CITADEL AVE,,N/A,,STRAIGHT MOVEMENT ANGLE,CLEAR,DRY,DAYLIGHT,STOP SIGN,NONE DETECTED,,268EBFE6-9B11-4072-B8D3-C5D241547A93,Yes,SUSPECTED SERIOUS INJURY,N/A,UNKNOWN,MD,46ACA66D-293A-4C89-885A-172491AE8716,DISABLING,PASSENGER CAR,MOVING CONSTANT SPEED,39.04779833,-77.10934,"(39.04779833, -77.10934)"
MCP29820019,16056018,Montgomery County Police,Property Damage Crash,10/31/2016 08:07:00 AM,Maryland (State),16TH ST,County,SPRING ST,,N/A,,SAME DIRECTION SIDESWIPE,CLEAR,DRY,DAYLIGHT,NO CONTROLS,NONE DETECTED,,FD6EB59E-BB27-4CB3-BA0B-D8F7EED38942,Yes,NO APPARENT INJURY,N/A,LOOKED BUT DID NOT SEE,MD,5D504709-BD65-4C6B-9D88-8A7BCD3DF774,SUPERFICIAL,PASSENGER CAR,STARTING FROM LANE,38.99696667,-77.035765,"(38.99696667, -77.035765)"
EJ78680009,170526672,Gaithersburg Police Depar,Property Damage Crash,08/24/2017 06:21:00 PM,Municipality,LAKELANDS DR,Maryland (State),GREAT SENECA HWY,,N/A,,SAME DIR REND RIGHT TURN,CLEAR,DRY,DAYLIGHT,TRAFFIC SIGNAL,N/A,,09DC0CCD-B33B-4F75-8E2B-8E18F3CCF54D,No,NO APPARENT INJURY,N/A,NOT DISTRACTED,MD,EC802297-CFAE-4E0C-BE8B-8D9224F30C3B,FUNCTIONAL,(SPORT) UTILITY VEHICLE,SLOWING OR STOPPING,39.120445,-77.22551,"(39.120445, -77.22551)"
MCP2314000K,16051449,Montgomery County Police,Property Damage Crash,10/06/2016 06:37:00 PM,Maryland (State),DARNESTOWN RD,County,COPEN MEADOW DR,,N/A,,HEAD ON LEFT TURN,CLOUDY,DRY,DAYLIGHT,STOP SIGN,NONE DETECTED,,703EAD67-7819-4416-850A-25F7E53B910B,No,NO APPARENT INJURY,N/A,NOT DISTRACTED,MD,DDEA9515-473B-4C43-93F4-FE54F52BB57B,DISABLING,PASSENGER CAR,MOVING CONSTANT SPEED,39.11840667,-77.25893667,"(39.11840667, -77.25893667)"
MCP23000009,16031873,Montgomery County Police,Property Damage Crash,06/23/2016 10:09:00 PM,Maryland (State),WISCONSIN AVE,County,WISCONSIN CIR,,N/A,,SAME DIRECTION RIGHT TURN,CLEAR,N/A,DARK LIGHTS ON,TRAFFIC SIGNAL,NONE DETECTED,,29BDC8E5-3F71-498B-AA47-333B98A31F65,Yes,NO APPARENT INJURY,N/A,NOT DISTRACTED,MD,10273255-3D70-4994-838B-0B5E4E9E62AC,SUPERFICIAL,OTHER,MAKING RIGHT TURN,38.96144333,-77.08638167,"(38.96144333, -77.08638167)"
MCP27230015,15059280,MONTGOMERY,Property Damage Crash,11/20/2015 11:46:00 AM,,,,,parking lot of 18111 Prince Philip Drive,,,HEAD ON,CLEAR,,DAYLIGHT,NO CONTROLS,N/A,,C17E5E67-2CA3-4FA4-A224-B894C980AC57,Yes,NO APPARENT INJURY,N/A,NOT DISTRACTED,MD,2F83F307-1DE6-4A6E-ADEF-F8BCCA4DFEB8,FUNCTIONAL,AMBULANCE/NON EMERGENCY,STARTING FROM PARKED,39.15786167,-77.19146333,"(39.15786167, -77.19146333)"
MCP3005002J,170516783,Montgomery County Police,Property Damage Crash,07/01/2017 10:29:00 AM,,,,,PARKING LOT OF 11241 GEORGIA AVE (CAPITAL ONE BANK),,,OPPOSITE DIRECTION SIDESWIPE,CLEAR,,DAYLIGHT,NO CONTROLS,UNKNOWN,,9F42EA53-CBCD-404A-AA18-09CACE86E936,Unknown,NO APPARENT INJURY,N/A,NOT DISTRACTED,MD,FCFDA091-80B0-4105-A741-ABD48DDE1BB7,FUNCTIONAL,PASSENGER CAR,MOVING CONSTANT SPEED,39.04006964,-77.05080047,"(39.04006964, -77.05080047)"
DD55950040,170504123,Rockville Police Departme,Property Damage Crash,04/25/2017 02:41:00 PM,Maryland (State),W MONTGOMERY AVE,Ramp,RAMP 7 FR MD 28 WB TO IS 270 SB,,N/A,,SAME DIR REAR END,RAINING,WET,DAYLIGHT,NO CONTROLS,NONE DETECTED,,D494C754-8008-4D63-882F-FCFCD2EE0DD1,No,NO APPARENT INJURY,"RAIN, SNOW, WET",NOT DISTRACTED,XX,E93A7E42-C1AC-4595-9209-CF554B29D270,SUPERFICIAL,PASSENGER CAR,STOPPED IN TRAFFIC LANE,39.08605583,-77.17349267,"(39.08605583, -77.17349267)"
DD5606003S,16057391,Rockville Police Departme,Property Damage Crash,11/07/2016 11:13:00 AM,Municipality,LINCOLN AVE,Municipality,N HORNERS LA,,ROCKVILLE,,SAME DIRECTION SIDESWIPE,CLEAR,DRY,DAYLIGHT,NO CONTROLS,NONE DETECTED,,13CCA10F-5342-4027-AFB3-88382A80C4A9,Yes,NO APPARENT INJURY,N/A,LOOKED BUT DID NOT SEE,MD,6C039313-9675-44C5-96EF-3B554D27D017,SUPERFICIAL,(SPORT) UTILITY VEHICLE,MOVING CONSTANT SPEED,39.09228833,-77.14461833,"(39.09228833, -77.14461833)"
MCP24610006,170510318,Montgomery County Police,Injury Crash,05/27/2017 11:31:00 PM,Municipality,RESEARCH BLVD,Municipality,W GUDE DR,,ROCKVILLE,,STRAIGHT MOVEMENT ANGLE,CLEAR,DRY,DARK LIGHTS ON,FLASHING TRAFFIC SIGNAL,N/A,,9035E145-760A-42D7-8812-25093CCD9C26,No,SUSPECTED MINOR INJURY,N/A,NOT DISTRACTED,MD,322499B6-B771-43E1-BFD3-06BDDDDCD402,DISABLING,PASSENGER CAR,MOVING CONSTANT SPEED,39.09969833,-77.18161833,"(39.09969833, -77.18161833)"
MCP3024000D,17014365,Montgomery County Police,Property Damage Crash,03/21/2017 02:08:00 AM,County,STEEPLE RD,County,HOPKINS RD,,N/A,,SAME DIRECTION SIDESWIPE,CLEAR,DRY,DARK LIGHTS ON,NO CONTROLS,ALCOHOL PRESENT,,EECF3134-E514-4EEF-B118-6BE476409B6A,Yes,NO APPARENT INJURY,N/A,UNKNOWN,MD,1CCAF7F9-68C7-4D91-AF30-666BC11DBE86,DISABLING,PASSENGER CAR,MOVING CONSTANT SPEED,39.171155,-77.288975,"(39.171155, -77.288975)"
MCP15310008,16063643,Montgomery County Police,Property Damage Crash,12/11/2016 09:39:00 PM,Maryland (State),RIVER RD,County,BEECH TREE RD,,N/A,,HEAD ON LEFT TURN,CLEAR,DRY,DARK LIGHTS ON,TRAFFIC SIGNAL,NONE DETECTED,,4BBAA180-F4F8-4665-9155-8EA6E95F9C53,Yes,NO APPARENT INJURY,N/A,BY OTHER OCCUPANTS,VA,A53D5DCF-5311-48E5-A1C7-A59CA3EBDAA1,DISABLING,PASSENGER CAR,ACCELERATING,38.98631333,-77.14328333,"(38.98631333, -77.14328333)"
MCP9113001G,16023122,Montgomery County Police,Injury Crash,05/10/2016 08:20:00 AM,Maryland (State),NORBECK RD,County,EMORY LA,,N/A,,SAME DIR REAR END,CLOUDY,DRY,DAYLIGHT,NO CONTROLS,NONE DETECTED,,EED2D6D5-2564-4A0F-830C-DA6EAC9124D5,Yes,NO APPARENT INJURY,N/A,OTHER DISTRACTION,MD,11256D0C-104A-448D-B80F-082F4DF56582,SUPERFICIAL,(SPORT) UTILITY VEHICLE,SLOWING OR STOPPING,39.09919667,-77.10105833,"(39.09919667, -77.10105833)"
MCP2946001G,16028369,Montgomery County Police,Property Damage Crash,06/06/2016 03:29:00 PM,County,RIDGE RD,Maryland (State),FREDERICK RD,,N/A,,SAME DIRECTION SIDESWIPE,CLEAR,DRY,DAYLIGHT,N/A,NONE DETECTED,,9FC9A1DE-CC53-4BAD-A03A-3CEFAEF9802F,No,NO APPARENT INJURY,N/A,NOT DISTRACTED,MD,3B1EE50E-14F9-4697-B0D3-B18DEE4647EF,SUPERFICIAL,SCHOOL BUS,STOPPED IN TRAFFIC LANE,39.204145,-77.248635,"(39.204145, -77.248635)"
MCP91330018,17007068,Montgomery County Police,Property Damage Crash,02/09/2017 10:59:00 AM,Maryland (State),GERMANTOWN RD,County,SENECA MEADOWS PKWY,,N/A,,HEAD ON LEFT TURN,CLOUDY,DRY,DAYLIGHT,TRAFFIC SIGNAL,NONE DETECTED,,EC93AAB4-75F8-4D7A-BA5C-8A1C65D9DA08,Unknown,NO APPARENT INJURY,N/A,UNKNOWN,MD,3D0C045A-CB14-431E-8619-201741AD3350,FUNCTIONAL,PASSENGER CAR,MOVING CONSTANT SPEED,39.18856167,-77.25161667,"(39.18856167, -77.25161667)"
MCP2394002K,170526925,Montgomery County Police,Property Damage Crash,08/25/2017 11:37:00 PM,County,GREY FOX RD,County,GREY FOX LA,,N/A,,SINGLE VEHICLE,CLEAR,DRY,DARK LIGHTS ON,STOP SIGN,NONE DETECTED,,7C975310-FFE2-4EE9-A276-B476E37C7342,Yes,NO APPARENT INJURY,N/A,OTHER DISTRACTION,MD,0510B957-AFC7-481D-B75B-2634523289BC,DISABLING,PASSENGER CAR,MOVING CONSTANT SPEED,39.05881667,-77.21240667,"(39.05881667, -77.21240667)"
MCP2946002G,170509687,Montgomery County Police,Property Damage Crash,05/24/2017 07:50:00 PM,County,PINNACLE DR,County,CENTURY BLVD,,N/A,,SAME DIR REAR END,CLEAR,DRY,DUSK,N/A,NONE DETECTED,,330CB6BA-83F2-4972-8A99-A368171D6752,Yes,NO APPARENT INJURY,N/A,UNKNOWN,MD,12AB6EC6-A6D1-4777-A381-92AB485B6A5F,SUPERFICIAL,PASSENGER CAR,BACKING,39.18199027,-77.2650969,"(39.18199027, -77.2650969)"
MCP28440014,15056045,MONTGOMERY,Property Damage Crash,11/03/2015 06:57:00 PM,Maryland (State),GEORGIA AVE,County,PLYERS MILL RD,,N/A,,SAME DIR REAR END,CLEAR,DRY,DARK LIGHTS ON,TRAFFIC SIGNAL,NONE DETECTED,,3648C9CB-E124-497F-9BBE-32E3681B7B8B,No,NO APPARENT INJURY,N/A,NOT DISTRACTED,VA,1533706A-C31B-457E-90F4-2794C0ECABC8,FUNCTIONAL,PASSENGER CAR,SLOWING OR STOPPING,39.030483,-77.04799,"(39.030483, -77.04799)"
MCP12020018,16014716,MONTGOMERY,Property Damage Crash,03/25/2016 01:57:00 PM,Maryland (State),RIVER RD,County,SPRINGFIELD DR,,N/A,,SINGLE VEHICLE,CLEAR,DRY,DAYLIGHT,NO CONTROLS,NONE DETECTED,,8BB8344D-FC54-441F-9516-26C322402859,No,NO APPARENT INJURY,N/A,NOT DISTRACTED,MD,7D760ABF-D460-4C5A-9C7C-B6AA4611F6F3,DISABLING,PASSENGER CAR,MOVING CONSTANT SPEED,38.97023833,-77.11392833,"(38.97023833, -77.11392833)"
MCP2274000H,15046902,MONTGOMERY,Injury Crash,09/16/2015 02:01:00 PM,Maryland (State),W DIAMOND AVE,Unknown,ENT TO WASHINGTON SUBURBAN SANITARY COMM,,N/A,,SINGLE VEHICLE,CLEAR,UNKNOWN,DAYLIGHT,NO CONTROLS,NONE DETECTED,,B218C369-8BCC-427D-A7F2-20FFA34CA5BD,Yes,SUSPECTED MINOR INJURY,N/A,NOT DISTRACTED,MD,73C13D29-9D7D-4E1D-9061-A6DD3D3C3CBF,FUNCTIONAL,MOTORCYCLE,MAKING RIGHT TURN,39.13979667,-77.20381333,"(39.13979667, -77.20381333)"
MCP2770001J,17001507,Montgomery County Police,Injury Crash,01/09/2017 07:55:00 PM,County,SHADY GROVE RD,County,CRABBS BRANCH WAY,,N/A,,STRAIGHT MOVEMENT ANGLE,CLEAR,DRY,DARK LIGHTS ON,TRAFFIC SIGNAL,NONE DETECTED,,CDACD389-41DA-4ADC-A534-75EF2FAA6B21,Yes,POSSIBLE INJURY,N/A,NOT DISTRACTED,MD,FD118FD9-BCE9-4BB0-A281-9DB1C569BD03,DISABLING,PASSENGER CAR,MAKING RIGHT TURN,39.12884333,-77.16714,"(39.12884333, -77.16714)"
MCP2948001P,170521999,Montgomery County Police,Property Damage Crash,07/30/2017 06:30:00 PM,Maryland (State),UNIVERSITY BLVD W,County,GRANDVIEW AVE,,N/A,,SAME DIRECTION SIDESWIPE,CLEAR,DRY,DAYLIGHT,NO CONTROLS,N/A,,2B9F5D3C-82BA-4F83-B026-27799B34B48C,No,NO APPARENT INJURY,N/A,NOT DISTRACTED,MD,48992723-1566-4DA5-B1D0-7CE533DD67F4,SUPERFICIAL,PASSENGER CAR,MOVING CONSTANT SPEED,39.04102667,-77.05366667,"(39.04102667, -77.05366667)"
MCP25590012,16034356,Montgomery County Police,Property Damage Crash,07/06/2016 08:00:00 PM,,,,,PARKING LOT OF 200 SKIDMORE BLV,,,OPPOSITE DIRECTION SIDESWIPE,N/A,,DARK LIGHTS ON,STOP SIGN,N/A,,85412903-CFAB-44E0-B89D-E671290561C1,No,NO APPARENT INJURY,N/A,NOT DISTRACTED,MD,C9A635D7-8A7A-4223-8A54-731B0C624DE2,FUNCTIONAL,PASSENGER CAR,SLOWING OR STOPPING,39.125915,-77.18039333,"(39.125915, -77.18039333)"
MCP3012000N,16009720,Montgomery County Police,Property Damage Crash,02/27/2016 02:30:00 AM,Maryland (State),GEORGIA AVE,County,WENDY LA,,N/A,,SINGLE VEHICLE,CLEAR,DRY,DARK LIGHTS ON,NO CONTROLS,NONE DETECTED,,F8E792B8-A07F-4D25-A8BC-6B4B83DA2264,Yes,NO APPARENT INJURY,N/A,NOT DISTRACTED,WV,B5C5696C-B42B-43C4-9BA1-436C8D640EE4,DISABLING,PASSENGER CAR,MOVING CONSTANT SPEED,39.07979925,-77.07427919,"(39.07979925, -77.07427919)"
MCP29700023,16062261,Montgomery County Police,Injury Crash,12/04/2016 01:00:00 PM,Maryland (State),GEORGIA AVE,Maryland (State),VEIRS MILL RD,,N/A,,SAME DIR REAR END,CLOUDY,DRY,DAYLIGHT,TRAFFIC SIGNAL,N/A,,B0C0E7E8-B6E5-49D6-95D0-7B2DE76CB708,Yes,NO APPARENT INJURY,N/A,NOT DISTRACTED,MD,159CEE1A-7814-4F6C-9276-25422D5BE5D0,FUNCTIONAL,PASSENGER CAR,MOVING CONSTANT SPEED,39.03573833,-77.04973833,"(39.03573833, -77.04973833)"
MCP2977001H,16022040,Montgomery County Police,Property Damage Crash,05/04/2016 02:43:00 PM,Maryland (State),NEW HAMPSHIRE AVE,County,OAKVIEW DR,,N/A,,SAME DIR REAR END,CLOUDY,DRY,DAYLIGHT,TRAFFIC SIGNAL,N/A,,4EECDB27-5756-4106-8278-8949D557AEFA,No,NO APPARENT INJURY,N/A,NOT DISTRACTED,MD,8CD4623B-4BFF-4ABA-A712-1F81E51A203F,FUNCTIONAL,PICKUP TRUCK,ACCELERATING,39.015585,-76.97798333,"(39.015585, -76.97798333)"
MCP2783000T,16022556,Montgomery County Police,Injury Crash,05/06/2016 10:44:00 AM,Maryland (State),GEORGIA AVE,County,WINDHAM LA,,N/A,,STRAIGHT MOVEMENT ANGLE,RAINING,WET,DARK LIGHTS ON,TRAFFIC SIGNAL,NONE DETECTED,,535DFF64-5DAA-46CB-A3AF-8608A5E2EB7A,No,NO APPARENT INJURY,"RAIN, SNOW, WET",NOT DISTRACTED,VA,AAEE72A4-07A1-4E9D-9D8C-E9EA14C61C53,FUNCTIONAL,PASSENGER CAR,MOVING CONSTANT SPEED,39.031865,-77.048485,"(39.031865, -77.048485)"
MCP2212001T,16048064,Montgomery County Police,Injury Crash,09/19/2016 10:03:00 AM,Maryland (State),NEW HAMPSHIRE AVE,County,TANLEY RD,,N/A,,OTHER,RAINING,WET,DAYLIGHT,NO CONTROLS,NONE DETECTED,,A1F008B4-D4B1-464D-9D32-792C96ACDA2F,No,NO APPARENT INJURY,"RAIN, SNOW, WET",NOT DISTRACTED,VA,87EA40E8-7C18-44CD-BC4D-2726B2EE54F9,DISABLING,PASSENGER CAR,MOVING CONSTANT SPEED,39.05184833,-76.99365167,"(39.05184833, -76.99365167)"
MCP2975000Y,15064809,MONTGOMERY,Property Damage Crash,12/18/2015 09:40:00 PM,County,RANDOLPH RD,County,MIDDLEVALE LA,,N/A,,SAME DIRECTION SIDESWIPE,CLEAR,DRY,DARK LIGHTS ON,TRAFFIC SIGNAL,NONE DETECTED,,13B20894-B0F8-4E64-95BF-57FBC3F6265D,Yes,NO APPARENT INJURY,N/A,UNKNOWN,CA,D41013B9-368E-448C-B3A8-C833AC576138,DISABLING,PASSENGER CAR,MOVING CONSTANT SPEED,39.06407,-77.03962833,"(39.06407, -77.03962833)"
MCP08990016,16020194,Montgomery County Police,Injury Crash,04/24/2016 03:28:00 PM,Maryland (State),WISCONSIN AVE,County,STANFORD ST,,N/A,,SAME DIR REAR END,CLEAR,DRY,DAYLIGHT,TRAFFIC SIGNAL,NONE DETECTED,,29D0CF2E-3DBB-4422-852C-1A8E68323F32,Yes,NO APPARENT INJURY,N/A,LOOKED BUT DID NOT SEE,MD,DD3D667D-FB54-427F-A168-99753647B012,DISABLING,PASSENGER CAR,ACCELERATING,38.97857833,-77.09155333,"(38.97857833, -77.09155333)"
MCP2717006N,16035851,Montgomery County Police,Property Damage Crash,07/15/2016 10:30:00 AM,US (State),COLUMBIA PIKE,County,INDUSTRIAL PKWY,,N/A,,SAME DIR REAR END,CLEAR,DRY,DAYLIGHT,OTHER,NONE DETECTED,,82CC4019-B163-4D70-BBFD-D65BA86B3DFC,Yes,NO APPARENT INJURY,N/A,UNKNOWN,MD,7781DDB8-6237-4E94-8B4D-D327B31D113A,DISABLING,PASSENGER CAR,MOVING CONSTANT SPEED,39.05383167,-76.97529833,"(39.05383167, -76.97529833)"
MCP28490025,16043693,Montgomery County Police,Property Damage Crash,08/27/2016 05:59:00 PM,Maryland (State),GEORGIA AVE,County,BORDLY DR,,N/A,,ANGLE MEETS LEFT TURN,CLEAR,DRY,DAYLIGHT,STOP SIGN,NONE DETECTED,,C6A094A0-3442-468B-B044-9332A00F621E,Yes,NO APPARENT INJURY,N/A,LOOKED BUT DID NOT SEE,MD,29D0F461-9D72-4BC3-8DBA-0DA6FC94AFF3,DISABLING,PASSENGER CAR,STARTING FROM LANE,39.19002333,-77.06548,"(39.19002333, -77.06548)"
MCP2559000W,16025276,Montgomery County Police,Injury Crash,05/21/2016 01:23:00 PM,County,MUDDY BRANCH RD,County,HARMONY HALL RD,,N/A,,SAME DIR REAR END,CLOUDY,WET,DAYLIGHT,NO CONTROLS,NONE DETECTED,,F9DEFA7E-2E92-4DFB-A981-AA1B003C3B5D,Yes,NO APPARENT INJURY,"RAIN, SNOW, WET",UNKNOWN,MD,66DF66FC-0DCD-4AB7-8701-FED9891ECC5E,SUPERFICIAL,PASSENGER CAR,SLOWING OR STOPPING,39.13688438,-77.2054714,"(39.13688438, -77.2054714)"
MCP3005001J,16067093,Montgomery County Police,Property Damage Crash,12/30/2016 09:04:00 AM,County,CADDINGTON AVE,County,LOXFORD TERR,,N/A,,SAME DIRECTION SIDESWIPE,CLEAR,DRY,DAYLIGHT,N/A,NONE DETECTED,,74F9E376-EBA3-481D-B4F7-1B924E0A08CB,No,NO APPARENT INJURY,N/A,NOT DISTRACTED,DC,57124291-EC83-41F7-ADBE-226A2325B9E6,DISABLING,PASSENGER CAR,PARKED,39.03511958,-77.01813385,"(39.03511958, -77.01813385)"
MCP29330013,16033367,Montgomery County Police,Property Damage Crash,07/01/2016 05:38:00 PM,Maryland (State),OLD GEORGETOWN RD,County,BEECH AVE,,N/A,,SAME DIR REAR END,CLEAR,DRY,DAYLIGHT,TRAFFIC SIGNAL,UNKNOWN,,4DDB1CCF-EDBC-4EC0-A0BE-7983352515DA,Yes,NO APPARENT INJURY,N/A,NOT DISTRACTED,MD,29238E25-0087-435C-B63C-7B582912084C,SUPERFICIAL,(SPORT) UTILITY VEHICLE,ACCELERATING,39.01006394,-77.11471081,"(39.01006394, -77.11471081)"
DD56030029,16000523,Rockville Police Departme,Property Damage Crash,01/04/2016 08:47:00 AM,Maryland (State),ROCKVILLE PIKE,Municipality,TALBOTT ST,,ROCKVILLE,,SAME DIR REAR END,CLEAR,DRY,DAYLIGHT,TRAFFIC SIGNAL,NONE DETECTED,,D87E22C1-DDD7-4519-98DB-399541822649,Yes,NO APPARENT INJURY,N/A,LOOKED BUT DID NOT SEE,MD,89150533-6E63-4703-84B0-4DF6FCA1F3F1,DISABLING,PASSENGER CAR,MOVING CONSTANT SPEED,39.06961281,-77.13085771,"(39.06961281, -77.13085771)"
DD5605003X,170518534,Rockville Police Departme,Property Damage Crash,07/11/2017 11:30:00 AM,,,,,"106 ABERDEEN DR, ROCKVILLE, MD, 20850",,,SINGLE VEHICLE,N/A,,DAYLIGHT,NO CONTROLS,UNKNOWN,,590348E7-87C1-4D7A-9E02-8DC33A5BE856,Yes,NO APPARENT INJURY,N/A,UNKNOWN,MD,25F82FCC-48D8-4681-8304-B7BF1FB8A0A3,UNKNOWN,UNKNOWN,UNKNOWN,39.09621233,-77.167512,"(39.09621233, -77.167512)"
MCP2853001X,16029660,Montgomery County Police,Injury Crash,06/12/2016 08:45:00 PM,Maryland (State),PINEY BRANCH RD,Other Public Roadway,CARROLL AVE,,N/A,,SAME DIR REAR END,CLEAR,DRY,N/A,OTHER,N/A,,75D2A87E-551D-4F68-B0D6-84A49E0CA3F6,No,NO APPARENT INJURY,N/A,NOT DISTRACTED,MD,E86A47CD-C33C-4244-8EE8-A4871A0A1DB7,FUNCTIONAL,PASSENGER CAR,SLOWING OR STOPPING,39.00093167,-76.98786167,"(39.00093167, -76.98786167)"
MCP2872001L,17002254,Montgomery County Police,Property Damage Crash,01/13/2017 02:28:00 PM,Municipality,RUSSELL AVE,Unknown,SPUR FR MONTGOMERY VILLAGE AVE,,N/A,,SAME DIR REAR END,CLEAR,DRY,DAYLIGHT,YIELD SIGN,NONE DETECTED,,80AD8427-BF85-4843-A2A8-27796079307D,No,NO APPARENT INJURY,N/A,NOT DISTRACTED,MD,29D19866-073B-49CC-945B-4EDE1278145B,FUNCTIONAL,PASSENGER CAR,ACCELERATING,39.15385167,-77.20906333,"(39.15385167, -77.20906333)"