Report Number,Local Case Number,Agency Name,ACRS Report Type,Crash Date/Time,Route Type,Road Name,Cross-Street Type,Cross-Street Name,Off-Road Description,Municipality,Related Non-Motorist,Collision Type,Weather,Surface Condition,Light,Traffic Control,Driver Substance Abuse,Non-Motorist Substance Abuse,Person ID,Driver At Fault,Injury Severity,Circumstance,Driver Distracted By,Drivers License State,Vehicle ID,Vehicle Damage Extent,Vehicle Body Type,Vehicle Movement,Latitude,Longitude,Location
MCP2784002R,16055382,Montgomery County Police,Property Damage Crash,10/27/2016 08:25:00 AM,,,,,"REAR PARKING LOT OF THE 4TH DISTRICT STATION LOCATED AT 2300 RANDOLPH ROAD WHEATON, MD 20902.",,,UNKNOWN,CLEAR,,UNKNOWN,NO CONTROLS,N/A,,3ACBCAB7-D524-436D-8213-8383D495E4BF,Yes,NO APPARENT INJURY,N/A,UNKNOWN,,20CCCE65-FD55-412A-A420-F6905D69861C,UNKNOWN,,PARKED,39.05834667,-77.04788167,"(39.05834667, -77.04788167)"
EJ7851002S,170529188,Gaithersburg Police Depar,Property Damage Crash,09/07/2017 01:28:00 PM,,,,,FARMER'S MARKET PARKING LOT IN THE AREA OF OLDE TOWNE AVE / FULKS CORNER AVE,,,OTHER,CLEAR,,DAYLIGHT,NO CONTROLS,NONE DETECTED,,22A07EF3-FBB0-4D46-9012-CD588D248437,No,NO APPARENT INJURY,N/A,NOT DISTRACTED,MD,6CAAAE28-64B1-466E-9AE7-FC2B96BEACCA,FUNCTIONAL,PASSENGER CAR,BACKING,39.1405708,-77.19630361,"(39.1405708, -77.19630361)"
MCP2765001K,15041173,MONTGOMERY,Injury Crash,08/17/2015 07:00:00 PM,County,SHADY GROVE RD,County,PINEY MEETINGHOUSE RD,,N/A,,STRAIGHT MOVEMENT ANGLE,CLEAR,DRY,DAYLIGHT,FLASHING TRAFFIC SIGNAL,NONE DETECTED,,B2DDDE86-3363-4E64-A0E0-66F7A2E67CCD,Yes,NO APPARENT INJURY,N/A,UNKNOWN,MD,3F4AD1DC-F2F3-40E0-84C1-2F984A8B22A9,FUNCTIONAL,PASSENGER CAR,UNKNOWN,39.082609,-77.216929,"(39.082609, -77.216929)"
MCP24730008,17004560,Montgomery County Police,Injury Crash,01/26/2017 02:50:00 PM,County,LOCKWOOD DR,Unknown,WHITE OAK SHOPPIING CENTER,,N/A,,STRAIGHT MOVEMENT ANGLE,SEVERE WINDS,DRY,DAYLIGHT,STOP SIGN,NONE DETECTED,,0184A431-D880-4954-8938-A8CC1002626C,No,NO APPARENT INJURY,N/A,NOT DISTRACTED,VA,DEE26685-EC3F-41B1-B765-440D4FE2C739,DISABLING,PASSENGER CAR,STOPPED IN TRAFFIC LANE,39.04392167,-76.99068333,"(39.04392167, -76.99068333)"
EJ78510012,15053765,GAITHERSBURG,Injury Crash,10/23/2015 09:18:00 AM,Municipality,WATKINS MILL RD,Maryland (State),FREDERICK RD,,N/A,,OPPOSITE DIRECTION SIDESWIPE,CLEAR,DRY,DAYLIGHT,STOP SIGN,NONE DETECTED,,B8219D1D-3884-4E3F-A7AB-FE76EE90E23F,No,SUSPECTED MINOR INJURY,N/A,NOT DISTRACTED,MD,253C9CD3-6CBA-4682-85C9-0B964DD27790,FUNCTIONAL,PASSENGER CAR,BACKING,39.16013974,-77.21780419,"(39.16013974, -77.21780419)"
MCP2812001J,15052043,MONTGOMERY,Property Damage Crash,10/13/2015 08:56:00 PM,US (State),COLESVILLE RD,County,FENTON ST,,N/A,,SAME DIRECTION LEFT TURN,CLEAR,DRY,DARK LIGHTS ON,NO CONTROLS,N/A,,44B75621-25AE-4DDB-B80B-B41F6998910E,No,NO APPARENT INJURY,N/A,NOT DISTRACTED,MD,1632CDED-A9AE-4F7A-8D79-4AC138F6F004,FUNCTIONAL,OTHER,MOVING CONSTANT SPEED,38.99684906,-77.02758193,"(38.99684906, -77.02758193)"
MCP2821000X,16033619,Montgomery County Police,Property Damage Crash,07/03/2016 01:29:00 AM,,,,,ENTERANCE TO WATER TOWER OFF WOODFIELD RD AT E. VILLAGE AVE,,,SINGLE VEHICLE,N/A,,DARK LIGHTS ON,NO CONTROLS,NONE DETECTED,,94E8D309-0B9C-4BF3-88E2-0B785BF55677,Yes,NO APPARENT INJURY,N/A,NOT DISTRACTED,MD,09F4B83A-AFA0-496C-A547-5554AF6847C6,FUNCTIONAL,POLICE VEHICLE/NON EMERGENCY,BACKING,39.19188167,-77.15210833,"(39.19188167, -77.15210833)"
MCP27270012,16040512,Montgomery County Police,Injury Crash,08/10/2016 11:39:00 AM,Maryland (State),FREDERICK RD,County,WEST OLD BALTIMORE RD,,N/A,,SAME DIR REND LEFT TURN,CLEAR,DRY,DAYLIGHT,NO CONTROLS,NONE DETECTED,,310E600D-75E9-4D20-BDC6-CB171CB9FE70,No,POSSIBLE INJURY,N/A,NOT DISTRACTED,MD,D26844A4-1EE1-4021-A706-31CABEBCCA54,DISABLING,VAN,MOVING CONSTANT SPEED,39.21549333,-77.25216167,"(39.21549333, -77.25216167)"
MCP2492000T,170529635,Montgomery County Police,Fatal Crash,09/09/2017 08:30:00 PM,Maryland (State),ROCKVILLE PIKE,Municipality,HALPINE RD,,ROCKVILLE,,SAME DIR REAR END,CLEAR,DRY,DARK LIGHTS ON,TRAFFIC SIGNAL,NONE DETECTED,,6A9092F1-4B89-4AE9-A3DA-FD50FFEEB441,No,NO APPARENT INJURY,N/A,NOT DISTRACTED,MD,DC430D12-2C69-4FB2-8E5C-731904AB9F06,DISABLING,TRANSIT BUS,SLOWING OR STOPPING,39.0616617,-77.12377399,"(39.0616617, -77.12377399)"
MCP27280037,17014952,Montgomery County Police,Property Damage Crash,03/23/2017 08:53:00 PM,Maryland (State),PINEY BRANCH RD,Maryland (State),UNIVERSITY BLVD E,,N/A,,SAME DIRECTION SIDESWIPE,CLEAR,DRY,DARK LIGHTS ON,NO CONTROLS,NONE DETECTED,,5523351F-2734-45FC-AF58-CBF44D4346A0,No,NO APPARENT INJURY,N/A,NOT DISTRACTED,VA,2B3C4244-5851-48CA-8BFF-38C13CE03F32,SUPERFICIAL,PASSENGER CAR,STARTING FROM LANE,38.99961731,-76.99548125,"(38.99961731, -76.99548125)"
MCP29640019,16010299,MONTGOMERY,Property Damage Crash,03/01/2016 05:32:00 PM,County,ST JOHNSBURY LA,Other Public Roadway,FENCHURCH CT,,N/A,,HEAD ON,CLEAR,DRY,DAYLIGHT,NO CONTROLS,NONE DETECTED,,D533EF36-68E3-43F7-800F-B0082DAB186A,Yes,NO APPARENT INJURY,N/A,LOOKED BUT DID NOT SEE,MD,FFC68C92-02E4-4AA3-A4F3-387D8ECFDE3A,SUPERFICIAL,VAN,NEGOTIATING A CURVE,39.19793617,-77.25427151,"(39.19793617, -77.25427151)"
MCP2600001N,16003719,Montgomery County Police,Injury Crash,01/20/2016 09:09:00 PM,Maryland (State),PINEY BRANCH RD,Other Public Roadway,KODIAK DR,,N/A,,SAME DIR REAR END,SNOW,SNOW,DARK LIGHTS ON,NO CONTROLS,NONE DETECTED,,2F4E9ACD-5332-4289-8241-D87E463AB660,Yes,NO APPARENT INJURY,"ICY OR SNOW-COVERED, RAIN, SNOW",NOT DISTRACTED,MD,818FBC42-0FD2-4EAD-8505-A44E85946807,SUPERFICIAL,PASSENGER CAR,SLOWING OR STOPPING,38.99981667,-76.99304333,"(38.99981667, -76.99304333)"
MCP2982001F,16057994,Montgomery County Police,Property Damage Crash,11/10/2016 01:11:00 PM,Maryland (State),16TH ST,County,SECOND AVE,,N/A,,SAME DIR REAR END,CLEAR,DRY,DAYLIGHT,TRAFFIC SIGNAL,NONE DETECTED,,60DEC27E-F347-4E44-AA65-DD131A97C619,No,NO APPARENT INJURY,N/A,NOT DISTRACTED,MD,B2DAA905-54A0-4A17-BE86-093370065885,SUPERFICIAL,PASSENGER CAR,ACCELERATING,39.00365,-77.04005,"(39.00365, -77.04005)"
MCP2905002J,170503386,Montgomery County Police,Property Damage Crash,04/21/2017 03:55:00 PM,Maryland (State),RIVER RD,County,BEECH TREE RD,,N/A,,SAME DIR REAR END,CLEAR,DRY,DAYLIGHT,NO CONTROLS,N/A,,052162F1-F967-4AEE-9D40-54CA01BF05BF,No,NO APPARENT INJURY,N/A,NOT DISTRACTED,MD,A8D12176-033C-407D-BE5D-4333007D7C2D,SUPERFICIAL,PASSENGER CAR,SLOWING OR STOPPING,38.986895,-77.14451833,"(38.986895, -77.14451833)"
MCP2687001C,16007181,Montgomery County Police,Property Damage Crash,02/11/2016 09:56:00 PM,Maryland (State),WISCONSIN AVE,County,CHELTENHAM DR,,N/A,,SAME DIR REAR END,CLEAR,DRY,DARK LIGHTS ON,NO CONTROLS,NONE DETECTED,,D1050D3D-9012-4DC6-A467-62FE95804707,No,NO APPARENT INJURY,N/A,NOT DISTRACTED,MD,62931D54-ED42-47CB-8ED1-92DA6728158F,SUPERFICIAL,PASSENGER CAR,SLOWING OR STOPPING,38.98861,-77.09471833,"(38.98861, -77.09471833)"
MCP26270014,170520502,Montgomery County Police,Property Damage Crash,07/22/2017 02:52:00 AM,Maryland (State),OLD GEORGETOWN RD,County,ALTA VISTA RD,,N/A,,SINGLE VEHICLE,CLEAR,DRY,DARK LIGHTS ON,N/A,UNKNOWN,,F3DFC98D-3F29-4E7B-B916-1FD71CF4870F,Yes,NO APPARENT INJURY,N/A,NOT DISTRACTED,MD,6E8B07C5-9459-47D6-ACC3-787FD4DB3E71,FUNCTIONAL,PASSENGER CAR,MOVING CONSTANT SPEED,39.00657912,-77.11189181,"(39.00657912, -77.11189181)"
MCP1220004W,170501350,Montgomery County Police,Injury Crash,04/10/2017 08:15:00 AM,Maryland (State),GEORGIA AVE,US (State),COLESVILLE RD,,N/A,,SAME DIRECTION LEFT TURN,CLEAR,DRY,DAYLIGHT,NO CONTROLS,NONE DETECTED,,4A864195-1AF7-4FC6-8F04-175417B1FAB2,No,POSSIBLE INJURY,N/A,UNKNOWN,MD,5EECBFD5-51E1-44B9-959E-A122679D54A6,SUPERFICIAL,PASSENGER CAR,MOVING CONSTANT SPEED,38.99648114,-77.02874199,"(38.99648114, -77.02874199)"
MCP27180027,16055324,Montgomery County Police,Injury Crash,10/27/2016 03:51:00 PM,County,PARKLAWN DR,County,RANDOLPH RD,,N/A,,SAME DIR REAR END,RAINING,N/A,DAYLIGHT,N/A,N/A,,364F1083-B6B0-4F0F-A2D8-C0887D4C352D,No,NO APPARENT INJURY,"SLEET, HAIL, FREEZ. RAIN, WET",UNKNOWN,MD,04E7763F-A3D1-407D-B97D-99446B83F8D8,DISABLING,PASSENGER CAR,SLOWING OR STOPPING,39.051755,-77.10623,"(39.051755, -77.10623)"
MCP1505000Y,17012351,Montgomery County Police,Property Damage Crash,03/09/2017 07:18:00 AM,Maryland (State),LAYTONSVILLE RD,County,HIPSLEY MILL RD,,N/A,,STRAIGHT MOVEMENT ANGLE,CLEAR,DRY,DAWN,STOP SIGN,N/A,,8298CF81-70C9-4CEB-907F-A21E8E1D3E29,No,NO APPARENT INJURY,N/A,NOT DISTRACTED,MD,838FF2A2-44D7-44F5-9FDD-43A5BB5E4267,DISABLING,PASSENGER CAR,MOVING CONSTANT SPEED,39.25138667,-77.143955,"(39.25138667, -77.143955)"
EJ7780000B,170504013,Gaithersburg Police Depar,Property Damage Crash,04/24/2017 09:41:00 PM,County,SHADY GROVE RD,Maryland (State),FREDERICK RD,,N/A,,SAME DIR REAR END,RAINING,WET,DARK LIGHTS ON,TRAFFIC SIGNAL,N/A,,D42F46AA-CE7D-48C7-90BA-60AB514D6E12,No,NO APPARENT INJURY,N/A,NOT DISTRACTED,MD,1E0233F3-855F-4F8D-8817-48D71614CB32,SUPERFICIAL,(SPORT) UTILITY VEHICLE,N/A,39.12237293,-77.17769042,"(39.12237293, -77.17769042)"
MCP29090010,16033832,Montgomery County Police,Property Damage Crash,07/04/2016 03:02:00 PM,,,,,PARKING LOT OF 7142 ARLINGTON RD,,,STRAIGHT MOVEMENT ANGLE,RAINING,,DAYLIGHT,NO CONTROLS,NONE DETECTED,,19D3F269-BF88-477D-81F2-4258CA86397E,Yes,NO APPARENT INJURY,N/A,UNKNOWN,MD,154B1EF1-45FD-4CB6-9D75-36003F9451E1,FUNCTIONAL,PASSENGER CAR,MOVING CONSTANT SPEED,38.98147167,-77.09888577,"(38.98147167, -77.09888577)"
MCP2867003J,17011772,Montgomery County Police,Injury Crash,03/06/2017 09:56:00 AM,Maryland (State),NEW HAMPSHIRE AVE,County,DILSTON RD,,N/A,,SAME DIRECTION RIGHT TURN,CLEAR,DRY,DAYLIGHT,N/A,NONE DETECTED,,CDDCA5F7-3DA3-4790-94C5-7B5C51B4E3AB,No,POSSIBLE INJURY,N/A,NOT DISTRACTED,MD,0B70AC64-788D-4E5E-9DC1-7DC9F45FC798,SUPERFICIAL,PASSENGER CAR,SLOWING OR STOPPING,39.01256491,-76.978755,"(39.01256491, -76.978755)"
MCP2353003J,17004694,Montgomery County Police,Injury Crash,01/27/2017 09:27:00 AM,County,GROSVENOR LA,Maryland (State),ROCKVILLE PIKE,,N/A,,SAME DIR REAR END,CLEAR,DRY,DAYLIGHT,YIELD SIGN,NONE DETECTED,,02AC20BD-4AE9-4D0B-BB33-4CAC33D18BEE,Yes,NO APPARENT INJURY,N/A,UNKNOWN,MD,357BD648-5D81-451F-A2E1-E97C1810A5DF,SUPERFICIAL,PASSENGER CAR,SLOWING OR STOPPING,39.02244167,-77.10342667,"(39.02244167, -77.10342667)"
MCP21070018,170526622,Montgomery County Police,Injury Crash,08/24/2017 02:22:00 PM,Maryland (State),CLOPPER RD,County,ETERNITY RD,,N/A,,STRAIGHT MOVEMENT ANGLE,CLEAR,DRY,DAYLIGHT,STOP SIGN,NONE DETECTED,,A36893CD-3299-4A9B-B757-C270FCF52FCD,Yes,NO APPARENT INJURY,N/A,LOOKED BUT DID NOT SEE,MD,78673E74-C0EC-441B-94B3-13E2E66D1FB4,DISABLING,PASSENGER CAR,STARTING FROM LANE,39.16995833,-77.29651167,"(39.16995833, -77.29651167)"
MCP9419001F,170511117,Montgomery County Police,Property Damage Crash,06/01/2017 01:32:00 PM,County,E GUDE DR,County,DOVER RD,,N/A,,SAME DIRECTION RIGHT TURN,N/A,DRY,DAYLIGHT,NO CONTROLS,NONE DETECTED,,4B4AA426-8A46-47F3-9AB9-F353F310EAD2,No,NO APPARENT INJURY,N/A,NOT DISTRACTED,MD,0FF5A7B5-9A97-4E59-88CF-9ACCEBC415EF,SUPERFICIAL,(SPORT) UTILITY VEHICLE,MOVING CONSTANT SPEED,39.10651983,-77.1519775,"(39.10651983, -77.1519775)"
MCP2973003M,170526994,Montgomery County Police,Injury Crash,08/26/2017 11:00:00 AM,Maryland (State),NORBECK RD,County,BAUER DR,,N/A,,STRAIGHT MOVEMENT ANGLE,N/A,DRY,DAYLIGHT,TRAFFIC SIGNAL,NONE DETECTED,,6277009B-3922-4755-BA3E-527FA130FC2A,No,POSSIBLE INJURY,N/A,NOT DISTRACTED,MD,10D899B4-A76B-4463-BA29-115495A1101E,DISABLING,PASSENGER CAR,MOVING CONSTANT SPEED,39.096265,-77.11014667,"(39.096265, -77.11014667)"
DD55380032,170521995,Rockville Police Departme,Property Damage Crash,07/30/2017 05:42:00 PM,Municipality,W GUDE DR,Maryland (State),FREDERICK RD,,N/A,,STRAIGHT MOVEMENT ANGLE,CLEAR,DRY,DAYLIGHT,TRAFFIC SIGNAL,NONE DETECTED,,D4BB73B8-E617-4F68-ACC2-81F319194552,Yes,NO APPARENT INJURY,N/A,LOOKED BUT DID NOT SEE,XX,992047A8-A1B1-446C-8193-5AC286F978D6,DISABLING,PASSENGER CAR,MAKING RIGHT TURN,39.10669,-77.15885,"(39.10669, -77.15885)"
MCP2683000K,15007439,Montgomery County Police,Property Damage Crash,02/14/2015 06:49:00 AM,County,SHADY GROVE RD,County,OAKMONT AVE,,N/A,,SINGLE VEHICLE,N/A,DRY,DAWN,NO CONTROLS,NONE DETECTED,,489995A9-B108-4F98-90F3-A30E2217260B,Yes,NO APPARENT INJURY,N/A,NOT DISTRACTED,MD,9A016DC8-3C91-4277-B698-58BE424C8FCD,DISABLING,PASSENGER CAR,MOVING CONSTANT SPEED,39.127325,-77.17262833,"(39.127325, -77.17262833)"
MCP2813002P,16052130,Montgomery County Police,Injury Crash,10/10/2016 04:54:00 PM,,,,,PARKING LOT OF 2601 UNIVERSITY BLVD W,,PEDESTRIAN,SINGLE VEHICLE,CLEAR,,DAYLIGHT,NO CONTROLS,N/A,N/A,7CB8BB9A-DBC5-4A68-AEC3-2A01C25A3FC8,Yes,NO APPARENT INJURY,N/A,LOOKED BUT DID NOT SEE,MD,216D8C73-138E-4889-AB82-BB877F170BDF,NO DAMAGE,PASSENGER CAR,ACCELERATING,39.04161333,-77.05368,"(39.04161333, -77.05368)"
MCP2362001S,170513618,Montgomery County Police,Property Damage Crash,06/14/2017 12:00:00 AM,,HAMPSHIRE GREEN LN,,MT PISGAH LN,,N/A,,UNKNOWN,CLEAR,DRY,UNKNOWN,N/A,UNKNOWN,,F8E17F14-FA85-42CF-A529-C94915214E14,Yes,NO APPARENT INJURY,N/A,UNKNOWN,,FEF6F607-5A3B-4D03-9FA3-4D605FF30F2F,UNKNOWN,PASSENGER CAR,UNKNOWN,39.015949,-76.97424,"(39.015949, -76.97424)"
EJ78650005,16038601,Gaithersburg Police Depar,Property Damage Crash,07/30/2016 05:53:00 PM,Municipality,BANK ST,Maryland (State),QUINCE ORCHARD RD,,N/A,,STRAIGHT MOVEMENT ANGLE,RAINING,WET,DAYLIGHT,STOP SIGN,NONE DETECTED,,CB8C81AB-0E5D-4D4C-BB0E-D46684F665EB,Yes,NO APPARENT INJURY,"RAIN, SNOW, WET",NOT DISTRACTED,MD,D02B0AF8-22BE-4260-8064-54CF4EA55750,FUNCTIONAL,PASSENGER CAR,MOVING CONSTANT SPEED,39.14046167,-77.22292,"(39.14046167, -77.22292)"
MCP21160063,17031988,Montgomery County Police,Injury Crash,03/16/2017 03:16:00 PM,County,SEVEN LOCKS RD,County,SEVEN HILL LA,,N/A,,SAME DIR REAR END,CLEAR,DRY,DAYLIGHT,NO CONTROLS,NONE DETECTED,,9F9948F6-99E3-43A7-A8CC-5D5B9BF48BC2,Yes,POSSIBLE INJURY,N/A,UNKNOWN,MD,2FBF6E6F-E459-4FC0-9093-B33FEC7798EF,FUNCTIONAL,PASSENGER CAR,MOVING CONSTANT SPEED,39.03722833,-77.15898833,"(39.03722833, -77.15898833)"
EJ78530019,15061182,GAITHERSBURG,Property Damage Crash,11/30/2015 06:07:00 PM,Maryland (State),FREDERICK RD,Municipality,MONTGOMERY AVE,,GAITHERSBURG,,STRAIGHT MOVEMENT ANGLE,RAINING,WET,DARK LIGHTS ON,STOP SIGN,NONE DETECTED,,87DAFF19-C2BB-4CBC-BB09-13F9F9CEBFB0,No,NO APPARENT INJURY,"N/A, WET",NOT DISTRACTED,MD,89DB507C-F72F-4721-B029-15B3B9CBA4CF,DISABLING,PASSENGER CAR,MOVING CONSTANT SPEED,39.14579333,-77.203775,"(39.14579333, -77.203775)"
MCP1378004C,15006079,Montgomery County Police,Property Damage Crash,02/06/2015 02:38:00 PM,County,SHADY GROVE RD,Maryland (State),MUNCASTER MILL RD,,N/A,,SAME DIRECTION SIDESWIPE,CLOUDY,DRY,DAYLIGHT,TRAFFIC SIGNAL,NONE DETECTED,,D012D839-5568-4B9B-AC4A-DBFF900F02D7,No,NO APPARENT INJURY,N/A,NOT DISTRACTED,MD,6A630AFA-651F-4D72-9420-52D515F7B7CB,NO DAMAGE,SCHOOL BUS,STOPPED IN TRAFFIC LANE,39.14884167,-77.14692,"(39.14884167, -77.14692)"
MCP2823001R,15065801,MONTGOMERY,Injury Crash,12/23/2015 05:39:00 PM,County,RANDOLPH RD,County,SELFRIDGE RD,,N/A,,HEAD ON LEFT TURN,RAINING,WET,DARK LIGHTS ON,TRAFFIC SIGNAL,NONE DETECTED,,12498D89-47BF-4D05-A65B-CA135D373170,No,NO APPARENT INJURY,"RAIN, SNOW, WET",NOT DISTRACTED,MD,0832906E-C8DA-4302-AE87-695508C572C1,FUNCTIONAL,PASSENGER CAR,MOVING CONSTANT SPEED,39.05572667,-77.083425,"(39.05572667, -77.083425)"
MCP23480025,16060327,Montgomery County Police,Injury Crash,11/23/2016 07:13:00 PM,,,,,DRIVEWAY OF 10820 GEORGIA AVE.,,PEDESTRIAN,SINGLE VEHICLE,CLEAR,,DARK LIGHTS ON,NO CONTROLS,NONE DETECTED,NONE DETECTED,0D8E92A9-2F9B-4303-A5B9-DE4E1093A139,Yes,SUSPECTED MINOR INJURY,N/A,NOT DISTRACTED,MD,4C908C5A-0173-47F3-8565-397C8577DD64,NO DAMAGE,PASSENGER CAR,STARTING FROM LANE,39.03336333,-77.04893667,"(39.03336333, -77.04893667)"
MCP2559000L,16007524,Montgomery County Police,Injury Crash,02/14/2016 06:25:00 AM,US (State),COLUMBIA PIKE,Ramp,RAMP 6 FR US 29 EB TO MD 650 SB,,N/A,,OTHER,CLEAR,DRY,DUSK,NO CONTROLS,NONE DETECTED,,2273C0A5-0409-44AA-82F3-002B6582B699,No,NO APPARENT INJURY,N/A,NOT DISTRACTED,MD,23EA2437-1AC8-48A3-AB18-DF380951A3F2,SUPERFICIAL,PASSENGER CAR,MOVING CONSTANT SPEED,39.04232789,-76.99348167,"(39.04232789, -76.99348167)"
MCP29730021,16044663,Montgomery County Police,Injury Crash,09/01/2016 02:10:00 PM,Maryland (State),GEORGIA AVE,County,RALPH RD,,N/A,,STRAIGHT MOVEMENT ANGLE,CLOUDY,DRY,DAYLIGHT,NO CONTROLS,NONE DETECTED,,18ADCE50-3194-487E-BB84-74E14A7B5E22,Yes,NO APPARENT INJURY,N/A,LOOKED BUT DID NOT SEE,MD,B0E372E7-6B06-48E3-BB14-10A8A5F17206,FUNCTIONAL,PASSENGER CAR,MAKING LEFT TURN,39.07817726,-77.07198858,"(39.07817726, -77.07198858)"
MCP1291000D,15001584,Montgomery County Police,Injury Crash,01/10/2015 05:26:00 PM,County,MUDDY BRANCH RD,Municipality,WEST SIDE DR,,GAITHERSBURG,,SAME DIR REAR END,CLEAR,DRY,DUSK,TRAFFIC SIGNAL,N/A,,D8CCFEC2-D393-4B5C-8C1B-EB8C67BEBE08,No,POSSIBLE INJURY,N/A,NOT DISTRACTED,MD,0AEFCA6A-BFDB-4480-BE0A-0E48166DD67D,FUNCTIONAL,(SPORT) UTILITY VEHICLE,STOPPED IN TRAFFIC LANE,39.126075,-77.21181,"(39.126075, -77.21181)"
DD5502002V,16065095,Rockville Police Departme,Injury Crash,12/19/2016 06:10:00 PM,County,E JEFFERSON ST,Unknown,ENT TO FEDERAL PLAZA SC,,N/A,,STRAIGHT MOVEMENT ANGLE,CLEAR,DRY,DARK LIGHTS ON,NO CONTROLS,NONE DETECTED,,5094A724-4B24-4246-BC04-09D1BCF2D7A5,No,POSSIBLE INJURY,N/A,NOT DISTRACTED,MD,84BBDBA5-158B-4AF2-9366-C122C774BAFC,FUNCTIONAL,PASSENGER CAR,MOVING CONSTANT SPEED,39.05719333,-77.12658,"(39.05719333, -77.12658)"
MCP27190013,16030887,Montgomery County Police,Injury Crash,06/18/2016 04:52:00 PM,Maryland (State),GEORGIA AVE,Maryland (State),UNIVERSITY BLVD W,,N/A,,SAME DIR REAR END,CLEAR,DRY,DAYLIGHT,NO CONTROLS,N/A,,AF6BC151-CB4D-4444-ABE6-85EAB0FF0192,No,SUSPECTED MINOR INJURY,N/A,NOT DISTRACTED,TX,CC8D676D-A8BD-45FC-A3C0-77E5915DB5E5,FUNCTIONAL,PASSENGER CAR,STOPPED IN TRAFFIC LANE,39.04102248,-77.05168161,"(39.04102248, -77.05168161)"
MCP30420015,170526023,Montgomery County Police,Property Damage Crash,08/21/2017 01:00:00 PM,Maryland (State),VEIRS MILL RD,Maryland (State),UNIVERSITY BLVD W,,N/A,,SAME DIRECTION SIDESWIPE,CLEAR,DRY,DAYLIGHT,NO CONTROLS,NONE DETECTED,,F12B67B0-0FFC-4A81-92ED-757BB33363F3,No,NO APPARENT INJURY,N/A,NOT DISTRACTED,MD,F3935800-D331-4687-9E2B-5F3BABA46656,SUPERFICIAL,PASSENGER CAR,STARTING FROM LANE,39.0406363,-77.05680728,"(39.0406363, -77.05680728)"
MCP2736003D,16014741,MONTGOMERY,Property Damage Crash,03/25/2016 05:03:00 PM,Maryland (State),EAST WEST HWY,County,JONES MILL RD,,N/A,,OPPOSITE DIRECTION SIDESWIPE,CLEAR,DRY,DAYLIGHT,NO CONTROLS,NONE DETECTED,,B66C93F8-BEB2-4E0D-9618-5B1B90161EEC,Yes,NO APPARENT INJURY,N/A,NOT DISTRACTED,MD,ED50ED32-1333-48A3-B8E3-123573074D7D,DISABLING,PASSENGER CAR,MOVING CONSTANT SPEED,38.992985,-77.062195,"(38.992985, -77.062195)"
MCP2286000R,15050750,MONTGOMERY,Injury Crash,10/07/2015 06:55:00 AM,County,DARNESTOWN RD,County,TRAVILLE  GATEWAY DR,,N/A,,HEAD ON LEFT TURN,CLEAR,DRY,DUSK,TRAFFIC SIGNAL,NONE DETECTED,,8BAB9B34-7A5E-43CE-AB25-CDBDF52A3F4F,Yes,NO APPARENT INJURY,N/A,LOOKED BUT DID NOT SEE,VA,46157F46-4858-4BFA-BEDE-CDE2E59CFE96,DISABLING,PASSENGER CAR,MOVING CONSTANT SPEED,39.09611333,-77.20155833,"(39.09611333, -77.20155833)"
MCP2726001L,16059838,Montgomery County Police,Injury Crash,11/21/2016 09:01:00 AM,Maryland (State),FALLS RD,Ramp,RAMP 5 FR RAMP 8 (FR IS270) TO MD 189 EB,,N/A,,SAME DIR REAR END,CLEAR,DRY,DAYLIGHT,NO CONTROLS,N/A,,C9B47755-BC2F-4D29-B188-8C8E4B887673,Yes,SUSPECTED MINOR INJURY,N/A,LOOKED BUT DID NOT SEE,MD,90D8E60F-5CE4-4A7B-AB81-268174979E76,DISABLING,PASSENGER CAR,CHANGING LANES,39.07454333,-77.16387833,"(39.07454333, -77.16387833)"
MCP28770017,15020587,MONTGOMERY,Property Damage Crash,05/01/2015 02:30:00 PM,US (State),GEORGIA AVE,County,WAYNE AVE,,N/A,,SAME DIRECTION SIDESWIPE,CLOUDY,DRY,DAYLIGHT,TRAFFIC SIGNAL,NONE DETECTED,,C86D2F40-C8A1-4E6F-9A8B-EAFCA6CF2A91,No,NO APPARENT INJURY,N/A,NOT DISTRACTED,MD,1344D503-2905-4000-BECA-7725D2EE4E52,FUNCTIONAL,PASSENGER CAR,STOPPED IN TRAFFIC LANE,38.9943809,-77.02675581,"(38.9943809, -77.02675581)"
MCP20610006,16052446,Montgomery County Police,Property Damage Crash,10/12/2016 11:00:00 AM,Maryland (State),FREDERICK RD,Unknown,ENT TO MONT CO WASTE TRANSFER STATION,,N/A,,HEAD ON LEFT TURN,CLEAR,DRY,DAYLIGHT,TRAFFIC SIGNAL,N/A,,51357E77-743F-47AC-8533-F328632903EF,Yes,NO APPARENT INJURY,N/A,NOT DISTRACTED,MD,8D47F603-DB39-4263-8BC3-DF5E7FFC047F,DISABLING,PASSENGER CAR,MAKING U TURN,39.14544691,-77.41474271,"(39.14544691, -77.41474271)"
MCP15540015,16001627,Montgomery County Police,Property Damage Crash,01/09/2016 02:40:00 PM,County,WARFIELD RD,County,DORSEY RD,,N/A,,SINGLE VEHICLE,RAINING,WET,DAYLIGHT,STOP SIGN,NONE DETECTED,,17D0A015-2C78-474C-B6D0-FF1CF8205241,Yes,NO APPARENT INJURY,"N/A, WET",NOT DISTRACTED,MD,3291A3A3-B9CA-446F-BF76-0183F28D7B7C,DISABLING,PASSENGER CAR,SKIDDING,39.19799167,-77.144005,"(39.19799167, -77.144005)"