Report Number,Local Case Number,Agency Name,ACRS Report Type,Crash Date/Time,Route Type,Road Name,Cross-Street Type,Cross-Street Name,Off-Road Description,Municipality,Related Non-Motorist,Collision Type,Weather,Surface Condition,Light,Traffic Control,Driver Substance Abuse,Non-Motorist Substance Abuse,Person ID,Driver At Fault,Injury Severity,Circumstance,Driver Distracted By,Drivers License State,Vehicle ID,Vehicle Damage Extent,Vehicle Body Type,Vehicle Movement,Latitude,Longitude,Location
MCP2177000N,15046853,MONTGOMERY,Property Damage Crash,09/16/2015 09:48:00 AM,Maryland (State),FREDERICK RD,Municipality,W GUDE DR,,ROCKVILLE,,SAME DIR REAR END,CLEAR,DRY,DAYLIGHT,TRAFFIC SIGNAL,NONE DETECTED,,4901C236-B598-411A-A652-D2CF85FDFCD4,Yes,NO APPARENT INJURY,N/A,LOOKED BUT DID NOT SEE,MD,B841F939-7B42-4172-82A6-3A2D76BE1946,DISABLING,PASSENGER CAR,CHANGING LANES,39.13006024,-76.65710449,"(39.13006024, -76.65710449)"
MCP27830014,16057838,Montgomery County Police,Property Damage Crash,11/09/2016 04:49:00 PM,County,RANDOLPH RD,Maryland (State),NEW HAMPSHIRE AVE,,N/A,,SAME DIRECTION LEFT TURN,N/A,N/A,DAYLIGHT,OTHER,NONE DETECTED,,F1582CB1-36E2-4866-8F16-46CDB5585758,No,NO APPARENT INJURY,"N/A, WET",NOT DISTRACTED,MD,84C379EA-FFAC-4985-B5F7-E166EEC122FA,NO DAMAGE,PICKUP TRUCK,MOVING CONSTANT SPEED,39.07578482,-77.00169325,"(39.07578482, -77.00169325)"
MCP2767003G,170527824,Montgomery County Police,Property Damage Crash,08/30/2017 05:50:00 PM,Maryland (State),GEORGIA AVE,County,BLUERIDGE AVE,,N/A,,SAME DIRECTION SIDESWIPE,CLEAR,DRY,DAYLIGHT,TRAFFIC SIGNAL,NONE DETECTED,,59AFABAC-9B2F-484C-BFA1-B3A2205C87F9,Yes,NO APPARENT INJURY,N/A,LOOKED BUT DID NOT SEE,MD,708201DF-B1CE-4325-A128-8C21CBF55B10,FUNCTIONAL,PASSENGER CAR,CHANGING LANES,39.04316951,-77.05209732,"(39.04316951, -77.05209732)"
MCP9390000G,15067140,MONTGOMERY,Property Damage Crash,12/31/2015 02:51:00 PM,Interstate (State),EISENHOWER MEMORIAL HWY,Unknown,EXIT #11,,N/A,,SAME DIR REAR END,CLEAR,DRY,DAYLIGHT,N/A,N/A,,0446AAD4-1C8A-4E92-A306-1442CF2C1ECB,No,NO APPARENT INJURY,N/A,NOT DISTRACTED,MD,09487E70-8528-424A-A787-5DBF9FAD866F,N/A,PASSENGER CAR,SLOWING OR STOPPING,39.1531,-77.22159,"(39.1531, -77.22159)"
MCP1220003J,16015159,Montgomery County Police,Injury Crash,03/28/2016 01:48:00 PM,County,PHILADELPHIA AVE,County,FENTON ST,,N/A,,SAME DIR REAR END,CLEAR,DRY,DAYLIGHT,TRAFFIC SIGNAL,NONE DETECTED,,8735131F-E5ED-4462-A68E-37CABE55414A,No,SUSPECTED MINOR INJURY,N/A,NOT DISTRACTED,TX,854C9260-4B00-4890-B740-2BC26A85B2EE,SUPERFICIAL,PASSENGER CAR,STOPPED IN TRAFFIC LANE,38.98860833,-77.02372167,"(38.98860833, -77.02372167)"
MCP27400018,15056828,MONTGOMERY,Property Damage Crash,11/07/2015 08:44:00 PM,Maryland (State),GEORGIA AVE,County,FOREST GLEN RD,,N/A,,OTHER,N/A,DRY,DARK LIGHTS ON,N/A,N/A,,4DF4A3FD-45F3-4ADC-B5E3-325BB9DE468F,No,NO APPARENT INJURY,N/A,NOT DISTRACTED,MD,AC4B022B-EDFE-44CE-8A89-F4A01384F6EA,SUPERFICIAL,PASSENGER CAR,MOVING CONSTANT SPEED,39.01608278,-77.04294562,"(39.01608278, -77.04294562)"
MCP06850034,170517366,Montgomery County Police,Injury Crash,07/05/2017 08:02:00 AM,Maryland (State),FREDERICK RD,County,INDIANOLA DR,,N/A,,OTHER,CLOUDY,DRY,DAYLIGHT,TRAFFIC SIGNAL,NONE DETECTED,,BDB43643-3162-4D11-9123-4C6D6CA323A1,Yes,SUSPECTED MINOR INJURY,N/A,NOT DISTRACTED,MD,2C472595-6596-45E2-AFB4-6127DA8482A4,DISABLING,PASSENGER CAR,MOVING CONSTANT SPEED,39.11164667,-77.161245,"(39.11164667, -77.161245)"
MCP2818001T,16027204,Montgomery County Police,Property Damage Crash,05/31/2016 06:16:00 PM,County,DIXON AVE,County,BONIFANT ST,,N/A,,STRAIGHT MOVEMENT ANGLE,CLEAR,DRY,DAYLIGHT,STOP SIGN,NONE DETECTED,,909FAE97-F11E-4F9D-B91A-211BF62B490C,Yes,NO APPARENT INJURY,N/A,NOT DISTRACTED,MD,5CD3A238-5C19-4876-98D1-8081575A5D9A,DISABLING,PASSENGER CAR,MOVING CONSTANT SPEED,38.99355,-77.02782667,"(38.99355, -77.02782667)"
MCP2244000W,16010308,MONTGOMERY,Property Damage Crash,03/01/2016 06:05:00 PM,Maryland (State),NEW HAMPSHIRE AVE,County,OAKVIEW DR,,N/A,,SAME DIRECTION SIDESWIPE,CLEAR,DRY,DUSK,N/A,NONE DETECTED,,DDAB6055-8953-457C-BAF5-2511EEAB660E,Yes,NO APPARENT INJURY,N/A,NOT DISTRACTED,MD,955C828C-D392-4C22-ADB4-2DE6C0BBC190,SUPERFICIAL,TRANSIT BUS,CHANGING LANES,39.01515331,-76.97779879,"(39.01515331, -76.97779879)"
MCP2353001R,15053401,MONTGOMERY,Property Damage Crash,10/21/2015 11:07:00 AM,,,,,Parking Lot of Giant Food 9812 River Rd,,,STRAIGHT MOVEMENT ANGLE,CLEAR,,DAYLIGHT,NO CONTROLS,NONE DETECTED,,076E5098-6CEF-4AC1-940A-5EA6035329F7,Yes,NO APPARENT INJURY,N/A,UNKNOWN,VA,99CC9546-B067-47D6-B605-28FB3CAAFA46,SUPERFICIAL,OTHER,STARTING FROM PARKED,39.018415,-77.21102167,"(39.018415, -77.21102167)"
MCP2770001J,17001507,Montgomery County Police,Injury Crash,01/09/2017 07:55:00 PM,County,SHADY GROVE RD,County,CRABBS BRANCH WAY,,N/A,,STRAIGHT MOVEMENT ANGLE,CLEAR,DRY,DARK LIGHTS ON,TRAFFIC SIGNAL,NONE DETECTED,,EDD1880F-AF32-4A48-9819-0EB51FA2486A,No,NO APPARENT INJURY,N/A,NOT DISTRACTED,MD,1041E1D5-4A29-4BF7-BC34-6E272A182DCF,SUPERFICIAL,"CARGO VAN/LIGHT TRUCK 2 AXLES (OVER 10,000LBS (4,536 KG))",MOVING CONSTANT SPEED,39.12884333,-77.16714,"(39.12884333, -77.16714)"
MCP2631001H,170515253,Montgomery County Police,Property Damage Crash,06/22/2017 06:15:00 PM,,,,,PARKING LOT OF 10134 RIVER ROAD,,,OTHER,CLEAR,,DAYLIGHT,N/A,UNKNOWN,,0E4DB852-A918-44C6-9E56-B8D11C239A79,Yes,NO APPARENT INJURY,N/A,UNKNOWN,,0DC424E1-BC78-4318-9998-7F371BC4C508,UNKNOWN,PASSENGER CAR,PARKING,39.01698,-77.20915,"(39.01698, -77.20915)"
MCP1305000D,16000905,Montgomery County Police,Injury Crash,01/06/2016 09:03:00 AM,Maryland (State),WOODFIELD RD,County,BRENISH DR,,N/A,,SAME DIR REAR END,CLEAR,DRY,DAYLIGHT,NO CONTROLS,NONE DETECTED,,4F7B6E27-C137-4FEF-80A8-BCFE97479F96,No,SUSPECTED MINOR INJURY,N/A,NOT DISTRACTED,MD,534F71E6-EBFC-45AE-BD8C-A568D52FF97A,SUPERFICIAL,PASSENGER CAR,SLOWING OR STOPPING,39.17864701,-77.15063095,"(39.17864701, -77.15063095)"
MCP2052000L,15044862,MONTGOMERY,Property Damage Crash,09/06/2015 12:16:00 AM,County,GLENALLAN AVE,County,HEURICH RD,,N/A,,SINGLE VEHICLE,CLEAR,DRY,DARK LIGHTS ON,NO CONTROLS,ALCOHOL CONTRIBUTED,,718AED7C-83C7-4378-A553-F278CE2F1037,Yes,NO APPARENT INJURY,N/A,UNKNOWN,MD,85457754-8840-41F3-8D47-E9429A54E7AF,FUNCTIONAL,"OTHER LIGHT TRUCKS (10,000LBS (4,536KG) OR LESS)",UNKNOWN,39.31358,-77.255445,"(39.31358, -77.255445)"
MCP29950019,16067372,Montgomery County Police,Property Damage Crash,12/31/2016 08:41:00 PM,County,ADRIAN ST,County,PARKLAND DR,,N/A,,SAME DIRECTION SIDESWIPE,N/A,N/A,DUSK,NO CONTROLS,UNKNOWN,,AD254FAE-E017-4DFB-855B-D63B9312D1F0,Yes,NO APPARENT INJURY,N/A,UNKNOWN,,AB8ABC18-9C32-4FC7-8120-5430652D38D5,N/A,PASSENGER CAR,MOVING CONSTANT SPEED,39.06235626,-77.09190398,"(39.06235626, -77.09190398)"
MCP2981000C,16001539,Montgomery County Police,Property Damage Crash,01/09/2016 01:56:00 AM,Maryland (State),WISCONSIN AVE,Maryland (State),BRADLEY LA,,N/A,,HEAD ON LEFT TURN,N/A,WET,DARK LIGHTS ON,TRAFFIC SIGNAL,NONE DETECTED,,E2C3D6D3-7110-4EC7-8950-7F22D77383C9,No,NO APPARENT INJURY,"N/A, WET",NOT DISTRACTED,MD,B50E390A-0F3B-412F-ABE5-A61DFDFD0651,DISABLING,PASSENGER CAR,MAKING LEFT TURN,38.97721,-77.09076833,"(38.97721, -77.09076833)"
MCP2094008N,170513365,Montgomery County Police,Injury Crash,06/13/2017 09:34:00 AM,County,PARKLAWN DR,Other Public Roadway,PARKLAWN TERR,,N/A,,HEAD ON LEFT TURN,CLEAR,DRY,DAYLIGHT,NO CONTROLS,NONE DETECTED,,F7500756-5F16-44B4-A065-22E8CB3C788D,No,NO APPARENT INJURY,N/A,NOT DISTRACTED,MD,DFDDD095-A6F5-4D4F-BB18-2C4923B3F900,DISABLING,(SPORT) UTILITY VEHICLE,MOVING CONSTANT SPEED,39.05065167,-77.10442167,"(39.05065167, -77.10442167)"
EJ78260022,170506993,Gaithersburg Police Depar,Injury Crash,05/10/2017 09:10:00 AM,County,SAM EIG HWY,County,DIAMONDBACK DR,,N/A,,SAME DIR REAR END,CLEAR,DRY,DAYLIGHT,TRAFFIC SIGNAL,N/A,,4896FD8A-6920-4D0D-9F05-ABD9408B7B51,No,POSSIBLE INJURY,N/A,NOT DISTRACTED,MD,8CDE2B85-2A02-490F-8D4C-8B116C60F428,FUNCTIONAL,PASSENGER CAR,STOPPED IN TRAFFIC LANE,39.11391333,-77.20972167,"(39.11391333, -77.20972167)"
MCP2874000S,15049797,MONTGOMERY,Property Damage Crash,10/01/2015 04:25:00 PM,Maryland (State),UNIVERSITY BLVD W,County,INWOOD AVE,,N/A,,HEAD ON LEFT TURN,RAINING,WET,DAYLIGHT,TRAFFIC SIGNAL,NONE DETECTED,,2F1D5D27-7277-49FD-9CB5-13915D93004B,No,NO APPARENT INJURY,"N/A, RAIN, SNOW",NOT DISTRACTED,MD,2563F07A-5F5F-45AC-BE14-0F4538E3DD53,SUPERFICIAL,"CARGO VAN/LIGHT TRUCK 2 AXLES (OVER 10,000LBS (4,536 KG))",MOVING CONSTANT SPEED,39.03603629,-77.03634739,"(39.03603629, -77.03634739)"
MCP2967001P,16053425,Montgomery County Police,Property Damage Crash,10/17/2016 08:29:00 PM,Maryland (State),OLD GEORGETOWN RD,County,CEDAR LA,,N/A,,SAME DIR REAR END,CLEAR,DRY,DARK LIGHTS ON,TRAFFIC SIGNAL,N/A,,1F382874-4A75-4646-8A48-EE4DC52D007A,No,NO APPARENT INJURY,N/A,NOT DISTRACTED,MD,C25B96C8-68BF-4FBB-A6FC-446A5FB455BF,FUNCTIONAL,"OTHER LIGHT TRUCKS (10,000LBS (4,536KG) OR LESS)",SLOWING OR STOPPING,39.00432667,-77.10976333,"(39.00432667, -77.10976333)"
EJ78550024,170525380,Gaithersburg Police Depar,Property Damage Crash,08/17/2017 04:30:00 PM,Maryland (State),CLOPPER RD,Unknown,ENT TO SHOPPING CENTER,,N/A,,SAME DIRECTION SIDESWIPE,CLEAR,N/A,DAYLIGHT,NO CONTROLS,NONE DETECTED,,3BDDD926-11AA-43C0-8F5F-9628724D9E68,No,NO APPARENT INJURY,N/A,NOT DISTRACTED,MD,862941C9-12EF-4995-8A6B-FE3B0FFF63F8,SUPERFICIAL,PASSENGER CAR,STOPPED IN TRAFFIC LANE,39.14296937,-77.22240686,"(39.14296937, -77.22240686)"
MCP2782001X,17002224,Montgomery County Police,Property Damage Crash,01/12/2017 04:00:00 PM,,,,,"3820 BEL PRE RD, SILVER SPRING, MD 20906 (APT PARKING LOT)",,,OPPOSITE DIRECTION SIDESWIPE,CLEAR,,DAYLIGHT,NO CONTROLS,NONE DETECTED,,65BCFC6B-BDDA-4F85-8972-50006DC25991,Yes,NO APPARENT INJURY,N/A,NOT DISTRACTED,MD,2E697F3A-030B-4D47-91B9-A1F6D1F8645D,FUNCTIONAL,PASSENGER CAR,BACKING,39.092245,-77.07538667,"(39.092245, -77.07538667)"
MCP24610005,170506360,Montgomery County Police,Property Damage Crash,05/06/2017 10:41:00 PM,County,MONTROSE RD,Maryland (State),FALLS RD,,N/A,,HEAD ON LEFT TURN,CLOUDY,WET,DARK LIGHTS ON,TRAFFIC SIGNAL,N/A,,5EBAC285-AF25-4DC5-B321-71E19A41E61A,No,NO APPARENT INJURY,N/A,NOT DISTRACTED,MD,114EC464-82F6-4D0D-9E24-D3113E11074A,FUNCTIONAL,PASSENGER CAR,MOVING CONSTANT SPEED,39.05635833,-77.17915333,"(39.05635833, -77.17915333)"
DD56110038,170527766,Rockville Police Departme,Property Damage Crash,08/30/2017 02:10:00 PM,Maryland (State),ROCKVILLE PIKE,Municipality,MT VERNON PL,,ROCKVILLE,,STRAIGHT MOVEMENT ANGLE,CLEAR,DRY,DAYLIGHT,NO CONTROLS,NONE DETECTED,,D23C4CEE-88B5-469D-B997-44BD6DE4AE9A,Yes,NO APPARENT INJURY,N/A,LOOKED BUT DID NOT SEE,MB,FD8F67C9-2B79-4D8A-9BA2-B2207295B389,FUNCTIONAL,PASSENGER CAR,ACCELERATING,39.07895,-77.14186667,"(39.07895, -77.14186667)"
MCP2422001Y,17011150,Montgomery County Police,Property Damage Crash,03/02/2017 05:38:00 PM,County,BOWIE MILL RD,County,FOGGY LA,,N/A,,SAME DIR REAR END,CLEAR,DRY,DAYLIGHT,N/A,NONE DETECTED,,6D9CFFEB-64F7-41DB-9DE3-2D0C3BCCB286,No,NO APPARENT INJURY,N/A,NOT DISTRACTED,MD,0097D6BA-0136-43B9-B686-55E339F02305,DISABLING,PASSENGER CAR,STOPPED IN TRAFFIC LANE,39.14303167,-77.11912167,"(39.14303167, -77.11912167)"
MCP2116002C,15034343,MONTGOMERY,Injury Crash,07/13/2015 09:42:00 AM,Maryland (State),FALLS RD,County,DEMOCRACY BLVD,,N/A,,SINGLE VEHICLE,CLOUDY,WET,DAYLIGHT,NO CONTROLS,NONE DETECTED,,0B7907F5-0E49-44D0-940E-2F9658B78A9D,Yes,POSSIBLE INJURY,"RAIN, SNOW, WET",OTHER DISTRACTION,MD,295175CF-1458-4BB7-ACCA-3497D8AFA0EA,DISABLING,PASSENGER CAR,MOVING CONSTANT SPEED,39.027405,-77.20272667,"(39.027405, -77.20272667)"
MCP1438001R,16009557,Montgomery County Police,Property Damage Crash,02/26/2016 08:55:00 AM,Maryland (State),GREAT SENECA HWY,Municipality,SIOUX LA,,GAITHERSBURG,,SAME DIR REAR END,CLEAR,DRY,DAYLIGHT,NO CONTROLS,NONE DETECTED,,DA0D8C9B-339D-4CD7-89E3-69180C18B2F9,No,NO APPARENT INJURY,N/A,NOT DISTRACTED,MD,90F820BF-B3B6-4530-B9CD-76A705096F91,DISABLING,PASSENGER CAR,STOPPED IN TRAFFIC LANE,39.13048333,-77.23985833,"(39.13048333, -77.23985833)"
EJ7855001P,17016248,Gaithersburg Police Depar,Injury Crash,03/30/2017 08:34:00 PM,Maryland (State),FREDERICK RD,Maryland (State),MONTGOMERY VILLAGE AVE,,N/A,,SAME DIR REAR END,N/A,OTHER,DARK LIGHTS ON,TRAFFIC SIGNAL,NONE DETECTED,,7D021CDA-1D2C-4D46-91EE-F71095CF876F,Yes,NO APPARENT INJURY,N/A,NOT DISTRACTED,MD,76B54004-DF1C-4EF9-8C5E-6C105483FC90,FUNCTIONAL,PASSENGER CAR,SLOWING OR STOPPING,39.15246,-77.21168333,"(39.15246, -77.21168333)"
MCP2937000K,15018668,MONTGOMERY,Property Damage Crash,06/19/2015 02:42:00 PM,,,,,parking lot of 711 at 8619 16th street Silver Spring Md 20910,,,SAME DIR REAR END,CLEAR,,DAYLIGHT,NO CONTROLS,NONE DETECTED,,CA9A00F8-94B9-4CD3-83F1-5C81D2D98624,Yes,NO APPARENT INJURY,N/A,NOT DISTRACTED,MD,4DE20958-7181-4F78-B134-CC60C0A0B090,FUNCTIONAL,PASSENGER CAR,MOVING CONSTANT SPEED,38.99811647,-77.03810692,"(38.99811647, -77.03810692)"
MCP29420019,15061579,MONTGOMERY,Injury Crash,12/02/2015 05:20:00 PM,Maryland (State),WISCONSIN AVE,Maryland (State),BRADLEY LA,,N/A,BICYCLIST,STRAIGHT MOVEMENT ANGLE,FOGGY,WET,DARK LIGHTS ON,TRAFFIC SIGNAL,NONE DETECTED,NONE DETECTED,4D6F94A0-9432-4716-8458-0F5ECA00FD9C,No,NO APPARENT INJURY,N/A,NOT DISTRACTED,MD,B18482DF-62CB-4D57-9A9E-F54D9D58324E,FUNCTIONAL,LIMOUSINE,MOVING CONSTANT SPEED,38.97717641,-77.09067822,"(38.97717641, -77.09067822)"
MCP2983000G,15050470,MONTGOMERY,Property Damage Crash,10/05/2015 05:14:00 PM,US (State),GEORGIA AVE,County,BONIFANT ST,,N/A,,SAME DIR BOTH LEFT TURN,CLEAR,DRY,DAYLIGHT,TRAFFIC SIGNAL,NONE DETECTED,,FC7F1A6D-2D0C-41FE-993A-09851C2278D5,No,NO APPARENT INJURY,N/A,NOT DISTRACTED,DC,DDF61333-820A-494D-90C1-E5212735C703,FUNCTIONAL,PASSENGER CAR,STARTING FROM PARKED,38.99340112,-77.026788,"(38.99340112, -77.026788)"
MCP2899001Y,170528412,Montgomery County Police,Injury Crash,09/03/2017 12:12:00 AM,Maryland (State),NEW HAMPSHIRE AVE,Unknown,CROSSOVER,,N/A,,STRAIGHT MOVEMENT ANGLE,RAINING,WET,DARK LIGHTS ON,NO CONTROLS,NONE DETECTED,,AE398F83-FAE6-4187-9FD7-4E7324A65B85,No,SUSPECTED MINOR INJURY,"RAIN, SNOW, WET",NOT DISTRACTED,MD,141CEE2C-20AA-45C8-A5C8-220DA3852A75,FUNCTIONAL,PASSENGER CAR,MOVING CONSTANT SPEED,39.03802333,-76.98965833,"(39.03802333, -76.98965833)"
MCP2954001C,15065081,MONTGOMERY,Property Damage Crash,12/20/2015 07:00:00 AM,Maryland (State),NEW HAMPSHIRE AVE,County,CHALMERS RD,,N/A,,SAME DIR REAR END,CLEAR,DRY,DARK -- UNKNOWN LIGHTING,TRAFFIC SIGNAL,ALCOHOL PRESENT,,57052D7C-74D0-4D85-81D9-11F76D70DDE3,Yes,NO APPARENT INJURY,N/A,UNKNOWN,MD,B9EF25C1-BDAF-4B41-850D-956BF77ABF27,DISABLING,PASSENGER CAR,MOVING CONSTANT SPEED,39.03006916,-76.98377207,"(39.03006916, -76.98377207)"
DD5610001B,15051752,ROCKVILLE,Injury Crash,10/12/2015 02:55:00 PM,Maryland (State),VEIRS MILL RD,Municipality,BROADWOOD DR,,ROCKVILLE,,SINGLE VEHICLE,CLEAR,DRY,DAYLIGHT,NO CONTROLS,N/A,,D1521996-0D11-4ED9-A67E-068F423DFC19,Yes,SUSPECTED MINOR INJURY,N/A,UNKNOWN,MD,5F7769C6-079D-4510-9858-3716CE90EFB2,DISABLING,PASSENGER CAR,ACCELERATING,39.07682233,-77.12216667,"(39.07682233, -77.12216667)"
MCP2844001Q,16048603,Montgomery County Police,Injury Crash,09/21/2016 06:18:00 PM,Maryland (State),GEORGIA AVE,County,MASON ST,,N/A,,SAME DIR REAR END,CLEAR,DRY,DAYLIGHT,NO CONTROLS,N/A,,23C5EE6E-CA3C-4E70-8571-79DCCA315216,Yes,NO APPARENT INJURY,N/A,LOOKED BUT DID NOT SEE,MD,78D06C49-740B-4418-A867-09D3DD5999D3,FUNCTIONAL,PASSENGER CAR,SLOWING OR STOPPING,39.05539264,-77.04997838,"(39.05539264, -77.04997838)"
MCP1015000H,15035663,MONTGOMERY,Property Damage Crash,07/20/2015 08:17:00 AM,County,WISTERIA DR,Unknown,CIRCLE GATE DR,,N/A,,SAME DIR REAR END,CLEAR,DRY,DAYLIGHT,NO CONTROLS,NONE DETECTED,,CB1CBC66-DCC4-4A5A-BD8C-CB196FF5284D,No,NO APPARENT INJURY,N/A,NOT DISTRACTED,MD,F98AB41A-A5DC-485C-9252-1D765405080C,DISABLING,"OTHER LIGHT TRUCKS (10,000LBS (4,536KG) OR LESS)",SLOWING OR STOPPING,39.198675,-77.27598667,"(39.198675, -77.27598667)"
MCP1205002J,16055106,Montgomery County Police,Injury Crash,10/26/2016 01:42:00 PM,County,DEMOCRACY BLVD,County,SEVEN LOCKS RD,,N/A,,HEAD ON LEFT TURN,CLEAR,DRY,DAYLIGHT,TRAFFIC SIGNAL,NONE DETECTED,,46FA0F9B-E782-4331-84B8-F1993EA56A4D,Yes,SUSPECTED MINOR INJURY,N/A,NOT DISTRACTED,MD,5B030D46-319E-4395-9A97-422EBF8038E1,DISABLING,PASSENGER CAR,MAKING LEFT TURN,39.02320968,-77.16249704,"(39.02320968, -77.16249704)"
MCP13930018,170524855,Montgomery County Police,Property Damage Crash,08/14/2017 08:23:00 PM,Maryland (State),FREDERICK RD,Maryland (State),CLARKSBURG RD,,N/A,,HEAD ON LEFT TURN,RAINING,WET,DARK LIGHTS ON,TRAFFIC SIGNAL,NONE DETECTED,,3A7BE3F1-0D39-4481-8BC9-05653377DDC2,No,NO APPARENT INJURY,"RAIN, SNOW, WET",NOT DISTRACTED,MD,01B1DA76-3FAC-4A2D-B447-83F793F55AAB,DISABLING,(SPORT) UTILITY VEHICLE,MOVING CONSTANT SPEED,39.23964667,-77.28144833,"(39.23964667, -77.28144833)"
MCP15800069,16053336,Montgomery County Police,Property Damage Crash,10/17/2016 01:03:00 PM,County,SHADY GROVE RD,Municipality,CHOKE CHERRY RD,,ROCKVILLE,,SAME DIR REAR END,CLEAR,DRY,DAYLIGHT,TRAFFIC SIGNAL,NONE DETECTED,,EFAD9F2D-2053-4E2D-8F47-382E96AF7762,No,NO APPARENT INJURY,N/A,NOT DISTRACTED,MD,07ABA8C8-CC76-4661-8184-71CEB17D6FC5,FUNCTIONAL,(SPORT) UTILITY VEHICLE,STOPPED IN TRAFFIC LANE,39.11559667,-77.18555167,"(39.11559667, -77.18555167)"
MCP25120031,170528812,Montgomery County Police,Property Damage Crash,09/05/2017 02:56:00 PM,Maryland (State),WOODFIELD RD,County,FLOWER HILL WAY,,N/A,,HEAD ON,CLEAR,DRY,DAYLIGHT,NO CONTROLS,NONE DETECTED,,D56BA7C0-A3D9-4DED-A47C-95F9520ADAF1,No,NO APPARENT INJURY,N/A,NOT DISTRACTED,MD,01C2828D-FB32-4AAE-BCB7-FAD8D06F5306,FUNCTIONAL,"OTHER LIGHT TRUCKS (10,000LBS (4,536KG) OR LESS)",MOVING CONSTANT SPEED,39.15516833,-77.16773333,"(39.15516833, -77.16773333)"
MCP9419000Z,17001273,Montgomery County Police,Property Damage Crash,01/08/2017 10:09:00 AM,Maryland (State),FREDERICK RD,County,REDLAND RD,,N/A,,STRAIGHT MOVEMENT ANGLE,CLEAR,DRY,DAYLIGHT,TRAFFIC SIGNAL,NONE DETECTED,,835045EB-7438-4001-9CAB-F0A76B990A5A,No,NO APPARENT INJURY,N/A,NOT DISTRACTED,MD,E375018B-A054-4DD9-B22D-F00605BE9786,DISABLING,(SPORT) UTILITY VEHICLE,MOVING CONSTANT SPEED,39.115752,-77.16612583,"(39.115752, -77.16612583)"
MCP2959001L,16027044,Montgomery County Police,Injury Crash,05/31/2016 08:09:00 AM,County,KEMP MILL RD,County,MONTICELLO AVE,,N/A,,STRAIGHT MOVEMENT ANGLE,CLEAR,DRY,DAYLIGHT,STOP SIGN,NONE DETECTED,,B63B825A-19F4-4BFE-89E6-A8B2311A1F3E,No,SUSPECTED MINOR INJURY,N/A,NOT DISTRACTED,MD,909169B3-35B7-4E90-87F4-0379B333A532,DISABLING,PASSENGER CAR,MOVING CONSTANT SPEED,39.04723833,-77.02931667,"(39.04723833, -77.02931667)"
MCP1580003T,15036484,MONTGOMERY,Property Damage Crash,07/24/2015 08:41:00 AM,Maryland (State),DARNESTOWN RD,Municipality,TREWORTHY RD,,GAITHERSBURG,,STRAIGHT MOVEMENT ANGLE,CLEAR,DRY,DAYLIGHT,STOP SIGN,NONE DETECTED,,A5C903FF-5A82-42C7-BFB5-80C14890E012,Yes,NO APPARENT INJURY,N/A,UNKNOWN,MD,7A971ACA-08D4-4CFA-9446-A0B3341D57AE,DISABLING,STATION WAGON,ACCELERATING,39.103425,-77.22565833,"(39.103425, -77.22565833)"
MCP2046005C,16020282,Montgomery County Police,Property Damage Crash,04/25/2016 08:02:00 AM,County,LOCKWOOD DR,Maryland (State),NEW HAMPSHIRE AVE,,N/A,,SAME DIR REAR END,CLEAR,DRY,DAYLIGHT,TRAFFIC SIGNAL,UNKNOWN,,643A15FD-E4BB-4537-87A1-E46EBC4FE7AC,Yes,NO APPARENT INJURY,N/A,NOT DISTRACTED,MD,2B68EDD0-9A14-42BA-AD94-3A3A8C653FD0,FUNCTIONAL,PASSENGER CAR,STARTING FROM LANE,39.03959361,-76.99078739,"(39.03959361, -76.99078739)"
MCP29690020,16022976,Montgomery County Police,Property Damage Crash,05/09/2016 12:03:00 PM,,,,,11160 VEIRS MILL RD AT WHEATON PLZ ENTERANCE CUT AND WHEATON PLZ RING ROAD CUT,,,STRAIGHT MOVEMENT ANGLE,RAINING,,DAYLIGHT,STOP SIGN,NONE DETECTED,,C3FAAFBA-2F0E-4E6C-B659-01D36D4385E4,Yes,NO APPARENT INJURY,N/A,UNKNOWN,MD,C5404783-F90F-49AF-BDB9-80B4D53C1426,DISABLING,PASSENGER CAR,STARTING FROM LANE,39.03845667,-77.05646667,"(39.03845667, -77.05646667)"
EJ7802000B,16040987,Gaithersburg Police Depar,Injury Crash,08/12/2016 09:00:00 PM,Municipality,WASHINGTONIAN BLVD,Unknown,ENT. TO GAITHERSBURG WASHINGTONIAN CENTE,,N/A,,OTHER,CLEAR,DRY,DARK LIGHTS ON,NO CONTROLS,NONE DETECTED,,B2B9F767-BF42-48CF-B977-8DDA49325E5C,No,POSSIBLE INJURY,N/A,NOT DISTRACTED,MD,88720534-E7F0-4353-B5E4-BF7021ED8B08,SUPERFICIAL,PASSENGER CAR,MOVING CONSTANT SPEED,39.11673167,-77.19972667,"(39.11673167, -77.19972667)"