Report Number,Local Case Number,Agency Name,ACRS Report Type,Crash Date/Time,Route Type,Road Name,Cross-Street Type,Cross-Street Name,Off-Road Description,Municipality,Related Non-Motorist,Collision Type,Weather,Surface Condition,Light,Traffic Control,Driver Substance Abuse,Non-Motorist Substance Abuse,Person ID,Driver At Fault,Injury Severity,Circumstance,Driver Distracted By,Drivers License State,Vehicle ID,Vehicle Damage Extent,Vehicle Body Type,Vehicle Movement,Latitude,Longitude,Location
MCP28400018,170528233,Montgomery County Police,Property Damage Crash,09/01/2017 10:00:00 PM,County,STEWART LA,US (State),COLUMBIA PIKE,,N/A,,STRAIGHT MOVEMENT ANGLE,N/A,N/A,DARK LIGHTS ON,TRAFFIC SIGNAL,NONE DETECTED,,59BB2EFE-BDD1-4272-9D28-77622E17BBCE,Yes,NO APPARENT INJURY,N/A,LOOKED BUT DID NOT SEE,MD,8241C79E-2C16-4BD4-87A9-5DD6FBF4D677,DISABLING,PASSENGER CAR,MOVING CONSTANT SPEED,39.078345,-76.94365667,"(39.078345, -76.94365667)"
MCP229800CZ,170502847,Montgomery County Police,Property Damage Crash,04/18/2017 07:59:00 PM,Maryland (State),OLNEY LAYTONSVILLE RD,County,RIGGS RD,,N/A,,ANGLE MEETS LEFT HEAD ON,CLEAR,DRY,DUSK,STOP SIGN,NONE DETECTED,,86F8351E-1E84-46C6-9AC9-D91B9D61A969,No,NO APPARENT INJURY,N/A,NOT DISTRACTED,MD,3F1FAFD2-8BF7-43DF-929A-96AB097B95F0,DISABLING,PICKUP TRUCK,MOVING CONSTANT SPEED,39.19420598,-77.12481737,"(39.19420598, -77.12481737)"
DD5574000L,16050275,Rockville Police Departme,Property Damage Crash,09/30/2016 01:30:00 PM,Maryland (State),W MONTGOMERY AVE,Ramp,RAMP 8 FR RAMP 5 (FR IS 270) TO MD 28 WB,,N/A,,SAME DIRECTION LEFT TURN,CLEAR,DRY,DAYLIGHT,N/A,N/A,,54C01446-9434-4C34-A923-D237CD855F44,No,NO APPARENT INJURY,N/A,NOT DISTRACTED,MD,B66C14F3-C9C7-4761-8759-FB261F187324,SUPERFICIAL,"OTHER LIGHT TRUCKS (10,000LBS (4,536KG) OR LESS)",MOVING CONSTANT SPEED,39.0874,-77.17649833,"(39.0874, -77.17649833)"
MCP2910002C,16025740,Montgomery County Police,Property Damage Crash,05/24/2016 07:12:00 AM,US (State),COLUMBIA PIKE,County,STEWART LA,,N/A,,SAME DIR REAR END,CLEAR,DRY,DAYLIGHT,NO CONTROLS,NONE DETECTED,,D9746B93-6723-4664-BDD1-D5AF502BD26E,Yes,NO APPARENT INJURY,N/A,NOT DISTRACTED,PA,E0AA4310-5C00-4A0D-B991-EE45BCDB2788,FUNCTIONAL,PASSENGER CAR,SLOWING OR STOPPING,39.04468,-76.99010167,"(39.04468, -76.99010167)"
MCP3003000Z,16062301,Montgomery County Police,Injury Crash,12/04/2016 06:05:00 PM,County,MIDDLEBROOK RD,County,SCENERY DR,,N/A,,STRAIGHT MOVEMENT ANGLE,CLEAR,DRY,DARK LIGHTS ON,STOP SIGN,NONE DETECTED,,23C8C9C9-7229-4DC7-A6A8-DFE94A44C409,Yes,SUSPECTED MINOR INJURY,N/A,UNKNOWN,MD,E3AF9248-15E8-4940-9544-C24A036D750D,DESTROYED,PASSENGER CAR,STARTING FROM LANE,39.181615,-77.231465,"(39.181615, -77.231465)"
MCP13660062,170505562,Montgomery County Police,Property Damage Crash,04/06/2017 07:32:00 AM,County,GAINSBOROUGH RD,County,GEORGETOWNE DR,,N/A,,SAME DIRECTION SIDESWIPE,CLOUDY,DRY,DAYLIGHT,N/A,NONE DETECTED,,9A995A76-C2A0-49D0-B656-F8853AAB288C,No,NO APPARENT INJURY,N/A,NOT DISTRACTED,MD,F02914B7-C5FF-4A56-9C07-FB21B7BBE0E8,FUNCTIONAL,(SPORT) UTILITY VEHICLE,MOVING CONSTANT SPEED,39.04377833,-77.17176167,"(39.04377833, -77.17176167)"
MCP1022004G,16014498,MONTGOMERY,Property Damage Crash,03/24/2016 01:47:00 PM,Maryland (State),WOODFIELD RD,County,VALLEY PARK DR,,N/A,,SAME DIR REAR END,CLEAR,DRY,DAYLIGHT,NO CONTROLS,NONE DETECTED,,9553F678-B5BC-4ADC-A4F1-442D42E315BD,No,NO APPARENT INJURY,N/A,NOT DISTRACTED,MD,07EC3776-13BB-4322-B625-A9AF19424055,DISABLING,VAN,STOPPED IN TRAFFIC LANE,39.27819833,-77.20369333,"(39.27819833, -77.20369333)"
MCP2971001L,16038230,Montgomery County Police,Property Damage Crash,07/28/2016 05:04:00 PM,County,CHERRY HILL RD,County,BROADBIRCH DR,,N/A,,SAME DIR REAR END,RAINING,WET,DAYLIGHT,TRAFFIC SIGNAL,NONE DETECTED,,74399C41-1F1A-4A6F-8444-2F7E90A00977,Yes,NO APPARENT INJURY,"RAIN, SNOW, WET",NOT DISTRACTED,MD,F789235B-D006-4266-87D8-AD40DC0F86CF,DISABLING,PASSENGER CAR,SLOWING OR STOPPING,39.05612684,-76.9544059,"(39.05612684, -76.9544059)"
MCP29060010,170522568,Montgomery County Police,Property Damage Crash,08/02/2017 04:18:00 PM,Maryland (State),FREDERICK RD,Municipality,PERRY PKWY,,GAITHERSBURG,,SAME DIR REAR END,N/A,N/A,DAYLIGHT,N/A,NONE DETECTED,,6056D38B-9A8B-40A8-A175-4855ED3BA918,No,NO APPARENT INJURY,N/A,NOT DISTRACTED,MD,D87596D3-F2B2-444F-AFC5-5847B8D3A35F,SUPERFICIAL,PASSENGER CAR,MOVING CONSTANT SPEED,39.14999819,-77.20910311,"(39.14999819, -77.20910311)"
MCP2110000V,16020414,Montgomery County Police,Property Damage Crash,04/25/2016 05:37:00 PM,Maryland (State),S FREDERICK RD,County,CENTRAL AVE,,N/A,,SAME DIR REAR END,CLEAR,DRY,DAYLIGHT,N/A,N/A,,5D049B0E-01CF-4DD6-B744-D8A63B4357FF,No,NO APPARENT INJURY,N/A,NOT DISTRACTED,MD,E5198B9D-1F64-4030-BC91-58040E52254C,FUNCTIONAL,PASSENGER CAR,SLOWING OR STOPPING,39.1311,-77.18827,"(39.1311, -77.18827)"
MCP1194001H,15060121,MONTGOMERY,Property Damage Crash,11/24/2015 04:36:00 PM,County,WESTLAKE TERR,County,WESTLAKE DR,,N/A,,STRAIGHT MOVEMENT ANGLE,CLEAR,DRY,DAYLIGHT,NO CONTROLS,NONE DETECTED,,2B78FE99-BE56-4EEC-935F-64447CE37DAA,No,NO APPARENT INJURY,N/A,NOT DISTRACTED,MD,DEED5087-CDCA-49AE-853D-0DB82A2C661D,FUNCTIONAL,PASSENGER CAR,MOVING CONSTANT SPEED,39.03378833,-77.16037333,"(39.03378833, -77.16037333)"
MCP28880014,16058789,Montgomery County Police,Property Damage Crash,11/15/2016 08:02:00 AM,Maryland (State),VEIRS MILL RD,County,TURKEY BRANCH PKWY,,N/A,,SAME DIR REAR END,CLOUDY,WET,DAYLIGHT,N/A,N/A,,E82B89D8-7F8C-4BDA-8218-4C2318B72A76,Yes,NO APPARENT INJURY,"N/A, WET",UNKNOWN,MD,730DE6B1-E8F1-48A1-84F9-2A54CCBCB957,FUNCTIONAL,PASSENGER CAR,SLOWING OR STOPPING,39.06009761,-77.08931565,"(39.06009761, -77.08931565)"
MCP10220049,16009380,Montgomery County Police,Injury Crash,02/25/2016 09:19:00 AM,,,,,"TRAVEL PORTON OF PARKING LOT IN FRONT OF 13120 WONDERLAND WAY GERMANTOWN, MD 20874",,,STRAIGHT MOVEMENT ANGLE,CLOUDY,,DAYLIGHT,NO CONTROLS,NONE DETECTED,,8680CF6A-15FC-43E1-A552-9DD7ABA8CC12,No,SUSPECTED SERIOUS INJURY,N/A,NOT DISTRACTED,MD,63EF957E-8D54-4BE8-BB29-827B88092857,DISABLING,PASSENGER CAR,MOVING CONSTANT SPEED,39.155285,-77.27368833,"(39.155285, -77.27368833)"
MCP91130021,16057744,Montgomery County Police,Property Damage Crash,11/09/2016 08:58:00 AM,Maryland (State),GEORGIA AVE,Unknown,SPUR TO/FR THISTLEBRIDGE DR,,N/A,,OTHER,RAINING,WET,DAYLIGHT,NO CONTROLS,NONE DETECTED,,477A1834-6390-4260-B73D-B8AE430E0902,Yes,NO APPARENT INJURY,"N/A, RAIN, SNOW",NOT DISTRACTED,MD,A69A20E9-2874-4E5A-B21C-231C7F0E2EB0,SUPERFICIAL,PASSENGER CAR,ACCELERATING,39.110575,-77.07567333,"(39.110575, -77.07567333)"
MCP13580007,15053195,MONTGOMERY,Property Damage Crash,10/20/2015 12:40:00 PM,County,FATHER HURLEY BLVD,County,WISTERIA DR,,N/A,,SAME DIR REAR END,CLEAR,DRY,DAYLIGHT,NO CONTROLS,ALCOHOL PRESENT,,CA9AFDDF-FFA5-4CEE-A9D7-C9C68C99DA37,Yes,NO APPARENT INJURY,N/A,NOT DISTRACTED,MD,3350C439-8D02-44CF-98DD-F86E0B440A38,DISABLING,PASSENGER CAR,MOVING CONSTANT SPEED,39.1809424,-77.27680206,"(39.1809424, -77.27680206)"
MCP24460026,16044289,Montgomery County Police,Property Damage Crash,07/19/2016 03:32:00 PM,County,CRYSTAL ROCK DR,County,CENTURY BLVD,,N/A,,UNKNOWN,UNKNOWN,UNKNOWN,DAYLIGHT,TRAFFIC SIGNAL,UNKNOWN,,0247F5F7-E5F6-4072-8D9F-937C26EC42C6,Yes,NO APPARENT INJURY,N/A,UNKNOWN,,4B0A9DD4-230C-4DAC-9F9D-50438E70B301,UNKNOWN,(SPORT) UTILITY VEHICLE,MOVING CONSTANT SPEED,39.18292,-77.26366,"(39.18292, -77.26366)"
MCP2298006L,15053086,MONTGOMERY,Property Damage Crash,10/19/2015 06:26:00 PM,County,SENECA MEADOWS PKWY,Maryland (State),GERMANTOWN RD,,N/A,,SAME DIR REAR END,CLEAR,DRY,DUSK,TRAFFIC SIGNAL,NONE DETECTED,,71016CC6-C158-4A86-8A23-93BC3F207515,No,NO APPARENT INJURY,N/A,NOT DISTRACTED,MD,AD229272-A66E-4790-96F2-4C6282377532,FUNCTIONAL,(SPORT) UTILITY VEHICLE,MAKING RIGHT TURN,39.18851833,-77.25195333,"(39.18851833, -77.25195333)"
MCP2177000W,16004359,Montgomery County Police,Property Damage Crash,01/27/2016 04:30:00 AM,Municipality,EDISON PARK DR,Unknown,ROAD END,,N/A,,SINGLE VEHICLE,CLOUDY,SNOW,DARK LIGHTS ON,N/A,N/A,,2F86BC43-9BD5-486A-BE7C-E9F5E8BC0D18,Yes,NO APPARENT INJURY,"DEBRIS OR OBSTRUCTION, ICY OR SNOW-COVERED, V WIPERS|W OTHER ENVIRONMENTAL",LOOKED BUT DID NOT SEE,MD,7204B313-7F3A-44E2-ABF3-9419D37ABA9A,FUNCTIONAL,VAN,BACKING,39.11513333,-77.23555167,"(39.11513333, -77.23555167)"
MCP28970013,16056924,Montgomery County Police,Property Damage Crash,11/04/2016 05:25:00 PM,Maryland (State),GERMANTOWN RD,Other Public Roadway,OBSERVATION DR,,N/A,,SAME DIR REAR END,CLEAR,DRY,DAYLIGHT,TRAFFIC SIGNAL,NONE DETECTED,,A5391CF7-0EF3-475C-84DE-71766D0961F8,Yes,NO APPARENT INJURY,N/A,NOT DISTRACTED,MD,744444E0-5B43-4C7C-BD26-DD730662EDC2,DISABLING,MOTORCYCLE,SLOWING OR STOPPING,39.19041833,-77.24773167,"(39.19041833, -77.24773167)"
MCP2893002H,16056335,Montgomery County Police,Injury Crash,11/01/2016 06:41:00 AM,Maryland (State),FREDERICK RD,Unknown,ENT TO FOX CHAPEL CENTER,,N/A,,HEAD ON LEFT TURN,CLEAR,DRY,DUSK,TRAFFIC SIGNAL,NONE DETECTED,,BCD21768-EABB-4C71-81E9-7E808FC48BA6,No,POSSIBLE INJURY,N/A,NOT DISTRACTED,MD,94BE9408-405D-4DB6-AC1B-3FB2B0EDB20F,DISABLING,PASSENGER CAR,STOPPED IN TRAFFIC LANE,39.17842833,-77.23817833,"(39.17842833, -77.23817833)"
MCP2866001H,15035787,MONTGOMERY,Property Damage Crash,07/20/2015 08:35:00 PM,Maryland (State),OLD GEORGETOWN RD,County,GLENWOOD RD,,N/A,,SAME DIR REAR END,CLEAR,DRY,DARK LIGHTS ON,NO CONTROLS,NONE DETECTED,,30CEA761-43AE-43F2-B55F-01E063710311,No,NO APPARENT INJURY,N/A,NOT DISTRACTED,MD,8AC598B0-5149-4DDF-A618-B25AC47E9EEF,SUPERFICIAL,POLICE VEHICLE/EMERGENCY,PARKED,38.99394,-77.10838167,"(38.99394, -77.10838167)"
MCP2894003P,170516212,Montgomery County Police,Property Damage Crash,06/28/2017 12:30:00 PM,County,DEMOCRACY BLVD,Maryland (State),OLD GEORGETOWN RD,,N/A,,SAME DIR REAR END,CLEAR,DRY,DAYLIGHT,NO CONTROLS,NONE DETECTED,,B13D0AAF-FCDB-4726-857F-DBEF617F5528,No,NO APPARENT INJURY,N/A,NOT DISTRACTED,MD,A2D1EFFA-24F4-4131-B7E9-BE7D77B3C3B2,FUNCTIONAL,PASSENGER CAR,STOPPED IN TRAFFIC LANE,39.02440159,-77.12622285,"(39.02440159, -77.12622285)"
MCP2782000K,15004136,Montgomery County Police,Property Damage Crash,01/26/2015 08:15:00 AM,County,VALLEYWOOD DR,County,DALEWOOD DR,,N/A,,SAME DIR REAR END,WINTRY MIX,WET,DAYLIGHT,NO CONTROLS,NONE DETECTED,,525D3AA9-A002-428C-BE29-C3203A6CCED7,No,NO APPARENT INJURY,"RAIN, SNOW, WET",NOT DISTRACTED,MD,BD55CF97-3B32-475E-A02A-260620EEDD88,SUPERFICIAL,PASSENGER CAR,SLOWING OR STOPPING,39.062835,-77.064595,"(39.062835, -77.064595)"
MCP2724000P,15046615,MONTGOMERY,Property Damage Crash,09/15/2015 06:50:00 AM,Maryland (State),UNIVERSITY BLVD E,County,E WAYNE AVE,,N/A,,OTHER,CLEAR,DRY,DAYLIGHT,TRAFFIC SIGNAL,N/A,,4650B37A-F73E-459F-80D1-C4312AF052BF,No,NO APPARENT INJURY,N/A,NOT DISTRACTED,PA,8E2FBA9C-960C-41C6-A764-37ABEB1A8F2C,UNKNOWN,(SPORT) UTILITY VEHICLE,STOPPED IN TRAFFIC LANE,39.00667667,-76.99790667,"(39.00667667, -76.99790667)"
MCP2919003J,170525846,Montgomery County Police,Injury Crash,08/20/2017 12:15:00 PM,Maryland (State),16TH ST,County,SPRING ST,,N/A,,SAME DIR REAR END,CLEAR,DRY,DAYLIGHT,N/A,NONE DETECTED,,E9961765-3B67-44E6-9559-656819A0AB49,Yes,POSSIBLE INJURY,N/A,INATTENTIVE OR LOST IN THOUGHT,MD,9EA493FD-DCE3-4E6E-8241-07EFDDBDBD75,FUNCTIONAL,PASSENGER CAR,ACCELERATING,38.99723,-77.03540333,"(38.99723, -77.03540333)"
MCP1565001B,15046828,MONTGOMERY,Property Damage Crash,09/15/2015 03:00:00 PM,,,,,"REAR PARKING LOT OF 2300 RANDOLPH ROAD, WHEATON MD 20902
MONTGOMERY COUNTY POLICE STATION",,,UNKNOWN,CLEAR,,DAYLIGHT,NO CONTROLS,UNKNOWN,,46DCAC33-3A65-4382-B7E9-6B881338DEB6,Yes,NO APPARENT INJURY,N/A,UNKNOWN,,7E834DDA-F270-4BB5-A835-C8664255E028,SUPERFICIAL,(SPORT) UTILITY VEHICLE,UNKNOWN,39.05843351,-77.04821348,"(39.05843351, -77.04821348)"
MCP2917001B,16054790,Montgomery County Police,Property Damage Crash,10/24/2016 07:21:00 PM,County,VEIRS MILL RD,County,GAYNOR RD,,N/A,,SAME DIRECTION SIDESWIPE,CLEAR,DRY,DARK NO LIGHTS,NO CONTROLS,NONE DETECTED,,DDAA2725-F33D-4B16-ADB0-747B015711ED,No,NO APPARENT INJURY,N/A,NOT DISTRACTED,MD,DB09AC7A-126F-4C03-B839-F3AC442FC019,SUPERFICIAL,N/A,SLOWING OR STOPPING,39.06014333,-77.08990167,"(39.06014333, -77.08990167)"
MCP10990018,170509556,Montgomery County Police,Property Damage Crash,05/24/2017 07:45:00 AM,County,REDLAND RD,County,MILL RUN DR,,N/A,,SAME DIRECTION RIGHT TURN,CLOUDY,WET,DAYLIGHT,N/A,N/A,,255BE790-9B82-44A8-8D2F-2186A09ED6C2,No,NO APPARENT INJURY,N/A,NOT DISTRACTED,MD,C63DC2DB-B268-4D7A-AE2D-018FAA18C96A,FUNCTIONAL,OTHER,MOVING CONSTANT SPEED,39.14421543,-77.1456635,"(39.14421543, -77.1456635)"
MCP2796002D,15058619,MONTGOMERY,Injury Crash,11/17/2015 08:42:00 AM,Maryland (State),LAYHILL RD,County,LONGMEAD CROSSING DR,,N/A,,SAME DIR REAR END,CLEAR,DRY,DAYLIGHT,TRAFFIC SIGNAL,NONE DETECTED,,33FD336B-9EE6-4553-BE8F-82A8A2DC2B12,Yes,SUSPECTED MINOR INJURY,N/A,OTHER DISTRACTION,MD,B03B3367-EA0A-4E72-B389-3D15FA516A4A,DISABLING,PASSENGER CAR,MOVING CONSTANT SPEED,39.09522667,-77.04462,"(39.09522667, -77.04462)"
MCP1119000M,15004304,Montgomery County Police,Injury Crash,01/27/2015 11:35:00 AM,County,RANDOLPH RD,County,ATHERTON DR,,N/A,,OTHER,CLEAR,WET,DAYLIGHT,NO CONTROLS,NONE DETECTED,,2D4B3E5C-B39E-4A46-BE1A-C302EDC65912,Yes,SUSPECTED MINOR INJURY,"N/A, WET",NOT DISTRACTED,MD,A3355303-56B8-492D-B875-CF4F9FF3076F,FUNCTIONAL,(SPORT) UTILITY VEHICLE,MOVING CONSTANT SPEED,39.07808333,-77.13042,"(39.07808333, -77.13042)"
MCP1220002H,15042444,MONTGOMERY,Injury Crash,08/24/2015 02:59:00 PM,US (State),COLUMBIA PIKE,County,STEWART LA,,N/A,,SAME DIR REAR END,CLOUDY,DRY,DAYLIGHT,NO CONTROLS,NONE DETECTED,,0312CFB4-A6B4-4F8C-BDB6-8DE8BD08F4A5,No,SUSPECTED MINOR INJURY,N/A,NOT DISTRACTED,MD,E05EF5C3-732F-47BA-BDB8-C32D7A631C03,DISABLING,PASSENGER CAR,SLOWING OR STOPPING,39.05114167,-76.97924,"(39.05114167, -76.97924)"
DD5611001C,16020727,Rockville Police Departme,Injury Crash,04/27/2016 01:43:00 PM,Maryland (State),W MONTGOMERY AVE,Ramp,RAMP 5 FR IS 270 SB TO MD 28 EB,,N/A,,SAME DIR REAR END,CLEAR,DRY,DAYLIGHT,TRAFFIC SIGNAL,NONE DETECTED,,399E2D4B-91C2-4C3D-AB1C-C9E36CB1DC6C,No,SUSPECTED MINOR INJURY,N/A,NOT DISTRACTED,US,BB558C1A-678A-42B5-9D7F-8B13BE4DEF91,FUNCTIONAL,PASSENGER CAR,STOPPED IN TRAFFIC LANE,39.0874035,-77.17622833,"(39.0874035, -77.17622833)"
MCP22780013,15065991,MONTGOMERY,Property Damage Crash,12/07/2015 01:00:00 PM,County,BULLS RUN PKWY,County,MELVERN DR,,N/A,,OTHER,N/A,N/A,DAYLIGHT,NO CONTROLS,N/A,,BC1BAD68-9E35-416B-9CA6-4A12BBAEC80F,Yes,NO APPARENT INJURY,N/A,UNKNOWN,MD,18844480-8FAB-4E1D-AD11-40952CE34639,UNKNOWN,PASSENGER CAR,ACCELERATING,39.00998,-77.12554667,"(39.00998, -77.12554667)"
MCP28750012,15038337,MONTGOMERY,Property Damage Crash,08/01/2015 11:00:00 PM,County,BUBBLING SPRING RD,County,HOYLES MILL RD,,N/A,,SINGLE VEHICLE,CLEAR,DRY,DARK -- UNKNOWN LIGHTING,NO CONTROLS,UNKNOWN,,8E08E7AB-5822-4D7D-9B06-1BF96587F9F3,Yes,NO APPARENT INJURY,N/A,LOOKED BUT DID NOT SEE,MD,A2D8817A-EFE7-471C-BBC6-08E33FFD924E,SUPERFICIAL,PASSENGER CAR,BACKING,39.16120664,-77.31197119,"(39.16120664, -77.31197119)"
MCP10640050,16052450,Montgomery County Police,Property Damage Crash,10/12/2016 11:34:00 AM,US (State),COLUMBIA PIKE,County,GREENCASTLE RD,,N/A,,HEAD ON LEFT TURN,CLEAR,DRY,DAYLIGHT,TRAFFIC SIGNAL,N/A,,050E831A-364F-4840-BFB9-1FE4FA2357FC,Yes,NO APPARENT INJURY,N/A,UNKNOWN,MD,3C4C5B73-4DFF-4ED1-9CCC-6185B6EB18E3,DISABLING,PASSENGER CAR,MAKING LEFT TURN,39.09560833,-76.93767333,"(39.09560833, -76.93767333)"
MCP2830003B,170530273,Montgomery County Police,Injury Crash,09/13/2017 07:39:00 AM,County,RANDOLPH RD,County,SPRING TREE DR,,N/A,,SAME DIR REAR END,RAINING,WET,OTHER,NO CONTROLS,NONE DETECTED,,9B85FA79-8092-4488-88B0-0FCC5A64D912,No,POSSIBLE INJURY,"RAIN, SNOW, WET",NOT DISTRACTED,MA,88E44467-6D24-4C62-ABB5-DD7A1367D2B1,DISABLING,PASSENGER CAR,SLOWING OR STOPPING,39.06608333,-77.02517,"(39.06608333, -77.02517)"
MCP2848003F,16051774,Montgomery County Police,Property Damage Crash,10/08/2016 02:14:00 PM,County,DEMOCRACY BLVD,County,SEVEN LOCKS RD,,N/A,,SAME DIR REAR END,RAINING,WET,DAYLIGHT,TRAFFIC SIGNAL,NONE DETECTED,,2CBBEA79-D3D8-4E89-974D-27E187BAD9C8,No,NO APPARENT INJURY,"N/A, WET",NOT DISTRACTED,MD,ADAC70FC-7BFF-4676-80A4-A78E4BD48187,FUNCTIONAL,PASSENGER CAR,STOPPED IN TRAFFIC LANE,39.02334167,-77.158015,"(39.02334167, -77.158015)"
MCP2973001R,16032498,Montgomery County Police,Injury Crash,06/27/2016 11:52:00 AM,Maryland (State),NORBECK RD,County,HANNANS WAY,,N/A,,SAME DIR REAR END,CLEAR,DRY,DAYLIGHT,NO CONTROLS,NONE DETECTED,,F479219C-1664-4C74-A022-E31A47B19E7A,Yes,NO APPARENT INJURY,N/A,LOOKED BUT DID NOT SEE,MD,FCDB2C2B-8E5E-4DF9-9E79-19B9B93E6D66,FUNCTIONAL,PASSENGER CAR,MOVING CONSTANT SPEED,39.10602069,-77.08509386,"(39.10602069, -77.08509386)"
MCP20470016,170501582,Montgomery County Police,Injury Crash,04/11/2017 02:06:00 PM,Maryland (State),ROCKVILLE PIKE,Unknown,HUBBARD DR,,N/A,,SAME DIR REAR END,CLEAR,DRY,DAYLIGHT,NO CONTROLS,NONE DETECTED,,8B35280B-D540-498B-8CC3-1BCDB90B11AD,No,POSSIBLE INJURY,N/A,NOT DISTRACTED,TX,6BD74947-F78F-44B0-BF64-5A8B4C09EE50,DISABLING,RECREATIONAL VEHICLE,MOVING CONSTANT SPEED,39.05494833,-77.11834,"(39.05494833, -77.11834)"
MCP1563001Y,15062732,MONTGOMERY,Property Damage Crash,12/08/2015 06:37:00 PM,Maryland (State),WISCONSIN AVE,County,WISCONSIN CIR,,N/A,,SAME DIR REAR END,CLEAR,DRY,DARK LIGHTS ON,NO CONTROLS,NONE DETECTED,,0F07DE4F-A97F-4808-8087-7144A9798FD7,No,NO APPARENT INJURY,N/A,NOT DISTRACTED,MD,A8FAA842-2D3A-4C71-ABEE-AE30789F6737,FUNCTIONAL,PASSENGER CAR,STOPPED IN TRAFFIC LANE,38.96267904,-77.08662271,"(38.96267904, -77.08662271)"
MCP2964000V,15044621,MONTGOMERY,Injury Crash,09/04/2015 05:00:00 PM,County,MIDDLEBROOK RD,Maryland (State),FREDERICK RD,,N/A,BICYCLIST,STRAIGHT MOVEMENT ANGLE,CLEAR,DRY,DAYLIGHT,YIELD SIGN,NONE DETECTED,NONE DETECTED,DCFE14F2-7AE1-411C-A068-29B0EEDA7ED9,Yes,NO APPARENT INJURY,N/A,LOOKED BUT DID NOT SEE,MD,649D6B34-825C-4397-B7F5-1F73B353CD90,SUPERFICIAL,VAN,STARTING FROM LANE,39.18076775,-77.23862886,"(39.18076775, -77.23862886)"
MCP9379000Z,16047503,Montgomery County Police,Injury Crash,09/16/2016 06:30:00 AM,,,,,PARKING LOT OF 15805 PARAMOUNT DR,,,SINGLE VEHICLE,CLEAR,,DARK LIGHTS ON,N/A,NONE DETECTED,,B0BC8798-CC02-4513-9E9A-CB1F19D69354,Yes,POSSIBLE INJURY,N/A,NOT DISTRACTED,MD,99B374CF-6B78-46A3-B0F1-BAB82FEE44A6,FUNCTIONAL,PASSENGER CAR,PARKING,39.16781773,-77.18322515,"(39.16781773, -77.18322515)"
MCP2763000V,16014924,MONTGOMERY,Property Damage Crash,03/26/2016 08:39:00 PM,County,SNOUFFERS SCHOOL RD,Maryland (State),WOODFIELD RD,,N/A,,SAME DIRECTION RIGHT TURN,CLEAR,DRY,DARK LIGHTS ON,NO CONTROLS,NONE DETECTED,,D9B12216-3C96-4493-A71B-E5A4C73A5510,No,NO APPARENT INJURY,N/A,NOT DISTRACTED,MD,C47BEF3E-0B5C-4CFF-AF53-70F61739B583,SUPERFICIAL,PICKUP TRUCK,MAKING RIGHT TURN,39.16072667,-77.16260833,"(39.16072667, -77.16260833)"
MCP3021000X,170516196,Montgomery County Police,Property Damage Crash,06/28/2017 11:56:00 AM,Maryland (State),NEW HAMPSHIRE AVE,County,LOCKWOOD DR,,N/A,,STRAIGHT MOVEMENT ANGLE,CLEAR,DRY,DAYLIGHT,TRAFFIC SIGNAL,NONE DETECTED,,5141F791-E759-4496-BD86-840E7F1267DD,No,NO APPARENT INJURY,N/A,NOT DISTRACTED,CO,011711BA-02BD-431E-BEE7-10C7FEB3473B,DESTROYED,PASSENGER CAR,MOVING CONSTANT SPEED,39.03975298,-76.99064255,"(39.03975298, -76.99064255)"
MCP2946002F,170507615,Montgomery County Police,Property Damage Crash,05/13/2017 07:10:00 PM,County,BRINK RD,County,WILDCAT RD,,N/A,,SAME DIR REND LEFT TURN,CLEAR,DRY,DAYLIGHT,NO CONTROLS,NONE DETECTED,,3667A868-DE65-4FFF-B8E8-A8717C989BDC,Yes,NO APPARENT INJURY,N/A,INATTENTIVE OR LOST IN THOUGHT,MD,00D6F054-3C85-4F91-BCE4-5382640BAD2F,DISABLING,PASSENGER CAR,MOVING CONSTANT SPEED,39.20862833,-77.23099167,"(39.20862833, -77.23099167)"
MCP1400000M,170502016,Montgomery County Police,Property Damage Crash,04/13/2017 09:58:00 PM,Maryland (State),LAYHILL RD,County,CHESTER MILL RD,,N/A,,HEAD ON,CLEAR,DRY,DARK LIGHTS ON,NO CONTROLS,N/A,,945DCFDB-AB35-4F80-92CC-8D49F7E6D9B0,No,NO APPARENT INJURY,N/A,NOT DISTRACTED,MD,04CDA0B3-69EF-4F7A-9FB9-7B76F85525ED,FUNCTIONAL,PASSENGER CAR,MOVING CONSTANT SPEED,39.11770541,-77.03617707,"(39.11770541, -77.03617707)"
MCP28670026,16025286,Montgomery County Police,Property Damage Crash,05/21/2016 02:00:00 PM,US (State),COLESVILLE RD,County,DALE DR,,N/A,,SAME DIRECTION SIDESWIPE,CLOUDY,WET,DAYLIGHT,N/A,NONE DETECTED,,F78D5C38-08C7-4892-973B-8C8BC677501D,No,NO APPARENT INJURY,N/A,NOT DISTRACTED,MD,30342A74-5BBF-4409-8865-D9754831D6A1,SUPERFICIAL,PASSENGER CAR,MOVING CONSTANT SPEED,39.00523892,-77.02286527,"(39.00523892, -77.02286527)"
MCP27980015,15052398,MONTGOMERY,Property Damage Crash,10/15/2015 05:39:00 PM,US (State),COLUMBIA PIKE,Unknown,HOWARD CO/L,,N/A,,SAME DIR REAR END,CLEAR,DRY,DAYLIGHT,NO CONTROLS,NONE DETECTED,,B62BFA36-93A1-4224-A54A-E904884D1297,Yes,NO APPARENT INJURY,N/A,UNKNOWN,MD,9249D0F4-7B5D-4277-B769-5EF5B3F2364F,FUNCTIONAL,"CARGO VAN/LIGHT TRUCK 2 AXLES (OVER 10,000LBS (4,536 KG))",SLOWING OR STOPPING,39.13190667,-76.91885833,"(39.13190667, -76.91885833)"