Report Number,Local Case Number,Agency Name,ACRS Report Type,Crash Date/Time,Route Type,Road Name,Cross-Street Type,Cross-Street Name,Off-Road Description,Municipality,Related Non-Motorist,Collision Type,Weather,Surface Condition,Light,Traffic Control,Driver Substance Abuse,Non-Motorist Substance Abuse,Person ID,Driver At Fault,Injury Severity,Circumstance,Driver Distracted By,Drivers License State,Vehicle ID,Vehicle Damage Extent,Vehicle Body Type,Vehicle Movement,Latitude,Longitude,Location
MCP2102000F,16062739,Montgomery County Police,Property Damage Crash,12/07/2016 07:59:00 AM,Maryland (State),VEIRS MILL RD,County,CLARIDGE RD,,N/A,,SAME DIR REAR END,CLOUDY,WET,DAYLIGHT,N/A,NONE DETECTED,,883EA8E8-A947-4A0E-B48F-68E664AB8A94,Yes,NO APPARENT INJURY,"N/A, WET",NOT DISTRACTED,MD,896B43B5-EC2D-45B7-AE76-078DCC5AC082,DISABLING,PASSENGER CAR,MOVING CONSTANT SPEED,39.04780238,-77.06866264,"(39.04780238, -77.06866264)"
MCP2594000P,15008344,Montgomery County Police,Property Damage Crash,02/20/2015 12:25:00 PM,,,,,Parking lot of 18100 Village Center Dr.,,,OTHER,CLEAR,,DAYLIGHT,NO CONTROLS,NONE DETECTED,,1822A6EE-1409-4457-A455-EAB7C2607242,Yes,NO APPARENT INJURY,N/A,OTHER DISTRACTION,MD,BBA0D579-B4D0-4281-8DB1-6A6565094F10,DISABLING,PASSENGER CAR,PARKING,39.15416647,-77.06409216,"(39.15416647, -77.06409216)"
MCP06850026,16024363,Montgomery County Police,Property Damage Crash,05/16/2016 05:22:00 PM,,,,,PARKING LOT 100 EDISON PARK DR,,,OTHER,CLEAR,,DAYLIGHT,NO CONTROLS,NONE DETECTED,,90CC6327-590F-42A0-B6B8-113459F1D60F,Yes,NO APPARENT INJURY,N/A,NOT DISTRACTED,DC,6113C62B-83CE-48F5-BE63-87043F2CAECE,SUPERFICIAL,PASSENGER CAR,BACKING,39.11214333,-77.23593,"(39.11214333, -77.23593)"
MCP2898001M,16048833,Montgomery County Police,Property Damage Crash,09/22/2016 09:09:00 PM,County,CLARKSBURG RD,Other Public Roadway,SNOWDEN FARM PKWY,,N/A,,SINGLE VEHICLE,CLEAR,DRY,DARK LIGHTS ON,NO CONTROLS,N/A,,CEF00226-1917-494E-9E5A-B5CFC669FC84,Yes,NO APPARENT INJURY,N/A,OTHER DISTRACTION,MD,2973DF22-9D50-4737-B862-8DF49060B2D7,DISABLING,PASSENGER CAR,SLOWING OR STOPPING,39.255365,-77.274905,"(39.255365, -77.274905)"
DD5598000B,15061198,ROCKVILLE,Injury Crash,11/30/2015 06:04:00 PM,Maryland (State),FALLS RD,Municipality,KERSEY LA,,ROCKVILLE,,HEAD ON LEFT TURN,RAINING,WET,DARK LIGHTS ON,TRAFFIC SIGNAL,N/A,,10DDCC71-2E91-4CC3-904D-8B33E5D56088,No,POSSIBLE INJURY,"RAIN, SNOW, WET",NOT DISTRACTED,VA,A1ECBF2F-465D-4087-BAC6-316218ED181F,DISABLING,PASSENGER CAR,MOVING CONSTANT SPEED,39.066605,-77.17408333,"(39.066605, -77.17408333)"
MCP2968001D,170501807,Montgomery County Police,Property Damage Crash,04/12/2017 03:48:00 PM,County,TRAVILAH RD,County,PINEY MEETINGHOUSE RD,,N/A,,SAME DIR REAR END,CLEAR,DRY,DAYLIGHT,NO CONTROLS,N/A,,3E6BDA0F-1903-489D-BC33-A5BA69762837,Yes,NO APPARENT INJURY,N/A,LOOKED BUT DID NOT SEE,MD,9D61C80E-A08C-47B9-81CB-DFB1B9D92737,FUNCTIONAL,PASSENGER CAR,MOVING CONSTANT SPEED,39.08651167,-77.21855167,"(39.08651167, -77.21855167)"
MCP9369000P,170504262,Montgomery County Police,Property Damage Crash,04/26/2017 05:25:00 AM,County,SHADY GROVE RD,Ramp,RAMP 6 FR SHADY GROVE RD EB TO MD200A SB,,N/A,,HEAD ON LEFT TURN,RAINING,WET,DARK LIGHTS ON,TRAFFIC SIGNAL,NONE DETECTED,,AA9C5989-97B8-425B-BD3E-2CD35E5F596C,Yes,NO APPARENT INJURY,"N/A, WET",LOOKED BUT DID NOT SEE,MD,9AFB98F9-CF6A-4381-A2F5-0FF063FDA529,SUPERFICIAL,PASSENGER CAR,MAKING LEFT TURN,39.13125833,-77.16144667,"(39.13125833, -77.16144667)"
MCP26120025,170519451,Montgomery County Police,Injury Crash,07/16/2017 07:31:00 PM,Maryland (State),NORBECK RD,County,WALLINGFORD RD,,N/A,,UNKNOWN,CLEAR,DRY,DAYLIGHT,N/A,ALCOHOL CONTRIBUTED,,0974F706-7697-49F2-823B-BBA623DEA289,Yes,SUSPECTED MINOR INJURY,N/A,UNKNOWN,MD,B0E042F6-5015-4F65-8A9E-3B6811181AC2,DESTROYED,PASSENGER CAR,UNKNOWN,39.12021167,-77.04073333,"(39.12021167, -77.04073333)"
MCP2765003L,17001028,Montgomery County Police,Property Damage Crash,01/06/2017 05:45:00 PM,Maryland (State),FALLS RD,County,COLD SPRING RD,,N/A,,HEAD ON LEFT TURN,CLEAR,DRY,DARK LIGHTS ON,NO CONTROLS,NONE DETECTED,,ABBFE0D2-D680-4AE9-B30B-8812BDE72511,Yes,NO APPARENT INJURY,N/A,LOOKED BUT DID NOT SEE,MD,07EE3D1D-F8AC-4501-AA7A-A41A4C770CDB,SUPERFICIAL,PASSENGER CAR,MAKING LEFT TURN,39.06075667,-77.17706333,"(39.06075667, -77.17706333)"
MCP2686001W,170512920,Montgomery County Police,Property Damage Crash,06/10/2017 04:04:00 PM,County,FATHER HURLEY BLVD,County,WATERS LANDING DR,,N/A,,SAME DIR REAR END,CLEAR,DRY,DAYLIGHT,N/A,N/A,,A56E0268-75DA-4BDD-95D1-9AA625E8AEDA,No,NO APPARENT INJURY,N/A,NOT DISTRACTED,MD,300A531E-FC87-4F23-B91D-EED71035AAD1,DISABLING,(SPORT) UTILITY VEHICLE,SLOWING OR STOPPING,39.19248476,-77.27152348,"(39.19248476, -77.27152348)"
MCP2518000V,15051670,MONTGOMERY,Property Damage Crash,10/12/2015 08:01:00 AM,County,BETHESDA CHURCH RD,Maryland (State),RIDGE RD,,N/A,,SAME DIR REAR END,CLEAR,DRY,DAYLIGHT,NO CONTROLS,NONE DETECTED,,556246C5-1A4F-4163-8D22-74039AD37B68,Yes,NO APPARENT INJURY,"N/A, VISION OBSTRUCTION (INCL. BLINDED BY SUN)",NOT DISTRACTED,MD,F72C187F-66EE-437B-AF10-FF217F90759E,DISABLING,PASSENGER CAR,SLOWING OR STOPPING,39.28515833,-77.21299167,"(39.28515833, -77.21299167)"
EJ7839001T,16067027,Gaithersburg Police Depar,Injury Crash,12/29/2016 08:06:00 PM,County,MUDDY BRANCH RD,Maryland (State),W DIAMOND AVE,,N/A,,HEAD ON LEFT TURN,CLEAR,DRY,DARK LIGHTS ON,TRAFFIC SIGNAL,NONE DETECTED,,6F71C7E1-8004-4DEF-B51F-8F64C1619BFF,Yes,NO APPARENT INJURY,N/A,NOT DISTRACTED,MD,DC4C7AD6-79AA-4CC8-9000-1B811CD711DD,FUNCTIONAL,PASSENGER CAR,MAKING LEFT TURN,39.14016333,-77.20499,"(39.14016333, -77.20499)"
MCP2617001R,16018123,Montgomery County Police,Property Damage Crash,04/13/2016 05:32:00 PM,County,POOKS HILL RD,County,LINDEN AVE,,N/A,,SAME DIRECTION LEFT TURN,CLEAR,DRY,DAYLIGHT,NO CONTROLS,NONE DETECTED,,2F23E545-70D4-439E-BAC0-8C09C964F0D2,Yes,NO APPARENT INJURY,N/A,NOT DISTRACTED,MD,5C975176-ED1D-40E9-B00A-AE41061F6DF0,FUNCTIONAL,PASSENGER CAR,SLOWING OR STOPPING,39.01472167,-77.107125,"(39.01472167, -77.107125)"
EJ7829001X,16007568,Gaithersburg Police Depar,Property Damage Crash,02/14/2016 03:00:00 PM,Municipality,S SUMMIT AVE,Municipality,OLDE TOWNE AVE,,GAITHERSBURG,,HEAD ON LEFT TURN,CLEAR,DRY,DAYLIGHT,STOP SIGN,NONE DETECTED,,727B3763-83E4-4EE5-B522-D90112A3E547,No,NO APPARENT INJURY,N/A,NOT DISTRACTED,MD,E969D727-EBF5-4AA7-9BCF-356D431873BD,DISABLING,PASSENGER CAR,MOVING CONSTANT SPEED,39.14046833,-77.193665,"(39.14046833, -77.193665)"
MCP10640068,170526607,Montgomery County Police,Injury Crash,08/24/2017 12:37:00 PM,Maryland (State),NEW HAMPSHIRE AVE,County,SHERBROOK DR,,N/A,OTHER,SAME DIRECTION SIDESWIPE,CLOUDY,DRY,DAYLIGHT,N/A,N/A,N/A,639CA8D7-FC56-4D34-ABA5-FEDD83F31143,No,NO APPARENT INJURY,"N/A, ROAD UNDER CONSTRUCTION/MAINTENANCE",NOT DISTRACTED,MD,827DC6EA-75D0-4DD4-A51F-E6430490CB9A,SUPERFICIAL,PASSENGER CAR,MOVING CONSTANT SPEED,39.17845167,-77.13753667,"(39.17845167, -77.13753667)"
MCP29520024,16030607,Montgomery County Police,Property Damage Crash,06/17/2016 09:44:00 AM,County,FRANKLIN AVE,County,GARWOOD ST,,N/A,,OTHER,CLEAR,DRY,DAYLIGHT,NO CONTROLS,NONE DETECTED,,DE81F267-601B-435F-A425-1020B3409991,No,NO APPARENT INJURY,N/A,NOT DISTRACTED,MD,8459F8F4-F66B-4339-87CE-40919865FA40,FUNCTIONAL,PASSENGER CAR,STOPPED IN TRAFFIC LANE,39.01174333,-77.00349833,"(39.01174333, -77.00349833)"
MCP2055000Q,15051589,MONTGOMERY,Property Damage Crash,10/11/2015 02:33:00 PM,Maryland (State),WISCONSIN AVE,County,ROSEDALE AVE,,N/A,,SAME DIRECTION LEFT TURN,CLEAR,DRY,DAYLIGHT,N/A,NONE DETECTED,,78E56BB5-490C-472F-8CAF-41700D02F851,Yes,NO APPARENT INJURY,N/A,LOOKED BUT DID NOT SEE,MD,81E8B334-6051-4127-9E1E-011EA118BAA1,DISABLING,PASSENGER CAR,ACCELERATING,38.99235333,-77.09575167,"(38.99235333, -77.09575167)"
MCP2960000C,15029107,MONTGOMERY,Property Damage Crash,06/15/2015 01:14:00 PM,Maryland (State),CONNECTICUT AVE,Maryland (State),KNOWLES AVE,,N/A,,SAME DIR BOTH LEFT TURN,CLOUDY,DRY,DAYLIGHT,TRAFFIC SIGNAL,NONE DETECTED,,AE5D8E0F-71B4-40F6-A5C4-9C4657DDBB74,No,NO APPARENT INJURY,N/A,NOT DISTRACTED,MD,0F0BDA6E-7063-47F5-A1AB-C163BB943D48,SUPERFICIAL,PASSENGER CAR,ACCELERATING,39.02750422,-77.07663283,"(39.02750422, -77.07663283)"
DD5606003M,16038730,Rockville Police Departme,Injury Crash,07/31/2016 02:00:00 PM,County,MONTROSE RD,Municipality,FARM HAVEN DR,,ROCKVILLE,,SAME DIRECTION LEFT TURN,CLEAR,N/A,DAYLIGHT,TRAFFIC SIGNAL,NONE DETECTED,,7CD12752-E435-4678-9145-99ADED873B38,No,SUSPECTED MINOR INJURY,N/A,LOOKED BUT DID NOT SEE,VA,ED9E479F-69A3-42F0-A748-B035B128C5BA,DISABLING,PASSENGER CAR,MOVING CONSTANT SPEED,39.05431,-77.14296333,"(39.05431, -77.14296333)"
MCP9118000M,16060379,Montgomery County Police,Property Damage Crash,11/24/2016 12:12:00 AM,County,NEWPORT MILL RD,County,MAPLE VIEW DR,,N/A,,OTHER,CLEAR,DRY,DARK LIGHTS ON,NO CONTROLS,ALCOHOL CONTRIBUTED,,8AFF7E40-C1C0-4EE4-B61C-433C13DC5B2F,Yes,NO APPARENT INJURY,N/A,UNKNOWN,DC,A824DE25-2B3F-4755-87EA-AD719907A83E,DISABLING,PASSENGER CAR,MOVING CONSTANT SPEED,39.03860333,-77.054415,"(39.03860333, -77.054415)"
MCP2059003D,16066893,Montgomery County Police,Injury Crash,12/29/2016 06:45:00 AM,County,LYTTONSVILLE RD,County,LYTTONSVILLE PL,,N/A,,HEAD ON LEFT TURN,RAINING,WET,DARK LIGHTS ON,NO CONTROLS,NONE DETECTED,,45179432-C983-4A2C-BD03-1A2D62D09C28,Yes,NO APPARENT INJURY,"RAIN, SNOW, WET",UNKNOWN,MD,E611298C-A8BA-4B32-ABCF-554A06FBEBA0,DISABLING,"OTHER LIGHT TRUCKS (10,000LBS (4,536KG) OR LESS)",MAKING LEFT TURN,38.99871,-77.05258667,"(38.99871, -77.05258667)"
MCP2645000M,16034318,Montgomery County Police,Property Damage Crash,07/06/2016 11:38:00 PM,County,MIDDLEBROOK RD,Maryland (State),FREDERICK RD,,N/A,,SINGLE VEHICLE,CLEAR,DRY,DARK LIGHTS ON,TRAFFIC SIGNAL,N/A,,E833EFC5-049A-4540-AA6E-52FA25C2BEDC,Yes,NO APPARENT INJURY,N/A,NOT DISTRACTED,MD,C8D294EF-DD18-4086-A258-1E096EA0A56B,DISABLING,PASSENGER CAR,ACCELERATING,39.18124179,-77.23839283,"(39.18124179, -77.23839283)"
MCP12330019,16062873,Montgomery County Police,Injury Crash,12/07/2016 05:34:00 PM,Maryland (State),CONNECTICUT AVE,Municipality,WASHINGTON ST,,KENSINGTON,,SAME DIR REAR END,CLEAR,DRY,DARK NO LIGHTS,NO CONTROLS,NONE DETECTED,,A7130356-3395-4D6B-8489-A71051BE3E8B,No,POSSIBLE INJURY,N/A,NOT DISTRACTED,MD,87E17C3F-5F80-42A7-A886-4E7D83CA1B42,DISABLING,PASSENGER CAR,SLOWING OR STOPPING,39.023275,-77.07574167,"(39.023275, -77.07574167)"
MCP27630016,170507415,Montgomery County Police,Property Damage Crash,05/12/2017 03:47:00 PM,County,BOWIE MILL RD,County,OCTOBER CT,,N/A,,SAME DIR REAR END,CLOUDY,WET,DAYLIGHT,N/A,NONE DETECTED,,CEA75581-C3F6-4BE4-A40F-E4BF40C57C86,Yes,NO APPARENT INJURY,N/A,LOOKED BUT DID NOT SEE,MD,9F25B04A-6EC4-47BE-AE48-E3953F91BEED,DISABLING,PASSENGER CAR,SLOWING OR STOPPING,39.150025,-77.10752667,"(39.150025, -77.10752667)"
MCP2398001T,170521222,Montgomery County Police,Property Damage Crash,07/26/2017 11:34:00 AM,County,SHADY GROVE RD,Municipality,CHOKE CHERRY RD,,ROCKVILLE,,SAME DIRECTION SIDESWIPE,CLEAR,DRY,DAYLIGHT,TRAFFIC SIGNAL,NONE DETECTED,,ACA7E90A-1EE1-4DF2-8539-FA061E05550E,No,NO APPARENT INJURY,N/A,NOT DISTRACTED,MD,38D00E84-A50B-4BC2-8ACC-7FC21CAFB5FA,SUPERFICIAL,(SPORT) UTILITY VEHICLE,STARTING FROM LANE,39.11393333,-77.18609667,"(39.11393333, -77.18609667)"
MCP26650021,17012709,Montgomery County Police,Injury Crash,03/10/2017 06:58:00 PM,Maryland (State),ROCKVILLE PIKE,County,TUCKERMAN LA,,N/A,,SAME DIR REAR END,CLEAR,DRY,DARK LIGHTS ON,NO CONTROLS,N/A,,0FF6131B-D45E-43EF-AD26-12943752283C,No,SUSPECTED MINOR INJURY,N/A,NOT DISTRACTED,MD,A06C02E9-FA02-467E-89DA-AE55AA5F6E92,DISABLING,PASSENGER CAR,STOPPED IN TRAFFIC LANE,39.031895,-77.10585,"(39.031895, -77.10585)"
MCP2627000Z,16005461,Montgomery County Police,Injury Crash,02/02/2016 02:36:00 PM,Maryland (State),EAST WEST HWY,Municipality,MEADOW LA,,CHEVY CHASE #4,,SAME DIR REAR END,CLEAR,WET,DAYLIGHT,NO CONTROLS,NONE DETECTED,,B408418F-1BB1-43B0-923C-57B97B58FE4E,Yes,SUSPECTED MINOR INJURY,"N/A, WET",LOOKED BUT DID NOT SEE,MD,5CCFACA7-78C2-45BD-8CA1-D991A5BEB522,DISABLING,PASSENGER CAR,SLOWING OR STOPPING,38.98772833,-77.07962333,"(38.98772833, -77.07962333)"
MCP30290009,17007389,Montgomery County Police,Property Damage Crash,02/10/2017 08:21:00 PM,Maryland (State),VEIRS MILL RD,County,REEDIE DR,,N/A,,SAME DIRECTION SIDESWIPE,CLEAR,DRY,DARK LIGHTS ON,TRAFFIC SIGNAL,NONE DETECTED,,66689150-AB6A-4206-8699-29EC377ECA2D,No,NO APPARENT INJURY,N/A,NOT DISTRACTED,MD,311A9700-0B08-46EF-9F21-4B08DAAC1352,SUPERFICIAL,PASSENGER CAR,STOPPED IN TRAFFIC LANE,39.03823633,-77.05265522,"(39.03823633, -77.05265522)"
MCP2893000X,15000433,Montgomery County Police,Property Damage Crash,01/03/2015 03:56:00 PM,County,SENECA MEADOWS PKWY,Maryland (State),GERMANTOWN RD,,N/A,,SINGLE VEHICLE,RAINING,WET,DUSK,NO CONTROLS,NONE DETECTED,,10C2B7B3-76C2-4CAD-84B3-41D820D5C242,Yes,NO APPARENT INJURY,"RAIN, SNOW, WET",NOT DISTRACTED,CA,7C038189-605F-49AD-BA89-3A75E47B023C,DISABLING,PASSENGER CAR,MOVING CONSTANT SPEED,39.19031333,-77.257795,"(39.19031333, -77.257795)"
MCP13780077,15037510,MONTGOMERY,Property Damage Crash,07/29/2015 10:30:00 AM,Maryland (State),VEIRS MILL RD,County,ASPEN HILL RD,,N/A,,SAME DIRECTION SIDESWIPE,CLOUDY,DRY,DAYLIGHT,NO CONTROLS,NONE DETECTED,,442AC6C3-D274-4166-A520-4C278379311E,No,NO APPARENT INJURY,N/A,NOT DISTRACTED,MD,D65B4A99-CC32-4BD1-B612-B8280065810F,SUPERFICIAL,(SPORT) UTILITY VEHICLE,SLOWING OR STOPPING,39.06717217,-77.10127831,"(39.06717217, -77.10127831)"
MCP0113001B,170505192,Montgomery County Police,Property Damage Crash,05/01/2017 08:51:00 AM,County,RANDOLPH RD,County,GAYNOR RD,,N/A,,SAME DIRECTION SIDESWIPE,CLOUDY,DRY,DAYLIGHT,NO CONTROLS,NONE DETECTED,,8C02A17B-790F-4AAF-A5F9-3091A5119EB6,No,NO APPARENT INJURY,N/A,NOT DISTRACTED,MD,13683012-1593-4733-88B7-9C705D1E9B79,SUPERFICIAL,PASSENGER CAR,MOVING CONSTANT SPEED,39.05397005,-77.09350124,"(39.05397005, -77.09350124)"
MCP3007000Y,16038852,Montgomery County Police,Property Damage Crash,08/01/2016 08:58:00 AM,County,BEL PRE RD,County,CONNECTICUT AVE,,N/A,,HEAD ON LEFT TURN,CLEAR,DRY,DAYLIGHT,TRAFFIC SIGNAL,NONE DETECTED,,FAAEA7F4-E177-491D-B104-8B54859B2CEC,Yes,NO APPARENT INJURY,N/A,LOOKED BUT DID NOT SEE,MD,4F8CCE97-8508-4763-A427-C4B117ED875F,DISABLING,PASSENGER CAR,MOVING CONSTANT SPEED,39.09184333,-77.07028333,"(39.09184333, -77.07028333)"
MCP3075000B,170527594,Montgomery County Police,Injury Crash,08/29/2017 04:28:00 PM,County,WATKINS MILL RD,County,GREENRIVER TERR,,N/A,,HEAD ON,RAINING,WET,DAYLIGHT,N/A,NONE DETECTED,,418C454B-D9DB-426A-9DB6-0DD3397E8816,No,POSSIBLE INJURY,"RAIN, SNOW, WET",NOT DISTRACTED,MD,BC418C3A-30F5-4299-9855-67C669F4C8B9,DISABLING,PASSENGER CAR,MOVING CONSTANT SPEED,39.18992573,-77.22167395,"(39.18992573, -77.22167395)"
MCP28270025,16014763,MONTGOMERY,Property Damage Crash,03/25/2016 06:51:00 PM,County,NORBECK RD,County,NORWOOD RD,,N/A,,SAME DIR REAR END,CLEAR,DRY,DAYLIGHT,NO CONTROLS,NONE DETECTED,,F60453B7-2532-41CB-8FFD-4C0FB8CC7CC5,Yes,NO APPARENT INJURY,N/A,NOT DISTRACTED,CA,2B63225E-EE68-4001-B002-544D488A5839,FUNCTIONAL,PASSENGER CAR,MOVING CONSTANT SPEED,39.11981333,-77.01856333,"(39.11981333, -77.01856333)"
MCP9133001H,170504892,Montgomery County Police,Property Damage Crash,04/29/2017 06:40:00 AM,County,SHAKESPEARE BLVD,County,NEELSVILLE CHURCH RD,,N/A,,SINGLE VEHICLE,CLEAR,DRY,DAYLIGHT,NO CONTROLS,NONE DETECTED,,85E42130-B2CA-4C05-A444-04D503274ADA,Yes,NO APPARENT INJURY,N/A,OTHER CELLULAR PHONE RELATED,MD,00478B80-1D07-4CB1-8549-DF06BD574976,DISABLING,PASSENGER CAR,MOVING CONSTANT SPEED,38.99592667,-77.10808667,"(38.99592667, -77.10808667)"
MCP2891003Q,170507220,Montgomery County Police,Property Damage Crash,05/11/2017 12:26:00 PM,Interstate (State),CAPITAL BELTWAY,Unknown,EXIT #33,,N/A,,SINGLE VEHICLE,RAINING,WET,DAYLIGHT,N/A,NONE DETECTED,,40D0D821-A550-4835-87D9-3DBC58FC8A03,Yes,NO APPARENT INJURY,"RAIN, SNOW, WET",NOT DISTRACTED,MD,B1FA1319-4263-47EC-B65B-0D1665FD7D76,DISABLING,PASSENGER CAR,MOVING CONSTANT SPEED,39.00643183,-77.07041833,"(39.00643183, -77.07041833)"
MCP2472001M,16015498,MONTGOMERY,Property Damage Crash,03/30/2016 07:22:00 AM,Maryland (State),ROCKVILLE PIKE,County,MARINELLI RD,,N/A,,SAME DIR REAR END,CLEAR,DRY,DAYLIGHT,NO CONTROLS,NONE DETECTED,,1631C272-93EA-484F-88DB-E63EFECFA699,No,NO APPARENT INJURY,N/A,NOT DISTRACTED,MD,E5571B4E-24F3-4A59-90C8-C8F7C6410FEF,FUNCTIONAL,(SPORT) UTILITY VEHICLE,STOPPED IN TRAFFIC LANE,39.04683584,-77.11274743,"(39.04683584, -77.11274743)"
MCP23460003,15046796,MONTGOMERY,Injury Crash,09/06/2015 03:04:00 AM,Interstate (State),EISENHOWER MEMORIAL HWY,County,TUCKERMAN LA,,N/A,,SAME DIR REAR END,CLEAR,DRY,DARK LIGHTS ON,NO CONTROLS,NONE DETECTED,,7AC3ABA6-E15E-4040-8E6A-B1D3A40A1B99,No,SUSPECTED MINOR INJURY,N/A,NOT DISTRACTED,MD,6EE82624-2AA4-4735-A452-8CC3448167F8,DESTROYED,PASSENGER CAR,STOPPED IN TRAFFIC LANE,39.03748632,-77.14548111,"(39.03748632, -77.14548111)"
MCP2680001J,15033253,MONTGOMERY,Property Damage Crash,07/07/2015 05:26:00 PM,,,,,ally/ parking area of 1201 East west Hwy. Silver Spring Md. 20910,,,SAME DIRECTION SIDESWIPE,CLEAR,,DAYLIGHT,NO CONTROLS,NONE DETECTED,,123FFE49-C7FC-4D13-98AB-11BA8DA5D31B,No,NO APPARENT INJURY,N/A,NOT DISTRACTED,MD,FCB58503-3F21-4225-828E-98F21C0492C6,FUNCTIONAL,(SPORT) UTILITY VEHICLE,STOPPED IN TRAFFIC LANE,38.97338136,-77.00540543,"(38.97338136, -77.00540543)"
MCP137800FZ,17010969,Montgomery County Police,Injury Crash,03/01/2017 06:42:00 PM,Maryland (State),FREDERICK RD,Unknown,ENT TO BUSINESS,,N/A,,SAME DIR REAR END,N/A,DRY,DARK LIGHTS ON,YIELD SIGN,NONE DETECTED,,B502C7DC-E8D9-4C9B-AFDE-FFA6DC64C9E2,Yes,NO APPARENT INJURY,N/A,NOT DISTRACTED,MD,A622DF8E-C293-4EB2-B282-E0CEF8ED086E,SUPERFICIAL,(SPORT) UTILITY VEHICLE,ACCELERATING,39.151185,-77.21065167,"(39.151185, -77.21065167)"
MCP2951001N,16033363,Montgomery County Police,Injury Crash,07/01/2016 05:35:00 PM,County,BEL PRE RD,County,BEAVERWOOD LA,,N/A,,STRAIGHT MOVEMENT ANGLE,CLEAR,DRY,DAYLIGHT,NO CONTROLS,NONE DETECTED,,6C575190-7DB3-41B9-8056-C3E3E04DF300,Yes,NO APPARENT INJURY,N/A,LOOKED BUT DID NOT SEE,FL,D37B3181-9F5C-46B1-8BC6-D46C2D8B3512,SUPERFICIAL,PASSENGER CAR,STARTING FROM PARKED,39.09108833,-77.06647167,"(39.09108833, -77.06647167)"
MCP2891002D,16023775,Montgomery County Police,Property Damage Crash,05/13/2016 10:35:00 AM,,,,,"MONTGOMERY COUNTY FIRE/RESCUE - STATION 19 AT 1945 SEMINARY ROAD, SILVER SPRING, MD 20910",,,SINGLE VEHICLE,N/A,,DAYLIGHT,N/A,NONE DETECTED,,EC16274F-C321-4459-B61A-06B48A9EBE4B,Yes,NO APPARENT INJURY,"N/A, WET",LOOKED BUT DID NOT SEE,NJ,EAE96163-D2B6-47B4-A034-27E63CCFF555,FUNCTIONAL,FIRE VEHICLE/EMERGENCY,BACKING,39.009305,-77.04236167,"(39.009305, -77.04236167)"
MCP26670014,15043567,MONTGOMERY,Property Damage Crash,08/30/2015 11:15:00 AM,County,SHADY GROVE RD,County,EPSILON DR,,N/A,,SAME DIR REAR END,CLEAR,DRY,DAYLIGHT,TRAFFIC SIGNAL,NONE DETECTED,,C2B25D4A-4DA0-4F7B-A546-781F6A27E2E6,Yes,NO APPARENT INJURY,N/A,NOT DISTRACTED,MD,B527AEC4-FFB1-44B5-881C-B379AFE25603,DISABLING,PASSENGER CAR,MOVING CONSTANT SPEED,39.13850667,-77.15342833,"(39.13850667, -77.15342833)"
MCP15640010,15059658,MONTGOMERY,Property Damage Crash,11/22/2015 06:51:00 AM,Maryland (State),LAYHILL RD,Ramp,RAMP 5 FR MD182 SB TO RP 4 (TO MD200 EB),,N/A,,SAME DIR REAR END,CLEAR,DRY,DAWN,TRAFFIC SIGNAL,NONE DETECTED,,542ADDD2-D910-46A6-9BE8-FD58B7F5BD8E,No,NO APPARENT INJURY,N/A,NOT DISTRACTED,MD,F30CB91B-0BC0-47D6-98C9-F6F68FE22112,FUNCTIONAL,PASSENGER CAR,STOPPED IN TRAFFIC LANE,39.09847167,-77.04283167,"(39.09847167, -77.04283167)"
MCP3037001B,170530633,Montgomery County Police,Property Damage Crash,09/14/2017 08:22:00 PM,County,SNOWDEN FARM PKWY,Unknown,FOREMAN BLVD,,N/A,,SAME DIRECTION SIDESWIPE,CLEAR,DRY,DARK LIGHTS ON,YIELD SIGN,NONE DETECTED,,A94C2402-5740-4550-B9CF-809BAE0328E4,Yes,NO APPARENT INJURY,N/A,UNKNOWN,MD,4BCD199A-0E5D-43E4-91C6-E46E8D59B6AF,SUPERFICIAL,PASSENGER CAR,MAKING LEFT TURN,39.22995111,-77.25267291,"(39.22995111, -77.25267291)"
MCP30190010,170511073,Montgomery County Police,Property Damage Crash,06/01/2017 09:05:00 AM,Maryland (State),OLD GEORGETOWN RD,County,RYLAND DR,,N/A,,SAME DIR REAR END,N/A,DRY,DAYLIGHT,NO CONTROLS,N/A,,D03C6837-C780-48DA-89A1-606C10A1B50C,Yes,NO APPARENT INJURY,N/A,UNKNOWN,MD,3F741DE5-7839-4149-805D-4D954E6EA782,DISABLING,PASSENGER CAR,SLOWING OR STOPPING,39.01248667,-77.116865,"(39.01248667, -77.116865)"
MCP2963000B,16012402,MONTGOMERY,Property Damage Crash,03/13/2016 01:14:00 AM,US (State),GEORGIA AVE,County,SILVER SPRING AVE,,N/A,,SAME DIR BOTH LEFT TURN,CLEAR,DRY,DARK -- UNKNOWN LIGHTING,NO CONTROLS,NONE DETECTED,,116A6E09-B7D9-46ED-B168-6B65FCDDC677,Yes,NO APPARENT INJURY,N/A,LOOKED BUT DID NOT SEE,MD,42BA56C4-8BD8-4EC8-AE3E-8FD013EB3A6E,FUNCTIONAL,"OTHER LIGHT TRUCKS (10,000LBS (4,536KG) OR LESS)",MOVING CONSTANT SPEED,38.99160411,-77.0264554,"(38.99160411, -77.0264554)"