Report Number,Local Case Number,Agency Name,ACRS Report Type,Crash Date/Time,Route Type,Road Name,Cross-Street Type,Cross-Street Name,Off-Road Description,Municipality,Related Non-Motorist,Collision Type,Weather,Surface Condition,Light,Traffic Control,Driver Substance Abuse,Non-Motorist Substance Abuse,Person ID,Driver At Fault,Injury Severity,Circumstance,Driver Distracted By,Drivers License State,Vehicle ID,Vehicle Damage Extent,Vehicle Body Type,Vehicle Movement,Latitude,Longitude,Location
MCP28440016,15061408,MONTGOMERY,Property Damage Crash,12/01/2015 07:26:00 PM,Maryland (State),UNIVERSITY BLVD W,Unknown,ENT TO BUSINESS,,N/A,,STRAIGHT MOVEMENT ANGLE,CLOUDY,WET,DARK LIGHTS ON,STOP SIGN,NONE DETECTED,,0A437507-93AA-4679-88EE-58198D118814,Yes,NO APPARENT INJURY,"N/A, WET",LOOKED BUT DID NOT SEE,MD,ACB05135-7582-45BD-BE31-8699B46FDBFB,OTHER,PASSENGER CAR,MAKING LEFT TURN,39.03730833,-77.057635,"(39.03730833, -77.057635)"
DD55820010,16029500,Rockville Police Departme,Property Damage Crash,06/11/2016 09:50:00 PM,Municipality,WAINWRIGHT AVE,Municipality,ATLANTIC AVE,,ROCKVILLE,,HEAD ON,CLEAR,DRY,DARK LIGHTS ON,N/A,ALCOHOL PRESENT,,07EDBBC0-9667-4657-AE11-D21AC0CE34C5,Yes,NO APPARENT INJURY,N/A,UNKNOWN,MD,51DF09A6-0D84-4874-8682-AB1234E05ED6,DISABLING,PASSENGER CAR,UNKNOWN,39.07041667,-77.11625833,"(39.07041667, -77.11625833)"
MCP3026000R,170507571,Montgomery County Police,Injury Crash,05/13/2017 01:55:00 PM,County,NEBEL ST,County,OLD GEORGETOWN RD,,N/A,,SAME DIR REAR END,CLEAR,DRY,DAYLIGHT,NO CONTROLS,NONE DETECTED,,D7063AA5-9E8A-41B8-B0D7-BD531C35DB94,Yes,NO APPARENT INJURY,N/A,NOT DISTRACTED,MD,0DFB91BB-B890-415E-B57D-DBF10E1EF487,DISABLING,PASSENGER CAR,MOVING CONSTANT SPEED,39.05170333,-77.110095,"(39.05170333, -77.110095)"
MCP26980012,15033369,MONTGOMERY,Injury Crash,07/08/2015 09:24:00 AM,Maryland (State),NORWOOD RD,County,EXCALIBER LA,,N/A,,SAME DIR REAR END,CLOUDY,DRY,DAYLIGHT,NO CONTROLS,NONE DETECTED,,62E9A0F8-F371-499F-96E7-F9E3EC23050E,Yes,NO APPARENT INJURY,N/A,UNKNOWN,MD,6FF1BD0E-8C78-4025-A319-5B959B6F86F5,FUNCTIONAL,(SPORT) UTILITY VEHICLE,MOVING CONSTANT SPEED,39.133185,-77.03062167,"(39.133185, -77.03062167)"
MCP2398000L,15049621,MONTGOMERY,Property Damage Crash,09/30/2015 08:24:00 PM,County,GOSHEN RD,County,BRINK RD,,N/A,,SINGLE VEHICLE,CLOUDY,DRY,DARK NO LIGHTS,OTHER,ALCOHOL PRESENT,,7048AE88-8695-4E87-9194-85B0E5734D4F,Yes,NO APPARENT INJURY,N/A,TALKING OR LISTENING TO CELLULAR PHONE,MD,2DA2B7F2-AE81-49C6-9045-8CFFC5C39353,DISABLING,PASSENGER CAR,MOVING CONSTANT SPEED,39.20316833,-77.186815,"(39.20316833, -77.186815)"
MCP0113001K,170519528,Montgomery County Police,Property Damage Crash,07/17/2017 11:30:00 AM,Maryland (State),CAPITOL VIEW AVE,County,BEECHBANK RD,,N/A,,OPPOSITE DIR BOTH LEFT TURN,CLEAR,DRY,DAYLIGHT,NO CONTROLS,NONE DETECTED,,6413FF69-291D-4E5C-8D0C-D71F3C08C028,Yes,NO APPARENT INJURY,N/A,NOT DISTRACTED,DC,B104E8CF-ED87-44F1-8C48-F88C07310829,DISABLING,PASSENGER CAR,MOVING CONSTANT SPEED,39.01725833,-77.05827333,"(39.01725833, -77.05827333)"
MCP25880026,17010631,Montgomery County Police,Property Damage Crash,02/28/2017 07:15:00 AM,Maryland (State),GEORGIA AVE,Maryland (State),NORBECK RD,,N/A,,SAME DIR REAR END,CLEAR,DRY,DAYLIGHT,NO CONTROLS,NONE DETECTED,,36DCDA86-E28D-498C-8C27-3F9B56F25492,No,NO APPARENT INJURY,N/A,NOT DISTRACTED,MD,F75ECD61-AA92-4F48-9CD0-986B47148C66,SUPERFICIAL,PASSENGER CAR,STOPPED IN TRAFFIC LANE,39.10851833,-77.07627833,"(39.10851833, -77.07627833)"
MCP1519000L,15040316,MONTGOMERY,Injury Crash,08/13/2015 06:27:00 AM,Maryland (State),VEIRS MILL RD,Municipality,GAIL AVE,,ROCKVILLE,,STRAIGHT MOVEMENT ANGLE,CLEAR,DRY,DAYLIGHT,STOP SIGN,NONE DETECTED,,29613ED8-4B9B-4B9F-A29C-EF835E0257D3,No,SUSPECTED MINOR INJURY,N/A,NOT DISTRACTED,MD,C6C683B5-4CFF-4AC8-98D3-333E65642EDE,DISABLING,PASSENGER CAR,MOVING CONSTANT SPEED,39.07924957,-77.13585734,"(39.07924957, -77.13585734)"
MCP2676001R,15062024,MONTGOMERY,Injury Crash,12/04/2015 06:14:00 PM,County,SNOUFFERS SCHOOL RD,Maryland (State),WOODFIELD RD,,N/A,,HEAD ON LEFT TURN,CLEAR,DRY,DARK LIGHTS ON,NO CONTROLS,ALCOHOL PRESENT,,EEA7C1E5-4B7E-4047-8D7A-44DDC4F32ED4,Yes,NO APPARENT INJURY,N/A,NOT DISTRACTED,MD,D6F0163F-9235-477F-91FB-875573407DFA,SUPERFICIAL,PASSENGER CAR,MAKING LEFT TURN,39.160745,-77.162555,"(39.160745, -77.162555)"
MCP25880033,170530476,Montgomery County Police,Injury Crash,09/14/2017 07:15:00 AM,Maryland (State),GEORGIA AVE,County,WELLER RD,,N/A,,STRAIGHT MOVEMENT ANGLE,CLOUDY,WET,DAYLIGHT,N/A,NONE DETECTED,,CA4F6A0B-FF8B-4630-9A5A-A92B6ABC79E2,No,POSSIBLE INJURY,"N/A, WET",NOT DISTRACTED,MD,F7766754-AC90-40FE-8242-D747E1746DCD,DISABLING,PASSENGER CAR,MOVING CONSTANT SPEED,39.06654167,-77.059375,"(39.06654167, -77.059375)"
MCP2971001R,16050982,Montgomery County Police,Injury Crash,10/04/2016 03:25:00 PM,US (State),COLUMBIA PIKE,County,STEWART LA,,N/A,,STRAIGHT MOVEMENT ANGLE,CLEAR,DRY,DAYLIGHT,TRAFFIC SIGNAL,NONE DETECTED,,8CB6D103-3849-4C2D-A616-34653E5014A4,No,NO APPARENT INJURY,N/A,NOT DISTRACTED,MD,4F4F711E-CFDD-4383-85AD-E6D84C9AE997,FUNCTIONAL,(SPORT) UTILITY VEHICLE,STOPPED IN TRAFFIC LANE,39.04661086,-76.98694915,"(39.04661086, -76.98694915)"
DD55950038,16057292,Rockville Police Departme,Property Damage Crash,11/06/2016 06:08:00 PM,Municipality,W GUDE DR,Municipality,GAITHER RD,,ROCKVILLE,,SINGLE VEHICLE,CLEAR,DRY,DARK LIGHTS ON,TRAFFIC SIGNAL,NONE DETECTED,,6DD9F5F3-B9A7-4AFF-B65E-5F07AC52E14F,No,NO APPARENT INJURY,N/A,NOT DISTRACTED,MD,65C64D06-6A5A-4BE5-A510-5BAD2DA2818F,DISABLING,PASSENGER CAR,MOVING CONSTANT SPEED,39.10505767,-77.17164783,"(39.10505767, -77.17164783)"
MCP2928000W,15039081,MONTGOMERY,Property Damage Crash,08/06/2015 01:43:00 PM,Maryland (State),GEORGIA AVE,County,FLORA LA,,N/A,,SAME DIR REAR END,CLEAR,DRY,DAYLIGHT,NO CONTROLS,NONE DETECTED,,7E870CD5-05DC-44F6-A035-833471FE6D22,Yes,NO APPARENT INJURY,N/A,NOT DISTRACTED,MD,5C81CAC1-3E17-4BC0-A7A5-04F133CFE56D,DISABLING,PASSENGER CAR,MOVING CONSTANT SPEED,39.01275664,-77.04171181,"(39.01275664, -77.04171181)"
MCP2110000W,16024199,Montgomery County Police,Injury Crash,05/15/2016 09:13:00 PM,Municipality,E DIAMOND AVE,Municipality,S SUMMIT AVE,,GAITHERSBURG,,SAME DIR REAR END,CLEAR,DRY,DARK LIGHTS ON,TRAFFIC SIGNAL,N/A,,8D4DC747-4C6F-4F3A-ACF4-2EF09E042432,Yes,NO APPARENT INJURY,N/A,NOT DISTRACTED,MD,F9FC1A05-F559-43F6-A268-DA1B3575B1A7,DISABLING,PASSENGER CAR,MOVING CONSTANT SPEED,39.14210167,-77.19379,"(39.14210167, -77.19379)"
MCP94170015,16008796,MONTGOMERY,Injury Crash,02/22/2016 07:20:00 AM,County,STRATHMORE AVE,County,JOLLY WAY,,N/A,,SAME DIR REAR END,CLOUDY,DRY,DAYLIGHT,NO CONTROLS,NONE DETECTED,,D56B2F28-26B3-471C-9B4B-3A1B45F406BC,No,NO APPARENT INJURY,N/A,NOT DISTRACTED,MD,825B7AB4-BB83-42A9-904F-A1E028432ADF,SUPERFICIAL,(SPORT) UTILITY VEHICLE,STOPPED IN TRAFFIC LANE,39.03464143,-77.10414425,"(39.03464143, -77.10414425)"
MCP2962000M,15063937,MONTGOMERY,Property Damage Crash,12/14/2015 09:01:00 PM,County,ARCHWOOD WAY,County,CASHELL RD,,N/A,,OTHER,RAINING,WET,DARK NO LIGHTS,NO CONTROLS,N/A,,D60AF732-C0E2-4F22-AC53-0431A544FE59,Yes,NO APPARENT INJURY,"N/A, RAIN, SNOW",NOT DISTRACTED,MD,543A7D8E-10BE-4D89-82CC-3000978223C9,SUPERFICIAL,PASSENGER CAR,BACKING,39.153375,-77.093235,"(39.153375, -77.093235)"
MCP2394002H,170519118,Montgomery County Police,Property Damage Crash,07/14/2017 04:46:00 PM,Municipality,W GUDE DR,Municipality,RESEARCH BLVD,,ROCKVILLE,,SAME DIR REAR END,RAINING,WET,DAYLIGHT,TRAFFIC SIGNAL,NONE DETECTED,,A929D77C-D6FF-499C-AFB4-4C06D67B18CD,No,NO APPARENT INJURY,"RAIN, SNOW, WET",NOT DISTRACTED,MD,F672CDCE-F96A-4E7F-B68F-A2978CB234BA,FUNCTIONAL,PASSENGER CAR,STOPPED IN TRAFFIC LANE,39.10064167,-77.18087167,"(39.10064167, -77.18087167)"
EJ7833002B,16045861,Gaithersburg Police Depar,Property Damage Crash,09/07/2016 06:54:00 PM,Municipality,S SUMMIT AVE,Municipality,WELLS AVE,,GAITHERSBURG,,SAME DIRECTION RIGHT TURN,N/A,WET,DAYLIGHT,TRAFFIC SIGNAL,UNKNOWN,,B6C831C9-02BF-4EF4-A53B-4F72B80A451A,Yes,NO APPARENT INJURY,N/A,UNKNOWN,,7F39CB02-B7FF-4CD7-AA36-59DF7A2130C5,SUPERFICIAL,PASSENGER CAR,CHANGING LANES,39.14125315,-77.19351411,"(39.14125315, -77.19351411)"
MCP28530011,15037141,MONTGOMERY,Property Damage Crash,07/27/2015 07:37:00 PM,Maryland (State),UNIVERSITY BLVD E,County,MERRIMAC DR,,N/A,,STRAIGHT MOVEMENT ANGLE,CLEAR,DRY,DAYLIGHT,STOP SIGN,N/A,,7E686AA9-7035-4492-838F-07203AD4768D,No,NO APPARENT INJURY,N/A,NOT DISTRACTED,MD,8EE068FA-DB86-47F4-82F8-56C0805331C8,DISABLING,PASSENGER CAR,MOVING CONSTANT SPEED,38.99263333,-76.99148833,"(38.99263333, -76.99148833)"
MCP3036000J,17016380,Montgomery County Police,Injury Crash,03/31/2017 03:04:00 PM,County,GOSHEN RD,Municipality,GIRARD ST,,GAITHERSBURG,,SAME DIR REAR END,RAINING,WET,DAYLIGHT,TRAFFIC SIGNAL,NONE DETECTED,,41548FA2-23C7-40DF-8E47-50354B5ABCBB,Yes,NO APPARENT INJURY,"RAIN, SNOW, WET",INATTENTIVE OR LOST IN THOUGHT,MD,D59FB944-38C6-4869-B291-1F0F280BEC8F,SUPERFICIAL,PASSENGER CAR,ACCELERATING,39.15061833,-77.19243167,"(39.15061833, -77.19243167)"
MCP9110000L,16003868,Montgomery County Police,Property Damage Crash,01/21/2016 05:50:00 PM,Interstate (State),EISENHOWER MEMORIAL HWY,Maryland (State),GERMANTOWN RD,,N/A,,SAME DIR REAR END,CLEAR,DRY,DARK LIGHTS ON,NO CONTROLS,NONE DETECTED,,112F270C-90F4-42A9-8724-E9B441B377EC,Yes,NO APPARENT INJURY,N/A,NOT DISTRACTED,MD,2927393D-C8B9-4EA4-9E4D-B961D042DB5A,DISABLING,PASSENGER CAR,MOVING CONSTANT SPEED,39.191605,-77.25952833,"(39.191605, -77.25952833)"
MCP2801001Z,170511679,Montgomery County Police,Injury Crash,06/04/2017 02:51:00 AM,County,SILVER SPRING AVE,County,MAYOR LA,,N/A,PEDESTRIAN,OTHER,CLEAR,DRY,DARK LIGHTS ON,NO CONTROLS,ALCOHOL PRESENT,N/A,998DD391-013C-43F4-ADDE-701A29FE8648,Yes,NO APPARENT INJURY,N/A,OTHER DISTRACTION,MD,533B0A92-163E-43EE-A6CC-E5BF52D6EB98,NO DAMAGE,PASSENGER CAR,ACCELERATING,38.99164581,-77.02596992,"(38.99164581, -77.02596992)"
MCP30080011,170525791,Montgomery County Police,Property Damage Crash,08/19/2017 10:40:00 PM,Maryland (State),NEW HAMPSHIRE AVE,County,LOCKWOOD DR,,N/A,,SAME DIR REAR END,CLEAR,DRY,DARK LIGHTS ON,TRAFFIC SIGNAL,NONE DETECTED,,3A78F167-1F83-4F7F-912D-97A0841F3338,No,NO APPARENT INJURY,N/A,NOT DISTRACTED,MD,4A7BCFCB-8F80-4AA5-99FE-36B202C9E31D,SUPERFICIAL,(SPORT) UTILITY VEHICLE,STOPPED IN TRAFFIC LANE,39.03919,-76.99094167,"(39.03919, -76.99094167)"
MCP2298008H,16019481,Montgomery County Police,Property Damage Crash,04/20/2016 06:00:00 PM,County,SCOTTSBURY DR,County,SCOTTSBURY TERR,,N/A,,SAME DIR REAR END,CLEAR,DRY,DAYLIGHT,NO CONTROLS,NONE DETECTED,,870BCFC0-EFA0-4409-B743-8F671E6E0957,No,NO APPARENT INJURY,N/A,NOT DISTRACTED,DC,80CB184C-D62F-4CB0-AAD3-A45255E379CF,FUNCTIONAL,OTHER BUS,STOPPED IN TRAFFIC LANE,39.19865833,-77.238975,"(39.19865833, -77.238975)"
MCP10220025,15006527,Montgomery County Police,Property Damage Crash,02/09/2015 10:33:00 AM,Maryland (State),GERMANTOWN RD,County,DAWSON FARM RD,,N/A,,SAME DIR REAR END,RAINING,WET,DAYLIGHT,TRAFFIC SIGNAL,NONE DETECTED,,ABB77B21-E9B9-419C-B06E-C7EE04C5ADE4,No,NO APPARENT INJURY,"N/A, WET",NOT DISTRACTED,MD,A5A7FC7F-FCCF-4CAD-BF70-2FBDAF2B678B,SUPERFICIAL,VAN,SLOWING OR STOPPING,39.17135333,-77.27745,"(39.17135333, -77.27745)"
MCP2635003R,170504975,Montgomery County Police,Property Damage Crash,04/29/2017 06:06:00 PM,Maryland (State),MUNCASTER MILL RD,Unknown,SEGEROH PRESBYTERIAN CHURCH,,N/A,,SAME DIR REAR END,CLEAR,DRY,DAYLIGHT,NO CONTROLS,N/A,,B568BEC0-91CF-4CB7-992D-404131DD9F22,No,NO APPARENT INJURY,N/A,NOT DISTRACTED,MD,194AC894-FF5D-4B45-A603-322BE6743390,DISABLING,(SPORT) UTILITY VEHICLE,STOPPED IN TRAFFIC LANE,39.111975,-77.086365,"(39.111975, -77.086365)"
MCP2859001Q,16000264,Montgomery County Police,Property Damage Crash,01/02/2016 03:00:00 PM,County,SHADY GROVE RD,Ramp,RAMP 5 FR IS 270 SB TO SHADY GROVE RD,,N/A,,STRAIGHT MOVEMENT ANGLE,CLEAR,DRY,DAYLIGHT,TRAFFIC SIGNAL,NONE DETECTED,,3C6A3088-1D50-447F-A3AD-BA022B7C5CF4,No,NO APPARENT INJURY,N/A,NOT DISTRACTED,MD,0C66B2F2-FE05-49EF-93C7-5FC8C9C73722,DISABLING,PASSENGER CAR,MAKING LEFT TURN,39.109425,-77.188245,"(39.109425, -77.188245)"
DD56150019,16002554,Rockville Police Departme,Property Damage Crash,01/14/2016 03:09:00 PM,Municipality,N ADAMS ST,Municipality,W MIDDLE LA,,ROCKVILLE,,OTHER,CLEAR,DRY,DAYLIGHT,NO CONTROLS,NONE DETECTED,,43DEFEE1-D1A5-4171-96C3-394B284AB345,Yes,NO APPARENT INJURY,N/A,NOT DISTRACTED,MD,A49640C0-4E64-4E76-97EC-29BEE0136570,FUNCTIONAL,PASSENGER CAR,BACKING,39.08523752,-77.15479374,"(39.08523752, -77.15479374)"
MCP3021000Z,170518596,Montgomery County Police,Injury Crash,07/12/2017 07:10:00 AM,US (State),COLUMBIA PIKE,County,INDUSTRIAL PKWY,,N/A,,SAME DIR REAR END,CLEAR,DRY,DAYLIGHT,TRAFFIC SIGNAL,NONE DETECTED,,10877E2A-B51B-407F-8D88-08C4AFF8DD33,No,SUSPECTED MINOR INJURY,N/A,NOT DISTRACTED,MD,752575D5-15EC-426A-B434-E1555E498ED4,DISABLING,SNOWMOBILE,SLOWING OR STOPPING,39.05621833,-76.97154,"(39.05621833, -76.97154)"
MCP2635002J,15055640,MONTGOMERY,Property Damage Crash,11/01/2015 08:21:00 PM,Maryland (State),GEORGIA AVE,Maryland (State),NORBECK RD,,N/A,,SAME DIR REAR END,CLEAR,DRY,DARK LIGHTS ON,TRAFFIC SIGNAL,N/A,,E8A0731C-52A7-4F2C-A6DA-CFA22030A424,No,NO APPARENT INJURY,N/A,NOT DISTRACTED,MD,A75D96BF-074C-4A52-89FD-8BADA32EFBF8,SUPERFICIAL,PASSENGER CAR,STOPPED IN TRAFFIC LANE,39.11027833,-77.07589167,"(39.11027833, -77.07589167)"
MCP1575003P,16012567,MONTGOMERY,Injury Crash,03/14/2016 10:42:00 AM,County,HUNTERS LA,County,ERTTER DR,,N/A,,SINGLE VEHICLE,CLOUDY,WET,DAYLIGHT,NO CONTROLS,NONE DETECTED,,404C3A1C-6514-4E4D-886C-02ED233E94D2,Yes,POSSIBLE INJURY,"N/A, WET",NOT DISTRACTED,MD,BB7FB204-A46A-4B9F-86AC-F69C1A1B6579,DISABLING,PASSENGER CAR,MOVING CONSTANT SPEED,39.05532,-77.098495,"(39.05532, -77.098495)"
MCP0617000G,16021570,Montgomery County Police,Injury Crash,05/02/2016 08:32:00 AM,,OLC COLUMBIA PIKE,,CARTER GROVE,,N/A,,STRAIGHT MOVEMENT ANGLE,RAINING,WET,DAYLIGHT,NO CONTROLS,NONE DETECTED,,13F88A90-D9A0-47A0-B156-1D5662C4637C,No,NO APPARENT INJURY,"N/A, WET",NOT DISTRACTED,MD,333A1357-1D15-4D6A-99EC-AF2C0CA245AF,DISABLING,PASSENGER CAR,MOVING CONSTANT SPEED,38.99581333,-77.03302667,"(38.99581333, -77.03302667)"
MCP9311000S,16047548,Montgomery County Police,Property Damage Crash,09/16/2016 11:12:00 AM,County,HITCHING POST LA,County,OLD GATE RD,,N/A,,SAME DIRECTION SIDESWIPE,CLEAR,DRY,DAYLIGHT,NO CONTROLS,NONE DETECTED,,18EAE064-7C69-45AE-8494-54E016AE683E,Unknown,NO APPARENT INJURY,N/A,NOT DISTRACTED,MD,0A4C6CB7-B659-44BC-942E-2FCF0F43B6E8,DISABLING,PASSENGER CAR,PASSING,39.04949667,-77.145785,"(39.04949667, -77.145785)"
DD56050046,170529620,Rockville Police Departme,Injury Crash,09/09/2017 08:20:00 PM,Maryland (State),HUNGERFORD DR,Municipality,BEALL AVE #2,,ROCKVILLE,,SAME DIR REAR END,CLEAR,DRY,DARK LIGHTS ON,TRAFFIC SIGNAL,NONE DETECTED,,26F2FE62-FD51-4F51-9EDB-E038EF0EC218,No,POSSIBLE INJURY,N/A,NOT DISTRACTED,MD,E37A60C0-1EA0-4467-A203-6E9EE665185A,DISABLING,(SPORT) UTILITY VEHICLE,STOPPED IN TRAFFIC LANE,39.08690383,-77.14958233,"(39.08690383, -77.14958233)"
MCP29070011,15048942,MONTGOMERY,Injury Crash,09/26/2015 11:06:00 PM,Maryland (State),CONNECTICUT AVE,Maryland (State),PLYERS MILL RD,,N/A,,SINGLE VEHICLE,CLEAR,DRY,DARK LIGHTS ON,NO CONTROLS,NONE DETECTED,,71A8BEB9-1FAE-462C-840C-19D7DCE6A2B9,Yes,POSSIBLE INJURY,N/A,UNKNOWN,DC,369591FE-5C60-48C4-A7AB-0D018C887D40,DESTROYED,PASSENGER CAR,MOVING CONSTANT SPEED,39.02932,-77.075874,"(39.02932, -77.075874)"
MCP25860035,170526674,Montgomery County Police,Property Damage Crash,08/24/2017 07:06:00 PM,US (State),COLUMBIA PIKE,County,GREENCASTLE RD,,N/A,,SAME DIR REAR END,CLEAR,DRY,DAYLIGHT,NO CONTROLS,NONE DETECTED,,204D51FF-87F4-4A1E-8341-37FB2E7A7474,No,NO APPARENT INJURY,N/A,NOT DISTRACTED,MD,A2836171-EF44-47F8-9B6B-18113AB7F8D0,SUPERFICIAL,TRUCK TRACTOR,STOPPED IN TRAFFIC LANE,39.09222167,-76.94044167,"(39.09222167, -76.94044167)"
MCP2923002X,170507228,Montgomery County Police,Property Damage Crash,05/11/2017 01:44:00 PM,County,RANDOLPH RD,County,MIDDLEVALE LA,,N/A,,OTHER,RAINING,WET,DAYLIGHT,TRAFFIC SIGNAL,NONE DETECTED,,CD1E7930-410F-4BD9-8CB9-0B0FBE323F64,No,NO APPARENT INJURY,"RAIN, SNOW, WET",NOT DISTRACTED,MD,31D164A8-FF49-44B3-9B6C-25C63D6E267A,DISABLING,PASSENGER CAR,STOPPED IN TRAFFIC LANE,39.06426333,-77.039385,"(39.06426333, -77.039385)"
MCP27670013,15036377,MONTGOMERY,Injury Crash,07/23/2015 07:01:00 PM,County,ELKIN ST,County,AMHERST AVE,,N/A,,HEAD ON LEFT TURN,CLEAR,DRY,DAYLIGHT,STOP SIGN,NONE DETECTED,,23168D2E-37F7-4BF9-AD9B-0380CCD042E6,Unknown,NO APPARENT INJURY,N/A,LOOKED BUT DID NOT SEE,MD,12AA2289-0859-4382-A95A-CF6F44F658EB,DISABLING,PASSENGER CAR,ACCELERATING,39.04490667,-77.04801,"(39.04490667, -77.04801)"
MCP25150010,17000129,Montgomery County Police,Injury Crash,01/01/2017 04:48:00 PM,Maryland (State),WOODFIELD RD,County,BETHESDA CHURCH RD,,N/A,,HEAD ON,CLEAR,DRY,DAYLIGHT,NO CONTROLS,NONE DETECTED,,D3552E9E-96B9-4406-B809-CBC5F2496EE4,Yes,NO APPARENT INJURY,N/A,INATTENTIVE OR LOST IN THOUGHT,MD,F54F2EA6-0CAB-42D6-B621-34EBCCEAE00A,DISABLING,OTHER,MOVING CONSTANT SPEED,39.28213125,-77.20222592,"(39.28213125, -77.20222592)"
MCP2251000Q,15007803,Montgomery County Police,Injury Crash,02/17/2015 08:46:00 AM,County,NORWOOD RD,County,NORBECK RD,,N/A,,HEAD ON,SNOW,SNOW,DAYLIGHT,TRAFFIC SIGNAL,NONE DETECTED,,170CE453-484D-4529-AF50-9198BB6DF0D1,No,POSSIBLE INJURY,"ICY OR SNOW-COVERED, RAIN, SNOW",NOT DISTRACTED,MD,28F27327-5986-4836-B5C8-7D7D9E1E1EA5,DESTROYED,"OTHER LIGHT TRUCKS (10,000LBS (4,536KG) OR LESS)",MOVING CONSTANT SPEED,39.11886167,-77.02138,"(39.11886167, -77.02138)"
MCP2358001W,16009200,Montgomery County Police,Property Damage Crash,02/24/2016 08:52:00 AM,County,SEVEN LOCKS RD,Maryland (State),BRADLEY BLVD,,N/A,,SAME DIR REAR END,RAINING,WET,DAYLIGHT,TRAFFIC SIGNAL,NONE DETECTED,,130C15EC-BDE9-4322-A04C-AF272A3E4B72,No,NO APPARENT INJURY,"RAIN, SNOW, WET",NOT DISTRACTED,MD,56BE7139-9F44-40DA-B128-FF5CE0F6F24B,FUNCTIONAL,PASSENGER CAR,SLOWING OR STOPPING,39.01313833,-77.16067,"(39.01313833, -77.16067)"
MCP1366005L,16064533,Montgomery County Police,Property Damage Crash,12/16/2016 01:23:00 PM,Maryland (State),NORBECK RD,Municipality,E GUDE DR,,ROCKVILLE,,SAME DIR REAR END,CLOUDY,DRY,DAYLIGHT,TRAFFIC SIGNAL,NONE DETECTED,,512748A8-B607-44AE-8FE8-BC556A69805F,No,NO APPARENT INJURY,N/A,NOT DISTRACTED,MD,989A91E0-7E01-40DB-98D0-ABAADD7DCE1F,FUNCTIONAL,"CARGO VAN/LIGHT TRUCK 2 AXLES (OVER 10,000LBS (4,536 KG))",MOVING CONSTANT SPEED,39.08994833,-77.12918,"(39.08994833, -77.12918)"
DD56120017,170527398,Rockville Police Departme,Injury Crash,08/28/2017 07:18:00 PM,,,,,PARKING LOT OF 15190 FREDERICK RD,,,SINGLE VEHICLE,CLEAR,,DAYLIGHT,N/A,UNKNOWN,,78964BC6-E29A-455D-9DB8-E7228969350B,Yes,POSSIBLE INJURY,N/A,UNKNOWN,MD,1A79FD45-9F58-43A6-A2B2-2F73A1A699B4,FUNCTIONAL,PASSENGER CAR,PARKED,39.10448833,-77.15715,"(39.10448833, -77.15715)"
EJ7829001H,15038162,GAITHERSBURG,Injury Crash,08/01/2015 09:00:00 PM,County,ODENDHAL AVE,County,CONTOUR RD,,N/A,,HEAD ON LEFT TURN,CLEAR,DRY,DARK LIGHTS ON,TRAFFIC SIGNAL,ALCOHOL PRESENT,,85BEF348-E617-4076-82FF-81E64EA2C745,Yes,NO APPARENT INJURY,N/A,LOOKED BUT DID NOT SEE,MD,DE366CEB-FB99-4709-824D-28ACFF4BC478,SUPERFICIAL,PASSENGER CAR,MAKING LEFT TURN,39.15236315,-77.19714448,"(39.15236315, -77.19714448)"
MCP3045000M,170519702,Montgomery County Police,Injury Crash,07/18/2017 08:59:00 AM,Maryland (State),EAST WEST HWY,County,GRUBB RD,,N/A,,HEAD ON LEFT TURN,CLEAR,DRY,DAYLIGHT,TRAFFIC SIGNAL,NONE DETECTED,,17293AAC-0FF8-4A30-8DE6-7778129CE58D,Yes,SUSPECTED MINOR INJURY,N/A,LOOKED BUT DID NOT SEE,MD,907FA067-5D1A-419C-AD13-778199EC6828,DISABLING,N/A,MAKING LEFT TURN,38.99365333,-77.052285,"(38.99365333, -77.052285)"
MCP2853001W,16029458,Montgomery County Police,Property Damage Crash,06/11/2016 05:32:00 PM,US (State),COLESVILLE RD,County,SOUTHWOOD AVE,,N/A,,SAME DIR REAR END,CLEAR,DRY,DAYLIGHT,NO CONTROLS,N/A,,08FBFE19-7E17-4A8B-B31A-7498DE468757,Yes,NO APPARENT INJURY,N/A,NOT DISTRACTED,NJ,DDF3ED16-4E89-4FD3-A000-F6820432C0D1,SUPERFICIAL,PASSENGER CAR,SLOWING OR STOPPING,39.02625833,-77.01063667,"(39.02625833, -77.01063667)"
MCP2682000K,16016413,Montgomery County Police,Property Damage Crash,04/04/2016 12:25:00 PM,County,SHADY GROVE RD,Unknown,ENT TO BUSINESS,,N/A,,OPPOSITE DIRECTION SIDESWIPE,CLEAR,DRY,DAYLIGHT,N/A,N/A,,431C0219-DCEC-4D53-9583-4290BEBC4462,No,NO APPARENT INJURY,N/A,NOT DISTRACTED,MD,FCE0932A-8317-442E-AED7-D812837AA899,FUNCTIONAL,PASSENGER CAR,MOVING CONSTANT SPEED,39.12516643,-77.17513561,"(39.12516643, -77.17513561)"