Report Number,Local Case Number,Agency Name,ACRS Report Type,Crash Date/Time,Route Type,Road Name,Cross-Street Type,Cross-Street Name,Off-Road Description,Municipality,Related Non-Motorist,Collision Type,Weather,Surface Condition,Light,Traffic Control,Driver Substance Abuse,Non-Motorist Substance Abuse,Person ID,Driver At Fault,Injury Severity,Circumstance,Driver Distracted By,Drivers License State,Vehicle ID,Vehicle Damage Extent,Vehicle Body Type,Vehicle Movement,Latitude,Longitude,Location
MCP9369000D,16011107,MONTGOMERY,Property Damage Crash,03/06/2016 01:47:00 AM,Maryland (State),ROCKVILLE PIKE,Municipality,W EDMONSTON DR,,ROCKVILLE,,STRAIGHT MOVEMENT ANGLE,N/A,DRY,DARK LIGHTS ON,TRAFFIC SIGNAL,NONE DETECTED,,8EFB0372-6268-4234-BF9D-D95D95BF7591,No,NO APPARENT INJURY,N/A,NOT DISTRACTED,MD,AD4103F5-9094-4A3C-B88F-248E1CC75991,DISABLING,PASSENGER CAR,MOVING CONSTANT SPEED,39.07451048,-77.13567495,"(39.07451048, -77.13567495)"
MCP2732000X,16029167,Montgomery County Police,Property Damage Crash,06/10/2016 09:47:00 AM,Maryland (State),GEORGIA AVE,County,HEWITT AVE,,N/A,,SAME DIR REAR END,CLEAR,DRY,DAYLIGHT,TRAFFIC SIGNAL,NONE DETECTED,,0218179A-D792-48EF-B87E-650242467DBC,No,NO APPARENT INJURY,N/A,NOT DISTRACTED,MD,18A430C8-A84C-4875-81C1-68AEC4F90FB5,SUPERFICIAL,PASSENGER CAR,STOPPED IN TRAFFIC LANE,39.07740478,-77.07087815,"(39.07740478, -77.07087815)"
MCP29760025,16054817,Montgomery County Police,Injury Crash,10/24/2016 10:43:00 PM,US (State),COLUMBIA PIKE,Ramp,RAMP 7 FR RP 2 (FR MD200 WB) TO US 29 SB,,N/A,,SAME DIR REAR END,CLEAR,DRY,DARK LIGHTS ON,NO CONTROLS,NONE DETECTED,,EFC83980-FFD8-4982-9623-43261BE56FA1,Yes,SUSPECTED MINOR INJURY,N/A,LOOKED BUT DID NOT SEE,MD,489D39DD-2E2A-4402-950C-D8FEB12000C2,DISABLING,PASSENGER CAR,CHANGING LANES,39.07800861,-76.95266247,"(39.07800861, -76.95266247)"
MCP24250078,16040311,Montgomery County Police,Property Damage Crash,08/09/2016 08:57:00 AM,US (State),COLUMBIA PIKE,County,LOCKWOOD DR,,N/A,,SAME DIR REAR END,CLEAR,DRY,DAYLIGHT,NO CONTROLS,NONE DETECTED,,0756C05F-C68D-4064-890F-FE7D56E2A32E,No,NO APPARENT INJURY,N/A,NOT DISTRACTED,MA,A801BADA-CD98-47E0-8B35-9507611C0007,SUPERFICIAL,PASSENGER CAR,SLOWING OR STOPPING,39.03306667,-77.00261833,"(39.03306667, -77.00261833)"
MCP2830002V,17016530,Montgomery County Police,Injury Crash,04/01/2017 07:15:00 AM,Maryland (State),ASHTON RD,County,MINK HOLLOW RD,,N/A,,SINGLE VEHICLE,N/A,WET,DAYLIGHT,NO CONTROLS,NONE DETECTED,,19D8CE30-82E6-46A5-86AD-B132374CE045,Yes,POSSIBLE INJURY,"N/A, WET",OTHER CELLULAR PHONE RELATED,MA,6E20C6D1-8214-4D6E-B50E-0AB21845979A,DISABLING,(SPORT) UTILITY VEHICLE,MOVING CONSTANT SPEED,39.15511833,-77.000905,"(39.15511833, -77.000905)"
MCP3003001K,170518477,Montgomery County Police,Property Damage Crash,07/11/2017 02:32:00 PM,Maryland (State),GERMANTOWN RD,Unknown,ENT TO BUSINESS,,N/A,,SAME DIR REAR END,CLEAR,DRY,DAYLIGHT,NO CONTROLS,NONE DETECTED,,C9E92CC2-2753-487D-9A1E-9F29DD1F4F31,Yes,NO APPARENT INJURY,N/A,UNKNOWN,MD,E082EAC9-D6B8-4145-BCAC-43FC6DEEBB94,DISABLING,PASSENGER CAR,MAKING U TURN,39.17329833,-77.27503333,"(39.17329833, -77.27503333)"
MCP1064003B,15046904,MONTGOMERY,Injury Crash,09/16/2015 01:21:00 PM,Maryland (State),GEORGIA AVE,Maryland (State),FOREST GLEN RD,,N/A,,HEAD ON LEFT TURN,CLEAR,DRY,DAYLIGHT,TRAFFIC SIGNAL,N/A,,F9A3FD37-D2EF-4403-9118-6622141E08E8,No,NO APPARENT INJURY,N/A,NOT DISTRACTED,MD,59344B80-8E15-4367-B3B6-20706CFDEF64,FUNCTIONAL,PASSENGER CAR,MAKING LEFT TURN,39.015835,-77.04288,"(39.015835, -77.04288)"
MCP23960013,15062335,MONTGOMERY,Injury Crash,12/06/2015 02:12:00 PM,County,VEIRS MILL RD,County,GRIDLEY RD,,N/A,,STRAIGHT MOVEMENT ANGLE,CLEAR,DRY,DAYLIGHT,TRAFFIC SIGNAL,NONE DETECTED,,97A9B64C-18FF-4A72-87A2-30AB9DADE9E5,Yes,NO APPARENT INJURY,N/A,NOT DISTRACTED,MD,13522AFB-F377-411E-BA7E-8BF149D07A67,FUNCTIONAL,ALL TERRAIN VEHICLE (ATV),SLOWING OR STOPPING,39.05718386,-77.08430529,"(39.05718386, -77.08430529)"
MCP13580002,15000281,Montgomery County Police,Property Damage Crash,01/02/2015 03:15:00 PM,Maryland (State),FREDERICK RD,County,SHAKESPEARE BLVD,,N/A,,STRAIGHT MOVEMENT ANGLE,CLOUDY,DRY,DAYLIGHT,TRAFFIC SIGNAL,N/A,,3477A936-29EB-4722-8E34-700FB1F96622,Yes,NO APPARENT INJURY,N/A,LOOKED BUT DID NOT SEE,MD,5C0B3272-A558-4CE1-BDA0-2A53F247056F,DISABLING,PASSENGER CAR,MOVING CONSTANT SPEED,39.19819,-77.244775,"(39.19819, -77.244775)"
MCP22510017,15061136,MONTGOMERY,Property Damage Crash,11/30/2015 02:39:00 PM,County,RANDOLPH RD,County,TIVOLI LAKE BLVD,,N/A,,SAME DIR REAR END,RAINING,WET,DAYLIGHT,TRAFFIC SIGNAL,NONE DETECTED,,A8D3D1EC-0457-4715-B181-4BD9DC72D2CA,No,NO APPARENT INJURY,"RAIN, SNOW, WET",NOT DISTRACTED,MD,97780EB9-B4C6-4CE5-A739-375AFC09DC6C,FUNCTIONAL,PICKUP TRUCK,SLOWING OR STOPPING,39.06617167,-77.034225,"(39.06617167, -77.034225)"
EJ7856001H,16029791,Gaithersburg Police Depar,Property Damage Crash,06/13/2016 02:59:00 PM,Maryland (State),FREDERICK RD,Municipality,CHESTNUT ST,,GAITHERSBURG,,SAME DIRECTION RIGHT TURN,CLEAR,DRY,DAYLIGHT,NO CONTROLS,N/A,,D3B18796-D27E-49E0-B480-98A1EB959A0B,No,NO APPARENT INJURY,N/A,NOT DISTRACTED,MD,F1F880C2-3FA9-4E14-8970-D87600C5A2DB,FUNCTIONAL,(SPORT) UTILITY VEHICLE,MOVING CONSTANT SPEED,39.14212333,-77.203335,"(39.14212333, -77.203335)"
MCP2969000Y,15047767,MONTGOMERY,Injury Crash,09/21/2015 08:48:00 AM,Maryland (State),GEORGIA AVE,County,PLYERS MILL RD,,N/A,,SAME DIR REAR END,CLEAR,DRY,DAYLIGHT,NO CONTROLS,NONE DETECTED,,328C57D8-F7CC-4F56-9298-8058F60C5E69,No,NO APPARENT INJURY,N/A,NOT DISTRACTED,MD,A3F48D3F-1BAA-477E-AC33-CC2BB5F27423,FUNCTIONAL,PASSENGER CAR,SLOWING OR STOPPING,39.02911833,-77.04749667,"(39.02911833, -77.04749667)"
MCP27380013,15052187,MONTGOMERY,Injury Crash,10/14/2015 03:04:00 PM,Maryland (State),CHERRY HILL RD,Maryland (State),PROSPERITY DR,,N/A,,STRAIGHT MOVEMENT ANGLE,CLEAR,DRY,DAYLIGHT,TRAFFIC SIGNAL,NONE DETECTED,,CDFF6768-11D7-4E78-9AEB-AB4B82BB0F26,Yes,NO APPARENT INJURY,N/A,NOT DISTRACTED,MD,D407A238-2090-404C-9E8A-DC37F363FE36,FUNCTIONAL,PASSENGER CAR,MAKING LEFT TURN,39.06194167,-76.96037667,"(39.06194167, -76.96037667)"
MCP2439000Q,170505069,Montgomery County Police,Injury Crash,04/30/2017 11:38:00 AM,Maryland (State),MONTGOMERY VILLAGE AVE,Unknown,SPUR TO LOST KNIFE RD,,N/A,,SAME DIR REAR END,CLEAR,DRY,DAYLIGHT,TRAFFIC SIGNAL,N/A,,97BDDBBB-D38F-4BF3-BC9E-E612B881DA82,No,NO APPARENT INJURY,N/A,NOT DISTRACTED,AK,32210B7D-82DF-44BD-97B3-A89A4467F318,NO DAMAGE,PASSENGER CAR,STOPPED IN TRAFFIC LANE,39.15723636,-77.20535338,"(39.15723636, -77.20535338)"
DD56110030,170513641,Rockville Police Departme,Property Damage Crash,06/14/2017 01:36:00 PM,Maryland (State),ROCKVILLE PIKE,Municipality,TEMPLETON PL,,ROCKVILLE,,SAME DIRECTION RIGHT TURN,CLEAR,DRY,DAYLIGHT,NO CONTROLS,NONE DETECTED,,D6A6E204-96E6-4E05-A82B-72E98CD52C35,Yes,NO APPARENT INJURY,N/A,LOOKED BUT DID NOT SEE,MD,2464AC34-C2EE-4385-A335-02951D7E8550,DISABLING,PASSENGER CAR,MAKING RIGHT TURN,39.06763,-77.12906833,"(39.06763, -77.12906833)"
MCP30340011,170528102,Montgomery County Police,Property Damage Crash,09/01/2017 01:38:00 AM,County,FAIRLAND RD,County,OLD COLUMBIA PIKE,,N/A,,SAME DIR REAR END,CLEAR,DRY,DARK LIGHTS ON,FLASHING TRAFFIC SIGNAL,NONE DETECTED,,0AF6D42C-3185-4EF3-9846-D0898FE15001,No,NO APPARENT INJURY,N/A,NOT DISTRACTED,CA,BD907DA3-B3DC-4F39-8696-CE3A09C8D9D6,FUNCTIONAL,(SPORT) UTILITY VEHICLE,STOPPED IN TRAFFIC LANE,39.076685,-76.957635,"(39.076685, -76.957635)"
MCP01130017,17010639,Montgomery County Police,Injury Crash,02/28/2017 08:05:00 AM,Maryland (State),ROCKVILLE PIKE,County,TUCKERMAN LA,,N/A,,SAME DIR REAR END,CLEAR,DRY,DAYLIGHT,NO CONTROLS,NONE DETECTED,,4A886D97-6599-4B08-8457-DFD50D595846,Yes,SUSPECTED MINOR INJURY,N/A,NOT DISTRACTED,MD,E183E5A1-16F1-4FAB-8FE2-C87B2AE5C346,FUNCTIONAL,PASSENGER CAR,MOVING CONSTANT SPEED,39.03210687,-77.10586622,"(39.03210687, -77.10586622)"
MCP0942000N,15064016,MONTGOMERY,Property Damage Crash,12/15/2015 10:55:00 AM,Maryland (State),WISCONSIN AVE,Maryland (State),MONTGOMERY AVE,,N/A,,SAME DIRECTION RIGHT TURN,CLEAR,DRY,DAYLIGHT,TRAFFIC SIGNAL,NONE DETECTED,,D73B2D50-2BE0-476C-BA77-4C0DFB675737,No,NO APPARENT INJURY,N/A,NOT DISTRACTED,VA,4366FDB2-EE5E-43EB-8E61-EF2F58AFB699,SUPERFICIAL,PASSENGER CAR,STOPPED IN TRAFFIC LANE,38.98363333,-77.09324167,"(38.98363333, -77.09324167)"
MCP2353003K,17005729,Montgomery County Police,Injury Crash,02/02/2017 09:01:00 AM,Maryland (State),ROCKVILLE PIKE,Unknown,CEDAR CROFT DR,,N/A,BICYCLIST,STRAIGHT MOVEMENT ANGLE,CLOUDY,DRY,DAYLIGHT,NO CONTROLS,NONE DETECTED,NONE DETECTED,B0303265-4324-4C84-9E26-B778625F8CA0,No,NO APPARENT INJURY,N/A,UNKNOWN,MD,FD0D9720-C59C-4312-AD67-7DFC85EE72F1,SUPERFICIAL,PASSENGER CAR,MAKING RIGHT TURN,39.00850167,-77.09802833,"(39.00850167, -77.09802833)"
MCP15750034,15056156,MONTGOMERY,Property Damage Crash,11/04/2015 10:48:00 AM,Municipality,PARK RD,Maryland (State),HUNGERFORD DR,,N/A,,OTHER,CLEAR,DRY,DAYLIGHT,TRAFFIC SIGNAL,NONE DETECTED,,58ED6468-B237-4D07-8112-3475C21AC855,No,NO APPARENT INJURY,N/A,NOT DISTRACTED,MD,BBA34E43-5C13-4AD7-904F-0C783B48CA87,SUPERFICIAL,POLICE VEHICLE/NON EMERGENCY,STOPPED IN TRAFFIC LANE,39.08523167,-77.14813833,"(39.08523167, -77.14813833)"
MCP2251001C,15065950,MONTGOMERY,Injury Crash,12/24/2015 11:34:00 AM,Maryland (State),LAYHILL RD,County,BRIGGS RD,,N/A,,HEAD ON LEFT TURN,RAINING,WET,DAYLIGHT,TRAFFIC SIGNAL,NONE DETECTED,,82BA5CCE-5D8F-40CC-B592-9B7B56520919,Yes,NO APPARENT INJURY,"RAIN, SNOW, WET",NOT DISTRACTED,MD,E7E093A5-37DE-4F33-81FA-C7AE1459B07E,DESTROYED,VAN,MAKING LEFT TURN,39.069365,-77.04561667,"(39.069365, -77.04561667)"
MCP2515000M,16029457,Montgomery County Police,Property Damage Crash,06/11/2016 05:28:00 PM,County,GUE RD,Maryland (State),RIDGE RD,,N/A,,HEAD ON,CLEAR,DRY,DAYLIGHT,NO CONTROLS,NONE DETECTED,,99AA51F4-A3C7-4D03-B6CB-AEF3BE3D528C,Yes,NO APPARENT INJURY,"SHOULDERS LOW, SOFT, HIGH, VISION OBSTRUCTION (INCL. BLINDED BY SUN)",NOT DISTRACTED,MD,4CF93412-5B14-4160-B7F9-32E7D2AE450D,DISABLING,PASSENGER CAR,MOVING CONSTANT SPEED,39.30464949,-77.18341827,"(39.30464949, -77.18341827)"
MCP28120028,17010126,Montgomery County Police,Property Damage Crash,02/25/2017 12:05:00 AM,US (State),COLESVILLE RD,County,SPRING ST,,N/A,,SAME DIRECTION RIGHT TURN,CLEAR,DRY,DARK LIGHTS ON,TRAFFIC SIGNAL,N/A,,042169CF-2F22-4534-AD13-93D862BA2293,No,NO APPARENT INJURY,N/A,NOT DISTRACTED,MD,1D474577-F410-4707-9D81-8369C75BC3BC,DISABLING,POLICE VEHICLE/EMERGENCY,MOVING CONSTANT SPEED,38.99804,-77.02569167,"(38.99804, -77.02569167)"
DD5502001T,15057162,ROCKVILLE,Injury Crash,11/09/2015 04:53:00 PM,County,E JEFFERSON ST,Unknown,ENT TO FEDERAL PLAZA SC,,N/A,,SAME DIR REAR END,RAINING,WET,DUSK,NO CONTROLS,NONE DETECTED,,6567E9F5-BE06-4FB0-B85C-84E98AAF41DC,Yes,NO APPARENT INJURY,"N/A, WET",NOT DISTRACTED,MD,39A0A286-B44C-4091-9197-0B854C61D75A,SUPERFICIAL,(SPORT) UTILITY VEHICLE,ACCELERATING,39.05822833,-77.12599667,"(39.05822833, -77.12599667)"
MCP27190012,16029486,Montgomery County Police,Property Damage Crash,06/11/2016 07:20:00 PM,,,,,"PARKING LOT OF 11160 VEIRS MILL ROAD, WHEATON PLAZA BY COSTCO",,,OTHER,N/A,,DAYLIGHT,NO CONTROLS,ALCOHOL PRESENT,,464FED66-2044-40A7-8041-E4119E8F0647,Yes,NO APPARENT INJURY,N/A,NOT DISTRACTED,MD,E85BB8DA-2D15-4E0E-ABE8-72CB83A3E8D6,SUPERFICIAL,PASSENGER CAR,BACKING,39.034775,-77.05387,"(39.034775, -77.05387)"
MCP2688001C,15007035,Montgomery County Police,Injury Crash,02/11/2015 11:13:00 PM,Maryland (State),UNIVERSITY BLVD E,County,E FRANKLIN AVE,,N/A,,STRAIGHT MOVEMENT ANGLE,CLEAR,DRY,DARK LIGHTS ON,TRAFFIC SIGNAL,NONE DETECTED,,E9D669EC-0C9C-45F6-BAD5-AD3076DF6F95,Unknown,SUSPECTED MINOR INJURY,N/A,NOT DISTRACTED,MD,F6B04DF1-9537-495C-838C-03628CCD4AEB,DISABLING,PASSENGER CAR,MOVING CONSTANT SPEED,39.01215667,-77.00246167,"(39.01215667, -77.00246167)"
MCP2615001B,16051271,Montgomery County Police,Injury Crash,10/05/2016 08:17:00 PM,US (State),COLUMBIA PIKE,County,BLACKBURN RD,,N/A,,SAME DIR REAR END,N/A,N/A,DARK LIGHTS ON,NO CONTROLS,NONE DETECTED,,C2A9853F-579A-4E5E-A9D5-D3E23936A40D,No,POSSIBLE INJURY,N/A,NOT DISTRACTED,NC,6CEE6F0D-B99C-493A-98C4-5D7319BB181F,SUPERFICIAL,PASSENGER CAR,SLOWING OR STOPPING,39.10637244,-76.93219319,"(39.10637244, -76.93219319)"
MCP2396000V,15048464,MONTGOMERY,Injury Crash,09/24/2015 02:52:00 PM,Maryland (State),GEORGIA AVE,Unknown,ENT TO BUSINESS,,N/A,,STRAIGHT MOVEMENT ANGLE,CLEAR,DRY,DAYLIGHT,NO CONTROLS,NONE DETECTED,,7FA9D1AB-69F5-4AFE-B7D1-81D73ECA52A5,No,SUSPECTED MINOR INJURY,N/A,NOT DISTRACTED,MD,A7CD2D8D-E269-4E9E-A26B-8AE5737AD70F,DISABLING,(SPORT) UTILITY VEHICLE,SLOWING OR STOPPING,39.08509595,-77.07860827,"(39.08509595, -77.07860827)"
MCP26770016,170520662,Montgomery County Police,Property Damage Crash,07/22/2017 11:43:00 PM,,,,,13060 MIDDLEBROOK ROAD,,,OPPOSITE DIRECTION SIDESWIPE,RAINING,,DARK LIGHTS ON,NO CONTROLS,UNKNOWN,,73E7E7D3-7B76-4A03-AEBB-189248239620,Yes,NO APPARENT INJURY,N/A,UNKNOWN,XX,FEF664E5-B5A4-4072-9E19-2220376F7005,FUNCTIONAL,PASSENGER CAR,MAKING U TURN,39.18072,-77.270765,"(39.18072, -77.270765)"
MCP3034000W,170523255,Montgomery County Police,Injury Crash,08/05/2017 11:00:00 PM,County,CHERRY HILL RD,Other Public Roadway,CALVERTON BLVD,,N/A,,SAME DIRECTION LEFT TURN,CLEAR,DRY,DARK LIGHTS ON,NO CONTROLS,NONE DETECTED,,312B461D-6FB3-4A36-AA01-D4B30A09B81F,Unknown,SUSPECTED MINOR INJURY,N/A,LOOKED BUT DID NOT SEE,MD,290F2352-FB70-4EC2-8C62-0F14ADEB16DB,DISABLING,PASSENGER CAR,MAKING U TURN,39.05630833,-76.954415,"(39.05630833, -76.954415)"
MCP27360034,15060311,MONTGOMERY,Injury Crash,11/25/2015 03:34:00 PM,Maryland (State),OLD GEORGETOWN RD,County,LONE OAK DR,,N/A,,STRAIGHT MOVEMENT ANGLE,CLEAR,DRY,DAYLIGHT,NO CONTROLS,NONE DETECTED,,81DC7312-048F-492D-B65F-751FAE389010,Yes,NO APPARENT INJURY,N/A,LOOKED BUT DID NOT SEE,MD,15C9D1BE-0F9F-4243-9F15-ABC379A99990,DISABLING,PASSENGER CAR,MAKING LEFT TURN,39.01951667,-77.12131,"(39.01951667, -77.12131)"
MCP27600015,170517935,Montgomery County Police,Property Damage Crash,07/08/2017 01:19:00 AM,County,CENTERWAY RD,County,GOSHEN RD,,N/A,,STRAIGHT MOVEMENT ANGLE,CLEAR,DRY,DARK LIGHTS ON,FLASHING TRAFFIC SIGNAL,UNKNOWN,,A540A7B1-9E75-4B62-BEAC-F0D178BA88C9,Yes,NO APPARENT INJURY,N/A,UNKNOWN,,9B86A1F8-EA0B-433E-9DDD-8DFD06F85F9D,UNKNOWN,PASSENGER CAR,MOVING CONSTANT SPEED,39.169495,-77.19076333,"(39.169495, -77.19076333)"
MCP9366000T,17016525,Montgomery County Police,Property Damage Crash,04/01/2017 03:13:00 AM,Maryland (State),NEW HAMPSHIRE AVE,Maryland (State),ASHTON RD,,N/A,,SINGLE VEHICLE,CLEAR,WET,DARK LIGHTS ON,N/A,N/A,,3CF08DB3-89B9-4744-8AB4-FD6C1278A03D,Yes,NO APPARENT INJURY,"N/A, WET",NOT DISTRACTED,MD,B08C1B44-17D6-4F23-AE0D-44AA3503B8DD,FUNCTIONAL,PASSENGER CAR,SKIDDING,39.14869167,-77.01196833,"(39.14869167, -77.01196833)"
MCP2932000J,15042726,MONTGOMERY,Property Damage Crash,08/26/2015 12:03:00 AM,,,,,Parking garage of 921 Wayne Ave Silver Spring,,,SINGLE VEHICLE,CLEAR,,DARK LIGHTS ON,N/A,ALCOHOL PRESENT,,876C2293-0FFD-4F26-89B0-24F73F9D5122,Yes,NO APPARENT INJURY,N/A,UNKNOWN,DE,B0F4EAB3-641C-41BA-8268-24E36870F757,SUPERFICIAL,PASSENGER CAR,MOVING CONSTANT SPEED,38.99516667,-77.02559167,"(38.99516667, -77.02559167)"
MCP29020012,15065080,MONTGOMERY,Injury Crash,12/20/2015 06:40:00 AM,County,MIDDLEBROOK RD,Maryland (State),FREDERICK RD,,N/A,,SAME DIR REAR END,CLEAR,DRY,DARK LIGHTS ON,N/A,NONE DETECTED,,B4BADD7F-461B-4BA0-8950-8EC44472F039,Yes,NO APPARENT INJURY,N/A,NOT DISTRACTED,MD,6A68C103-D236-4CAA-BF1A-CBA6976CDA24,SUPERFICIAL,PASSENGER CAR,SLOWING OR STOPPING,39.18088667,-77.23877333,"(39.18088667, -77.23877333)"
MCP9386002Q,16002498,Montgomery County Police,Property Damage Crash,01/14/2016 08:05:00 AM,Maryland (State),BRADLEY BLVD,County,FAIRFAX RD,,N/A,,STRAIGHT MOVEMENT ANGLE,CLEAR,DRY,DAYLIGHT,TRAFFIC SIGNAL,NONE DETECTED,,1FB0FF53-6EB4-4001-BB56-FD52788D791A,Yes,NO APPARENT INJURY,N/A,UNKNOWN,MD,1DD3AA0B-D740-4E54-B722-B5637DD58D13,FUNCTIONAL,PASSENGER CAR,MOVING CONSTANT SPEED,38.97770667,-77.10034833,"(38.97770667, -77.10034833)"
MCP2102000J,17016310,Montgomery County Police,Property Damage Crash,03/31/2017 09:30:00 AM,,,,,"PARKING LOT 11711 JONES MILL RD (VEIRS MILL ELEMENTARY SCHOOL), SCHOOL BUS DROP OFF AREA",,,SAME DIR REND LEFT TURN,RAINING,,DAYLIGHT,NO CONTROLS,NONE DETECTED,,63F27EB5-DD04-4AF8-A55D-53CBE48EE5D0,No,NO APPARENT INJURY,N/A,NOT DISTRACTED,MD,8D9F2EB9-644B-451F-BF79-6E47ACC62ED2,SUPERFICIAL,SCHOOL BUS,PARKED,39.04782833,-77.08510667,"(39.04782833, -77.08510667)"
MCP2965000S,16000221,Montgomery County Police,Injury Crash,01/02/2016 09:14:00 AM,Maryland (State),OLNEY LAYTONSVILLE RD,County,QUEEN ELIZABETH DR,,N/A,,SAME DIR REAR END,CLEAR,DRY,DAYLIGHT,TRAFFIC SIGNAL,NONE DETECTED,,F50DF849-43FC-4853-89EC-5EC1336DD8B2,No,SUSPECTED MINOR INJURY,N/A,NOT DISTRACTED,MD,B71A0934-C90E-48D1-AD34-123D1FE38C9E,DISABLING,PASSENGER CAR,STOPPED IN TRAFFIC LANE,39.15964684,-77.07727119,"(39.15964684, -77.07727119)"
MCP2667001F,15061313,MONTGOMERY,Property Damage Crash,12/01/2015 01:18:00 PM,Other Public Roadway,MILLS CHOICE RD,County,STEDWICK RD,,N/A,,STRAIGHT MOVEMENT ANGLE,RAINING,WET,DAYLIGHT,STOP SIGN,N/A,,567CC53C-8981-4552-A315-A6058AFC4F39,Yes,NO APPARENT INJURY,"N/A, WET",INATTENTIVE OR LOST IN THOUGHT,CA,374C3D46-98A4-45A1-87C9-D1FB079FBAB5,DISABLING,PASSENGER CAR,MAKING LEFT TURN,39.16929001,-77.20790148,"(39.16929001, -77.20790148)"
EJ7851001M,16050031,Gaithersburg Police Depar,Injury Crash,09/29/2016 06:43:00 AM,Maryland (State),MONTGOMERY VILLAGE AVE,Municipality,RUSSELL AVE,,GAITHERSBURG,,SAME DIR REAR END,RAINING,WET,DARK LIGHTS ON,TRAFFIC SIGNAL,NONE DETECTED,,EA41D3DF-5586-489E-8708-F8E82A381A38,Yes,NO APPARENT INJURY,"RAIN, SNOW, WET",LOOKED BUT DID NOT SEE,TN,E9883EEE-EC74-41C2-9FA4-041F010C60E7,FUNCTIONAL,PASSENGER CAR,SLOWING OR STOPPING,39.15402503,-77.21009016,"(39.15402503, -77.21009016)"
MCP2094008B,170505656,Montgomery County Police,Property Damage Crash,05/03/2017 11:55:00 AM,Maryland (State),WISCONSIN AVE,County,MIDDLETON LA,,N/A,,SAME DIR REAR END,CLOUDY,DRY,DAYLIGHT,NO CONTROLS,NONE DETECTED,,C9319F38-B818-4FA4-8BCB-11C7F17FE1C8,No,NO APPARENT INJURY,N/A,NOT DISTRACTED,VA,5ECA08CE-3308-48B2-AFF3-5D496215FA9F,FUNCTIONAL,(SPORT) UTILITY VEHICLE,SLOWING OR STOPPING,38.98643167,-77.09463333,"(38.98643167, -77.09463333)"
MCP13110006,15060542,MONTGOMERY,Injury Crash,11/26/2015 10:50:00 PM,Maryland (State),WHITES FERRY RD,County,PARTNERSHIP RD,,N/A,,SINGLE VEHICLE,CLEAR,DRY,DARK NO LIGHTS,NO CONTROLS,NONE DETECTED,,BE3D9762-4554-4DAA-A5EC-CEE165C06040,Yes,POSSIBLE INJURY,N/A,NOT DISTRACTED,VA,B7A247E8-A1A2-436A-B1DB-212A067CAC05,DESTROYED,(SPORT) UTILITY VEHICLE,MOVING CONSTANT SPEED,39.13251333,-77.38568,"(39.13251333, -77.38568)"
MCP2937000J,15028217,Montgomery County Police,Property Damage Crash,06/10/2015 05:37:00 PM,,,,,PARKING LOT OF THE 7-11 LOCATED AT 8619 16TH STREET,,,SAME DIR BOTH LEFT TURN,CLEAR,,DAYLIGHT,N/A,NONE DETECTED,,DBA2FF7B-38C0-4A39-B09B-DF52D9C8E415,No,NO APPARENT INJURY,N/A,NOT DISTRACTED,MD,A2A84B22-8D3C-490D-827D-20B6A81B463E,FUNCTIONAL,PASSENGER CAR,STOPPED IN TRAFFIC LANE,38.99807477,-77.03797817,"(38.99807477, -77.03797817)"
MCP2923001N,16016077,Montgomery County Police,Injury Crash,04/02/2016 11:06:00 AM,County,RANDOLPH RD,Maryland (State),GEORGIA AVE,,N/A,,SAME DIRECTION SIDESWIPE,RAINING,WET,DAYLIGHT,TRAFFIC SIGNAL,NONE DETECTED,,5DF3E140-B215-480B-8A13-07C327DB4327,Yes,NO APPARENT INJURY,"N/A, WET",NOT DISTRACTED,MD,EDF3446D-8792-4392-9985-A82305DDC00B,SUPERFICIAL,VAN,MAKING LEFT TURN,39.057765,-77.05213333,"(39.057765, -77.05213333)"
MCP1301000R,17002582,Montgomery County Police,Fatal Crash,01/15/2017 11:49:00 AM,Maryland (State),GEORGIA AVE,County,REEDIE DR,,N/A,PEDESTRIAN,SINGLE VEHICLE,CLEAR,DRY,DAYLIGHT,TRAFFIC SIGNAL,NONE DETECTED,UNKNOWN,1A6693E3-11AC-465D-856A-EFFA83841196,Unknown,NO APPARENT INJURY,N/A,NOT DISTRACTED,MD,31EB52ED-1E1D-4ADB-A5CF-7739F96B9C82,FUNCTIONAL,PASSENGER CAR,MOVING CONSTANT SPEED,39.03868633,-77.05080584,"(39.03868633, -77.05080584)"
MCP1366002H,15008005,Montgomery County Police,Property Damage Crash,02/18/2015 12:59:00 PM,County,SHADY GROVE RD,County,CRABBS BRANCH WAY,,N/A,,SAME DIR REAR END,CLEAR,DRY,DAYLIGHT,N/A,NONE DETECTED,,64B16F2B-6ED0-4DBC-8488-DBE9CE90D1F6,No,NO APPARENT INJURY,N/A,NOT DISTRACTED,MD,0D971244-5C37-4246-911A-4C7374A4AB5A,FUNCTIONAL,TRANSIT BUS,STOPPED IN TRAFFIC LANE,39.12853333,-77.16809,"(39.12853333, -77.16809)"
MCP2829003C,170527658,Montgomery County Police,Property Damage Crash,08/29/2017 09:57:00 PM,,,,,"PARKING LOT OF 8550 PINEY BRANCH ROAD SILVER SPRING, MONTGOMERY COUNTY, MARYLAND 20901",,,OTHER,CLOUDY,,DARK LIGHTS ON,NO CONTROLS,UNKNOWN,,3C8EABAF-5DE3-4805-8429-E5E542C59FB9,Yes,NO APPARENT INJURY,"RAIN, SNOW, WET",UNKNOWN,,24410FC0-E1A5-4D52-BCED-EDE4C66FDA7F,SUPERFICIAL,"OTHER LIGHT TRUCKS (10,000LBS (4,536KG) OR LESS)",MOVING CONSTANT SPEED,38.99867833,-77.00147667,"(38.99867833, -77.00147667)"