Report Number,Local Case Number,Agency Name,ACRS Report Type,Crash Date/Time,Route Type,Road Name,Cross-Street Type,Cross-Street Name,Off-Road Description,Municipality,Related Non-Motorist,Collision Type,Weather,Surface Condition,Light,Traffic Control,Driver Substance Abuse,Non-Motorist Substance Abuse,Person ID,Driver At Fault,Injury Severity,Circumstance,Driver Distracted By,Drivers License State,Vehicle ID,Vehicle Damage Extent,Vehicle Body Type,Vehicle Movement,Latitude,Longitude,Location
MCP2798001B,16001476,Montgomery County Police,Property Damage Crash,01/08/2016 08:29:00 PM,County,FAIRLAND RD,US (State),COLUMBIA PIKE,,N/A,,ANGLE MEETS RIGHT TURN,RAINING,WET,DARK LIGHTS ON,YIELD SIGN,N/A,,A649EA2F-610A-4957-8B4F-CBE42AEC2D4A,Yes,NO APPARENT INJURY,"RAIN, SNOW, SLEET, HAIL, FREEZ. RAIN, WET",NOT DISTRACTED,MD,EC6369BA-F882-4018-A423-D7E8908870D5,SUPERFICIAL,PASSENGER CAR,ENTERING TRAFFIC LANE,39.07477833,-76.95667167,"(39.07477833, -76.95667167)"
MCP0036003B,15061569,MONTGOMERY,Injury Crash,12/02/2015 05:32:00 PM,Maryland (State),RIDGE RD,County,HIGH CORNER ST,,N/A,,STRAIGHT MOVEMENT ANGLE,RAINING,WET,DARK LIGHTS ON,TRAFFIC SIGNAL,NONE DETECTED,,48B5562B-5CD8-433C-A9AF-719F6ACE55A1,No,SUSPECTED MINOR INJURY,N/A,NOT DISTRACTED,MD,28BB452F-A7E8-40C0-A482-1A89D21F9661,DISABLING,PASSENGER CAR,STARTING FROM LANE,39.290235,-77.20474833,"(39.290235, -77.20474833)"
MCP12020016,16013138,MONTGOMERY,Property Damage Crash,03/17/2016 12:25:00 PM,Government,LITTLE FALLS PKWY,Maryland (State),RIVER RD,,N/A,,OTHER,CLEAR,DRY,DAYLIGHT,NO CONTROLS,NONE DETECTED,,11129411-1B50-4E04-80BC-FB63F281511F,No,NO APPARENT INJURY,N/A,NOT DISTRACTED,FL,BECAD208-B7B5-4A3D-A1C6-35057CBFBB58,FUNCTIONAL,PASSENGER CAR,MOVING CONSTANT SPEED,39.96483333,-77.10024833,"(39.96483333, -77.10024833)"
MCP2830002Q,17009717,Montgomery County Police,Property Damage Crash,02/23/2017 08:00:00 AM,,,,,DRIVEWAY OF 330 SCOTT DR SILVER SPRING MD20904,,,OTHER,N/A,,DAYLIGHT,NO CONTROLS,UNKNOWN,,08E0B2DF-0587-4B2D-B731-DB34AA882587,Yes,NO APPARENT INJURY,N/A,UNKNOWN,MD,EFA95819-2ED4-48E3-B187-EC9C52F44FE5,SUPERFICIAL,PASSENGER CAR,ACCELERATING,39.08161333,-77.020385,"(39.08161333, -77.020385)"
MCP1334004L,16067094,Montgomery County Police,Injury Crash,12/30/2016 08:45:00 AM,County,SHADY GROVE RD,Ramp,RAMP 9 FR IS 370 EB TO SHADY GROVE RD SB,,N/A,,STRAIGHT MOVEMENT ANGLE,CLEAR,DRY,DAYLIGHT,TRAFFIC SIGNAL,NONE DETECTED,,4E62DAA4-ABC3-4B5E-AA23-1F18B92D62FC,Yes,NO APPARENT INJURY,N/A,NOT DISTRACTED,IN,57283619-15C8-4A4F-B879-3FC1107EC73A,DISABLING,PICKUP TRUCK,MOVING CONSTANT SPEED,39.12962539,-77.16378853,"(39.12962539, -77.16378853)"
DD5538001T,16049474,Rockville Police Departme,Injury Crash,09/26/2016 10:55:00 AM,Municipality,TWINBROOK PKWY,Municipality,CHAPMAN AVE,,ROCKVILLE,,STRAIGHT MOVEMENT ANGLE,CLOUDY,DRY,DAYLIGHT,N/A,NONE DETECTED,,9BB26BA9-C841-45B5-9B10-79FD8563CAF2,Yes,NO APPARENT INJURY,N/A,LOOKED BUT DID NOT SEE,MD,FA6EDCFB-D48D-41CC-8DF2-6B3054250D43,FUNCTIONAL,PASSENGER CAR,MAKING RIGHT TURN,39.05876667,-77.11994833,"(39.05876667, -77.11994833)"
DD5508001S,16014229,Rockville Police Departme,Property Damage Crash,03/23/2016 11:08:00 AM,,,,,PARKING LOT OF 502 HUNGERFORD DR,,,SINGLE VEHICLE,CLOUDY,,DAYLIGHT,N/A,UNKNOWN,,DD56DD3D-865B-45E8-873D-9CEE6E5F35F0,Yes,NO APPARENT INJURY,N/A,UNKNOWN,,24ADF0B5-1F66-44EB-A386-4F955BA9DD57,FUNCTIONAL,UNKNOWN,UNKNOWN,39.09069203,-77.15320587,"(39.09069203, -77.15320587)"
MCP1202001Y,16059166,Montgomery County Police,Injury Crash,11/17/2016 07:40:00 AM,Maryland (State),RIVER RD,County,BRAEBURN PKWY,,N/A,,SAME DIRECTION SIDESWIPE,CLEAR,DRY,DAYLIGHT,NO CONTROLS,NONE DETECTED,,0ACDC2EE-2CC1-4170-A47E-5DA0DB20911C,No,NO APPARENT INJURY,"N/A, VISION OBSTRUCTION (INCL. BLINDED BY SUN)",NOT DISTRACTED,MD,A5BE4EAB-E3F2-45B8-9A38-E60C27320D24,FUNCTIONAL,PASSENGER CAR,STOPPED IN TRAFFIC LANE,38.98062667,-77.13545,"(38.98062667, -77.13545)"
MCP25360018,170508390,Montgomery County Police,Injury Crash,05/17/2017 09:29:00 PM,Maryland (State),VEIRS MILL RD,County,NEWPORT MILL RD,,N/A,,OTHER,CLEAR,DRY,DARK LIGHTS ON,TRAFFIC SIGNAL,NONE DETECTED,,3F58C5D0-E764-4610-8491-2EEF4EE59592,No,NO APPARENT INJURY,N/A,NOT DISTRACTED,MD,26E576F6-9315-4EB1-82E5-EA8C03B05252,DISABLING,OTHER,SLOWING OR STOPPING,39.04503603,-77.06482172,"(39.04503603, -77.06482172)"
MCP10640038,15046512,MONTGOMERY,Injury Crash,09/14/2015 03:03:00 PM,Ramp,RAMP 2 FR IS 495 WB TO MD 97 NB,Maryland (State),GEORGIA AVE,,N/A,,SAME DIR REAR END,CLEAR,DRY,DAYLIGHT,YIELD SIGN,N/A,,B8932C50-41DF-4764-8D6E-0546DDB7DEF3,Yes,NO APPARENT INJURY,N/A,NOT DISTRACTED,MD,70B20D7F-0B15-4C7F-839F-B4A31F9F7296,SUPERFICIAL,PASSENGER CAR,STARTING FROM LANE,39.01561,-77.04232333,"(39.01561, -77.04232333)"
MCP1575004D,16065622,Montgomery County Police,Injury Crash,12/22/2016 06:23:00 AM,County,CRABBS BRANCH WAY,County,SHADY GROVE RD,,N/A,,SAME DIR REAR END,CLEAR,DRY,DARK LIGHTS ON,NO CONTROLS,NONE DETECTED,,0645E136-7933-4B9A-B07E-7B37314E0313,No,POSSIBLE INJURY,N/A,NOT DISTRACTED,MD,D257A5A7-5137-48C1-B45B-AC4F0C50471C,FUNCTIONAL,PASSENGER CAR,SLOWING OR STOPPING,39.12790167,-77.16714667,"(39.12790167, -77.16714667)"
MCP2314000S,170520633,Montgomery County Police,Injury Crash,07/22/2017 08:14:00 PM,County,E GUDE DR,County,CRABBS BRANCH WAY,,N/A,,STRAIGHT MOVEMENT ANGLE,CLOUDY,DRY,DAYLIGHT,TRAFFIC SIGNAL,NONE DETECTED,,598FE0DD-3975-417F-A959-DB3CAF6AAEAE,Yes,SUSPECTED MINOR INJURY,N/A,DISTRACTED BY OUTSIDE PERSON OBJECT OR EVENT,MD,E7CD6FEE-94F2-437B-978A-06F1A0892047,DESTROYED,PASSENGER CAR,MOVING CONSTANT SPEED,39.10672,-77.152355,"(39.10672, -77.152355)"
MCP28710041,17005987,Montgomery County Police,Property Damage Crash,02/03/2017 05:19:00 PM,County,WESTLAKE DR,Other Public Roadway,LAKEVIEW DR,,N/A,,ANGLE MEETS LEFT TURN,CLOUDY,DRY,DUSK,STOP SIGN,NONE DETECTED,,2C312191-74FC-493B-BE92-D93D6E9DED3D,No,NO APPARENT INJURY,N/A,NOT DISTRACTED,MD,5C18B01E-B4C9-4324-8EBE-B7C1823A288A,DISABLING,PASSENGER CAR,MOVING CONSTANT SPEED,39.02630333,-77.148025,"(39.02630333, -77.148025)"
MCP2682000N,16029776,Montgomery County Police,Injury Crash,06/13/2016 01:27:00 PM,,,,,20211 GOSHEN ROAD MONTGOMERY VILLAGE MARYLAND 20886,,,HEAD ON LEFT TURN,CLEAR,,DAYLIGHT,N/A,NONE DETECTED,,B438C63C-7E3C-43C1-A9E4-7358410924A5,Yes,SUSPECTED MINOR INJURY,N/A,LOOKED BUT DID NOT SEE,MD,E285A6FD-5389-4978-9455-06C58A488799,DISABLING,PASSENGER CAR,MAKING LEFT TURN,39.18745167,-77.18497667,"(39.18745167, -77.18497667)"
DD5604000Y,15008133,Rockville Police Departme,Injury Crash,02/19/2015 07:49:00 AM,Municipality,BALTIMORE RD,Other Public Roadway,COVE LA,,N/A,,HEAD ON LEFT TURN,CLEAR,DRY,DAWN,NO CONTROLS,NONE DETECTED,,E4430F29-EF18-482A-9280-1B41017B8B72,No,SUSPECTED MINOR INJURY,N/A,NOT DISTRACTED,MD,92384653-C7F8-457C-ABEF-A79C814176EF,DISABLING,PASSENGER CAR,MOVING CONSTANT SPEED,39.08406833,-77.119255,"(39.08406833, -77.119255)"
MCP9422000C,170512828,Montgomery County Police,Injury Crash,06/10/2017 01:49:00 AM,County,NORFOLK AVE,County,ST ELMO AVE,,N/A,,STRAIGHT MOVEMENT ANGLE,N/A,DRY,DARK LIGHTS ON,FLASHING TRAFFIC SIGNAL,NONE DETECTED,,24D51812-8EBB-4C2A-8C01-617D5BCA756D,No,NO APPARENT INJURY,N/A,NOT DISTRACTED,MD,F4571138-5A4A-413A-BA5C-EDDB041D6094,FUNCTIONAL,PASSENGER CAR,ACCELERATING,38.98895231,-77.09732875,"(38.98895231, -77.09732875)"
MCP27890019,15043797,MONTGOMERY,Property Damage Crash,08/31/2015 07:27:00 PM,Maryland (State),16TH ST,Maryland (State),EAST WEST HWY,,N/A,,SAME DIR REAR END,CLEAR,DRY,DAYLIGHT,NO CONTROLS,N/A,,2942989C-D43E-4379-A038-E81FBF4BB609,Yes,NO APPARENT INJURY,N/A,NOT DISTRACTED,MD,6B914615-9305-4629-8890-C2E3227B8577,FUNCTIONAL,PASSENGER CAR,MOVING CONSTANT SPEED,38.993255,-77.03622667,"(38.993255, -77.03622667)"
MCP3009000G,16044325,Montgomery County Police,Property Damage Crash,08/30/2016 09:48:00 PM,,,,,UNIT 1 WENT OVER THE CURB AND ONTO A BUILDING IN THE PARKING LOT IN FRONT OF 20301 BEACONFIELD TERR,,,SINGLE VEHICLE,CLEAR,,DARK LIGHTS ON,NO CONTROLS,ALCOHOL PRESENT,,1B73EE42-82AD-44A5-B77D-ED60EAF0BE53,Yes,NO APPARENT INJURY,N/A,NOT DISTRACTED,MD,8C3C20A8-E18C-4EE2-866C-C569A4562108,DISABLING,PASSENGER CAR,MAKING RIGHT TURN,39.18954426,-77.27299199,"(39.18954426, -77.27299199)"
MCP2201000S,16036564,Montgomery County Police,Injury Crash,07/19/2016 04:31:00 PM,US (State),COLESVILLE RD,County,NOYES DR,,N/A,,HEAD ON LEFT TURN,CLEAR,DRY,DAYLIGHT,NO CONTROLS,NONE DETECTED,,AB5A5827-E521-429F-AE58-6DCE535FEA03,No,POSSIBLE INJURY,N/A,NOT DISTRACTED,VA,A3F3BC8C-24C1-400C-8823-A10E3A558A0C,DISABLING,PASSENGER CAR,MOVING CONSTANT SPEED,39.00010924,-77.02571511,"(39.00010924, -77.02571511)"
MCP1575003B,15059861,MONTGOMERY,Property Damage Crash,11/23/2015 12:45:00 PM,County,E GUDE DR,County,CRABBS BRANCH WAY,,N/A,,SAME DIRECTION SIDESWIPE,CLEAR,DRY,DAYLIGHT,TRAFFIC SIGNAL,NONE DETECTED,,C8C59DCC-880E-4905-9C40-74ACB72A88C8,Yes,NO APPARENT INJURY,N/A,NOT DISTRACTED,MD,9FFF5AC9-6236-4A0E-A19D-7D908403DB7F,SUPERFICIAL,PICKUP TRUCK,CHANGING LANES,39.10645667,-77.15272,"(39.10645667, -77.15272)"
MCP2960001Z,170524626,Montgomery County Police,Property Damage Crash,08/13/2017 02:15:00 PM,Maryland (State),GEORGIA AVE,Maryland (State),LAYHILL RD,,N/A,,SAME DIRECTION SIDESWIPE,N/A,DRY,DAYLIGHT,NO CONTROLS,N/A,,25EA36A8-8968-443C-8F75-1EB7C24C67DE,No,NO APPARENT INJURY,N/A,NOT DISTRACTED,MD,4EAB76DC-024F-4682-AD92-F1AA6899F368,SUPERFICIAL,OTHER BUS,MOVING CONSTANT SPEED,39.05974333,-77.05055833,"(39.05974333, -77.05055833)"
MCP0036003J,16000831,Montgomery County Police,Injury Crash,01/05/2016 06:24:00 PM,Maryland (State),WOODFIELD RD,County,WATKINS RD,,N/A,,HEAD ON,CLEAR,DRY,DARK NO LIGHTS,N/A,NONE DETECTED,,F007864F-F610-4940-B393-99308AABAECE,Yes,POSSIBLE INJURY,N/A,UNKNOWN,MD,BFB1D626-C4BF-4867-942B-CB9066A01F89,DISABLING,(SPORT) UTILITY VEHICLE,MOVING CONSTANT SPEED,39.23729833,-77.18162667,"(39.23729833, -77.18162667)"
MCP29520040,170519034,Montgomery County Police,Property Damage Crash,07/07/2017 01:30:00 PM,,,,,CONTROL ACCESS GATE LOCATED IN THE DRIVEWAY OF 9900 GEORGIA AVENUE.,,,SINGLE VEHICLE,CLEAR,,DAYLIGHT,NO CONTROLS,UNKNOWN,,77D9D125-73D1-4C13-8937-4B37457EA353,Yes,NO APPARENT INJURY,N/A,UNKNOWN,,95FCEB70-88EB-48D1-80DE-3F2357BC9F25,FUNCTIONAL,"MEDIUM/HEAVY TRUCKS 3 AXLES (OVER 10,000LBS (4,536KG))",ACCELERATING,39.01838868,-77.04403058,"(39.01838868, -77.04403058)"
MCP2608001K,16044475,Montgomery County Police,Property Damage Crash,08/31/2016 05:21:00 PM,Interstate (State),CAPITAL BELTWAY,Unknown,EXIT #33,,N/A,,SAME DIR REAR END,CLEAR,DRY,DAYLIGHT,NO CONTROLS,N/A,,C81C720A-8DAC-4BC8-8DCA-EE76F9B46971,No,NO APPARENT INJURY,N/A,NOT DISTRACTED,MD,9D2AF738-A15D-4869-9214-5A614C55D818,FUNCTIONAL,PASSENGER CAR,SLOWING OR STOPPING,39.08210167,-77.1718,"(39.08210167, -77.1718)"
MCP91300029,16029789,Montgomery County Police,Property Damage Crash,06/13/2016 02:46:00 PM,Maryland (State),UNIVERSITY BLVD W,County,SUTHERLAND RD,,N/A,,SAME DIRECTION SIDESWIPE,CLEAR,DRY,DAYLIGHT,NO CONTROLS,NONE DETECTED,,79FF6557-128B-4512-9716-3CCE2D2DB34B,No,NO APPARENT INJURY,N/A,NOT DISTRACTED,MD,6AB5854D-14EB-44D0-A2A2-195FB327F46D,FUNCTIONAL,PASSENGER CAR,MOVING CONSTANT SPEED,39.020955,-77.01373833,"(39.020955, -77.01373833)"
MCP26860015,16022270,Montgomery County Police,Property Damage Crash,05/05/2016 03:25:00 PM,Interstate (State),EISENHOWER MEMORIAL HWY,Unknown,END C/D LANE (NB/L),,N/A,,SAME DIR REAR END,CLOUDY,WET,DAYLIGHT,N/A,N/A,,71BD1DE7-7054-4A17-A97A-2B01F2A2E152,No,NO APPARENT INJURY,"N/A, WET",NOT DISTRACTED,MD,C8C408E3-A9CF-44F6-9E95-5B8E5ECEBADF,SUPERFICIAL,PASSENGER CAR,SLOWING OR STOPPING,39.15518874,-77.22378686,"(39.15518874, -77.22378686)"
MCP2894003B,17012608,Montgomery County Police,Property Damage Crash,03/10/2017 10:40:00 AM,,,,,10215 FERNWOOD RD PARKING LOT,,,OTHER,RAINING,,DAYLIGHT,NO CONTROLS,NONE DETECTED,,12FE0919-802E-419F-870F-D1C88FC8189E,Yes,NO APPARENT INJURY,"N/A, SLEET, HAIL, FREEZ. RAIN",NOT DISTRACTED,MD,77F45176-2C24-44D4-9761-E7BCAF3EDCE3,SUPERFICIAL,PASSENGER CAR,PARKED,39.0235858,-77.13452697,"(39.0235858, -77.13452697)"
MCP22910010,15008058,Montgomery County Police,Injury Crash,02/18/2015 06:02:00 PM,Maryland (State),WISCONSIN AVE,Maryland (State),BRADLEY LA,,N/A,,SAME DIR REAR END,SNOW,WET,DARK LIGHTS ON,NO CONTROLS,NONE DETECTED,,A23FC4F5-D21A-432E-92D1-C5D2745212A3,Yes,NO APPARENT INJURY,"RAIN, SNOW, WET",NOT DISTRACTED,DC,AF526AA2-F21D-475B-95C1-F70EB5FE5E67,DISABLING,PASSENGER CAR,MOVING CONSTANT SPEED,38.97651667,-77.09027,"(38.97651667, -77.09027)"
MCP25940010,15048012,MONTGOMERY,Property Damage Crash,09/22/2015 12:59:00 PM,Maryland (State),ASHTON RD,County,MINK HOLLOW RD,,N/A,,SAME DIR REAR END,CLOUDY,DRY,DAYLIGHT,NO CONTROLS,NONE DETECTED,,09F4ECE8-1837-46F3-8E09-1008C5D0534B,Yes,NO APPARENT INJURY,N/A,INATTENTIVE OR LOST IN THOUGHT,MD,2C531E71-60CA-42F0-B119-C1A4F5CEE21F,FUNCTIONAL,VAN,MOVING CONSTANT SPEED,39.1528062,-77.008034,"(39.1528062, -77.008034)"
MCP9386003H,16041700,Montgomery County Police,Property Damage Crash,08/17/2016 09:01:00 AM,Maryland (State),ROCKVILLE PIKE,County,NICHOLSON LA,,N/A,,STRAIGHT MOVEMENT ANGLE,CLEAR,DRY,DAYLIGHT,TRAFFIC SIGNAL,NONE DETECTED,,2BDE9C28-88C0-431C-A9AF-F831D94225AB,No,NO APPARENT INJURY,N/A,NOT DISTRACTED,MD,E8D4CBC8-1DF3-422A-ABD4-C26325922C02,DISABLING,PASSENGER CAR,MOVING CONSTANT SPEED,39.04510333,-77.111775,"(39.04510333, -77.111775)"
MCP3019000Y,170509558,Montgomery County Police,Injury Crash,05/24/2017 08:46:00 AM,Maryland (State),BRADLEY BLVD,County,SEVEN LOCKS RD,,N/A,,SAME DIR REAR END,N/A,WET,DAYLIGHT,NO CONTROLS,NONE DETECTED,,091A0D26-A706-4175-8350-1F6BDDF3DC5E,Yes,POSSIBLE INJURY,"N/A, WET",UNKNOWN,MD,F70635A5-BE15-4FDD-883F-35344DF5B532,DISABLING,PASSENGER CAR,MOVING CONSTANT SPEED,39.0115,-77.15530167,"(39.0115, -77.15530167)"
MCP229800B5,16056093,Montgomery County Police,Injury Crash,10/31/2016 04:48:00 PM,Other Public Roadway,RAINBOW ARCH DR,Unknown,BIRCH BARK LN,,N/A,,STRAIGHT MOVEMENT ANGLE,CLEAR,DRY,DAYLIGHT,NO CONTROLS,NONE DETECTED,,440C2C73-0678-42F4-B865-FE54EF2B7EF3,Yes,NO APPARENT INJURY,N/A,LOOKED BUT DID NOT SEE,MD,7FBD57C8-0402-4A92-8C14-74E1A29AB89D,DISABLING,(SPORT) UTILITY VEHICLE,MAKING LEFT TURN,39.23857167,-77.26275833,"(39.23857167, -77.26275833)"
MCP2904001B,15047609,MONTGOMERY,Property Damage Crash,09/19/2015 11:21:00 PM,Maryland (State),NEW HAMPSHIRE AVE,County,OAKVIEW DR,,N/A,,SAME DIR REAR END,CLEAR,DRY,DARK NO LIGHTS,TRAFFIC SIGNAL,NONE DETECTED,,9897EC8D-8F08-429E-9967-FDD1B17A3468,No,NO APPARENT INJURY,N/A,NOT DISTRACTED,MD,38B773DD-907F-490B-A428-1698E71768EE,FUNCTIONAL,VAN,STOPPED IN TRAFFIC LANE,39.01491573,-76.97787523,"(39.01491573, -76.97787523)"
MCP29520043,170520568,Montgomery County Police,Property Damage Crash,07/22/2017 02:24:00 PM,Maryland (State),UNIVERSITY BLVD E,Maryland (State),PINEY BRANCH RD,,N/A,,SAME DIR REAR END,RAINING,WET,DAYLIGHT,NO CONTROLS,NONE DETECTED,,9F330268-C18E-48F9-A3FD-521F0325BF8A,Yes,NO APPARENT INJURY,"RAIN, SNOW, WET",NOT DISTRACTED,MD,52ADCD75-558E-48FE-BF03-60DCD90BFF4D,DISABLING,PASSENGER CAR,SLOWING OR STOPPING,39.000485,-76.995835,"(39.000485, -76.995835)"
MCP2349000B,15005021,Montgomery County Police,Property Damage Crash,02/02/2015 01:00:00 PM,Maryland (State),FREDERICK RD,Unknown,SPUR TO MD 118,,N/A,,SAME DIR REAR END,CLEAR,DRY,DAYLIGHT,YIELD SIGN,UNKNOWN,,C78D0974-1156-41D1-8D46-22A590DDFF4F,Yes,NO APPARENT INJURY,N/A,UNKNOWN,MD,A14F7159-1A6B-49D6-8E55-3577866FA7D4,FUNCTIONAL,PASSENGER CAR,MAKING RIGHT TURN,39.1922852,-77.24337101,"(39.1922852, -77.24337101)"
MCP1205001K,15057495,MONTGOMERY,Injury Crash,11/11/2015 08:38:00 AM,Maryland (State),EAST WEST HWY,County,ELLINGSON DR,,N/A,,SAME DIRECTION SIDESWIPE,CLEAR,DRY,DAYLIGHT,NO CONTROLS,NONE DETECTED,,0ABA1EE3-5B7B-4692-81AD-E4CA14C766B1,Yes,NO APPARENT INJURY,N/A,UNKNOWN,MD,B3F6F9FF-0498-4BBA-8CB3-B39384865D94,DISABLING,PASSENGER CAR,CHANGING LANES,38.99231291,-77.05686092,"(38.99231291, -77.05686092)"
MCP2693001R,17004741,Montgomery County Police,Property Damage Crash,01/26/2017 06:00:00 PM,Maryland (State),CONNECTICUT AVE,County,DEAN RD,,N/A,,SAME DIRECTION SIDESWIPE,CLEAR,DRY,DARK LIGHTS ON,N/A,UNKNOWN,,D551468A-D6B3-4737-A6D2-7941494D1AFF,Yes,NO APPARENT INJURY,N/A,UNKNOWN,MD,A7B59CA5-780A-4F1B-BFA2-676B9226C82D,FUNCTIONAL,PASSENGER CAR,MAKING RIGHT TURN,39.06899328,-77.07545936,"(39.06899328, -77.07545936)"
MCP2823002X,170517293,Montgomery County Police,Injury Crash,07/04/2017 06:30:00 PM,County,EDNOR RD,Maryland (State),NEW HAMPSHIRE AVE,,N/A,,STRAIGHT MOVEMENT ANGLE,RAINING,WET,DAYLIGHT,TRAFFIC SIGNAL,NONE DETECTED,,89D2DE71-F9DF-4CEE-95E7-51E2263BDC82,Yes,POSSIBLE INJURY,"RAIN, SNOW, WET",LOOKED BUT DID NOT SEE,VA,280921A7-9811-4271-B401-5137083FD334,DISABLING,PASSENGER CAR,MOVING CONSTANT SPEED,39.13589333,-76.99539167,"(39.13589333, -76.99539167)"
MCP2617001X,16024928,Montgomery County Police,Injury Crash,05/19/2016 05:36:00 PM,Maryland (State),RIVER RD,County,PINEY MEETINGHOUSE RD,,N/A,,OTHER,CLEAR,DRY,DAYLIGHT,TRAFFIC SIGNAL,NONE DETECTED,,86D610A6-8DD2-4E7E-8F38-125DCF93726C,No,SUSPECTED MINOR INJURY,"DEBRIS OR OBSTRUCTION, N/A",UNKNOWN,MD,575CFD50-B53F-491C-A3F5-54B904C038F8,DISABLING,PASSENGER CAR,MOVING CONSTANT SPEED,39.03180333,-77.23330167,"(39.03180333, -77.23330167)"
DD5529001C,16024371,Rockville Police Departme,Property Damage Crash,05/16/2016 06:14:00 PM,Maryland (State),FALLS RD,Municipality,DUNSTER RD,,ROCKVILLE,,SAME DIR REAR END,CLEAR,DRY,DAYLIGHT,N/A,NONE DETECTED,,FB645DEF-39DF-4794-AE11-623588E13F02,Yes,NO APPARENT INJURY,N/A,NOT DISTRACTED,MD,834E1E84-79B6-4760-A14E-0958FE4BD89E,SUPERFICIAL,PASSENGER CAR,SLOWING OR STOPPING,39.06334333,-77.17623667,"(39.06334333, -77.17623667)"
MCP3041000B,17012230,Montgomery County Police,Injury Crash,03/08/2017 06:16:00 AM,,,,,"PARKING LOT OF 11255 NEW HAMPSHIRE AVENUE
SILVER SPRING, MD 20904",,,STRAIGHT MOVEMENT ANGLE,CLEAR,,N/A,STOP SIGN,N/A,,4D4C1FBE-E418-4E74-B78E-419992764F62,No,POSSIBLE INJURY,N/A,NOT DISTRACTED,MD,B5EBE1DB-E747-4018-B224-E8AB47DAE58E,NO DAMAGE,MOTORCYCLE,MOVING CONSTANT SPEED,39.04116961,-76.99008465,"(39.04116961, -76.99008465)"
MCP27770026,15058207,Montgomery County Police,Property Damage Crash,11/14/2015 07:03:00 PM,Interstate (State),CAPITAL BELTWAY,Ramp,RAMP 4 FR MD 355 NB TO IS 495 EB,,N/A,,SAME DIR REAR END,CLEAR,DRY,DARK LIGHTS ON,NO CONTROLS,NONE DETECTED,,31D95554-51D5-4B74-B01B-161714B2BF15,No,NO APPARENT INJURY,N/A,NOT DISTRACTED,MD,D41A5504-4539-4893-BC2B-3751C7C88203,SUPERFICIAL,POLICE VEHICLE/NON EMERGENCY,SLOWING OR STOPPING,39.006613,-77.08439,"(39.006613, -77.08439)"
MCP21590006,16067038,Montgomery County Police,Property Damage Crash,12/29/2016 09:06:00 PM,Maryland (State),COLESVILLE RD,County,SECOND AVE,,N/A,,STRAIGHT MOVEMENT ANGLE,CLEAR,DRY,DARK LIGHTS ON,TRAFFIC SIGNAL,NONE DETECTED,,0CA0ADAF-FFF7-46A7-99DC-05E500E50AB1,No,NO APPARENT INJURY,N/A,NOT DISTRACTED,MD,EC0A78D3-EB27-45A6-A689-160E8B6E448A,FUNCTIONAL,TRANSIT BUS,ACCELERATING,38.99425165,-77.03097761,"(38.99425165, -77.03097761)"
MCP2847001R,170503633,Montgomery County Police,Property Damage Crash,04/22/2017 09:39:00 PM,County,VEIRS MILL RD,County,GAYNOR RD,,N/A,,OTHER,CLEAR,WET,DARK LIGHTS ON,NO CONTROLS,NONE DETECTED,,E8B175CE-8123-4E51-BE3C-4A59D36FCD49,No,NO APPARENT INJURY,"N/A, WET",NOT DISTRACTED,MD,D658B9F8-A7CD-4E7C-8286-30E42A94B3D2,DISABLING,PASSENGER CAR,MOVING CONSTANT SPEED,39.06127667,-77.09143,"(39.06127667, -77.09143)"
MCP2740002K,17006222,Montgomery County Police,Property Damage Crash,02/04/2017 09:11:00 PM,Maryland (State),UNIVERSITY BLVD E,County,BUCKINGHAM DR,,N/A,,SAME DIR REND RIGHT TURN,CLEAR,DRY,DARK LIGHTS ON,NO CONTROLS,NONE DETECTED,,7D259A37-262A-45C2-9BA0-9DF4B0F7E9E7,No,NO APPARENT INJURY,N/A,NOT DISTRACTED,MD,FDF288C2-2225-41C6-A714-744CA3129FA1,DISABLING,PASSENGER CAR,MAKING RIGHT TURN,39.00693333,-76.99744833,"(39.00693333, -76.99744833)"
MCP2829002T,17009115,Montgomery County Police,Property Damage Crash,02/20/2017 02:51:00 AM,US (State),COLESVILLE RD,Interstate (State),CAPITAL BELTWAY,,N/A,,SAME DIRECTION SIDESWIPE,N/A,DRY,DARK LIGHTS ON,NO CONTROLS,NONE DETECTED,,B8A2FD0D-2D92-4B19-AAA9-936FA3EE00C8,No,NO APPARENT INJURY,N/A,NOT DISTRACTED,DC,05F8D80C-5CD9-4723-85AB-96237721C0F8,SUPERFICIAL,"CARGO VAN/LIGHT TRUCK 2 AXLES (OVER 10,000LBS (4,536 KG))",MOVING CONSTANT SPEED,39.01682333,-77.01587,"(39.01682333, -77.01587)"
MCP1500000S,15047696,MONTGOMERY,Injury Crash,09/20/2015 05:41:00 PM,US (State),COLUMBIA PIKE,County,TECH RD,,N/A,,SAME DIR REAR END,CLEAR,DRY,DAYLIGHT,NO CONTROLS,NONE DETECTED,,89D9904D-4E3A-4D6F-BE8A-C2D23A4A0C0E,Yes,SUSPECTED MINOR INJURY,N/A,OTHER ELECTRONIC DEVICE (NAVIGATIONAL PALM PILOT),MD,00E6CF17-1E3D-424A-BB2B-48C76D8AD833,DISABLING,PASSENGER CAR,SLOWING OR STOPPING,39.05716,-76.96954167,"(39.05716, -76.96954167)"