Report Number,Local Case Number,Agency Name,ACRS Report Type,Crash Date/Time,Route Type,Road Name,Cross-Street Type,Cross-Street Name,Off-Road Description,Municipality,Related Non-Motorist,Collision Type,Weather,Surface Condition,Light,Traffic Control,Driver Substance Abuse,Non-Motorist Substance Abuse,Person ID,Driver At Fault,Injury Severity,Circumstance,Driver Distracted By,Drivers License State,Vehicle ID,Vehicle Damage Extent,Vehicle Body Type,Vehicle Movement,Latitude,Longitude,Location
MCP2940001K,170507047,Montgomery County Police,Injury Crash,05/10/2017 02:19:00 PM,Maryland (State),MASSACHUSETTS AVE,County,NEWPORT AVE,,N/A,,SAME DIR REAR END,CLEAR,DRY,DAYLIGHT,NO CONTROLS,NONE DETECTED,,383FE57B-31C5-4806-A6E0-538BB2F7D8A1,No,SUSPECTED MINOR INJURY,N/A,NOT DISTRACTED,MD,B4838D92-F9A0-483C-9F51-7E1510E5771C,DISABLING,PASSENGER CAR,SLOWING OR STOPPING,38.95468252,-77.10458279,"(38.95468252, -77.10458279)"
MCP9422000D,170517092,Montgomery County Police,Injury Crash,07/03/2017 12:40:00 PM,Maryland (State),OLD GEORGETOWN RD,Unknown,ENT TO MID-PIKE PLAZA,,N/A,,SAME DIR REAR END,CLEAR,DRY,DAYLIGHT,TRAFFIC SIGNAL,N/A,,681DCE50-9B15-4567-AF58-2B3C490DF62F,No,NO APPARENT INJURY,N/A,NOT DISTRACTED,MD,18F482CB-3ABE-4479-A7CB-7072907B2F2F,SUPERFICIAL,PASSENGER CAR,STOPPED IN TRAFFIC LANE,39.04921667,-77.11636833,"(39.04921667, -77.11636833)"
MCP24690015,16041692,Montgomery County Police,Property Damage Crash,08/17/2016 08:21:00 AM,County,CALVERTON BLVD,County,SHANANDALE DR,,N/A,,SAME DIR REAR END,CLEAR,DRY,DAYLIGHT,NO CONTROLS,NONE DETECTED,,CCE4129A-D02E-49D6-AF1E-C2B610EF6727,No,NO APPARENT INJURY,N/A,NOT DISTRACTED,MD,73002940-F99B-40E5-96A8-43FAD9488DC6,FUNCTIONAL,PASSENGER CAR,STOPPED IN TRAFFIC LANE,39.05691833,-76.94801667,"(39.05691833, -76.94801667)"
MCP27280044,170526083,Montgomery County Police,Property Damage Crash,08/21/2017 05:50:00 PM,Maryland (State),GEORGIA AVE,County,COLUMBIA BLVD,,N/A,,SAME DIRECTION LEFT TURN,CLEAR,DRY,DAYLIGHT,NO CONTROLS,NONE DETECTED,,D8500D44-4C93-445C-99B5-6A88B054B285,Yes,NO APPARENT INJURY,N/A,LOOKED BUT DID NOT SEE,MD,F2193CD1-BD04-4765-8888-636B1A2C165B,FUNCTIONAL,PASSENGER CAR,MAKING LEFT TURN,39.00833833,-77.04036167,"(39.00833833, -77.04036167)"
MCP2046006V,170509958,Montgomery County Police,Injury Crash,05/26/2017 07:47:00 AM,Maryland (State),NEW HAMPSHIRE AVE,County,BLICK DR,,N/A,,SAME DIR REAR END,CLEAR,DRY,DAYLIGHT,NO CONTROLS,NONE DETECTED,,B0174B56-00C2-41B9-B0D2-F3ACCEC6A567,No,POSSIBLE INJURY,N/A,NOT DISTRACTED,MD,EAB12D43-6265-4206-A955-13B948EF88C5,SUPERFICIAL,PASSENGER CAR,STOPPED IN TRAFFIC LANE,39.06133167,-76.998455,"(39.06133167, -76.998455)"
MCP27890027,16003869,Montgomery County Police,Property Damage Crash,01/21/2016 05:57:00 PM,Maryland (State),16TH ST,County,SPRING ST,,N/A,,SINGLE VEHICLE,CLEAR,DRY,DARK LIGHTS ON,NO CONTROLS,N/A,,0EF4B949-09B3-499E-A4A9-9276DFF0D8EF,Yes,NO APPARENT INJURY,N/A,NOT DISTRACTED,VA,B6491D87-4B72-4D2B-9C22-5F5DEA6F55B2,NO DAMAGE,PASSENGER CAR,PARKING,38.99814167,-77.03799833,"(38.99814167, -77.03799833)"
DD5606003F,16027210,Rockville Police Departme,Injury Crash,05/31/2016 06:26:00 PM,Maryland (State),VEIRS MILL RD,Municipality,BROADWOOD DR,,ROCKVILLE,,HEAD ON LEFT TURN,CLEAR,N/A,DAYLIGHT,TRAFFIC SIGNAL,NONE DETECTED,,A1ED34F0-9582-4A43-A3CC-35636AEEED94,No,SUSPECTED MINOR INJURY,N/A,NOT DISTRACTED,MD,B92BDC57-8E42-4904-8D73-6A8905C66FEF,DISABLING,PASSENGER CAR,MOVING CONSTANT SPEED,39.07719333,-77.12388333,"(39.07719333, -77.12388333)"
MCP2771000N,15063011,Montgomery County Police,Property Damage Crash,12/10/2015 01:29:00 AM,Maryland (State),WOODFIELD RD,Unknown,ENT TO SHOPPING CENTER,,N/A,,STRAIGHT MOVEMENT ANGLE,CLEAR,DRY,DARK LIGHTS ON,N/A,NONE DETECTED,,7EB3D58F-7099-47BA-B5A8-CDB0893D680F,No,NO APPARENT INJURY,N/A,NOT DISTRACTED,MD,B84397EB-6D83-46AE-A307-46AF707391CB,SUPERFICIAL,POLICE VEHICLE/EMERGENCY,STOPPED IN TRAFFIC LANE,39.15549864,-77.16709167,"(39.15549864, -77.16709167)"
MCP2878001W,16040752,Montgomery County Police,Injury Crash,08/11/2016 05:03:00 PM,Other Public Roadway,HENDERSON CORNER RD,Unknown,SPUR FR MD 27,,N/A,,SAME DIR REAR END,CLOUDY,DRY,DAYLIGHT,N/A,NONE DETECTED,,7A977AF6-9163-4DD8-9F24-AC427F40F144,No,NO APPARENT INJURY,N/A,NOT DISTRACTED,MD,7FD3E8DF-66F6-40BE-8B04-F8E88CBACC53,FUNCTIONAL,PASSENGER CAR,STOPPED IN TRAFFIC LANE,38.99962667,-77.031415,"(38.99962667, -77.031415)"
MCP26890029,16048486,Montgomery County Police,Property Damage Crash,09/21/2016 08:07:00 AM,Maryland (State),FIRST ST,Maryland (State),VEIRS MILL RD,,N/A,,SAME DIRECTION SIDESWIPE,CLOUDY,DRY,DAYLIGHT,TRAFFIC SIGNAL,NONE DETECTED,,91B529C9-3B17-4198-B502-8BF80836FCB1,Yes,NO APPARENT INJURY,N/A,NOT DISTRACTED,MD,A7A4E97E-64F3-4F6E-8648-F2268844240A,NO DAMAGE,SCHOOL BUS,ACCELERATING,39.08016362,-77.13785559,"(39.08016362, -77.13785559)"
MCP29420027,17000252,Montgomery County Police,Injury Crash,01/02/2017 04:00:00 PM,Maryland (State),RIVER RD,Maryland (State),GOLDSBORO RD,,N/A,,SAME DIR REAR END,RAINING,WET,DAYLIGHT,TRAFFIC SIGNAL,NONE DETECTED,,0791B487-DE58-4591-900C-D946D4EC8B51,No,NO APPARENT INJURY,"RAIN, SNOW, WET",NOT DISTRACTED,DC,43E5D9C0-C8CC-4745-A2B7-A7E2232A26BF,FUNCTIONAL,PASSENGER CAR,STOPPED IN TRAFFIC LANE,38.97243833,-77.12100667,"(38.97243833, -77.12100667)"
MCP2904001C,15050452,MONTGOMERY,Property Damage Crash,10/05/2015 03:38:00 PM,Maryland (State),UNIVERSITY BLVD E,County,E SCHUYLER RD,,N/A,,SAME DIR REAR END,CLEAR,DRY,DAYLIGHT,NO CONTROLS,NONE DETECTED,,83FFF612-4239-4698-A665-D32D0C9699D2,No,NO APPARENT INJURY,N/A,NOT DISTRACTED,MD,5A39317A-3285-49E9-8587-A3E411A4E78D,FUNCTIONAL,VAN,STOPPED IN TRAFFIC LANE,39.00883667,-76.998895,"(39.00883667, -76.998895)"
MCP2650000D,16030565,Montgomery County Police,Property Damage Crash,06/17/2016 12:23:00 AM,Maryland (State),RIVER RD,Government,LITTLE FALLS PKWY,,N/A,,SAME DIRECTION LEFT TURN,CLOUDY,WET,DARK LIGHTS ON,NO CONTROLS,NONE DETECTED,,806F6B33-8E9F-41A9-8B12-0CD250E83F5D,No,NO APPARENT INJURY,"RAIN, SNOW, WET",NOT DISTRACTED,MD,D35FDEF3-C22B-4C6B-9E85-5981BFC00326,SUPERFICIAL,PASSENGER CAR,MOVING CONSTANT SPEED,38.964745,-77.10357333,"(38.964745, -77.10357333)"
MCP2339001H,16017392,Montgomery County Police,Property Damage Crash,04/09/2016 05:52:00 PM,Maryland (State),OLNEY SANDY SPRING RD,Unknown,VILLAGE CENTER DR,,N/A,,SAME DIRECTION RIGHT TURN,CLEAR,DRY,DAYLIGHT,TRAFFIC SIGNAL,NONE DETECTED,,8EBFB139-AB28-440A-8DB4-D0CB840F2E7D,No,NO APPARENT INJURY,N/A,NOT DISTRACTED,MD,050C84C9-E6F9-4170-A11B-73F9D962B70E,SUPERFICIAL,PASSENGER CAR,MAKING RIGHT TURN,39.151974,-77.064305,"(39.151974, -77.064305)"
DD5529001N,16060217,Rockville Police Departme,Property Damage Crash,11/23/2016 09:17:00 AM,Maryland (State),HUNGERFORD DR,Municipality,MANNAKEE ST,,ROCKVILLE,,OTHER,CLEAR,DRY,DAYLIGHT,NO CONTROLS,NONE DETECTED,,3B87097D-FF56-46F6-906E-2B0A0B89C4C1,Yes,NO APPARENT INJURY,N/A,NOT DISTRACTED,MD,3324C2C0-6E45-4E00-811B-CD99F83D481B,DISABLING,OTHER,CHANGING LANES,39.09904167,-77.15437,"(39.09904167, -77.15437)"
DD55270013,17005603,Rockville Police Departme,Property Damage Crash,02/01/2017 01:45:00 PM,Maryland (State),ROCKVILLE PIKE,Unknown,ENT TO WINTERGREEN PLAZA,,N/A,,STRAIGHT MOVEMENT ANGLE,CLEAR,DRY,DAYLIGHT,NO CONTROLS,NONE DETECTED,,3570BE88-9EF7-4987-9FDB-BD071329727D,No,NO APPARENT INJURY,"DEBRIS OR OBSTRUCTION, N/A",NOT DISTRACTED,MD,3F304DB4-1B5B-431E-8864-12B3B1E45AB9,DISABLING,PASSENGER CAR,MOVING CONSTANT SPEED,39.0756435,-77.13751317,"(39.0756435, -77.13751317)"
MCP14170061,16057739,Montgomery County Police,Injury Crash,11/09/2016 08:36:00 AM,Maryland (State),FREDERICK RD,Municipality,CHRISTOPHER AVE,,GAITHERSBURG,,SAME DIR REAR END,RAINING,WET,DAYLIGHT,NO CONTROLS,NONE DETECTED,,ECBAB567-6DCB-4801-A97F-64F379600D1E,Yes,NO APPARENT INJURY,"N/A, WET",UNKNOWN,MD,EC2B65BE-E6E8-4973-8E3D-7EF294CCC6BE,FUNCTIONAL,PICKUP TRUCK,SLOWING OR STOPPING,39.15538113,-77.21571743,"(39.15538113, -77.21571743)"
MCP14650014,15005259,Montgomery County Police,Property Damage Crash,02/02/2015 08:48:00 AM,County,GLEN RD,County,S GLEN RD,,N/A,,SAME DIRECTION RIGHT TURN,RAINING,WET,DAYLIGHT,STOP SIGN,NONE DETECTED,,E6DDDDC8-79AE-4FF4-8116-2838AD196FA7,Yes,NO APPARENT INJURY,N/A,NOT DISTRACTED,MD,C43D799A-2EE8-4DB2-92D9-8467446D5285,SUPERFICIAL,SCHOOL BUS,PASSING,39.04579833,-77.217175,"(39.04579833, -77.217175)"
MCP22740011,16055965,Montgomery County Police,Injury Crash,10/30/2016 08:24:00 PM,County,GOSHEN RD,County,SNOUFFERS SCHOOL RD,,N/A,,HEAD ON,RAINING,WET,DARK LIGHTS ON,TRAFFIC SIGNAL,NONE DETECTED,,5ED87DEB-9471-442C-ABB6-82BB476AAAB1,No,SUSPECTED MINOR INJURY,N/A,NOT DISTRACTED,MD,17FE79B6-345A-4504-990A-A17EEE3D49FC,DISABLING,PICKUP TRUCK,SLOWING OR STOPPING,39.18728167,-77.187015,"(39.18728167, -77.187015)"
MCP22470013,16003859,Montgomery County Police,Property Damage Crash,01/20/2016 08:40:00 PM,Interstate (State),CAPITAL BELTWAY,Unknown,END BRIDGE,,N/A,,SAME DIRECTION SIDESWIPE,SNOW,ICE,DARK LIGHTS ON,NO CONTROLS,UNKNOWN,,9AAC3440-2994-4651-84AC-9872C7727A27,Yes,NO APPARENT INJURY,"ICY OR SNOW-COVERED, RAIN, SNOW, V WIPERS|W OTHER ENVIRONMENTAL",UNKNOWN,,3647DF01-D109-4482-8F1F-408B03748A3F,UNKNOWN,PICKUP TRUCK,ACCELERATING,39.01558366,-77.03093804,"(39.01558366, -77.03093804)"
MCP22310010,15007956,Montgomery County Police,Injury Crash,02/18/2015 08:26:00 AM,Maryland (State),ROCKVILLE PIKE,County,TUCKERMAN LA,,N/A,,SAME DIR REAR END,CLEAR,WET,DAYLIGHT,NO CONTROLS,NONE DETECTED,,506EE90E-3ADD-455C-B86E-3D30C96C94CE,Yes,NO APPARENT INJURY,"N/A, WET",NOT DISTRACTED,MD,84DF0514-4B7C-4118-A0DB-7EBFE7C8B81D,FUNCTIONAL,PASSENGER CAR,SLOWING OR STOPPING,39.02575,-77.103515,"(39.02575, -77.103515)"
MCP24690015,16041692,Montgomery County Police,Property Damage Crash,08/17/2016 08:21:00 AM,County,CALVERTON BLVD,County,SHANANDALE DR,,N/A,,SAME DIR REAR END,CLEAR,DRY,DAYLIGHT,NO CONTROLS,NONE DETECTED,,F7643456-732D-4F8B-80C0-EDEDE1332649,Yes,NO APPARENT INJURY,N/A,NOT DISTRACTED,MD,3CC88976-477B-4253-A763-CE1DAC567AA2,DISABLING,PASSENGER CAR,SLOWING OR STOPPING,39.05691833,-76.94801667,"(39.05691833, -76.94801667)"
MCP2914002F,16006979,Montgomery County Police,Injury Crash,02/10/2016 06:38:00 PM,Maryland (State),NEW HAMPSHIRE AVE,Ramp,RAMP 6 FR IS 495 EB TO MD 650 SB,,N/A,,SAME DIR REAR END,CLEAR,N/A,DARK LIGHTS ON,YIELD SIGN,N/A,,1A60D73A-E7B6-48ED-897E-32A680C707E0,Yes,NO APPARENT INJURY,N/A,NOT DISTRACTED,MD,27195631-96B5-4227-B026-CC71CA72E951,FUNCTIONAL,PASSENGER CAR,STARTING FROM LANE,39.01726647,-76.97731197,"(39.01726647, -76.97731197)"
MCP3014000R,16036156,Montgomery County Police,Injury Crash,07/17/2016 03:30:00 AM,Maryland (State),CONNECTICUT AVE,County,RANDOLPH RD,,N/A,,HEAD ON LEFT TURN,CLEAR,DRY,DARK LIGHTS ON,TRAFFIC SIGNAL,NONE DETECTED,,329C817D-B004-4023-893F-E69338434492,Unknown,SUSPECTED MINOR INJURY,N/A,UNKNOWN,MD,21DEB2D4-C246-4D86-9D63-81194A2E4AD2,DISABLING,PASSENGER CAR,MOVING CONSTANT SPEED,39.05715886,-77.07348391,"(39.05715886, -77.07348391)"
MCP3005001P,17004113,Montgomery County Police,Property Damage Crash,01/24/2017 11:46:00 AM,County,REEDIE DR,Maryland (State),VEIRS MILL RD,,N/A,,SAME DIRECTION SIDESWIPE,CLEAR,DRY,DAYLIGHT,TRAFFIC SIGNAL,NONE DETECTED,,C8724773-D15B-4982-9585-0A469F5975D5,No,NO APPARENT INJURY,N/A,NOT DISTRACTED,MD,13EBC2E6-3857-4E01-A921-BEED5F9B2C4E,DISABLING,PASSENGER CAR,STOPPED IN TRAFFIC LANE,39.03789466,-77.05307364,"(39.03789466, -77.05307364)"
MCP2824001F,15045640,MONTGOMERY,Injury Crash,09/09/2015 09:02:00 PM,Maryland (State),DARNESTOWN RD,County,JERUSALEM RD,,N/A,,SINGLE VEHICLE,CLEAR,DRY,DARK NO LIGHTS,NO CONTROLS,N/A,,97894FB0-26C0-4544-80D1-DD22284A1DE3,Yes,POSSIBLE INJURY,"ANIMAL, N/A",UNKNOWN,MD,7E2A6F81-7AF4-40A0-90CB-A90B0D6B59A2,DESTROYED,PASSENGER CAR,MOVING CONSTANT SPEED,39.16912833,-77.39923167,"(39.16912833, -77.39923167)"
MCP1512000H,15036623,MONTGOMERY,Property Damage Crash,07/24/2015 08:06:00 PM,Municipality,BAYRIDGE TERR,Municipality,SIOUX LA,,GAITHERSBURG,,N/A,CLEAR,DRY,DAYLIGHT,NO CONTROLS,MEDICATION PRESENT,,4BD16DE9-288B-4C88-AEEE-640C81F9EDAC,Yes,NO APPARENT INJURY,N/A,NOT DISTRACTED,MD,97A6AD27-9BF3-4268-84C6-0858D20EB133,DISABLING,PASSENGER CAR,MOVING CONSTANT SPEED,39.130935,-77.235005,"(39.130935, -77.235005)"
MCP2897000S,16014550,MONTGOMERY,Property Damage Crash,03/24/2016 06:42:00 PM,,,,,"SAFEWAY PARKING LOT
9807 MAIIN STREET
DAMASCUS MD 20872",,,HEAD ON LEFT TURN,CLEAR,,DAYLIGHT,N/A,NONE DETECTED,,92122D82-A0D1-4D4A-BF0A-C9FCF690A957,Yes,NO APPARENT INJURY,N/A,INATTENTIVE OR LOST IN THOUGHT,MD,5B8F1BCB-CF7A-474F-8029-6ADBD9AB13F0,FUNCTIONAL,PASSENGER CAR,MAKING LEFT TURN,39.2898042,-77.20235467,"(39.2898042, -77.20235467)"
MCP2769000Q,15048758,MONTGOMERY,Injury Crash,09/25/2015 11:58:00 PM,,,,,"Parking Lot @ 18427 Bishopstone Ct. Montgomery Village, MD 20886",,,OTHER,N/A,,DARK LIGHTS ON,N/A,ALCOHOL PRESENT,,E2B08025-865B-45C7-8134-5BF7B4FF9E15,Yes,SUSPECTED MINOR INJURY,N/A,UNKNOWN,MD,8D89B2C7-A774-48D0-BA5D-BC4015D62A57,FUNCTIONAL,PASSENGER CAR,MOVING CONSTANT SPEED,39.15934833,-77.20503,"(39.15934833, -77.20503)"
DD5606004C,170517750,Rockville Police Departme,Property Damage Crash,07/07/2017 03:04:00 AM,Maryland (State),W MONTGOMERY AVE,Municipality,W GUDE DR,,ROCKVILLE,,SINGLE VEHICLE,RAINING,WET,DARK LIGHTS ON,TRAFFIC SIGNAL,NONE DETECTED,,C2DD12E3-520C-4CC5-802A-75B9AA3433F6,Yes,NO APPARENT INJURY,"RAIN, SNOW, WET",LOOKED BUT DID NOT SEE,MD,0DEF0A64-ADBB-41B3-883D-194DC2E3E004,DISABLING,PASSENGER CAR,MOVING CONSTANT SPEED,39.09968333,-77.18443833,"(39.09968333, -77.18443833)"
MCP3000000T,16026808,Montgomery County Police,Property Damage Crash,05/29/2016 05:49:00 PM,Maryland (State),GREAT SENECA HWY,County,MATENY RD,,N/A,,HEAD ON LEFT TURN,RAINING,WET,DAYLIGHT,NO CONTROLS,NONE DETECTED,,B838E834-3779-4D98-A125-8D09FC39518A,No,NO APPARENT INJURY,"N/A, RAIN, SNOW",NOT DISTRACTED,NY,453233B2-B91B-465F-978D-426A5E29BDC3,DESTROYED,PASSENGER CAR,MOVING CONSTANT SPEED,39.16457333,-77.27321,"(39.16457333, -77.27321)"
MCP28350017,16053928,Montgomery County Police,Injury Crash,10/20/2016 03:34:00 AM,Maryland (State),CAPITOL VIEW AVE,County,MEREDITH AVE,,N/A,,SINGLE VEHICLE,CLEAR,DRY,DARK LIGHTS ON,NO CONTROLS,ALCOHOL PRESENT,,538F368D-D1ED-43C5-81BB-0E1D689E0C82,Yes,NO APPARENT INJURY,N/A,UNKNOWN,MD,4A2B1077-1F12-4251-A21A-BD66DB4C5148,DISABLING,PASSENGER CAR,MOVING CONSTANT SPEED,39.02334667,-77.06277167,"(39.02334667, -77.06277167)"
DD5621000F,17008189,Rockville Police Departme,Injury Crash,02/15/2017 09:18:00 AM,Municipality,N STONESTREET AVE,Municipality,PARK RD,,ROCKVILLE,,SAME DIR REAR END,CLEAR,DRY,DAYLIGHT,NO CONTROLS,NONE DETECTED,,BE03D27D-11CA-4360-AB83-CAF9D62D4163,Yes,NO APPARENT INJURY,N/A,NOT DISTRACTED,MD,EA713AF8-3560-4E79-8E1F-213D2C56C8E6,FUNCTIONAL,PASSENGER CAR,MOVING CONSTANT SPEED,39.085781,-77.145876,"(39.085781, -77.145876)"
MCP2712001N,17007099,Montgomery County Police,Property Damage Crash,02/09/2017 01:01:00 PM,County,TECH RD,County,OLD COLUMBIA PIKE,,N/A,,STRAIGHT MOVEMENT ANGLE,CLEAR,DRY,DAYLIGHT,TRAFFIC SIGNAL,NONE DETECTED,,63DB9150-8579-4009-B84D-FA0FB9E34774,Yes,NO APPARENT INJURY,N/A,NOT DISTRACTED,MD,55E2C3A3-0438-4CD0-B760-F2168D1971FD,DISABLING,PASSENGER CAR,STARTING FROM LANE,39.05741667,-76.96797333,"(39.05741667, -76.96797333)"
MCP2927001C,16052344,Montgomery County Police,Injury Crash,10/11/2016 05:53:00 PM,US (State),COLESVILLE RD,County,NOYES DR,,N/A,,STRAIGHT MOVEMENT ANGLE,CLEAR,DRY,DAYLIGHT,STOP SIGN,NONE DETECTED,,4EAC9F53-2492-44B5-B52D-875B58036A45,No,NO APPARENT INJURY,N/A,NOT DISTRACTED,MD,E9FC73BC-4A61-4205-9A7B-61AC08D6A253,DISABLING,PASSENGER CAR,MOVING CONSTANT SPEED,39.00005505,-77.02576876,"(39.00005505, -77.02576876)"
MCP28290023,16028924,Montgomery County Police,Property Damage Crash,06/08/2016 11:45:00 PM,County,GLENVILLE RD,County,LANGLEY DR,,N/A,,UNKNOWN,N/A,DRY,DARK LIGHTS ON,NO CONTROLS,UNKNOWN,,E8F3110E-0438-4E0B-9373-65DFD7E4EFFD,Unknown,NO APPARENT INJURY,N/A,UNKNOWN,MD,0BD2DCA3-2E99-49C6-B279-EC35EEB468A3,SUPERFICIAL,PICKUP TRUCK,PARKED,39.00898,-76.996637,"(39.00898, -76.996637)"
MCP28700019,16011172,MONTGOMERY,Property Damage Crash,03/06/2016 04:54:00 PM,County,QUEBEC ST,County,RUATAN ST,,N/A,,STRAIGHT MOVEMENT ANGLE,CLEAR,DRY,DAYLIGHT,NO CONTROLS,N/A,,784B9D01-2069-4600-A5D4-885E0E417600,No,NO APPARENT INJURY,N/A,NOT DISTRACTED,MD,A4DA1896-F18B-416C-88BB-9D423FB35B51,FUNCTIONAL,TRANSIT BUS,MOVING CONSTANT SPEED,39.000305,-76.98740667,"(39.000305, -76.98740667)"
MCP1221002Z,17001754,Montgomery County Police,Property Damage Crash,01/11/2017 06:37:00 AM,Maryland (State),QUINCE ORCHARD RD,Maryland (State),W DIAMOND AVE,,N/A,,SAME DIRECTION SIDESWIPE,CLEAR,WET,DUSK,TRAFFIC SIGNAL,NONE DETECTED,,7AD07C7B-5699-4F42-9F99-F176C6AC071B,No,NO APPARENT INJURY,N/A,NOT DISTRACTED,MD,68D416BA-14DF-454F-9CF4-FCC23F573436,SUPERFICIAL,POLICE VEHICLE/NON EMERGENCY,MOVING CONSTANT SPEED,39.14241333,-77.22098833,"(39.14241333, -77.22098833)"
DD56110010,16002505,Rockville Police Departme,Injury Crash,01/14/2016 08:17:00 AM,Maryland (State),ROCKVILLE PIKE,Municipality,RICHARD MONTGOMERY DR,,ROCKVILLE,,SAME DIR REAR END,CLEAR,DRY,DAYLIGHT,TRAFFIC SIGNAL,NONE DETECTED,,F11A2F8B-86F1-454A-89EF-F7C2AAB8D56A,No,SUSPECTED MINOR INJURY,N/A,NOT DISTRACTED,MD,411D655E-1555-4E1D-AB30-66C138E0A1C9,FUNCTIONAL,PASSENGER CAR,SLOWING OR STOPPING,39.07796283,-77.140943,"(39.07796283, -77.140943)"
MCP1502000P,16008694,Montgomery County Police,Injury Crash,02/21/2016 12:09:00 PM,County,SNOUFFERS SCHOOL RD,Maryland (State),WOODFIELD RD,,N/A,,HEAD ON LEFT TURN,RAINING,WET,DAYLIGHT,TRAFFIC SIGNAL,NONE DETECTED,,7092EC11-9EA1-4AD6-A6F7-A64632647AF3,No,NO APPARENT INJURY,N/A,NOT DISTRACTED,MD,EEFEFA5C-691F-4804-9016-4000BEE2840F,DISABLING,PASSENGER CAR,MOVING CONSTANT SPEED,39.15898167,-77.16035167,"(39.15898167, -77.16035167)"
MCP2504001V,16056351,Montgomery County Police,Property Damage Crash,11/01/2016 07:15:00 PM,County,TUCKERMAN LA,Maryland (State),FALLS RD,,N/A,,SAME DIR REAR END,CLOUDY,DRY,DARK LIGHTS ON,TRAFFIC SIGNAL,NONE DETECTED,,701C21A6-C63A-465E-815F-5827AD4237E8,No,NO APPARENT INJURY,N/A,NOT DISTRACTED,MD,C646F631-5E32-4F2E-8BBE-D917C25021DE,DISABLING,PASSENGER CAR,SLOWING OR STOPPING,39.05025,-77.18755833,"(39.05025, -77.18755833)"
MCP2805001F,15035749,MONTGOMERY,Property Damage Crash,07/20/2015 05:27:00 PM,Maryland (State),ROCKVILLE PIKE,County,CEDAR LA,,N/A,,SINGLE VEHICLE,CLEAR,DRY,DAYLIGHT,TRAFFIC SIGNAL,NONE DETECTED,,72E4AC55-5599-4EAD-A79F-64CEB7FDFCE5,Yes,NO APPARENT INJURY,"N/A, ROAD UNDER CONSTRUCTION/MAINTENANCE",NOT DISTRACTED,DC,CB9A8AEB-80A9-4495-A573-4F44F8E9BFC0,SUPERFICIAL,TRANSIT BUS,MOVING CONSTANT SPEED,39.00586213,-77.09743738,"(39.00586213, -77.09743738)"
MCP1174002F,170529177,Montgomery County Police,Injury Crash,09/07/2017 12:54:00 PM,County,ARLINGTON RD,County,EDGEMOOR LA,,N/A,,HEAD ON LEFT TURN,CLEAR,DRY,DAYLIGHT,TRAFFIC SIGNAL,NONE DETECTED,,57ABD005-B9BF-4714-BAE3-127F7A8E7B10,Yes,SUSPECTED MINOR INJURY,N/A,LOOKED BUT DID NOT SEE,MD,C6BE3330-BCCF-4889-B7E3-6921E96C630D,DISABLING,PASSENGER CAR,MAKING LEFT TURN,38.98464916,-77.09861755,"(38.98464916, -77.09861755)"
MCP1580005M,16021982,Montgomery County Police,Injury Crash,05/04/2016 07:13:00 AM,Maryland (State),WOODFIELD RD,County,MIDCOUNTY HWY,,N/A,,STRAIGHT MOVEMENT ANGLE,CLOUDY,WET,DAYLIGHT,TRAFFIC SIGNAL,NONE DETECTED,,2618F797-CE37-43AA-A082-AD161AC49DA9,Yes,NO APPARENT INJURY,"N/A, WET",UNKNOWN,MD,C29C0A21-1742-4830-8084-EF803E6104A8,SUPERFICIAL,PASSENGER CAR,MOVING CONSTANT SPEED,39.15107667,-77.17389,"(39.15107667, -77.17389)"
MCP29420028,17002474,Montgomery County Police,Property Damage Crash,01/14/2017 05:30:00 PM,Maryland (State),WISCONSIN AVE,County,CORDELL AVE,,N/A,,SAME DIR BOTH LEFT TURN,RAINING,WET,DARK LIGHTS ON,TRAFFIC SIGNAL,NONE DETECTED,,627E0E79-1C9A-4015-8E24-D11631B08B67,No,NO APPARENT INJURY,"N/A, RAIN, SNOW",NOT DISTRACTED,OH,5F64EF39-24FB-4972-870C-2AA13D18585F,SUPERFICIAL,PASSENGER CAR,MAKING LEFT TURN,38.9909787,-77.09561348,"(38.9909787, -77.09561348)"
MCP2116001P,15008696,Montgomery County Police,Property Damage Crash,02/23/2015 09:51:00 AM,County,E GUDE DR,Unknown,STRUC #M0131 METRO R/R,,N/A,,SAME DIR REAR END,CLEAR,DRY,DAYLIGHT,NO CONTROLS,NONE DETECTED,,266F388A-582D-400E-8A62-1ED742C4D488,Yes,NO APPARENT INJURY,N/A,LOOKED BUT DID NOT SEE,MD,3BD5DCF4-38E0-4595-BA98-E67ED0C01642,DISABLING,PASSENGER CAR,CHANGING LANES,39.10661333,-77.15599833,"(39.10661333, -77.15599833)"