Report Number,Local Case Number,Agency Name,ACRS Report Type,Crash Date/Time,Route Type,Road Name,Cross-Street Type,Cross-Street Name,Off-Road Description,Municipality,Related Non-Motorist,Collision Type,Weather,Surface Condition,Light,Traffic Control,Driver Substance Abuse,Non-Motorist Substance Abuse,Person ID,Driver At Fault,Injury Severity,Circumstance,Driver Distracted By,Drivers License State,Vehicle ID,Vehicle Damage Extent,Vehicle Body Type,Vehicle Movement,Latitude,Longitude,Location
MCP1220002X,15053051,MONTGOMERY,Property Damage Crash,10/19/2015 03:50:00 PM,Maryland (State),EAST WEST HWY,Maryland (State),16TH ST,,N/A,,SAME DIR REAR END,CLEAR,DRY,DAYLIGHT,TRAFFIC SIGNAL,NONE DETECTED,,C199F38C-98BB-4925-A006-21284FB88972,No,NO APPARENT INJURY,N/A,NOT DISTRACTED,MD,7A8834B5-5C25-4A43-B9FB-1254C3A139EC,SUPERFICIAL,PASSENGER CAR,STOPPED IN TRAFFIC LANE,38.99453667,-77.03584167,"(38.99453667, -77.03584167)"
MCP2975000S,15052658,MONTGOMERY,Injury Crash,10/17/2015 02:38:00 AM,County,FAIRLAND RD,County,PARTRIDGE DR,,N/A,,SAME DIR REAR END,CLEAR,DRY,DARK LIGHTS ON,NO CONTROLS,NONE DETECTED,,3690FF23-FD34-4352-A8A2-973DD4939116,No,SUSPECTED MINOR INJURY,N/A,NOT DISTRACTED,OH,9F8250D3-B0AF-45CA-BAC6-47E00D1A80BF,FUNCTIONAL,(SPORT) UTILITY VEHICLE,SLOWING OR STOPPING,39.0774,-76.99055167,"(39.0774, -76.99055167)"
MCP2717009L,17007906,Montgomery County Police,Property Damage Crash,02/13/2017 05:45:00 PM,Maryland (State),CAPITOL VIEW AVE,County,VIRGINIA AVE,,N/A,,SAME DIRECTION SIDESWIPE,CLEAR,DRY,DARK LIGHTS ON,NO CONTROLS,NONE DETECTED,,A97671CF-5F06-4506-BBBE-D6E40D8AAA99,Yes,NO APPARENT INJURY,N/A,LOOKED BUT DID NOT SEE,DC,4321A524-B940-45AB-AC3E-C62304D497C8,SUPERFICIAL,PASSENGER CAR,MOVING CONSTANT SPEED,39.0227125,-77.06231067,"(39.0227125, -77.06231067)"
MCP2728001Z,16004244,Montgomery County Police,Property Damage Crash,01/26/2016 03:53:00 PM,Maryland (State),NEW HAMPSHIRE AVE,County,OVERLOOK DR,,N/A,,SAME DIRECTION RIGHT TURN,CLEAR,WET,DAYLIGHT,NO CONTROLS,NONE DETECTED,,C1237489-A3F3-4B7A-BDB5-087741DE1461,No,NO APPARENT INJURY,"N/A, WET",NOT DISTRACTED,MD,1FD7CCE6-C0D4-4284-A0B9-2E8D6226D0A4,SUPERFICIAL,PASSENGER CAR,SLOWING OR STOPPING,39.02394167,-76.97905,"(39.02394167, -76.97905)"
MCP28180028,16053812,Montgomery County Police,Property Damage Crash,10/19/2016 03:29:00 PM,County,FENTON ST,County,WAYNE AVE,,N/A,,SAME DIRECTION SIDESWIPE,CLEAR,DRY,DAYLIGHT,TRAFFIC SIGNAL,NONE DETECTED,,F3607BEB-FDB1-4081-8C1D-461F3FA0C6A2,Yes,NO APPARENT INJURY,N/A,NOT DISTRACTED,MD,98D1775A-0038-4469-9FA8-0028D9657C8B,SUPERFICIAL,(SPORT) UTILITY VEHICLE,SLOWING OR STOPPING,39.16982167,-77.20435,"(39.16982167, -77.20435)"
MCP2591000H,15033694,MONTGOMERY,Injury Crash,07/09/2015 08:30:00 PM,Maryland (State),MONTGOMERY VILLAGE AVE,Unknown,ENT TO BUSINESS,,N/A,,SAME DIR REAR END,CLEAR,DRY,DUSK,TRAFFIC SIGNAL,N/A,,4498BA8B-00CA-4483-BED6-163D93402B54,No,SUSPECTED MINOR INJURY,N/A,NOT DISTRACTED,MD,70D72B64-3458-4CC9-99BC-2C7498CEE9A0,DISABLING,PASSENGER CAR,SLOWING OR STOPPING,39.15659333,-77.20612,"(39.15659333, -77.20612)"
DD5617000J,17004016,Rockville Police Departme,Property Damage Crash,01/23/2017 06:22:00 PM,Municipality,WOOTTON PKWY,Municipality,TOWER OAKS BLVD,,ROCKVILLE,,ANGLE MEETS LEFT TURN,RAINING,N/A,DARK LIGHTS ON,TRAFFIC SIGNAL,N/A,,8A711898-32F7-4A8E-8098-946B68BA61E1,Yes,NO APPARENT INJURY,"N/A, WET",UNKNOWN,MD,2652B106-C4EA-4BEA-973E-D56FBA7437D3,DISABLING,PASSENGER CAR,MAKING LEFT TURN,39.06693581,-77.15397969,"(39.06693581, -77.15397969)"
MCP2789001N,15054360,MONTGOMERY,Injury Crash,10/26/2015 03:57:00 PM,Maryland (State),GEORGIA AVE,Interstate (State),CAPITAL BELTWAY,,N/A,,SAME DIR REAR END,CLEAR,DRY,DAYLIGHT,TRAFFIC SIGNAL,N/A,,8DBBD176-8F54-44FE-8FDC-79D05194045F,Yes,NO APPARENT INJURY,N/A,NOT DISTRACTED,ON,C7832F44-0382-4DCB-BA83-A4186B3423B8,DISABLING,PASSENGER CAR,MOVING CONSTANT SPEED,39.013895,-77.04216333,"(39.013895, -77.04216333)"
MCP9322000C,15065622,MONTGOMERY,Injury Crash,12/22/2015 10:00:00 PM,County,OLD BALTIMORE RD,County,BRIMSTONE ACADEMY DR,,N/A,,SINGLE VEHICLE,CLOUDY,WET,DARK NO LIGHTS,NO CONTROLS,NONE DETECTED,,000BD8C8-6731-4413-8529-CA9BCB6FA2E2,Yes,SUSPECTED MINOR INJURY,"N/A, WET",NOT DISTRACTED,MD,8CE1E418-D886-4D61-9A11-1996F3026747,FUNCTIONAL,PASSENGER CAR,MOVING CONSTANT SPEED,39.14352333,-77.05542167,"(39.14352333, -77.05542167)"
MCP27500020,16015603,MONTGOMERY,Injury Crash,03/30/2016 06:55:00 PM,Maryland (State),GEORGIA AVE,County,PLYERS MILL RD,,N/A,,SAME DIR REAR END,CLEAR,DRY,DAYLIGHT,NO CONTROLS,NONE DETECTED,,681A5B26-F6F0-4433-B784-F0208EF388E3,No,NO APPARENT INJURY,N/A,NOT DISTRACTED,MD,0A725892-AEE0-4AAD-9F5B-829FBA376372,SUPERFICIAL,PASSENGER CAR,MOVING CONSTANT SPEED,39.029,-77.04740167,"(39.029, -77.04740167)"
MCP2952001Q,16015120,MONTGOMERY,Property Damage Crash,03/27/2016 12:19:00 AM,County,CURRAN RD,Unknown,CUL DE SAC,,N/A,,SAME DIRECTION SIDESWIPE,CLEAR,DRY,DARK LIGHTS ON,NO CONTROLS,N/A,,8104A037-4782-4D40-9C40-FFE4C82AF64A,Yes,NO APPARENT INJURY,N/A,UNKNOWN,MD,85A4CD7A-B23A-4A3D-AC64-C42C1ECFCD40,SUPERFICIAL,VAN,MOVING CONSTANT SPEED,39.01124333,-76.999285,"(39.01124333, -76.999285)"
MCP2832001S,15062677,MONTGOMERY,Property Damage Crash,12/08/2015 01:55:00 PM,,,,,Parking lot of 8812 Monard dr,,,OTHER,CLEAR,,DAYLIGHT,NO CONTROLS,NONE DETECTED,,0F067853-4E69-40B9-A63F-19E945367C3E,No,NO APPARENT INJURY,N/A,NOT DISTRACTED,MD,A0C14814-C056-4E66-B854-EFCA0672F887,DISABLING,PASSENGER CAR,STOPPED IN TRAFFIC LANE,39.00033333,-77.05940333,"(39.00033333, -77.05940333)"
DD56120007,17008945,Rockville Police Departme,Injury Crash,02/19/2017 12:51:00 AM,Municipality,BALTIMORE RD,Municipality,GLADSTONE DR,,ROCKVILLE,,SINGLE VEHICLE,CLEAR,DRY,DARK LIGHTS ON,N/A,ALCOHOL CONTRIBUTED,,34269FBC-9C43-4153-B85F-BC73040325D2,Yes,SUSPECTED MINOR INJURY,N/A,NOT DISTRACTED,MD,37EB636B-712C-4FA4-8FBC-B3A99CC4FC6A,DISABLING,PASSENGER CAR,MOVING CONSTANT SPEED,39.08394333,-77.128345,"(39.08394333, -77.128345)"
MCP1151003W,16005391,Montgomery County Police,Property Damage Crash,02/02/2016 08:35:00 AM,County,BRANDERMILL DR,Unknown,STONEY POINT WAY,,N/A,,STRAIGHT MOVEMENT ANGLE,CLEAR,ICE,DAYLIGHT,STOP SIGN,NONE DETECTED,,48567D61-AFB6-4C62-AE04-785991F13594,Yes,NO APPARENT INJURY,"ICY OR SNOW-COVERED, N/A",NOT DISTRACTED,MD,35F6B8F3-AED7-49B2-BF6A-17209DFF0A1A,DISABLING,ALL TERRAIN VEHICLE (ATV),SKIDDING,39.18385167,-77.23540833,"(39.18385167, -77.23540833)"
MCP14380037,16051004,Montgomery County Police,Property Damage Crash,10/04/2016 05:34:00 PM,Maryland (State),FREDERICK RD,Municipality,ODENDHAL AVE,,GAITHERSBURG,,SAME DIR REAR END,CLEAR,DRY,DAYLIGHT,TRAFFIC SIGNAL,NONE DETECTED,,2CAC0DD4-D7DC-408C-A96F-87EE241C74D9,Yes,NO APPARENT INJURY,N/A,OTHER DISTRACTION,MD,7F67F904-CCEA-48AE-AED8-E0FC40264587,SUPERFICIAL,PASSENGER CAR,MAKING RIGHT TURN,39.14872667,-77.20671333,"(39.14872667, -77.20671333)"
MCP1305000P,16028503,Montgomery County Police,Injury Crash,06/07/2016 07:31:00 AM,County,SNOUFFERS SCHOOL RD,County,LEWISBERRY DR,,N/A,,STRAIGHT MOVEMENT ANGLE,CLEAR,DRY,DAYLIGHT,TRAFFIC SIGNAL,N/A,,C8F1C447-AFAC-4BA2-A703-1884660AA05E,No,POSSIBLE INJURY,N/A,NOT DISTRACTED,MD,551E1C94-A939-445C-AE20-9D1F77A6A49F,DISABLING,PASSENGER CAR,MAKING LEFT TURN,39.18298303,-77.18226627,"(39.18298303, -77.18226627)"
MCP2412000K,170525801,Montgomery County Police,Property Damage Crash,08/20/2017 12:25:00 AM,County,CARROLL AVE,County,11TH AVE,,N/A,,SAME DIR REAR END,CLEAR,DRY,DARK LIGHTS ON,NO CONTROLS,ALCOHOL PRESENT,,F22ADF29-A7C7-4A6F-8146-4D523BF6FF6D,Yes,NO APPARENT INJURY,N/A,NOT DISTRACTED,MD,9CDA70EA-1910-4F0C-912B-E1CC39FC644E,FUNCTIONAL,PASSENGER CAR,MOVING CONSTANT SPEED,38.99723167,-76.99179333,"(38.99723167, -76.99179333)"
MCP3048001J,170527740,Montgomery County Police,Property Damage Crash,08/30/2017 11:30:00 AM,Municipality,N PARK AVE,Municipality,SHOEMAKER FARM LA,,FRIENDSHIP HEIGHTS,,OTHER,CLEAR,DRY,DAYLIGHT,NO CONTROLS,NONE DETECTED,,A1ADC16B-16CA-409B-A036-6067CE2BCB02,No,NO APPARENT INJURY,N/A,NOT DISTRACTED,DC,D2A3E595-E8AE-4A87-822C-BF9E1B580CA3,FUNCTIONAL,"OTHER LIGHT TRUCKS (10,000LBS (4,536KG) OR LESS)",MOVING CONSTANT SPEED,38.96334333,-77.09052,"(38.96334333, -77.09052)"
MCP2698001H,16017483,Montgomery County Police,Injury Crash,04/10/2016 06:54:00 AM,County,ARCOLA AVE,County,AMHERST AVE,,N/A,,OTHER,CLEAR,DRY,DAWN,NO CONTROLS,NONE DETECTED,,2D68FA1D-380A-441F-B1CB-68D5E3493885,No,SUSPECTED MINOR INJURY,N/A,UNKNOWN,MD,9AE81515-BFC4-437F-BDFC-5BB1C0F82FDF,DISABLING,PASSENGER CAR,MOVING CONSTANT SPEED,39.04712667,-77.05176333,"(39.04712667, -77.05176333)"
MCP2683000L,15007558,Montgomery County Police,Property Damage Crash,02/15/2015 07:33:00 AM,County,MIDCOUNTY HWY,County,WASHINGTON GROVE LA,,N/A,,STRAIGHT MOVEMENT ANGLE,CLOUDY,ICE,DAWN,TRAFFIC SIGNAL,NONE DETECTED,,5C41AE31-090E-4479-8447-50ABBCFBC66F,Yes,NO APPARENT INJURY,"ICY OR SNOW-COVERED, RAIN, SNOW",NOT DISTRACTED,MD,80926984-6D38-47E9-8C8E-16654324F7F1,DISABLING,PASSENGER CAR,RIGHT TURN ON RED,39.147555,-77.16911167,"(39.147555, -77.16911167)"
MCP26790013,15053524,MONTGOMERY,Injury Crash,10/21/2015 10:50:00 PM,Maryland (State),COLESVILLE RD,Maryland (State),16TH ST,,N/A,,STRAIGHT MOVEMENT ANGLE,CLEAR,DRY,DARK LIGHTS ON,YIELD SIGN,NONE DETECTED,,5640994F-C350-4601-B92E-65AACE55F831,Yes,NO APPARENT INJURY,N/A,LOOKED BUT DID NOT SEE,VA,9764C44B-996A-4B79-8C25-A21808EB46BF,FUNCTIONAL,PASSENGER CAR,ACCELERATING,38.99249333,-77.03643167,"(38.99249333, -77.03643167)"
MCP2937000Z,15047283,MONTGOMERY,Property Damage Crash,09/18/2015 08:53:00 AM,Maryland (State),UNIVERSITY BLVD E,US (State),COLESVILLE RD,,N/A,,SAME DIRECTION LEFT TURN,CLEAR,DRY,DAYLIGHT,N/A,NONE DETECTED,,93A5CC7A-0622-4305-9C17-E906837F02E9,Yes,NO APPARENT INJURY,N/A,NOT DISTRACTED,MD,033BA946-5F5A-4EB7-AC0D-06E0B3F37A23,DISABLING,PASSENGER CAR,STARTING FROM LANE,39.02066833,-77.01205833,"(39.02066833, -77.01205833)"
MCP2651000L,15064599,Montgomery County Police,Property Damage Crash,12/17/2015 10:13:00 PM,US (State),COLUMBIA PIKE,County,GREENCASTLE RD,,N/A,,SAME DIRECTION SIDESWIPE,N/A,WET,DARK LIGHTS ON,N/A,NONE DETECTED,,DA358331-54AD-4E43-B083-9EDA76C8C0C6,No,NO APPARENT INJURY,N/A,NOT DISTRACTED,MD,2DEF9FB1-7B78-451E-BA08-F29413292843,SUPERFICIAL,POLICE VEHICLE/EMERGENCY,STOPPED IN TRAFFIC LANE,39.0941,-76.93937167,"(39.0941, -76.93937167)"
MCP30190015,170526281,Montgomery County Police,Injury Crash,08/22/2017 07:45:00 PM,Interstate (State),CAPITAL BELTWAY,Maryland (State),RIVER RD,,N/A,,SAME DIR REAR END,CLEAR,DRY,DAYLIGHT,NO CONTROLS,NONE DETECTED,,61547DB1-87BF-4E61-9158-EBD6F83455B7,Unknown,NO APPARENT INJURY,N/A,UNKNOWN,VA,C0060C12-464D-45C3-8AE6-FA770C822CC6,DISABLING,PASSENGER CAR,SLOWING OR STOPPING,38.99479167,-77.157965,"(38.99479167, -77.157965)"
DD5604001K,170512405,Rockville Police Departme,Property Damage Crash,06/07/2017 11:30:00 PM,,,,,PARKING LOT OF 1307 SEVEN LOCKS ROAD (MCDC),,,SINGLE VEHICLE,CLEAR,,DARK LIGHTS ON,N/A,NONE DETECTED,,046597F3-5538-4DE3-B75D-0F363DD4AA96,Unknown,NO APPARENT INJURY,N/A,NOT DISTRACTED,MD,69FB0FB0-80BF-4FBC-8A35-704313E5C81F,SUPERFICIAL,PASSENGER CAR,MOVING CONSTANT SPEED,39.06950036,-77.16200083,"(39.06950036, -77.16200083)"
MCP29680019,17014109,Montgomery County Police,Injury Crash,03/19/2017 05:27:00 PM,County,WHITES FERRY RD,County,TRUNDLE RD,,N/A,,SINGLE VEHICLE,CLEAR,DRY,DAYLIGHT,NO CONTROLS,N/A,,1F406022-1BFA-4783-ABC6-C88FBE559EEF,Yes,SUSPECTED MINOR INJURY,N/A,NOT DISTRACTED,MD,D7C1E7C2-70F7-490C-BD27-8B85D584097B,DISABLING,PASSENGER CAR,MOVING CONSTANT SPEED,39.16192517,-77.46938199,"(39.16192517, -77.46938199)"
MCP26880025,16052196,Montgomery County Police,Property Damage Crash,10/11/2016 12:23:00 AM,Maryland (State),NEW HAMPSHIRE AVE,County,ADELPHI RD,,N/A,,SAME DIRECTION LEFT TURN,CLEAR,DRY,DARK LIGHTS ON,TRAFFIC SIGNAL,NONE DETECTED,,4B2CA140-566A-4D1E-B825-5450E9970801,No,NO APPARENT INJURY,N/A,NOT DISTRACTED,MD,0D461095-F88C-47C2-9B1D-E52C1E249396,FUNCTIONAL,PASSENGER CAR,MOVING CONSTANT SPEED,39.01129833,-76.97871333,"(39.01129833, -76.97871333)"
MCP20810004,15006659,MONTGOMERY,Injury Crash,02/09/2015 10:27:00 PM,Maryland (State),W DIAMOND AVE,Municipality,FULKS CORNER AVE,,N/A,,SINGLE VEHICLE,RAINING,WET,DARK LIGHTS ON,N/A,NONE DETECTED,,E3E57A2C-ABF1-43B5-B565-D8B4A451E5B3,Yes,SUSPECTED MINOR INJURY,"N/A, WET",NOT DISTRACTED,MD,50F8009B-451C-4424-8750-2553BAEFD904,FUNCTIONAL,PASSENGER CAR,ACCELERATING,39.14112001,-77.19731212,"(39.14112001, -77.19731212)"
MCP1378003W,15002076,Montgomery County Police,Property Damage Crash,01/13/2015 05:55:00 PM,County,SNOUFFERS SCHOOL RD,County,GOSHEN RD,,N/A,,SAME DIR REAR END,CLOUDY,DRY,DARK LIGHTS ON,TRAFFIC SIGNAL,NONE DETECTED,,D5B95CA4-C544-4697-A53A-3A5FD17079B9,Yes,NO APPARENT INJURY,N/A,NOT DISTRACTED,MD,E380D447-CCF9-403A-84B9-29D27309FACD,DISABLING,PASSENGER CAR,CHANGING LANES,39.18752167,-77.186245,"(39.18752167, -77.186245)"
MCP1397000R,170519382,Montgomery County Police,Property Damage Crash,07/15/2017 09:30:00 PM,County,NEWCUT RD,County,HOUSER DR,,N/A,,HEAD ON,CLEAR,DRY,DARK NO LIGHTS,N/A,N/A,,6B29DFED-47B5-48DE-A477-E63B2F80A0B7,Yes,NO APPARENT INJURY,N/A,NOT DISTRACTED,,850A8A65-397B-4285-BE0E-029BEA6346A7,FUNCTIONAL,PASSENGER CAR,MOVING CONSTANT SPEED,39.22424247,-77.25144714,"(39.22424247, -77.25144714)"
MCP24250059,15035103,MONTGOMERY,Property Damage Crash,07/17/2015 07:06:00 AM,Maryland (State),UNIVERSITY BLVD W,County,LORAIN AVE,,N/A,,SAME DIR REAR END,CLEAR,DRY,N/A,NO CONTROLS,NONE DETECTED,,9FC68ADA-618D-485B-AABB-10691A53960D,Yes,NO APPARENT INJURY,N/A,UNKNOWN,MD,85C8B8D2-C081-42B2-8D99-E0EF29FE6D80,DISABLING,(SPORT) UTILITY VEHICLE,SLOWING OR STOPPING,39.02119,-77.01479667,"(39.02119, -77.01479667)"
MCP2776001G,16047866,Montgomery County Police,Injury Crash,09/18/2016 12:12:00 AM,County,NORWOOD RD,County,NORBECK RD,,N/A,,HEAD ON LEFT TURN,CLEAR,DRY,DARK LIGHTS ON,TRAFFIC SIGNAL,NONE DETECTED,,69784DCF-6817-4603-B742-6F07C6B6F4E2,No,POSSIBLE INJURY,N/A,NOT DISTRACTED,MD,1B480221-C612-4448-AAD4-56DE93F9949A,DISABLING,PASSENGER CAR,MOVING CONSTANT SPEED,39.119035,-77.02121833,"(39.119035, -77.02121833)"
MCP3031000B,17007886,Montgomery County Police,Injury Crash,02/13/2017 04:34:00 PM,County,RIPPLING BROOK DR,County,BELLE CREST LA,,N/A,,SAME DIR REAR END,CLEAR,DRY,DAYLIGHT,NO CONTROLS,UNKNOWN,,7F32DDE0-0BD6-4D15-8BD6-775993CD6D5A,Yes,SUSPECTED MINOR INJURY,N/A,UNKNOWN,MD,491CE270-889A-45A9-B1AB-AC2357C8B7E5,DESTROYED,PASSENGER CAR,ACCELERATING,39.07747833,-77.05721667,"(39.07747833, -77.05721667)"
MCP28590022,16030249,Montgomery County Police,Property Damage Crash,06/16/2016 02:40:00 PM,,,,,"PARKING LOT OF 660 QUINCE ORCHARD RD, GAITHERSBURG, MD",,,OTHER,N/A,,DAYLIGHT,NO CONTROLS,UNKNOWN,,6D43CD93-3AB0-4595-B1F6-FFB904F1E0DA,Yes,NO APPARENT INJURY,N/A,UNKNOWN,MD,CD3E9DE0-8EBB-4936-8BC0-C67F08C59048,SUPERFICIAL,PASSENGER CAR,BACKING,39.14134468,-77.22285748,"(39.14134468, -77.22285748)"
MCP2752001N,170505538,Montgomery County Police,Property Damage Crash,05/02/2017 07:30:00 PM,County,SANGAMORE RD,County,WALHONDING RD,,N/A,,STRAIGHT MOVEMENT ANGLE,CLEAR,DRY,DAYLIGHT,STOP SIGN,N/A,,FEAF4F85-6227-44ED-9918-FE19732E91F0,No,NO APPARENT INJURY,N/A,NOT DISTRACTED,VA,AECC4C54-8C99-4E39-BBC9-45731132F7D2,SUPERFICIAL,PASSENGER CAR,MOVING CONSTANT SPEED,38.96276483,-77.12132783,"(38.96276483, -77.12132783)"
MCP21160033,15061261,MONTGOMERY,Injury Crash,12/01/2015 08:14:00 AM,County,REDLAND RD,County,NEEDWOOD RD,,N/A,,SAME DIR REAR END,RAINING,WET,DAYLIGHT,NO CONTROLS,NONE DETECTED,,3F757E06-098B-455C-A43D-C24F38480CBF,No,POSSIBLE INJURY,"RAIN, SNOW, WET",NOT DISTRACTED,MD,F8A2D455-FB84-4900-A089-C1CA70A4CF25,SUPERFICIAL,PASSENGER CAR,STOPPED IN TRAFFIC LANE,39.123645,-77.15559,"(39.123645, -77.15559)"
MCP2438000P,16051959,Montgomery County Police,Property Damage Crash,10/09/2016 05:51:00 PM,Maryland (State),NEW HAMPSHIRE AVE,County,WOLF DR,,N/A,,SAME DIR REAR END,CLEAR,DRY,DAYLIGHT,N/A,NONE DETECTED,,00A3AE2D-4B11-49F3-B50C-C6D6BBA02E65,Yes,NO APPARENT INJURY,N/A,INATTENTIVE OR LOST IN THOUGHT,MD,CB9C63FF-55C0-4844-9B71-1BED2F8B2638,DISABLING,PASSENGER CAR,SLOWING OR STOPPING,39.07351667,-77.00265833,"(39.07351667, -77.00265833)"
MCP2770000Z,16014746,MONTGOMERY,Property Damage Crash,03/25/2016 05:26:00 PM,Maryland (State),DARNESTOWN RD,Unknown,ENT TO POTOMAC VALLEY SHOPPING CTR,,N/A,,HEAD ON LEFT TURN,CLEAR,N/A,DAYLIGHT,TRAFFIC SIGNAL,NONE DETECTED,,89AB71BA-8AAF-4802-A47E-CD7721403512,No,NO APPARENT INJURY,N/A,NOT DISTRACTED,MD,6A82629D-ABC2-4488-9E9A-8BCEE95B5594,DISABLING,PASSENGER CAR,MOVING CONSTANT SPEED,39.11738,-77.25090167,"(39.11738, -77.25090167)"
MCP1563002X,16056564,Montgomery County Police,Property Damage Crash,11/02/2016 06:34:00 PM,County,LYTTONSVILLE PL,County,BROOKVILLE RD,,N/A,,OTHER,CLEAR,DRY,DARK LIGHTS ON,STOP SIGN,NONE DETECTED,,A4087288-9FCC-452E-B875-8AF7BB5FB212,Yes,NO APPARENT INJURY,N/A,NOT DISTRACTED,MD,02F680B0-787C-4AD1-9A97-612F79C6B5BA,SUPERFICIAL,FIRE VEHICLE/NON EMERGENCY,MAKING LEFT TURN,39.00033667,-77.054445,"(39.00033667, -77.054445)"
MCP2830002N,17005350,Montgomery County Police,Injury Crash,02/07/2017 07:40:00 AM,Maryland (State),NEW HAMPSHIRE AVE,County,BRIGGS CHANEY RD,,N/A,,SAME DIRECTION SIDESWIPE,N/A,DRY,DAYLIGHT,NO CONTROLS,NONE DETECTED,,64914328-FE02-4820-860F-CCDC2765E75D,No,POSSIBLE INJURY,N/A,NOT DISTRACTED,MD,E332A656-B766-43EE-A458-849019CE0326,SUPERFICIAL,PASSENGER CAR,MOVING CONSTANT SPEED,39.10912,-76.99747833,"(39.10912, -76.99747833)"
MCP2867001M,15046427,MONTGOMERY,Property Damage Crash,09/14/2015 08:17:00 AM,US (State),COLESVILLE RD,County,LANARK WAY,,N/A,,SAME DIR REAR END,N/A,DRY,N/A,N/A,NONE DETECTED,,DE445F54-1A05-445B-B3AE-8F0D4134F896,No,NO APPARENT INJURY,N/A,NOT DISTRACTED,NJ,E67DCD59-6957-4B0E-BA44-F6D59908DC4E,SUPERFICIAL,PASSENGER CAR,STOPPED IN TRAFFIC LANE,39.01838667,-77.01476833,"(39.01838667, -77.01476833)"
MCP9301001K,170525509,Montgomery County Police,Property Damage Crash,08/18/2017 12:50:00 PM,County,MUDDY BRANCH RD,Municipality,SUFFIELD DR,,GAITHERSBURG,,STRAIGHT MOVEMENT ANGLE,N/A,DRY,DAYLIGHT,NO CONTROLS,N/A,,B2B82DC5-8186-4CBC-B816-AB5F98910266,Yes,NO APPARENT INJURY,N/A,NOT DISTRACTED,MD,6F02801C-02CF-4104-9DFE-F990C798A97F,DESTROYED,PASSENGER CAR,MOVING CONSTANT SPEED,39.112545,-77.21655167,"(39.112545, -77.21655167)"
DD56030031,16042457,Rockville Police Departme,Injury Crash,08/21/2016 02:26:00 PM,Maryland (State),ROCKVILLE PIKE,Municipality,HALPINE RD,,ROCKVILLE,,HEAD ON LEFT TURN,RAINING,WET,DAYLIGHT,NO CONTROLS,NONE DETECTED,,0B546319-1FD2-4878-AD42-D2B76B755FCF,Yes,NO APPARENT INJURY,N/A,OTHER DISTRACTION,MD,48360FEE-5A26-4F5E-A184-4DD313A35AA4,DISABLING,PASSENGER CAR,MAKING LEFT TURN,39.06579772,-77.12723136,"(39.06579772, -77.12723136)"
MCP2919000W,15057946,MONTGOMERY,Property Damage Crash,11/13/2015 11:51:00 AM,County,SANFORD RD,County,WOODLAND DR,,N/A,,OTHER,CLEAR,DRY,DAYLIGHT,N/A,MEDICATION CONTRIBUTED,,CF18E288-2F09-437D-A4CB-DB7D6258FF7F,Yes,NO APPARENT INJURY,N/A,INATTENTIVE OR LOST IN THOUGHT,MD,1573BFCB-6152-49C7-8474-12BF3445FA42,SUPERFICIAL,PASSENGER CAR,MOVING CONSTANT SPEED,39.03900167,-76.99025333,"(39.03900167, -76.99025333)"
DD55930020,16009643,Rockville Police Departme,Property Damage Crash,02/26/2016 05:53:00 PM,,,,,PARKING LOT OF 250 ROCKVILLE PIKE (ROCKVILLE METRO),,,SAME DIRECTION SIDESWIPE,CLEAR,,DAYLIGHT,NO CONTROLS,NONE DETECTED,,9F937AB4-ACAD-4BC4-8520-7C5F3FD46D1E,Yes,NO APPARENT INJURY,N/A,UNKNOWN,MD,806B8C02-1161-4ADB-9C11-4CB200043338,SUPERFICIAL,TRANSIT BUS,MAKING LEFT TURN,39.08536833,-77.14670167,"(39.08536833, -77.14670167)"
MCP2832001Y,15065477,MONTGOMERY,Property Damage Crash,12/22/2015 11:52:00 AM,Maryland (State),WISCONSIN AVE,County,WOODMONT AVE,,N/A,,SAME DIR REAR END,CLOUDY,WET,DAYLIGHT,TRAFFIC SIGNAL,NONE DETECTED,,A85D3FCB-26B7-4188-B886-AE6988C1F36C,Yes,NO APPARENT INJURY,"N/A, WET",UNKNOWN,MD,2AB943CC-72E8-45DE-924A-8CB03D6483D6,DISABLING,(SPORT) UTILITY VEHICLE,MOVING CONSTANT SPEED,38.99535,-77.09625333,"(38.99535, -77.09625333)"
MCP2954002X,17006651,Montgomery County Police,Property Damage Crash,02/07/2017 12:54:00 PM,,,,,8956 PINEY BRANCH RD,,,STRAIGHT MOVEMENT ANGLE,CLEAR,,DAYLIGHT,NO CONTROLS,N/A,,175A4303-F10B-4FFF-B24F-A827C52E3575,Yes,NO APPARENT INJURY,N/A,UNKNOWN,MD,1F85E850-667F-4F1C-9E1D-5C2F9472229C,SUPERFICIAL,PASSENGER CAR,BACKING,38.99899978,-76.99947707,"(38.99899978, -76.99947707)"
MCP2761000S,15044436,MONTGOMERY,Property Damage Crash,09/04/2015 09:25:00 PM,Maryland (State),GREAT SENECA HWY,County,WISTERIA DR,,N/A,,SAME DIRECTION SIDESWIPE,CLEAR,DRY,DARK LIGHTS ON,TRAFFIC SIGNAL,ALCOHOL PRESENT,,90A61614-CDC8-4CC1-AE90-83F10E46185A,Yes,NO APPARENT INJURY,N/A,UNKNOWN,MD,53F104E8-0F79-4C82-B84F-6493B5867A2D,SUPERFICIAL,PASSENGER CAR,MOVING CONSTANT SPEED,39.17122805,-77.26282775,"(39.17122805, -77.26282775)"