Report Number,Local Case Number,Agency Name,ACRS Report Type,Crash Date/Time,Route Type,Road Name,Cross-Street Type,Cross-Street Name,Off-Road Description,Municipality,Related Non-Motorist,Collision Type,Weather,Surface Condition,Light,Traffic Control,Driver Substance Abuse,Non-Motorist Substance Abuse,Person ID,Driver At Fault,Injury Severity,Circumstance,Driver Distracted By,Drivers License State,Vehicle ID,Vehicle Damage Extent,Vehicle Body Type,Vehicle Movement,Latitude,Longitude,Location
MCP2871002J,15062175,Montgomery County Police,Property Damage Crash,03/03/2017 03:54:00 PM,County,DEMOCRACY BLVD,Unknown,ENT TO MALL,,N/A,,OTHER,CLEAR,DRY,DAYLIGHT,NO CONTROLS,NONE DETECTED,,B91564BD-5B66-46C6-A746-5C3BBD2B3975,Yes,NO APPARENT INJURY,N/A,NOT DISTRACTED,MD,8891C826-6D07-45C1-BED8-FC4F681275A0,FUNCTIONAL,PASSENGER CAR,MAKING RIGHT TURN,39.02216778,-77.1475625,"(39.02216778, -77.1475625)"
MCP29290014,16000793,Montgomery County Police,Property Damage Crash,01/05/2016 02:41:00 PM,Maryland (State),OLNEY SANDY SPRING RD,County,SKYMEADOW WAY,,N/A,,SAME DIR REAR END,CLEAR,DRY,DAYLIGHT,TRAFFIC SIGNAL,NONE DETECTED,,802455A6-099C-4590-8FDF-A1D792868D99,No,NO APPARENT INJURY,N/A,NOT DISTRACTED,MD,8982E3D3-7EEB-465D-B5AE-CDD2B1CC3FFA,FUNCTIONAL,PASSENGER CAR,STOPPED IN TRAFFIC LANE,39.12055833,-77.05389333,"(39.12055833, -77.05389333)"
MCP1453001W,15052958,MONTGOMERY,Property Damage Crash,10/19/2015 06:13:00 AM,County,RIDGE RD,Ramp,RAMP 2 FR RIDGE RD WB TO IS 270 NB,,N/A,,SAME DIR REAR END,CLEAR,DRY,DARK LIGHTS ON,TRAFFIC SIGNAL,NONE DETECTED,,8A33A895-B9FA-45CF-B7EA-3A558EC22C86,Yes,NO APPARENT INJURY,N/A,NOT DISTRACTED,ON,22200724-9D14-4343-8CFE-21B8FB923E18,FUNCTIONAL,PICKUP TRUCK,SLOWING OR STOPPING,39.1997384,-77.2594636,"(39.1997384, -77.2594636)"
MCP1064005D,17008428,Montgomery County Police,Injury Crash,02/16/2017 12:52:00 PM,County,INDUSTRIAL PKWY,County,OLD COLUMBIA PIKE,,N/A,,SAME DIR REAR END,CLOUDY,DRY,DAYLIGHT,N/A,N/A,,C3E24691-F003-480F-95D0-4FB3C8E8339C,Yes,POSSIBLE INJURY,N/A,UNKNOWN,DC,53650869-C7D9-46B1-B317-D4475B009392,FUNCTIONAL,PASSENGER CAR,SLOWING OR STOPPING,39.05504833,-76.97021,"(39.05504833, -76.97021)"
MCP1378007R,15048667,MONTGOMERY,Property Damage Crash,09/25/2015 03:10:00 PM,County,CHEYENNE RD,County,APACHE LA,,N/A,BICYCLIST,SINGLE VEHICLE,CLOUDY,DRY,DAYLIGHT,NO CONTROLS,NONE DETECTED,NONE DETECTED,BE1970CC-FBF2-44C9-B5AD-4088DEAA6228,No,NO APPARENT INJURY,N/A,NOT DISTRACTED,MD,B65B6B5F-826A-48AC-B3D0-0A43AF14F432,NO DAMAGE,SCHOOL BUS,MAKING RIGHT TURN,39.12601167,-77.24892667,"(39.12601167, -77.24892667)"
MCP23110024,16017059,Montgomery County Police,Property Damage Crash,04/07/2016 10:20:00 PM,County,MONTGOMERY VILLAGE AVE,County,WALKERS CHOICE RD,,N/A,,SAME DIR REAR END,CLEAR,DRY,DARK LIGHTS ON,N/A,ALCOHOL PRESENT,,BCA708A5-B980-44F7-8DB7-7BAFDA754DAD,Yes,NO APPARENT INJURY,N/A,NOT DISTRACTED,MD,71B95D23-4932-4653-A7DF-D096D86C52B4,DISABLING,PASSENGER CAR,ACCELERATING,39.16458833,-77.20436167,"(39.16458833, -77.20436167)"
MCP9386001P,15003202,Montgomery County Police,Property Damage Crash,01/20/2015 03:14:00 PM,Maryland (State),ROCKVILLE PIKE,County,POOKS HILL RD,,N/A,,SAME DIRECTION SIDESWIPE,CLEAR,DRY,DAYLIGHT,NO CONTROLS,NONE DETECTED,,E0861DE4-06BB-4D32-8046-75F66600037E,No,NO APPARENT INJURY,N/A,NOT DISTRACTED,MO,B7741CBD-C2C7-429E-9B5B-D2B96E61CF85,DISABLING,PASSENGER CAR,MOVING CONSTANT SPEED,39.01412833,-77.09921,"(39.01412833, -77.09921)"
MCP29820017,16053193,Montgomery County Police,Property Damage Crash,10/16/2016 12:43:00 PM,County,TECH RD,County,OLD COLUMBIA PIKE,,N/A,,STRAIGHT MOVEMENT ANGLE,CLEAR,DRY,DAYLIGHT,NO CONTROLS,NONE DETECTED,,1FC224C2-19C1-4742-878B-8063236ACFBB,Yes,NO APPARENT INJURY,N/A,LOOKED BUT DID NOT SEE,MD,8B91DBF1-07DF-4148-820F-2A99C1328F07,DISABLING,PASSENGER CAR,MOVING CONSTANT SPEED,39.05751502,-76.968171,"(39.05751502, -76.968171)"
MCP2396001K,16044813,Montgomery County Police,Injury Crash,09/02/2016 06:45:00 AM,Maryland (State),GEORGIA AVE,County,HATHAWAY DR,,N/A,,STRAIGHT MOVEMENT ANGLE,CLEAR,DRY,DAYLIGHT,TRAFFIC SIGNAL,NONE DETECTED,,3BFCAF5D-5E08-4519-8E3D-E8635003E613,No,POSSIBLE INJURY,N/A,NOT DISTRACTED,MD,CBB0A3CB-28A0-427C-A360-E418ADA2EB62,DISABLING,(SPORT) UTILITY VEHICLE,SLOWING OR STOPPING,39.06821966,-77.06104919,"(39.06821966, -77.06104919)"
MCP2298007R,16008175,Montgomery County Police,Property Damage Crash,02/18/2016 04:20:00 PM,County,DAMASCUS HILL CT,Unknown,CUL DE SAC,,N/A,,OTHER,CLEAR,DRY,DAYLIGHT,N/A,NONE DETECTED,,7EEDB97B-9007-46A8-A3FC-0EAF2AA6C6DC,Yes,NO APPARENT INJURY,N/A,NOT DISTRACTED,MD,39F78C05-C66E-42FF-BB58-A861B770314A,NO DAMAGE,SCHOOL BUS,STARTING FROM LANE,39.26328667,-77.208415,"(39.26328667, -77.208415)"
MCP29540019,15059111,MONTGOMERY,Injury Crash,11/19/2015 02:50:00 PM,Maryland (State),UNIVERSITY BLVD E,County,INDIAN SPRING DR,,N/A,,SAME DIR REAR END,RAINING,WET,DAYLIGHT,NO CONTROLS,NONE DETECTED,,17200328-82FF-4FD3-A3E5-553E5DD0BB93,Yes,NO APPARENT INJURY,"RAIN, SNOW, WET",UNKNOWN,MD,5F282ECC-4080-4E6F-999C-27577CCE7691,FUNCTIONAL,PASSENGER CAR,SLOWING OR STOPPING,39.01364863,-77.00375319,"(39.01364863, -77.00375319)"
MCP26220019,170511884,Montgomery County Police,Property Damage Crash,06/05/2017 01:06:00 PM,Maryland (State),SANDY SPRING RD,County,DINO DR,,N/A,,SINGLE VEHICLE,RAINING,WET,DAYLIGHT,TRAFFIC SIGNAL,NONE DETECTED,,AEB6126D-9399-47DE-BCB1-EA62FEA02B02,Yes,NO APPARENT INJURY,"N/A, WET",UNKNOWN,MD,53955D1B-CD2B-4588-A5B3-81BD6E1F3557,DISABLING,PASSENGER CAR,SLOWING OR STOPPING,39.109525,-76.92318,"(39.109525, -76.92318)"
MCP91130023,16062755,Montgomery County Police,Property Damage Crash,12/07/2016 09:18:00 AM,Maryland (State),MUNCASTER MILL RD,County,SYCAMORE LA,,N/A,,SAME DIR REAR END,CLEAR,WET,DAYLIGHT,NO CONTROLS,NONE DETECTED,,0B895C89-C903-404A-BBE3-22890DB4FC7B,Yes,NO APPARENT INJURY,N/A,UNKNOWN,MD,CE19B721-8D2B-493A-B0C1-40FDE6D7A135,DISABLING,PASSENGER CAR,MOVING CONSTANT SPEED,39.112935,-77.08973,"(39.112935, -77.08973)"
MCP27240025,170516168,Montgomery County Police,Injury Crash,06/28/2017 09:18:00 AM,County,BRIGGS CHANEY RD,County,AUTOMOBILE BLVD,,N/A,,OTHER,CLEAR,DRY,DAYLIGHT,TRAFFIC SIGNAL,N/A,,8F10516C-9639-4F46-A2A0-F5E215FE1448,No,SUSPECTED MINOR INJURY,N/A,NOT DISTRACTED,MD,E63B7068-68E1-4468-AFE9-4972406ED1E4,DISABLING,PASSENGER CAR,MOVING CONSTANT SPEED,39.08115333,-76.94648,"(39.08115333, -76.94648)"
MCP2162001V,16046232,Montgomery County Police,Injury Crash,09/09/2016 04:02:00 PM,Maryland (State),OLNEY SANDY SPRING RD,County,OLD BALTIMORE RD,,N/A,,SAME DIR REAR END,CLEAR,DRY,DAYLIGHT,TRAFFIC SIGNAL,N/A,,C511F0C8-FA66-48D2-95F1-799E4707D84E,No,POSSIBLE INJURY,N/A,NOT DISTRACTED,MD,D361AE01-729B-45C7-AD2A-C9A7BC3678D8,SUPERFICIAL,PICKUP TRUCK,STOPPED IN TRAFFIC LANE,39.14636833,-77.05008167,"(39.14636833, -77.05008167)"
MCP2695000H,16023139,Montgomery County Police,Injury Crash,05/10/2016 10:19:00 AM,Maryland (State),LAYHILL RD,County,BONIFANT RD,,N/A,,SAME DIR REND RIGHT TURN,CLOUDY,DRY,N/A,N/A,N/A,,04B86C0D-8BE1-485C-B004-8A53BEC357B4,Yes,NO APPARENT INJURY,N/A,NOT DISTRACTED,MD,0C56FD07-BF84-4BFD-B0DE-6F8CBDBB23F9,FUNCTIONAL,PASSENGER CAR,MOVING CONSTANT SPEED,39.09104177,-77.0447427,"(39.09104177, -77.0447427)"
MCP1020001S,16050065,Montgomery County Police,Injury Crash,09/29/2016 10:37:00 AM,County,WATKINS MILL RD,County,GREENRIVER TERR,,N/A,,SINGLE VEHICLE,RAINING,WET,DAYLIGHT,NO CONTROLS,NONE DETECTED,,4C24B0AB-2727-4198-BA44-3E8E26159B99,Yes,POSSIBLE INJURY,"RAIN, SNOW, WET",NOT DISTRACTED,MD,0B5325D9-1978-4536-A141-C8A91C723438,DISABLING,PASSENGER CAR,MOVING CONSTANT SPEED,39.18978167,-77.220735,"(39.18978167, -77.220735)"
DD5590000T,17004389,Rockville Police Departme,Injury Crash,01/25/2017 05:55:00 PM,Municipality,E MONTGOMERY AVE AT COURTHOUSE SQ,Municipality,MARYLAND AVE,,ROCKVILLE,OTHER CONVEYANCE,STRAIGHT MOVEMENT ANGLE,CLEAR,DRY,DARK LIGHTS ON,STOP SIGN,UNKNOWN,NONE DETECTED,CF777AC0-913D-46E6-8502-817BAC23706A,Yes,NO APPARENT INJURY,N/A,UNKNOWN,XX,7DCA5E66-B79F-4714-AE2A-C636651B0CBC,UNKNOWN,PASSENGER CAR,ACCELERATING,39.08435833,-77.14889667,"(39.08435833, -77.14889667)"
MCP2927001Q,170502342,Montgomery County Police,Property Damage Crash,04/15/2017 04:00:00 PM,Maryland (State),GEORGIA AVE,County,TILTON DR,,N/A,,STRAIGHT MOVEMENT ANGLE,CLEAR,DRY,DAYLIGHT,NO CONTROLS,NONE DETECTED,,34B709EF-509B-41F4-81A1-7F69829E0ED2,No,NO APPARENT INJURY,N/A,NOT DISTRACTED,MD,0B029C58-00A5-4AEF-8C6F-7F11C9CD3408,SUPERFICIAL,(SPORT) UTILITY VEHICLE,MOVING CONSTANT SPEED,39.01841,-77.04381833,"(39.01841, -77.04381833)"
MCP2963000P,16040863,Montgomery County Police,Property Damage Crash,08/12/2016 08:42:00 AM,County,SLIGO AVE,County,CHICAGO AVE,,N/A,,HEAD ON LEFT TURN,CLEAR,DRY,DAYLIGHT,NO CONTROLS,NONE DETECTED,,6FC9A189-CF98-4ADE-AC31-6BC9D191E340,Unknown,NO APPARENT INJURY,N/A,NOT DISTRACTED,MD,F1537CD9-E70B-48DE-AD48-80003B32DE58,FUNCTIONAL,PASSENGER CAR,MOVING CONSTANT SPEED,38.98984167,-77.01917,"(38.98984167, -77.01917)"
MCP2686001J,16054421,Montgomery County Police,Property Damage Crash,10/22/2016 03:07:00 PM,Maryland (State),FREDERICK RD,County,SHAKESPEARE BLVD,,N/A,,HEAD ON LEFT TURN,CLEAR,DRY,DAYLIGHT,TRAFFIC SIGNAL,N/A,,87E288AC-8E2F-4784-BA1D-1A53F701C305,No,NO APPARENT INJURY,N/A,NOT DISTRACTED,MD,51CC4676-9F74-423B-A7A2-A431FF7BB5B3,DISABLING,PASSENGER CAR,MOVING CONSTANT SPEED,39.19836748,-77.24478319,"(39.19836748, -77.24478319)"
MCP1221003N,170521054,Montgomery County Police,Property Damage Crash,07/25/2017 12:57:00 PM,County,MIDCOUNTY HWY,County,SHADY GROVE RD,,N/A,,SAME DIR REAR END,CLOUDY,DRY,DAYLIGHT,TRAFFIC SIGNAL,NONE DETECTED,,F96415DF-9924-4001-BFB1-39329BA9597B,No,NO APPARENT INJURY,N/A,NOT DISTRACTED,MD,F04B0CF7-D9AF-4D58-A0A0-5000C852D5BB,SUPERFICIAL,PASSENGER CAR,STARTING FROM LANE,39.14108,-77.152255,"(39.14108, -77.152255)"
MCP2678000J,15000829,Montgomery County Police,Injury Crash,01/06/2015 04:52:00 AM,Maryland (State),GEORGIA AVE,County,WINDHAM LA,,N/A,,STRAIGHT MOVEMENT ANGLE,SNOW,SNOW,DARK LIGHTS ON,TRAFFIC SIGNAL,NONE DETECTED,,D09A5E58-9BDC-4D43-A263-F17F7486AEF1,No,SUSPECTED MINOR INJURY,"ICY OR SNOW-COVERED, RAIN, SNOW, SLEET, HAIL, FREEZ. RAIN",NOT DISTRACTED,MD,6988CD78-9648-4317-BE8F-7C4F7D5A1B17,DISABLING,PASSENGER CAR,MOVING CONSTANT SPEED,39.03212167,-77.04842667,"(39.03212167, -77.04842667)"
MCP27730025,17005621,Montgomery County Police,Property Damage Crash,02/01/2017 04:04:00 PM,Maryland (State),UNIVERSITY BLVD E,Maryland (State),PINEY BRANCH RD,,N/A,,SAME DIRECTION LEFT TURN,CLEAR,DRY,DAYLIGHT,TRAFFIC SIGNAL,NONE DETECTED,,93479206-F011-4847-A0E8-978E1A4A7AE6,No,NO APPARENT INJURY,N/A,NOT DISTRACTED,MD,CF60E46E-218B-4EC8-924A-7609D2BA0A6E,SUPERFICIAL,PASSENGER CAR,STOPPED IN TRAFFIC LANE,38.99999667,-76.995415,"(38.99999667, -76.995415)"
MCP2598000M,16008568,MONTGOMERY,Injury Crash,02/20/2016 05:20:00 PM,Maryland (State),EAST WEST HWY,County,BLAIR MILL RD,,N/A,,SAME DIR REAR END,CLEAR,DRY,DAYLIGHT,TRAFFIC SIGNAL,NONE DETECTED,,08166FAE-A3D2-440F-8F99-556C0C5B46D2,No,SUSPECTED MINOR INJURY,N/A,NOT DISTRACTED,MD,5C28D567-B55C-46DB-BE88-F98F53B2A228,SUPERFICIAL,PASSENGER CAR,SLOWING OR STOPPING,38.99033833,-77.02933833,"(38.99033833, -77.02933833)"
MCP2871002W,16010680,MONTGOMERY,Injury Crash,03/03/2016 05:30:00 PM,County,DEMOCRACY BLVD,Ramp,RAMP 8 FR IS 270Y SB TO DEMOCRACY BLVD,,N/A,,SAME DIR REAR END,CLEAR,DRY,DAYLIGHT,TRAFFIC SIGNAL,NONE DETECTED,,5B4DAED0-97CC-44F3-B953-1D848BC6625B,Yes,NO APPARENT INJURY,N/A,NOT DISTRACTED,MD,5C0EDF25-EE48-489D-94F0-ED5DC809B727,DISABLING,PASSENGER CAR,CHANGING LANES,39.02162833,-77.14474,"(39.02162833, -77.14474)"
MCP1251000N,15056762,MONTGOMERY,Property Damage Crash,11/07/2015 11:49:00 AM,County,FALLS RD,County,BRICKYARD RD,,N/A,,STRAIGHT MOVEMENT ANGLE,RAINING,WET,DAYLIGHT,STOP SIGN,NONE DETECTED,,9982EBD3-6FA0-4ED4-8628-E4E7FFC7917D,Yes,NO APPARENT INJURY,"RAIN, SNOW, WET",NOT DISTRACTED,MD,1CC3AC3E-4E65-4DA2-ABA2-C1D2999B6A8E,DISABLING,(SPORT) UTILITY VEHICLE,ACCELERATING,39.002465,-77.22625167,"(39.002465, -77.22625167)"
MCP2717007K,16046762,Montgomery County Police,Property Damage Crash,09/12/2016 04:10:00 PM,,,,,1 WISCONSIN CIRCLE (FRIENDSHIP HEIGHTS METRO BUS-TERMINAL),,,SAME DIRECTION SIDESWIPE,CLEAR,,DAYLIGHT,NO CONTROLS,NONE DETECTED,,1BA34BE0-0E6B-489D-B50D-60D638DDE05A,Yes,NO APPARENT INJURY,N/A,LOOKED BUT DID NOT SEE,MD,A0C5F00A-70A5-4EB1-A50B-DA506091FA75,SUPERFICIAL,TRANSIT BUS,MOVING CONSTANT SPEED,38.96204667,-77.08737833,"(38.96204667, -77.08737833)"
MCP2048001G,170529475,Montgomery County Police,Injury Crash,09/08/2017 07:50:00 PM,Maryland (State),NEW HAMPSHIRE AVE,County,VALLEY BROOK DR,,N/A,,SAME DIR REAR END,CLEAR,DRY,DARK LIGHTS ON,TRAFFIC SIGNAL,NONE DETECTED,,8BFEF5CC-F28A-4486-8CCD-D68035B41E08,No,POSSIBLE INJURY,N/A,NOT DISTRACTED,MD,8FE32C89-7BC8-4370-9E58-DC2578F7DDEE,FUNCTIONAL,PASSENGER CAR,STOPPED IN TRAFFIC LANE,39.05877833,-76.99729167,"(39.05877833, -76.99729167)"
MCP10220073,170507346,Montgomery County Police,Injury Crash,05/12/2017 08:02:00 AM,County,FOREMAN BLVD,County,TIMBER CREEK LA,,N/A,,STRAIGHT MOVEMENT ANGLE,CLOUDY,DRY,DAYLIGHT,STOP SIGN,NONE DETECTED,,39CDA4FF-9BC5-4061-B49B-61F50F25DD2F,No,POSSIBLE INJURY,N/A,NOT DISTRACTED,MD,0AF4503E-3EF4-455C-8700-C416C6A8BEF6,FUNCTIONAL,PASSENGER CAR,MOVING CONSTANT SPEED,39.22966,-77.26277167,"(39.22966, -77.26277167)"
MCP11210011,15048070,MONTGOMERY,Property Damage Crash,09/22/2015 05:30:00 PM,County,SHADY GROVE RD,Ramp,RAMP 4 FR MD200A NB TO SHADY GROVE RD EB,,N/A,,SAME DIR REAR END,CLEAR,DRY,DAYLIGHT,YIELD SIGN,NONE DETECTED,,9E4B07AA-37E2-4A22-B99E-0C00182CB0C5,No,NO APPARENT INJURY,N/A,NOT DISTRACTED,MD,21D68109-1C18-456F-982F-49EC1ABFF1C0,DISABLING,PASSENGER CAR,STOPPED IN TRAFFIC LANE,39.13171667,-77.16018333,"(39.13171667, -77.16018333)"
MCP2679000V,15037023,MONTGOMERY,Injury Crash,07/27/2015 05:44:00 AM,Maryland (State),GEORGIA AVE,Ramp,RAMP 4 FR MD 97 NB TO IS 495 EB,,N/A,,SAME DIR REAR END,RAINING,WET,DARK LIGHTS ON,NO CONTROLS,NONE DETECTED,,D5165293-79C4-4781-BD05-D77F83849AC9,No,NO APPARENT INJURY,"RAIN, SNOW, WET",NOT DISTRACTED,MD,815760A3-C8E6-4787-AE27-AAEBFB351ED7,FUNCTIONAL,PASSENGER CAR,SLOWING OR STOPPING,38.99052167,-77.02723,"(38.99052167, -77.02723)"
MCP2347000V,16055275,Montgomery County Police,Injury Crash,10/27/2016 11:48:00 AM,Other Public Roadway,TECH RD,County,OLD COLUMBIA PIKE,,N/A,,STRAIGHT MOVEMENT ANGLE,CLEAR,DRY,DAYLIGHT,STOP SIGN,NONE DETECTED,,BB3B54DB-07CA-4711-A406-BFA2A9A19DC3,No,POSSIBLE INJURY,N/A,NOT DISTRACTED,MD,BEE005BB-9AFD-430E-B9E7-04C52F354276,DISABLING,PASSENGER CAR,MOVING CONSTANT SPEED,39.05754,-76.96831667,"(39.05754, -76.96831667)"
MCP15340003,16060213,Montgomery County Police,Property Damage Crash,11/23/2016 08:30:00 AM,County,EXECUTIVE BLVD,Maryland (State),OLD GEORGETOWN RD,,N/A,,SAME DIR REAR END,CLEAR,DRY,DAYLIGHT,N/A,NONE DETECTED,,AF21F46F-2F39-41F5-9600-1AB05F197890,Yes,NO APPARENT INJURY,"N/A, VISION OBSTRUCTION (INCL. BLINDED BY SUN)",OTHER DISTRACTION,MD,0B180E59-7A3F-4EFB-8673-9DB15BAC2390,DISABLING,PASSENGER CAR,MOVING CONSTANT SPEED,39.04745167,-77.11832667,"(39.04745167, -77.11832667)"
MCP2894001D,15059323,MONTGOMERY,Property Damage Crash,11/20/2015 02:55:00 PM,Maryland (State),ROCKVILLE PIKE,Maryland (State),OLD GEORGETOWN RD,,N/A,,SAME DIR REAR END,CLEAR,DRY,DAYLIGHT,TRAFFIC SIGNAL,NONE DETECTED,,141EE0DB-690A-44F6-9F62-35D7FFDF80DB,No,NO APPARENT INJURY,N/A,NOT DISTRACTED,MD,5D6A1C41-FFDF-413D-89FF-D30375A86A9E,FUNCTIONAL,PASSENGER CAR,SLOWING OR STOPPING,39.04933167,-77.11414167,"(39.04933167, -77.11414167)"
MCP27200023,16035998,Montgomery County Police,Injury Crash,07/16/2016 12:39:00 AM,County,ASPEN HILL RD,Maryland (State),VEIRS MILL RD,,N/A,,SAME DIR REND RIGHT TURN,CLEAR,DRY,DARK -- UNKNOWN LIGHTING,FLASHING TRAFFIC SIGNAL,N/A,,6345A797-0FDE-4890-AF53-967914AE0F52,Yes,NO APPARENT INJURY,N/A,LOOKED BUT DID NOT SEE,MD,A48AC668-E21B-47D2-999B-F49C440CA354,SUPERFICIAL,PASSENGER CAR,RIGHT TURN ON RED,39.06932833,-77.10474333,"(39.06932833, -77.10474333)"
MCP2908001G,16005430,Montgomery County Police,Injury Crash,02/02/2016 12:18:00 PM,Maryland (State),NEW HAMPSHIRE AVE,County,ELTON RD,,N/A,,SAME DIR REAR END,CLEAR,DRY,DAYLIGHT,TRAFFIC SIGNAL,NONE DETECTED,,62F827DA-5FB4-44A7-B5EF-A2E30C9309AF,Yes,NO APPARENT INJURY,N/A,LOOKED BUT DID NOT SEE,MD,BE540395-D8FF-4913-94D4-3EA986331064,DISABLING,PICKUP TRUCK,SLOWING OR STOPPING,39.02050667,-76.97686,"(39.02050667, -76.97686)"
MCP2867000T,15002924,Montgomery County Police,Injury Crash,01/18/2015 06:29:00 PM,,,,,Parking lot of 833 Wayne Avenue (Whole Foods),,,OTHER,CLEAR,,DARK LIGHTS ON,NO CONTROLS,NONE DETECTED,,5AE7EAE9-2377-4F18-A750-194D3C439A6B,Yes,NO APPARENT INJURY,N/A,UNKNOWN,MD,D0603EF9-7C0D-412B-A5B4-C7C414969A0E,SUPERFICIAL,PASSENGER CAR,BACKING,38.996107,-77.0233,"(38.996107, -77.0233)"
MCP94170023,170519735,Montgomery County Police,Injury Crash,07/18/2017 11:00:00 AM,Maryland (State),OLD GEORGETOWN RD,County,EDSON LA,,N/A,,SAME DIR REAR END,CLEAR,DRY,DAYLIGHT,TRAFFIC SIGNAL,NONE DETECTED,,55B20A6C-727E-46B3-86DF-34B231895D8C,No,POSSIBLE INJURY,N/A,NOT DISTRACTED,NC,AE6B4EEF-E466-43F8-AD3F-7B6CDC7C53DA,FUNCTIONAL,PASSENGER CAR,STOPPED IN TRAFFIC LANE,39.03999256,-77.12220758,"(39.03999256, -77.12220758)"
HA23680008,16000440,Maryland-National Capital,Injury Crash,04/16/2016 11:00:00 AM,Government,LITTLE FALLS PKWY,Government,HILLANDALE RD,,N/A,BICYCLIST,STRAIGHT MOVEMENT ANGLE,CLEAR,DRY,DAYLIGHT,OTHER,NONE DETECTED,NONE DETECTED,F2ADE411-B83E-45A0-BE0B-108A78C1AC32,Yes,NO APPARENT INJURY,N/A,LOOKED BUT DID NOT SEE,MD,5251AAAB-05F5-4575-B313-A78A4AC53F7E,NO DAMAGE,PASSENGER CAR,ACCELERATING,38.9733897,-77.10132122,"(38.9733897, -77.10132122)"
MCP9424000R,16008807,MONTGOMERY,Property Damage Crash,02/22/2016 08:49:00 AM,County,LIBERTY MILL RD,County,LAKE PLACID LA,,N/A,,SINGLE VEHICLE,CLEAR,WET,DAYLIGHT,N/A,NONE DETECTED,,6D5F5993-3C05-48F0-9E62-7E1658B18C40,Yes,NO APPARENT INJURY,"N/A, WET",UNKNOWN,MD,30932652-3A4D-4971-B1B0-FC0614FBDB60,DESTROYED,PASSENGER CAR,MOVING CONSTANT SPEED,39.16645333,-77.27754333,"(39.16645333, -77.27754333)"
MCP15800049,15047040,MONTGOMERY,Injury Crash,09/17/2015 08:05:00 AM,,,,,APARTMENT COMPLEX PARKING LOT OF 795 QUINCE ORCHARD BLVD,,,HEAD ON,CLEAR,,DAYLIGHT,NO CONTROLS,NONE DETECTED,,6C3F22BE-5192-4D35-B980-FBF015B20B1D,No,POSSIBLE INJURY,"N/A, VISION OBSTRUCTION (INCL. BLINDED BY SUN)",NOT DISTRACTED,MD,84C0567B-8E03-4C4C-9B21-EA3BBBC6F3E0,FUNCTIONAL,ALL TERRAIN VEHICLE (ATV),MOVING CONSTANT SPEED,39.14106,-77.22921333,"(39.14106, -77.22921333)"
MCP2676002W,170523929,Montgomery County Police,Injury Crash,08/09/2017 05:00:00 PM,County,WATKINS MILL RD,County,CLUB HOUSE RD,,N/A,,SAME DIR REAR END,CLOUDY,DRY,DAYLIGHT,TRAFFIC SIGNAL,N/A,,4223DA8A-326F-40D6-9EB1-5E87A11F272F,No,NO APPARENT INJURY,N/A,NOT DISTRACTED,MD,AE782F2F-56FE-41E8-8021-DCE8E58BA93C,SUPERFICIAL,PASSENGER CAR,STOPPED IN TRAFFIC LANE,39.174035,-77.20816667,"(39.174035, -77.20816667)"
MCP26220012,17003247,Montgomery County Police,Property Damage Crash,01/18/2017 07:00:00 PM,County,MEDALLION DR,County,ENGLISH TURN DR,,N/A,,OTHER,CLEAR,DRY,DARK NO LIGHTS,N/A,UNKNOWN,,B6A52C3C-4034-4CD0-A367-620A6AD2B409,Yes,NO APPARENT INJURY,N/A,UNKNOWN,,94780914-FFA7-4587-82AC-A9CAFA48ED61,UNKNOWN,,UNKNOWN,39.05266333,-76.92324,"(39.05266333, -76.92324)"
MCP1554000V,15037327,MONTGOMERY,Injury Crash,07/28/2015 03:25:00 PM,Municipality,W GUDE DR,Maryland (State),FREDERICK RD,,N/A,,SAME DIR REAR END,CLEAR,DRY,DAYLIGHT,NO CONTROLS,N/A,,5AD5F320-8EF2-4A75-8B9B-543F2F6D5C62,Yes,SUSPECTED SERIOUS INJURY,N/A,UNKNOWN,MD,13293D24-87F6-4D92-9D52-177233AF7E8F,DESTROYED,PASSENGER CAR,CHANGING LANES,39.10663833,-77.15473833,"(39.10663833, -77.15473833)"
MCP2425004F,15005802,Montgomery County Police,Property Damage Crash,02/05/2015 06:45:00 AM,Maryland (State),UNIVERSITY BLVD W,County,SUTHERLAND RD,,N/A,,SAME DIR REAR END,CLEAR,DRY,DARK LIGHTS ON,NO CONTROLS,NONE DETECTED,,ABB1D666-1E4A-4064-9882-0DAFFCCCAB10,Yes,NO APPARENT INJURY,N/A,NOT DISTRACTED,MD,60C9EB38-EF1B-4309-9B7C-75CB70BC9AA4,DISABLING,PASSENGER CAR,MOVING CONSTANT SPEED,39.02098,-77.013285,"(39.02098, -77.013285)"
MCP9399000G,15035790,MONTGOMERY,Injury Crash,07/20/2015 09:20:00 PM,County,SHADY GROVE RD,Ramp,RAMP 7 FR SHADY GROVE RD WB TO IS 270 SB,,N/A,,STRAIGHT MOVEMENT ANGLE,CLEAR,DRY,DARK LIGHTS ON,TRAFFIC SIGNAL,NONE DETECTED,,0744DE3F-7535-4B5A-AE68-58E0968BE718,Yes,NO APPARENT INJURY,N/A,NOT DISTRACTED,MD,F402ACA6-F638-4D6C-8CB6-FA2747CE64BF,DISABLING,PASSENGER CAR,MOVING CONSTANT SPEED,39.11186333,-77.18704833,"(39.11186333, -77.18704833)"
MCP2612001N,16062477,Montgomery County Police,Property Damage Crash,12/05/2016 05:12:00 PM,County,LONGMEAD CROSSING DR,County,NORMANDY CROSSING DR,,N/A,,STRAIGHT MOVEMENT ANGLE,CLEAR,DRY,DUSK,NO CONTROLS,NONE DETECTED,,010C491C-DA90-44FF-94DE-16BC77718974,No,NO APPARENT INJURY,N/A,NOT DISTRACTED,MD,214B7D3B-5BEE-4F41-A39C-009AEC55E92C,DISABLING,PASSENGER CAR,MOVING CONSTANT SPEED,39.10105167,-77.051705,"(39.10105167, -77.051705)"