Report Number,Local Case Number,Agency Name,ACRS Report Type,Crash Date/Time,Route Type,Road Name,Cross-Street Type,Cross-Street Name,Off-Road Description,Municipality,Related Non-Motorist,Collision Type,Weather,Surface Condition,Light,Traffic Control,Driver Substance Abuse,Non-Motorist Substance Abuse,Person ID,Driver At Fault,Injury Severity,Circumstance,Driver Distracted By,Drivers License State,Vehicle ID,Vehicle Damage Extent,Vehicle Body Type,Vehicle Movement,Latitude,Longitude,Location
MCP3004001K,170516470,Montgomery County Police,Property Damage Crash,06/29/2017 05:40:00 PM,Maryland (State),BRADLEY LA,Maryland (State),CONNECTICUT AVE,,N/A,,SAME DIRECTION SIDESWIPE,CLEAR,DRY,DAYLIGHT,TRAFFIC SIGNAL,NONE DETECTED,,8371ED85-38BE-4E33-A772-076D232A7FB8,Yes,NO APPARENT INJURY,N/A,UNKNOWN,MD,22781397-925F-4A92-A543-72281D504CA0,NO DAMAGE,TRANSIT BUS,MOVING CONSTANT SPEED,38.97669996,-77.0770821,"(38.97669996, -77.0770821)"
MCP26230023,15039959,MONTGOMERY,Property Damage Crash,08/11/2015 12:29:00 PM,County,FENWICK LA,County,FIRST AVE,,N/A,,SAME DIRECTION LEFT TURN,CLEAR,DRY,DAYLIGHT,NO CONTROLS,NONE DETECTED,,EF18084F-EA1B-439B-9031-C17E8E01131E,Yes,NO APPARENT INJURY,N/A,LOOKED BUT DID NOT SEE,MD,859449A0-655A-4337-A70A-E1F3A2B7D972,DISABLING,PASSENGER CAR,MAKING LEFT TURN,38.99741333,-77.03146667,"(38.99741333, -77.03146667)"
MCP2608001V,17001033,Montgomery County Police,Property Damage Crash,01/06/2017 06:07:00 PM,US (State),COLESVILLE RD,County,DALE DR,,N/A,,SAME DIRECTION SIDESWIPE,CLEAR,DRY,DARK LIGHTS ON,TRAFFIC SIGNAL,NONE DETECTED,,C8D04B6A-AFD5-4B7B-B928-7B8E8E223621,No,NO APPARENT INJURY,N/A,NOT DISTRACTED,MD,D3DFA931-879E-4BDB-95A1-E6BD7911C66B,FUNCTIONAL,PASSENGER CAR,SLOWING OR STOPPING,39.00523267,-77.02288002,"(39.00523267, -77.02288002)"
MCP2531000G,16000637,Montgomery County Police,Property Damage Crash,01/04/2016 06:56:00 PM,County,SAM EIG HWY,County,DIAMONDBACK DR,,N/A,,STRAIGHT MOVEMENT ANGLE,CLEAR,DRY,DARK LIGHTS ON,TRAFFIC SIGNAL,N/A,,61A8AF40-2B49-4AF3-8330-3F858E09F375,No,NO APPARENT INJURY,N/A,NOT DISTRACTED,MD,A4131F3F-642C-4FE1-AB0B-317BF42E4A08,DISABLING,PASSENGER CAR,ACCELERATING,39.11402667,-77.20997333,"(39.11402667, -77.20997333)"
MCP9386002N,16000783,Montgomery County Police,Property Damage Crash,01/05/2016 02:12:00 PM,Maryland (State),OLD GEORGETOWN RD,County,POINDEXTER LA,,N/A,,SAME DIRECTION SIDESWIPE,CLEAR,DRY,DAYLIGHT,TRAFFIC SIGNAL,NONE DETECTED,,F8686FA1-58EE-47EE-B68E-76305A0670FD,No,NO APPARENT INJURY,N/A,NOT DISTRACTED,MD,49F66FB2-DE7F-4BEB-8E16-1EE8AD24D2AF,FUNCTIONAL,"CARGO VAN/LIGHT TRUCK 2 AXLES (OVER 10,000LBS (4,536 KG))",MOVING CONSTANT SPEED,39.040425,-77.12232,"(39.040425, -77.12232)"
MCP26980016,15046169,MONTGOMERY,Injury Crash,09/12/2015 01:43:00 PM,Maryland (State),OLNEY SANDY SPRING RD,County,OLD BALTIMORE RD,,N/A,,SAME DIR REAR END,RAINING,WET,DAYLIGHT,N/A,NONE DETECTED,,EC0D9077-3CCC-423F-BF36-E19AB525B0C8,No,NO APPARENT INJURY,"N/A, WET",UNKNOWN,MD,8B9642E9-5C55-4D77-AC54-71005E5CEBB9,SUPERFICIAL,PASSENGER CAR,SLOWING OR STOPPING,39.14671333,-77.05070833,"(39.14671333, -77.05070833)"
MCP1417006Q,17008180,Montgomery County Police,Injury Crash,02/15/2017 06:31:00 AM,County,FLOWER HILL WAY,County,FLOWER HILL TERR,,N/A,,SAME DIR REAR END,CLEAR,DRY,DAWN,NO CONTROLS,NONE DETECTED,,EF310697-3548-4E60-862B-B4BE36DE342F,Yes,POSSIBLE INJURY,N/A,BY MOVING OBJECT IN VEHICLE,MD,F9A47097-7717-492E-A735-6E3DC7ED7356,DISABLING,PASSENGER CAR,LEAVING TRAFFIC LANE,39.16290167,-77.17368167,"(39.16290167, -77.17368167)"
DD5606003L,16035084,Rockville Police Departme,Injury Crash,07/11/2016 01:46:00 PM,Maryland (State),FALLS RD,Interstate (State),EISENHOWER MEMORIAL HWY,,N/A,,STRAIGHT MOVEMENT ANGLE,CLEAR,N/A,DAYLIGHT,TRAFFIC SIGNAL,NONE DETECTED,,B8D1FEAF-6CFE-43FF-A216-572C197224EC,Yes,NO APPARENT INJURY,N/A,LOOKED BUT DID NOT SEE,MD,76056EB2-1DE9-4B0E-B601-C340BEF7CF58,DISABLING,PASSENGER CAR,MOVING CONSTANT SPEED,39.07382167,-77.16460333,"(39.07382167, -77.16460333)"
EJ7858000X,170501180,Gaithersburg Police Depar,Injury Crash,04/09/2017 03:08:00 AM,Maryland (State),W DIAMOND AVE,Ramp,RAMP 1 FR IS 270 NB TO MD 117 WB,,N/A,,STRAIGHT MOVEMENT ANGLE,CLEAR,DRY,DARK LIGHTS ON,TRAFFIC SIGNAL,NONE DETECTED,,A3E9D31A-F74B-4FB5-BB0F-F036604DE067,Yes,POSSIBLE INJURY,N/A,NOT DISTRACTED,MD,EDD169A4-74C3-4D18-881E-8250655633C6,DISABLING,PASSENGER CAR,SLOWING OR STOPPING,39.14049591,-77.21077681,"(39.14049591, -77.21077681)"
MCP13090008,170503154,Montgomery County Police,Property Damage Crash,04/20/2017 03:01:00 PM,County,MATENY RD,Unknown,EAGLES ROOST DR,,N/A,,OPPOSITE DIRECTION SIDESWIPE,CLEAR,DRY,DAYLIGHT,NO CONTROLS,NONE DETECTED,,46E91CC3-BCB8-49C2-924A-38C452E23542,No,NO APPARENT INJURY,N/A,NOT DISTRACTED,MD,DF81A8DB-9743-4468-9D55-97862BF32355,FUNCTIONAL,PASSENGER CAR,SLOWING OR STOPPING,39.16162258,-77.2690478,"(39.16162258, -77.2690478)"
MCP2773001S,16020033,Montgomery County Police,Property Damage Crash,04/23/2016 05:39:00 PM,Maryland (State),PINEY BRANCH RD,Maryland (State),UNIVERSITY BLVD E,,N/A,,SAME DIR REAR END,CLEAR,DRY,DAYLIGHT,TRAFFIC SIGNAL,NONE DETECTED,,83497802-CD95-4E4D-B03B-F1CA01318B8C,No,NO APPARENT INJURY,N/A,NOT DISTRACTED,MD,1A05DA63-ECBF-4595-A50F-C213D3ED7B44,SUPERFICIAL,PASSENGER CAR,SLOWING OR STOPPING,38.999742,-76.994433,"(38.999742, -76.994433)"
MCP1522000L,15042084,MONTGOMERY,Injury Crash,08/22/2015 01:20:00 PM,Maryland (State),RIDGE RD,County,OAK DR,,N/A,,SAME DIR REAR END,CLEAR,DRY,DAYLIGHT,NO CONTROLS,N/A,,186E89F1-AA03-4605-9268-AF38320F0A21,No,NO APPARENT INJURY,N/A,NOT DISTRACTED,MD,25D55AE0-CFC0-4C83-97DC-DF38D186AAED,SUPERFICIAL,PASSENGER CAR,STOPPED IN TRAFFIC LANE,39.26462167,-77.21876,"(39.26462167, -77.21876)"
MCP2052000X,16024782,Montgomery County Police,Property Damage Crash,05/18/2016 10:28:00 PM,County,BRAMBLE BUSH DR,County,ROUNDLEAF WAY,,N/A,,SAME DIRECTION SIDESWIPE,CLEAR,DRY,DARK LIGHTS ON,NO CONTROLS,UNKNOWN,,5D9A3EE6-ADC3-4125-8588-8CA0359D7D73,Yes,NO APPARENT INJURY,N/A,UNKNOWN,,5ACAA10D-971A-4C02-8C87-4C0E2E5F7F9B,SUPERFICIAL,,UNKNOWN,39.14458333,-77.20475167,"(39.14458333, -77.20475167)"
MCP2724001P,16054375,Montgomery County Police,Property Damage Crash,10/22/2016 05:06:00 AM,US (State),COLESVILLE RD,Ramp,RAMP 1 FR US 29 NB TO IS 495 WB,,N/A,,SINGLE VEHICLE,N/A,DRY,DARK LIGHTS ON,N/A,NONE DETECTED,,48F04ADA-83FA-40C1-9F36-40F04CD84A3F,Yes,NO APPARENT INJURY,N/A,OTHER DISTRACTION,MD,C1D77088-C709-40B6-BFA6-89D31FD0102C,DISABLING,PASSENGER CAR,MOVING CONSTANT SPEED,39.01732,-77.01536333,"(39.01732, -77.01536333)"
MCP2683001Z,16037810,Montgomery County Police,Property Damage Crash,07/26/2016 02:25:00 PM,County,MONTGOMERY VILLAGE AVE,County,LAKE SHORE DR,,N/A,,SINGLE VEHICLE,N/A,DRY,DAYLIGHT,NO CONTROLS,NONE DETECTED,,AA5A0F23-6750-4F4A-9162-CA4730B05029,Yes,NO APPARENT INJURY,N/A,NOT DISTRACTED,MD,607ADAC5-9E73-42A2-9285-9707BD9FE357,DISABLING,PASSENGER CAR,MOVING CONSTANT SPEED,39.16221333,-77.20189833,"(39.16221333, -77.20189833)"
MCP3003000Y,16061567,Montgomery County Police,Property Damage Crash,11/30/2016 09:19:00 PM,Maryland (State),FREDERICK RD,County,PLUMMER DR,,N/A,,STRAIGHT MOVEMENT ANGLE,RAINING,WET,DARK LIGHTS ON,TRAFFIC SIGNAL,NONE DETECTED,,8364E49B-731D-4770-8532-80C9158B5293,No,NO APPARENT INJURY,N/A,NOT DISTRACTED,MD,EED3E995-22F2-4E2C-8DBD-32064A15AEBC,DISABLING,PASSENGER CAR,MOVING CONSTANT SPEED,39.172005,-77.23554,"(39.172005, -77.23554)"
DD56060026,15033275,ROCKVILLE,Property Damage Crash,07/07/2015 07:52:00 PM,Maryland (State),E JEFFERSON ST,Municipality,MONROE ST,,ROCKVILLE,,SAME DIRECTION SIDESWIPE,CLEAR,N/A,DAYLIGHT,TRAFFIC SIGNAL,NONE DETECTED,,7FF56600-FD60-414D-9C24-EBBF7E80AFE2,Yes,NO APPARENT INJURY,N/A,NOT DISTRACTED,MD,7079EB78-401C-49EA-A2C9-91080EB16FFE,SUPERFICIAL,TRANSIT BUS,MAKING LEFT TURN,39.08290167,-77.14891167,"(39.08290167, -77.14891167)"
MCP2904002G,16048142,Montgomery County Police,Injury Crash,09/19/2016 04:26:00 PM,Maryland (State),NEW HAMPSHIRE AVE,County,LOCKWOOD DR,,N/A,,SAME DIR REAR END,CLEAR,WET,DAYLIGHT,NO CONTROLS,NONE DETECTED,,85E5FEDF-2B4C-4062-BB07-51305ED2A5FE,No,NO APPARENT INJURY,"N/A, WET",NOT DISTRACTED,MD,2DA4B3E9-F0A5-4E19-93BC-33A81106EFD8,SUPERFICIAL,PASSENGER CAR,SLOWING OR STOPPING,39.03793667,-76.98969833,"(39.03793667, -76.98969833)"
MCP2831000X,15052393,MONTGOMERY,Property Damage Crash,10/15/2015 03:30:00 PM,County,DAWSON FARM RD,Maryland (State),GERMANTOWN RD,,N/A,,HEAD ON LEFT TURN,CLEAR,DRY,DAYLIGHT,TRAFFIC SIGNAL,UNKNOWN,,8D70C670-74B9-4B8A-A659-4E57F9E9C706,Yes,NO APPARENT INJURY,N/A,UNKNOWN,,4E346705-316D-4163-8E87-DD62D37AE5C6,SUPERFICIAL,PASSENGER CAR,MAKING LEFT TURN,39.17113333,-77.276825,"(39.17113333, -77.276825)"
MCP2396001W,17000513,Montgomery County Police,Injury Crash,01/04/2017 07:11:00 AM,County,BEL PRE RD,Unknown,CHURCH,,N/A,,STRAIGHT MOVEMENT ANGLE,CLOUDY,WET,DARK LIGHTS ON,NO CONTROLS,NONE DETECTED,,222C8D39-578B-4428-BEBE-E0F3A750890E,Yes,POSSIBLE INJURY,"N/A, WET",LOOKED BUT DID NOT SEE,MD,7BF5C0EE-BAC7-4F81-98A5-99605E0C689A,DISABLING,PASSENGER CAR,MAKING LEFT TURN,39.09357,-77.07827167,"(39.09357, -77.07827167)"
MCP9134000K,17011400,Montgomery County Police,Property Damage Crash,03/03/2017 09:55:00 PM,County,NORTHWEST TERR,County,OAKWOOD ST,,N/A,,SINGLE VEHICLE,CLEAR,DRY,DARK LIGHTS ON,N/A,ALCOHOL PRESENT,,9081FD4D-ED3C-4490-95A0-287820365B01,Yes,NO APPARENT INJURY,N/A,UNKNOWN,MD,00893F3F-18B5-43BA-A830-8EADE30A8F5D,FUNCTIONAL,PASSENGER CAR,MOVING CONSTANT SPEED,39.03868667,-77.00734667,"(39.03868667, -77.00734667)"
MCP22510019,15065527,MONTGOMERY,Property Damage Crash,12/22/2015 03:07:00 PM,Maryland (State),NEW HAMPSHIRE AVE,County,ASHTON OAKS CT,,N/A,,SINGLE VEHICLE,CLOUDY,WET,DAYLIGHT,NO CONTROLS,NONE DETECTED,,3C375C15-D4C7-4179-A3EF-2FAC10732ABA,Unknown,NO APPARENT INJURY,N/A,NOT DISTRACTED,MD,B4AFC91E-5071-4B44-B44C-A3C6A51C8B3E,DISABLING,(SPORT) UTILITY VEHICLE,MOVING CONSTANT SPEED,39.155405,-77.012895,"(39.155405, -77.012895)"
DD5621000W,170502330,Rockville Police Departme,Injury Crash,04/15/2017 02:20:00 PM,Maryland (State),FIRST ST,Municipality,BALTIMORE RD,,ROCKVILLE,,HEAD ON LEFT TURN,CLEAR,DRY,DAYLIGHT,TRAFFIC SIGNAL,NONE DETECTED,,7C19675E-1940-4D7A-85D5-57398D2E7DEF,No,SUSPECTED MINOR INJURY,N/A,NOT DISTRACTED,VA,B8E84F08-4FDE-4613-8F96-BCDB11F4FA38,DESTROYED,PASSENGER CAR,MOVING CONSTANT SPEED,39.0845685,-77.136028,"(39.0845685, -77.136028)"
MCP9311000G,15059688,MONTGOMERY,Property Damage Crash,11/22/2015 01:08:00 PM,County,FERNWOOD RD,County,GREYSWOOD RD,,N/A,,SAME DIR REAR END,CLOUDY,DRY,DARK -- UNKNOWN LIGHTING,TRAFFIC SIGNAL,NONE DETECTED,,D081D87D-8396-4D10-9505-A2D3546F9C4A,No,NO APPARENT INJURY,N/A,NOT DISTRACTED,MD,68BA30C4-3072-4E57-8346-3B259DB1968B,FUNCTIONAL,(SPORT) UTILITY VEHICLE,STOPPED IN TRAFFIC LANE,39.01823,-77.133515,"(39.01823, -77.133515)"
MCP2892002H,17051231,Montgomery County Police,Property Damage Crash,06/07/2017 04:17:00 PM,US (State),COLESVILLE RD,County,SPRING ST,,N/A,,SAME DIR REAR END,CLEAR,DRY,DAYLIGHT,NO CONTROLS,NONE DETECTED,,47BA10D7-CAE5-43D4-9AC1-5B1A971E79D1,No,NO APPARENT INJURY,N/A,NOT DISTRACTED,DC,929CDD48-732D-44D5-BB00-132E774C85EF,SUPERFICIAL,PASSENGER CAR,STOPPED IN TRAFFIC LANE,38.99931833,-77.02596167,"(38.99931833, -77.02596167)"
MCP3075000B,170527594,Montgomery County Police,Injury Crash,08/29/2017 04:28:00 PM,County,WATKINS MILL RD,County,GREENRIVER TERR,,N/A,,HEAD ON,RAINING,WET,DAYLIGHT,N/A,NONE DETECTED,,760494F6-4C23-471E-B158-EDC39DB5092D,Yes,SUSPECTED SERIOUS INJURY,"RAIN, SNOW, WET",NOT DISTRACTED,MD,1D02D417-8E93-4C33-ADAA-B50A6137A079,DISABLING,PASSENGER CAR,MOVING CONSTANT SPEED,39.18992573,-77.22167395,"(39.18992573, -77.22167395)"
MCP25590018,16041575,Montgomery County Police,Injury Crash,08/16/2016 02:34:00 PM,County,SHADY GROVE RD,Ramp,RAMP 3 FR SHADY GROVE RD EB TO IS 270 NB,,N/A,,OTHER,CLEAR,DRY,DAYLIGHT,TRAFFIC SIGNAL,N/A,,EB15F120-E990-49A0-B1C5-191F95FEDAF6,No,SUSPECTED MINOR INJURY,N/A,NOT DISTRACTED,MD,EAF13F21-DC52-4F9B-B0D2-40749B0BBB02,FUNCTIONAL,PASSENGER CAR,ACCELERATING,39.11175667,-77.18706333,"(39.11175667, -77.18706333)"
MCP1604000P,16032175,Montgomery County Police,Injury Crash,06/25/2016 12:47:00 PM,County,EAST VILLAGE AVE,County,YANKEE HARBOR DR,,N/A,,SINGLE VEHICLE,CLEAR,DRY,DAYLIGHT,N/A,NONE DETECTED,,B84C321E-C783-40DB-BC41-5CF5227FF8D0,Yes,POSSIBLE INJURY,N/A,OTHER ELECTRONIC DEVICE (NAVIGATIONAL PALM PILOT),MD,7F973294-049E-4B01-8FA6-178D5CB1D266,DESTROYED,PASSENGER CAR,MOVING CONSTANT SPEED,39.18813997,-77.15985239,"(39.18813997, -77.15985239)"
MCP25650019,15000758,Montgomery County Police,Property Damage Crash,01/05/2015 05:51:00 PM,County,NICHOLSON LA,County,EXECUTIVE BLVD,,N/A,,STRAIGHT MOVEMENT ANGLE,CLEAR,DRY,DARK LIGHTS ON,TRAFFIC SIGNAL,NONE DETECTED,,71A21F82-608E-419A-9CF7-A93D86855E6E,No,NO APPARENT INJURY,N/A,NOT DISTRACTED,MD,68D1D302-910E-40C8-8375-0F36A36CA708,DISABLING,PASSENGER CAR,MOVING CONSTANT SPEED,39.04503,-77.11671,"(39.04503, -77.11671)"
MCP27820023,170516956,Montgomery County Police,Property Damage Crash,07/02/2017 01:40:00 PM,County,RANDOLPH RD,County,DEWEY RD,,N/A,,SAME DIRECTION SIDESWIPE,CLEAR,DRY,DAYLIGHT,TRAFFIC SIGNAL,NONE DETECTED,,02512161-EB4F-4F73-8A3E-3DE0CA298969,No,NO APPARENT INJURY,N/A,NOT DISTRACTED,MD,9CA8045F-039F-4D94-A8BC-F3AC484F5B20,FUNCTIONAL,PICKUP TRUCK,MAKING RIGHT TURN,39.05328833,-77.08924833,"(39.05328833, -77.08924833)"
MCP2686001H,16042155,Montgomery County Police,Injury Crash,08/19/2016 04:49:00 PM,Maryland (State),WOODFIELD RD,County,BRINK RD,,N/A,,HEAD ON,CLEAR,DRY,DAYLIGHT,TRAFFIC SIGNAL,ALCOHOL PRESENT,,B4D80060-C552-47AD-A670-11BB3A0E039B,Yes,SUSPECTED SERIOUS INJURY,N/A,EATING OR DRINKING,MD,FCD891D3-0E58-4458-BFDF-A0F6BEBAB641,DESTROYED,PICKUP TRUCK,OTHER,39.20848959,-77.16932058,"(39.20848959, -77.16932058)"
MCP2869001N,16035021,Montgomery County Police,Property Damage Crash,07/11/2016 04:08:00 AM,County,BEL PRE RD,Maryland (State),GEORGIA AVE,,N/A,,OTHER,CLEAR,DRY,DARK LIGHTS ON,NO CONTROLS,ALCOHOL PRESENT,,CDCF722A-A0CF-44FA-A39D-C4983FD3F8C6,Yes,NO APPARENT INJURY,N/A,OTHER ELECTRONIC DEVICE (NAVIGATIONAL PALM PILOT),VA,73CA9A12-6EAF-4A29-85AA-0D67EF2BAFD7,DESTROYED,PASSENGER CAR,MOVING CONSTANT SPEED,39.09251,-77.08182167,"(39.09251, -77.08182167)"
MCP2720001D,15036771,MONTGOMERY,Property Damage Crash,07/25/2015 05:07:00 PM,Maryland (State),GEORGIA AVE,Maryland (State),NORBECK RD,,N/A,,SAME DIRECTION SIDESWIPE,CLEAR,DRY,DAYLIGHT,TRAFFIC SIGNAL,N/A,,5F3F4E02-1D07-4112-98A6-0FC8A3FA7207,No,NO APPARENT INJURY,N/A,NOT DISTRACTED,MD,7827274F-2F93-4387-8F39-3E07D7630133,DISABLING,PASSENGER CAR,STOPPED IN TRAFFIC LANE,39.109855,-77.07596,"(39.109855, -77.07596)"
MCP2830001J,15033805,MONTGOMERY,Property Damage Crash,07/10/2015 12:46:00 PM,Maryland (State),SPENCERVILLE RD,County,GOOD HOPE RD,,N/A,,SINGLE VEHICLE,CLEAR,DRY,DAYLIGHT,NO CONTROLS,N/A,,3F39DC31-5D1B-4717-BFD6-7CA153151F2E,Yes,NO APPARENT INJURY,N/A,OTHER DISTRACTION,MD,0434B9A5-A6FE-4662-9D5F-6E1E7CA6D988,DISABLING,PASSENGER CAR,MOVING CONSTANT SPEED,39.11822333,-76.97609167,"(39.11822333, -76.97609167)"
MCP2710000V,16008018,Montgomery County Police,Property Damage Crash,02/17/2016 05:26:00 PM,County,EMORY GROVE RD,County,WATERSHED CT,,N/A,,SAME DIRECTION RIGHT TURN,CLEAR,DRY,DAYLIGHT,N/A,NONE DETECTED,,DE3C9A35-5854-4F5A-ABAF-82D51FC28B00,No,NO APPARENT INJURY,N/A,NOT DISTRACTED,MD,2A72429F-C56F-4A06-86E2-CAE9B8319CDB,DISABLING,(SPORT) UTILITY VEHICLE,STOPPED IN TRAFFIC LANE,39.15446333,-77.17479333,"(39.15446333, -77.17479333)"
MCP2717004M,16000949,Montgomery County Police,Property Damage Crash,01/06/2016 01:27:00 PM,Maryland (State),CONNECTICUT AVE,County,DENFELD AVE,,N/A,,SAME DIR REAR END,CLEAR,DRY,DAYLIGHT,PERSON,NONE DETECTED,,F3F80F18-41AB-4025-BB65-78EEFC5E01ED,Yes,NO APPARENT INJURY,N/A,NOT DISTRACTED,MD,EBCEC007-E290-40D0-B22D-7A2ECF600919,FUNCTIONAL,POLICE VEHICLE/EMERGENCY,MOVING CONSTANT SPEED,39.03848,-77.07569167,"(39.03848, -77.07569167)"
MCP2777003M,170519092,Montgomery County Police,Property Damage Crash,07/14/2017 03:00:00 PM,Maryland (State),WISCONSIN AVE,Maryland (State),MONTGOMERY AVE,,N/A,,SAME DIRECTION SIDESWIPE,CLEAR,DRY,DAYLIGHT,NO CONTROLS,NONE DETECTED,,70C784E3-7354-4CF1-9E00-DED10F9E02AF,No,NO APPARENT INJURY,N/A,NOT DISTRACTED,MD,75D09DFE-8F5F-46E0-8D23-111452DFC6E6,SUPERFICIAL,PASSENGER CAR,SLOWING OR STOPPING,38.98293,-77.09352167,"(38.98293, -77.09352167)"
DD5527001G,170510898,Rockville Police Departme,Injury Crash,05/31/2017 01:50:00 PM,Maryland (State),VEIRS MILL RD,Municipality,GAIL AVE,,ROCKVILLE,,STRAIGHT MOVEMENT ANGLE,CLEAR,DRY,DAYLIGHT,STOP SIGN,NONE DETECTED,,A3F6DBD3-39B6-45A7-B6AC-6513908421DB,No,NO APPARENT INJURY,N/A,NOT DISTRACTED,MD,4BD8020E-8F82-4972-9F8F-57F05F372A2B,DISABLING,PASSENGER CAR,MOVING CONSTANT SPEED,39.07937567,-77.13589917,"(39.07937567, -77.13589917)"
MCP15540017,16012148,MONTGOMERY,Property Damage Crash,03/11/2016 03:04:00 PM,Maryland (State),FREDERICK RD,Unknown,ENT TO SHADY GROVE METRO STATION,,N/A,,SAME DIR REAR END,CLEAR,DRY,DAYLIGHT,TRAFFIC SIGNAL,NONE DETECTED,,4BCE6796-E381-442D-86D3-6BF47AD65E9F,No,NO APPARENT INJURY,N/A,NOT DISTRACTED,TX,4CBF1CF2-A4AA-47BC-974B-64F0C45CA512,FUNCTIONAL,PASSENGER CAR,MAKING LEFT TURN,39.11730333,-77.16917833,"(39.11730333, -77.16917833)"
MCP2363000L,15053584,MONTGOMERY,Property Damage Crash,10/22/2015 10:30:00 AM,Maryland (State),FREDERICK RD,Unknown,SPUR TO SHADY GROVE RD,,N/A,,SAME DIRECTION SIDESWIPE,CLEAR,DRY,DAYLIGHT,N/A,NONE DETECTED,,38FF9A8D-55AD-4721-9466-E6CA776A4EA5,No,NO APPARENT INJURY,N/A,NOT DISTRACTED,MD,620E923D-3012-4B82-A050-2F0323406CF6,SUPERFICIAL,VAN,MOVING CONSTANT SPEED,39.12231987,-77.17719555,"(39.12231987, -77.17719555)"
MCP2274000R,16026160,Montgomery County Police,Injury Crash,05/26/2016 08:35:00 AM,Municipality,BANK ST,Maryland (State),QUINCE ORCHARD RD,,N/A,BICYCLIST,HEAD ON LEFT TURN,CLEAR,DRY,DAYLIGHT,NO CONTROLS,NONE DETECTED,NONE DETECTED,59B5697C-2CE6-4205-AA1E-085C26435FF3,No,NO APPARENT INJURY,N/A,NOT DISTRACTED,MD,703ADB7B-D9A5-4A32-8644-A5485CE80D70,FUNCTIONAL,PASSENGER CAR,MOVING CONSTANT SPEED,39.14035833,-77.22306833,"(39.14035833, -77.22306833)"
MCP27180027,16055324,Montgomery County Police,Injury Crash,10/27/2016 03:51:00 PM,County,PARKLAWN DR,County,RANDOLPH RD,,N/A,,SAME DIR REAR END,RAINING,N/A,DAYLIGHT,N/A,N/A,,FEFB11E6-F778-480A-BF45-B7DF54175477,Yes,NO APPARENT INJURY,"SLEET, HAIL, FREEZ. RAIN, WET",UNKNOWN,MD,6F174C4A-4E39-4752-9420-D436C10344F2,DISABLING,PASSENGER CAR,MOVING CONSTANT SPEED,39.051755,-77.10623,"(39.051755, -77.10623)"
MCP2976000Z,15036767,MONTGOMERY,Injury Crash,07/25/2015 05:20:00 PM,Maryland (State),PINEY BRANCH RD,County,ARLISS ST,,N/A,,SAME DIR REAR END,CLEAR,DRY,DAYLIGHT,TRAFFIC SIGNAL,NONE DETECTED,,B0A82901-68FA-4401-9E0B-71F32E30F46F,No,NO APPARENT INJURY,N/A,NOT DISTRACTED,MD,9457CF95-0A7D-4524-AF00-2B2881BA4660,SUPERFICIAL,PASSENGER CAR,STOPPED IN TRAFFIC LANE,38.998625,-77.00114,"(38.998625, -77.00114)"
MCP2398000K,15048079,MONTGOMERY,Injury Crash,09/22/2015 06:31:00 PM,County,EAST VILLAGE AVE,County,PLUM CREEK DR,,N/A,,HEAD ON,CLEAR,DRY,DAYLIGHT,OTHER,NONE DETECTED,,0695A7DB-0B8B-4807-8828-7698684BC154,Yes,NO APPARENT INJURY,N/A,UNKNOWN,MD,99EF6565-AFA3-4D3A-AA27-E5A08A3BBBBC,DESTROYED,PASSENGER CAR,MOVING CONSTANT SPEED,39.18800167,-77.16514667,"(39.18800167, -77.16514667)"
MCP2754001C,170512134,Montgomery County Police,Property Damage Crash,06/06/2017 04:31:00 PM,Maryland (State),UNIVERSITY BLVD E,Maryland (State),PINEY BRANCH RD,,N/A,,SAME DIR REAR END,CLEAR,DRY,DAYLIGHT,NO CONTROLS,UNKNOWN,,1A24929E-E275-45A1-966D-382C310D2E74,Yes,NO APPARENT INJURY,N/A,UNKNOWN,,1AB06779-9509-4140-9C2C-C248C268D1BD,FUNCTIONAL,PASSENGER CAR,MOVING CONSTANT SPEED,39.00045833,-76.995575,"(39.00045833, -76.995575)"
EJ78560033,170512428,Gaithersburg Police Depar,Injury Crash,06/08/2017 08:10:00 AM,Maryland (State),FREDERICK RD,Municipality,CHRISTOPHER AVE,,GAITHERSBURG,,SAME DIR REAR END,CLEAR,DRY,DAYLIGHT,NO CONTROLS,N/A,,5DC77BA2-27A4-40AE-9C45-7FB5DBB73388,No,NO APPARENT INJURY,N/A,NOT DISTRACTED,MD,CBAA8C25-6B55-4085-B21D-6BDF01C978D0,FUNCTIONAL,PASSENGER CAR,STOPPED IN TRAFFIC LANE,39.15499011,-77.21530437,"(39.15499011, -77.21530437)"
DD5502003R,170530708,Rockville Police Departme,Property Damage Crash,09/15/2017 08:27:00 AM,Maryland (State),VEIRS MILL RD,Municipality,WOODBURN RD,,ROCKVILLE,,SAME DIR REAR END,CLEAR,DRY,DAYLIGHT,N/A,NONE DETECTED,,4934EE64-B943-4E28-9FDB-94B206C49B67,Yes,NO APPARENT INJURY,N/A,NOT DISTRACTED,MD,2572CCDE-7AFE-4FFC-A773-A791DE18A555,DISABLING,VAN,MOVING CONSTANT SPEED,39.11125167,-77.18814333,"(39.11125167, -77.18814333)"