Report Number,Local Case Number,Agency Name,ACRS Report Type,Crash Date/Time,Route Type,Road Name,Cross-Street Type,Cross-Street Name,Off-Road Description,Municipality,Related Non-Motorist,Collision Type,Weather,Surface Condition,Light,Traffic Control,Driver Substance Abuse,Non-Motorist Substance Abuse,Person ID,Driver At Fault,Injury Severity,Circumstance,Driver Distracted By,Drivers License State,Vehicle ID,Vehicle Damage Extent,Vehicle Body Type,Vehicle Movement,Latitude,Longitude,Location
MCP25860017,15039792,MONTGOMERY,Injury Crash,08/10/2015 03:38:00 PM,Maryland (State),SPENCERVILLE RD,County,ALLNUTT LA,,N/A,,OTHER,CLEAR,DRY,DAYLIGHT,N/A,NONE DETECTED,,A486A78C-5717-4171-ACFF-D00C5AB95FAB,No,NO APPARENT INJURY,N/A,NOT DISTRACTED,MD,B368D414-7213-436E-A799-833B522A386F,DISABLING,PASSENGER CAR,SLOWING OR STOPPING,39.11161,-76.95267667,"(39.11161, -76.95267667)"
MCP2395000C,16039648,Montgomery County Police,Property Damage Crash,08/05/2016 01:50:00 PM,,,,,PARKING LOT OF 16600 ELMER SCHOOL ROAD,,,OTHER,CLEAR,,DAYLIGHT,N/A,NONE DETECTED,,97999AB8-A1F5-402C-AE8B-3B9BA5B27CF4,Yes,NO APPARENT INJURY,N/A,NOT DISTRACTED,MD,AC10C0A9-BE60-418E-8838-70EA49AFC03A,FUNCTIONAL,PASSENGER CAR,BACKING,39.12874833,-77.48434833,"(39.12874833, -77.48434833)"
MCP2954001G,16001577,Montgomery County Police,Injury Crash,01/09/2016 10:01:00 AM,US (State),COLESVILLE RD,County,LORAIN AVE,,N/A,,SAME DIR REAR END,RAINING,WET,DAYLIGHT,NO CONTROLS,NONE DETECTED,,EC5D1F8D-CF7C-4B91-8513-6440E5CDBC84,Yes,NO APPARENT INJURY,"RAIN, SNOW, WET",UNKNOWN,MD,B1C9A0E9-AF6C-429D-A9C0-F1A0525B0DD7,DISABLING,PASSENGER CAR,SLOWING OR STOPPING,39.024265,-77.01125167,"(39.024265, -77.01125167)"
MCP26790017,16010177,MONTGOMERY,Property Damage Crash,02/29/2016 10:45:00 PM,Maryland (State),GEORGIA AVE,County,CAMERON ST,,N/A,,OTHER,CLEAR,DRY,DARK LIGHTS ON,TRAFFIC SIGNAL,UNKNOWN,,D91DF51B-15F4-4B65-A73F-09209647AEE6,Yes,NO APPARENT INJURY,N/A,NOT DISTRACTED,,B5AA4493-81E0-42FF-99A2-B09F7AE65147,UNKNOWN,(SPORT) UTILITY VEHICLE,BACKING,38.99009333,-77.02686,"(38.99009333, -77.02686)"
MCP2832002V,170508453,Montgomery County Police,Injury Crash,05/18/2017 09:59:00 AM,Maryland (State),CONNECTICUT AVE,Municipality,PERRY AVE,,KENSINGTON,,SAME DIR REAR END,CLEAR,DRY,DAYLIGHT,TRAFFIC SIGNAL,NONE DETECTED,,4DCCE14C-E83E-4BCC-9201-983611EF8A64,No,POSSIBLE INJURY,N/A,NOT DISTRACTED,MD,4AD296C5-F2AF-4CE6-BD64-30FD8055B589,FUNCTIONAL,PASSENGER CAR,STOPPED IN TRAFFIC LANE,39.03258167,-77.07489167,"(39.03258167, -77.07489167)"
MCP2765003P,17011848,Montgomery County Police,Property Damage Crash,03/06/2017 04:20:00 PM,,,,,"FROM DRIVEWAY AT 47 N. ORCHARD WAY, ROCKVILLE, ONTO ROAD",,,STRAIGHT MOVEMENT ANGLE,CLEAR,,DAYLIGHT,NO CONTROLS,NONE DETECTED,,8A7EC88F-022F-493F-838E-2DED8B4DC103,Yes,NO APPARENT INJURY,N/A,LOOKED BUT DID NOT SEE,MD,58DFBD03-4511-4481-9ACF-86FFF47829F1,SUPERFICIAL,PASSENGER CAR,BACKING,39.067345,-77.169635,"(39.067345, -77.169635)"
MCP13540009,15041940,MONTGOMERY,Property Damage Crash,08/21/2015 04:58:00 PM,,,,,PARKING LOT OF 11810 FALLS RD,,,OTHER,CLEAR,,DAYLIGHT,NO CONTROLS,UNKNOWN,,5E9A8B93-D48B-49E4-9717-E5333AFA39F9,Yes,NO APPARENT INJURY,N/A,UNKNOWN,VA,E58125F1-075D-489F-9CF4-3EDA251D692F,SUPERFICIAL,PASSENGER CAR,BACKING,39.05043167,-77.19081167,"(39.05043167, -77.19081167)"
MCP1205001B,15040179,MONTGOMERY,Property Damage Crash,08/12/2015 01:56:00 PM,Maryland (State),WISCONSIN AVE,Municipality,S PARK AVE,,FRIENDSHIP HEIGHTS,,SAME DIR REAR END,CLEAR,DRY,DAYLIGHT,TRAFFIC SIGNAL,NONE DETECTED,,C78977F6-DC25-40F0-A651-E0F74980D841,Yes,NO APPARENT INJURY,N/A,UNKNOWN,DC,7F6BEBC3-A2AC-446A-A0C2-711DB6AA26CC,DISABLING,PASSENGER CAR,MOVING CONSTANT SPEED,38.96391368,-77.08732009,"(38.96391368, -77.08732009)"
MCP25820011,16013493,MONTGOMERY,Property Damage Crash,03/19/2016 10:36:00 PM,Maryland (State),CONNECTICUT AVE,County,RANDOLPH RD,,N/A,,SAME DIRECTION RIGHT TURN,CLEAR,DRY,DARK LIGHTS ON,NO CONTROLS,NONE DETECTED,,794467A8-B2DA-4511-8FBA-D8BEA89B6A8F,No,NO APPARENT INJURY,N/A,NOT DISTRACTED,MD,E49E1845-C963-45FA-9647-9303CB31D34C,SUPERFICIAL,TRANSIT BUS,MOVING CONSTANT SPEED,39.056777,-77.073465,"(39.056777, -77.073465)"
MCP2564000S,15062198,MONTGOMERY,Property Damage Crash,12/05/2015 06:37:00 PM,County,MONTGOMERY VILLAGE AVE,County,CENTERWAY RD,,N/A,,HEAD ON LEFT TURN,CLEAR,DRY,DARK LIGHTS ON,TRAFFIC SIGNAL,NONE DETECTED,,31311E50-D5FA-4CE2-9DD6-C3C325AAF52A,No,NO APPARENT INJURY,N/A,NOT DISTRACTED,MD,0E4251B1-9886-4191-A09A-ED09B31038B7,DISABLING,PASSENGER CAR,STARTING FROM LANE,39.17255886,-77.20352948,"(39.17255886, -77.20352948)"
MCP29860016,16056224,Montgomery County Police,Injury Crash,11/01/2016 10:22:00 AM,Maryland (State),GEORGIA AVE,Maryland (State),FOREST GLEN RD,,N/A,,SAME DIR REAR END,CLEAR,DRY,DAYLIGHT,NO CONTROLS,NONE DETECTED,,53C39C57-6218-4A0D-8ED2-30EA00A0FEF6,No,POSSIBLE INJURY,N/A,NOT DISTRACTED,MD,FA2601DA-1E23-45B4-8F57-7CE6C2C0B482,SUPERFICIAL,PASSENGER CAR,SLOWING OR STOPPING,39.01760667,-77.04345333,"(39.01760667, -77.04345333)"
MCP3010000S,16017895,Montgomery County Police,Property Damage Crash,04/12/2016 03:24:00 PM,Maryland (State),UNIVERSITY BLVD W,Maryland (State),CONNECTICUT AVE,,N/A,,SAME DIR REAR END,CLEAR,DRY,DAYLIGHT,TRAFFIC SIGNAL,NONE DETECTED,,81975A7C-B1F3-4E35-AD82-1B1D55F10579,No,NO APPARENT INJURY,N/A,NOT DISTRACTED,MD,E3E6F6CF-9C6D-4D93-9A9E-B1C337BF4A9F,FUNCTIONAL,PASSENGER CAR,SLOWING OR STOPPING,39.03239167,-77.07427667,"(39.03239167, -77.07427667)"
MCP2749000N,15000437,Montgomery County Police,Property Damage Crash,01/03/2015 04:42:00 PM,,,,,Parking lot of 13601 Connecticut Ave (Aspen Hill Shopping Center),,,SAME DIR REAR END,RAINING,,DAYLIGHT,N/A,NONE DETECTED,,B2F6C7AD-3A2F-4504-9162-F1CE4D827D7C,Yes,NO APPARENT INJURY,"RAIN, SNOW, WET",NOT DISTRACTED,MD,33F7A001-7513-48A7-842C-2779F178250E,SUPERFICIAL,PASSENGER CAR,MOVING CONSTANT SPEED,39.08032,-77.07902167,"(39.08032, -77.07902167)"
MCP2799002C,17005846,Montgomery County Police,Property Damage Crash,02/02/2017 07:04:00 PM,Maryland (State),OLNEY SANDY SPRING RD,County,MEETING HOUSE RD,,N/A,,SAME DIR REAR END,CLEAR,DRY,DARK LIGHTS ON,TRAFFIC SIGNAL,NONE DETECTED,,A4B0203D-5D18-4504-9458-60A1FCBE241D,No,NO APPARENT INJURY,N/A,NOT DISTRACTED,MD,7A114CE7-526C-49C6-9AAD-641AF4C14FBC,SUPERFICIAL,PASSENGER CAR,STOPPED IN TRAFFIC LANE,39.14965667,-77.02642,"(39.14965667, -77.02642)"
DD56110028,17011956,Rockville Police Departme,Property Damage Crash,03/07/2017 08:15:00 AM,,,,,PARKING LOT AT 580 NSTONESTREET AVE,,,N/A,RAINING,,DAYLIGHT,NO CONTROLS,NONE DETECTED,,10BD618C-048A-4A7F-9D05-1169386EC7BE,Yes,NO APPARENT INJURY,N/A,LOOKED BUT DID NOT SEE,NJ,ED487FDD-93B6-40A6-98C3-94848C8339C1,NO DAMAGE,TRUCK TRACTOR,BACKING,39.09083667,-77.14984167,"(39.09083667, -77.14984167)"
MCP2001000C,15061052,MONTGOMERY,Fatal Crash,11/30/2015 02:57:00 AM,County,CHERRY HILL RD,County,BROADBIRCH DR,,N/A,,STRAIGHT MOVEMENT ANGLE,CLEAR,DRY,DARK LIGHTS ON,FLASHING TRAFFIC SIGNAL,UNKNOWN,,53CA6586-D1C2-4DB5-AE71-27B8C840F8CB,Unknown,FATAL INJURY,N/A,UNKNOWN,MD,1DA1C71E-BBE8-4BF3-8743-317018B790B3,DESTROYED,PASSENGER CAR,RIGHT TURN ON RED,39.05608333,-76.95439833,"(39.05608333, -76.95439833)"
MCP2411000H,16031828,Montgomery County Police,Injury Crash,06/23/2016 07:07:00 PM,Maryland (State),HUNGERFORD DR,Municipality,N WASHINGTON ST,,ROCKVILLE,,HEAD ON LEFT TURN,CLEAR,DRY,DAYLIGHT,TRAFFIC SIGNAL,NONE DETECTED,,9DCF2207-A357-437A-ACE2-20E903A225DC,Yes,NO APPARENT INJURY,N/A,INATTENTIVE OR LOST IN THOUGHT,MD,9E39B4EC-FFDA-470B-98D6-143C7FE112FF,FUNCTIONAL,(SPORT) UTILITY VEHICLE,MAKING LEFT TURN,39.09232206,-77.15342447,"(39.09232206, -77.15342447)"
MCP2565001X,15042641,MONTGOMERY,Injury Crash,08/25/2015 05:02:00 PM,County,NICHOLSON LA,County,NEBEL ST,,N/A,,SAME DIRECTION RIGHT TURN,CLEAR,DRY,DAYLIGHT,NO CONTROLS,NONE DETECTED,,51114822-E260-4C09-B447-7CABE27B6847,No,SUSPECTED MINOR INJURY,N/A,NOT DISTRACTED,MD,9B698A27-6834-4FCA-AC84-B6B85436B4BC,SUPERFICIAL,MOTORCYCLE,MOVING CONSTANT SPEED,39.04578595,-77.10432529,"(39.04578595, -77.10432529)"
MCP2951001L,16026656,Montgomery County Police,Property Damage Crash,05/28/2016 07:23:00 PM,County,CONNECTICUT AVE,County,GRAND PRE RD,,N/A,,SAME DIR REAR END,CLEAR,DRY,DAYLIGHT,PERSON,NONE DETECTED,,5D1A7EB0-B089-4397-AE8F-56C10D401A1E,No,NO APPARENT INJURY,N/A,NOT DISTRACTED,MD,B04F5721-D8E5-4A72-A564-B41C39F3C93B,SUPERFICIAL,PASSENGER CAR,STOPPED IN TRAFFIC LANE,39.08650167,-77.07427333,"(39.08650167, -77.07427333)"
MCP9365000L,17006166,Montgomery County Police,Property Damage Crash,02/04/2017 02:31:00 PM,County,BRIGGS CHANEY RD,County,AUTOMOBILE BLVD,,N/A,,HEAD ON LEFT TURN,CLEAR,DRY,DAYLIGHT,TRAFFIC SIGNAL,NONE DETECTED,,0D6B0123-40CB-4E99-9567-F1411F531AB0,Yes,NO APPARENT INJURY,N/A,NOT DISTRACTED,MD,EEDAF062-9E1E-42E5-BD82-2C70DA8CBF08,FUNCTIONAL,PASSENGER CAR,MAKING LEFT TURN,39.08101333,-76.94672167,"(39.08101333, -76.94672167)"
MCP9365000J,16050712,Montgomery County Police,Property Damage Crash,10/02/2016 12:00:00 AM,Ramp,RAMP 1 FR RAMP 4 (FR IS270) TO MD 189 WB,Maryland (State),FALLS RD,,N/A,,SAME DIRECTION SIDESWIPE,RAINING,WET,DARK LIGHTS ON,N/A,UNKNOWN,,F8731045-9DE5-491C-8209-37EBEFFD3823,Yes,NO APPARENT INJURY,N/A,UNKNOWN,,BDA76C67-55CC-441D-8127-D2C3EEF81868,UNKNOWN,PASSENGER CAR,MOVING CONSTANT SPEED,39.07366091,-77.16338217,"(39.07366091, -77.16338217)"
MCP3014000N,16026113,Montgomery County Police,Property Damage Crash,05/25/2016 10:42:00 PM,Maryland (State),GEORGIA AVE,County,RANDOLPH RD,,N/A,,SAME DIR REAR END,CLEAR,DRY,DARK LIGHTS ON,TRAFFIC SIGNAL,NONE DETECTED,,EA86CA71-3019-4513-ACDE-47D198E0B896,Yes,NO APPARENT INJURY,N/A,NOT DISTRACTED,MD,7CE56A3E-B12F-476B-8655-55EABB84965D,SUPERFICIAL,TRANSIT BUS,SLOWING OR STOPPING,39.05776,-77.04963833,"(39.05776, -77.04963833)"
MCP3007000Q,16021325,Montgomery County Police,Property Damage Crash,04/30/2016 12:15:00 PM,County,ASPEN HILL RD,Maryland (State),CONNECTICUT AVE,,N/A,,SAME DIRECTION SIDESWIPE,CLEAR,N/A,DAYLIGHT,NO CONTROLS,N/A,,B19D7201-62EF-4A2B-99A4-A28954DA74E2,No,NO APPARENT INJURY,N/A,NOT DISTRACTED,,D0870955-BC37-445F-9927-65C14825A297,NO DAMAGE,,PARKED,39.04942833,-77.044215,"(39.04942833, -77.044215)"
MCP2749001S,170517567,Montgomery County Police,Property Damage Crash,07/10/2017 09:00:00 AM,Maryland (State),GEORGIA AVE,County,SUNSHINE CT,,N/A,,SAME DIR REAR END,RAINING,WET,DAYLIGHT,TRAFFIC SIGNAL,NONE DETECTED,,0CFAFCC3-FDAC-4146-AA20-D20F09DD8DE2,Yes,NO APPARENT INJURY,"RAIN, SNOW, WET",NOT DISTRACTED,MD,C9F4DA71-3F24-467A-95B1-20410A0CDDED,FUNCTIONAL,PASSENGER CAR,MOVING CONSTANT SPEED,39.09952167,-77.03875667,"(39.09952167, -77.03875667)"
MCP2964000H,15033849,Montgomery County Police,Property Damage Crash,02/09/2017 04:08:00 PM,County,NICKELBY DR,County,NICKELBY CT,,N/A,,OPPOSITE DIRECTION SIDESWIPE,CLEAR,DRY,DAYLIGHT,NO CONTROLS,NONE DETECTED,,0DF1E17E-A881-4DF9-A970-68AFAF99AD9E,Yes,NO APPARENT INJURY,N/A,UNKNOWN,MD,9B95E3A3-C85D-4C3A-8A2F-8AAD2595B257,DISABLING,PASSENGER CAR,MOVING CONSTANT SPEED,39.26524508,-77.21569732,"(39.26524508, -77.21569732)"
MCP1027000G,16020352,Montgomery County Police,Injury Crash,04/25/2016 01:45:00 PM,Maryland (State),GEORGIA AVE,Unknown,ENT TO LOTTE PLAZA,,N/A,,HEAD ON LEFT TURN,CLEAR,DRY,DAYLIGHT,NO CONTROLS,NONE DETECTED,,E8BE88F9-CF81-431A-B245-EC2FE9BEA0DB,No,SUSPECTED MINOR INJURY,N/A,NOT DISTRACTED,MD,B1EC82C6-47E5-41B2-9F69-30521577A6A2,DISABLING,PASSENGER CAR,MOVING CONSTANT SPEED,39.079696,-77.073651,"(39.079696, -77.073651)"
MCP1563002T,16052920,Montgomery County Police,Property Damage Crash,10/14/2016 08:05:00 PM,Maryland (State),CONNECTICUT AVE,Municipality,PERRY AVE,,KENSINGTON,,HEAD ON LEFT TURN,CLEAR,DRY,DARK LIGHTS ON,TRAFFIC SIGNAL,NONE DETECTED,,EA592A28-D491-4AB4-BE39-FB73AC41ADE0,Yes,NO APPARENT INJURY,N/A,LOOKED BUT DID NOT SEE,MD,494579B1-B954-4C71-89E9-09BAD5540F9A,FUNCTIONAL,PASSENGER CAR,MAKING LEFT TURN,39.03247333,-77.07432,"(39.03247333, -77.07432)"
MCP2546001V,16047005,Montgomery County Police,Property Damage Crash,09/13/2016 06:38:00 PM,County,DALEWOOD DR,County,GOODHILL RD,,N/A,BICYCLIST,STRAIGHT MOVEMENT ANGLE,CLEAR,DRY,DAYLIGHT,STOP SIGN,NONE DETECTED,NONE DETECTED,493C6FA6-3FCA-4C3F-938D-FF8A2D6A6051,No,NO APPARENT INJURY,N/A,NOT DISTRACTED,MD,68443274-8F4C-4B92-8437-74F2A31D315A,SUPERFICIAL,PASSENGER CAR,MOVING CONSTANT SPEED,39.056985,-77.069705,"(39.056985, -77.069705)"
MCP2347000Y,16064845,Montgomery County Police,Injury Crash,12/18/2016 10:14:00 AM,US (State),COLUMBIA PIKE,County,STEWART LA,,N/A,,SINGLE VEHICLE,RAINING,WET,DAYLIGHT,N/A,NONE DETECTED,,37D43C06-23F7-4E9F-B28B-2CC38A543C84,Yes,POSSIBLE INJURY,"RAIN, SNOW, WET",DISTRACTED BY OUTSIDE PERSON OBJECT OR EVENT,MD,CDF9B85B-A520-46D3-A3D2-E8D1A5516A6D,DISABLING,PASSENGER CAR,SLOWING OR STOPPING,39.04524333,-76.98884,"(39.04524333, -76.98884)"
MCP29050019,15040830,MONTGOMERY,Injury Crash,08/15/2015 08:08:00 PM,Maryland (State),WISCONSIN AVE,County,NORWOOD DR,,N/A,,SAME DIR REND LEFT TURN,CLEAR,DRY,DUSK,NO CONTROLS,NONE DETECTED,,6D444714-3530-4DFF-9687-D43196E3D418,Yes,NO APPARENT INJURY,N/A,NOT DISTRACTED,MD,33A7F36A-C32D-4401-ABDF-44D40EB3270F,FUNCTIONAL,PASSENGER CAR,SLOWING OR STOPPING,38.97579,-77.09030333,"(38.97579, -77.09030333)"
MCP1550001F,15039312,MONTGOMERY,Injury Crash,08/07/2015 05:03:00 PM,Maryland (State),CONNECTICUT AVE,Maryland (State),KNOWLES AVE,,N/A,,SAME DIR REAR END,CLEAR,DRY,DAYLIGHT,TRAFFIC SIGNAL,NONE DETECTED,,64843C6B-0634-48BA-AD9B-C501C1AC2BFA,No,POSSIBLE INJURY,N/A,NOT DISTRACTED,MD,3DB467DD-37B9-48CB-BDF4-7919C1B1C30F,SUPERFICIAL,PASSENGER CAR,STOPPED IN TRAFFIC LANE,39.027145,-77.07671667,"(39.027145, -77.07671667)"
MCP2830002X,170505806,Montgomery County Police,Property Damage Crash,05/04/2017 06:26:00 AM,Maryland (State),NEW HAMPSHIRE AVE,County,EDNOR RD,,N/A,,OPPOSITE DIRECTION SIDESWIPE,CLEAR,DRY,DAYLIGHT,NO CONTROLS,NONE DETECTED,,235D5F7F-E9C0-4516-A2F2-4E967CEC0F6B,Yes,NO APPARENT INJURY,N/A,INATTENTIVE OR LOST IN THOUGHT,VA,012CF5AE-D46C-41F1-B0C3-E513617D37A5,DISABLING,PASSENGER CAR,MOVING CONSTANT SPEED,39.12092833,-76.98888,"(39.12092833, -76.98888)"
MCP2809003F,16041547,Montgomery County Police,Property Damage Crash,08/16/2016 12:34:00 PM,,,,,"11160 VEIRS MILL ROAD (WHEATON PLAZA)

RING ROAD  / REEDIE DR",,,OTHER,CLEAR,,DAYLIGHT,N/A,UNKNOWN,,73B064A4-7EDD-4A5E-9D03-36BF534C73D0,Yes,NO APPARENT INJURY,N/A,UNKNOWN,,795CA662-D1B7-4E1E-B939-7838424E087D,FUNCTIONAL,PASSENGER CAR,MAKING U TURN,39.03702167,-77.05414667,"(39.03702167, -77.05414667)"
MCP2192001X,16044611,Montgomery County Police,Property Damage Crash,09/01/2016 09:53:00 AM,Maryland (State),BURLINGTON AVE,County,SELIM RD,,N/A,,SAME DIR REAR END,RAINING,WET,DAYLIGHT,N/A,NONE DETECTED,,EDB31B03-2673-4011-93C8-7492C855288A,Yes,NO APPARENT INJURY,"N/A, WET",UNKNOWN,MD,2CBC6F79-B051-42E4-A409-C38952496CCE,FUNCTIONAL,(SPORT) UTILITY VEHICLE,CHANGING LANES,38.98765972,-77.02468514,"(38.98765972, -77.02468514)"
MCP15750040,16023761,Montgomery County Police,Property Damage Crash,05/13/2016 10:55:00 AM,County,CRABBS BRANCH WAY,Unknown,MOCCASIN LA,,N/A,,SAME DIR REAR END,RAINING,WET,DAYLIGHT,NO CONTROLS,NONE DETECTED,,BA5A21EA-49EE-4B6A-8E43-64EAC50CD18A,Yes,NO APPARENT INJURY,"RAIN, SNOW, WET",NOT DISTRACTED,MD,01E74C3C-5B17-4FA5-ACD6-D1523B09EF37,DISABLING,PASSENGER CAR,CHANGING LANES,39.11968333,-77.157005,"(39.11968333, -77.157005)"
MCP30110015,16061481,Montgomery County Police,Injury Crash,11/30/2016 03:47:00 PM,Other Public Roadway,MONTROSE PKWY,County,E JEFFERSON ST,,N/A,,SAME DIR REAR END,RAINING,WET,DAYLIGHT,TRAFFIC SIGNAL,NONE DETECTED,,9FB58CFC-7118-4ACA-9528-40778D7BFABA,No,NO APPARENT INJURY,"SLEET, HAIL, FREEZ. RAIN, WET",NOT DISTRACTED,MD,C2AB1C5A-DBB4-4C54-A910-5F898889C8D6,FUNCTIONAL,PASSENGER CAR,MOVING CONSTANT SPEED,39.05044667,-77.12780333,"(39.05044667, -77.12780333)"
MCP1233000Y,16014918,MONTGOMERY,Injury Crash,03/26/2016 07:41:00 PM,Maryland (State),UNIVERSITY BLVD W,County,NEWPORT MILL RD,,N/A,,ANGLE MEETS RIGHT TURN,CLEAR,DRY,DARK NO LIGHTS,TRAFFIC SIGNAL,ALCOHOL PRESENT,,2B370709-84BB-4BFD-AB34-49970254FDC2,No,POSSIBLE INJURY,N/A,NOT DISTRACTED,MD,411D451E-CFAB-4B39-961E-233C9C76BB9C,DISABLING,PASSENGER CAR,MAKING LEFT TURN,39.03373167,-77.07249,"(39.03373167, -77.07249)"
MCP3003000B,16026806,Montgomery County Police,Injury Crash,05/29/2016 05:27:00 PM,Maryland (State),RIDGE RD,County,HAWKES RD,,N/A,,HEAD ON LEFT TURN,CLEAR,DRY,DAYLIGHT,NO CONTROLS,NONE DETECTED,,3C7ED138-8D02-4C4F-A537-1720C5E226E6,Yes,NO APPARENT INJURY,N/A,UNKNOWN,MD,3786E6C2-5E22-46CA-81E1-631CA87AF52B,DISABLING,PASSENGER CAR,MAKING LEFT TURN,39.24755929,-77.23399401,"(39.24755929, -77.23399401)"
MCP29960003,15027360,MONTGOMERY,Injury Crash,06/06/2015 01:50:00 AM,County,AMITY DR,County,CAMBOURNE CT,,N/A,,OTHER,CLEAR,DRY,DARK LIGHTS ON,N/A,ALCOHOL PRESENT,,1C56E73D-80C5-4A13-9D62-669EC230A7D4,Yes,POSSIBLE INJURY,N/A,UNKNOWN,NJ,250CB799-ACEC-49A7-861E-B816A6467EF0,DISABLING,"CARGO VAN/LIGHT TRUCK 2 AXLES (OVER 10,000LBS (4,536 KG))",MOVING CONSTANT SPEED,39.14257667,-77.16646,"(39.14257667, -77.16646)"
MCP2694001P,15041349,MONTGOMERY,Property Damage Crash,08/18/2015 05:45:00 PM,Maryland (State),OLD GEORGETOWN RD,Ramp,RAMP 1 FR MD 187 NB TO RAMP 8 (TO IS495),,N/A,,SAME DIRECTION SIDESWIPE,CLEAR,DRY,DAYLIGHT,NO CONTROLS,NONE DETECTED,,40D12EDC-9A7D-4655-9FCF-B87A4B668AE4,No,NO APPARENT INJURY,N/A,NOT DISTRACTED,MD,7EA88FDE-D70C-437F-903D-CB703AF02B9C,FUNCTIONAL,(SPORT) UTILITY VEHICLE,MOVING CONSTANT SPEED,39.01654334,-77.11952269,"(39.01654334, -77.11952269)"
MCP1580004Q,15059103,MONTGOMERY,Property Damage Crash,11/19/2015 02:08:00 PM,County,EAST VILLAGE AVE,County,DOUBLELAND RD,,N/A,,SINGLE VEHICLE,RAINING,WET,DAYLIGHT,NO CONTROLS,NONE DETECTED,,3C8FB5D2-0CB4-47C4-AE59-7E5D08DA1CC8,Yes,NO APPARENT INJURY,"ANIMAL, RAIN, SNOW, WET",UNKNOWN,MD,C94EB619-2724-43BD-BF54-C72E462EA40F,DISABLING,VAN,SKIDDING,39.18771667,-77.16885167,"(39.18771667, -77.16885167)"
MCP26440007,16045577,Montgomery County Police,Injury Crash,09/06/2016 04:25:00 PM,Maryland (State),DARNESTOWN RD,County,MUDDY BRANCH RD,,N/A,,SAME DIR REAR END,CLEAR,DRY,DAYLIGHT,TRAFFIC SIGNAL,ALCOHOL PRESENT,,5843913A-CEA8-4B16-A93D-3181C0D230B9,Yes,NO APPARENT INJURY,N/A,NOT DISTRACTED,MD,F725BE4F-CBD1-4E5D-9CC1-925A6B0D93E3,DISABLING,PASSENGER CAR,MOVING CONSTANT SPEED,39.10231667,-77.21946333,"(39.10231667, -77.21946333)"
MCP2094006Q,16035880,Montgomery County Police,Property Damage Crash,07/15/2016 02:48:00 PM,Maryland (State),RIVER RD,County,BURDETTE RD,,N/A,,SAME DIR REAR END,CLEAR,DRY,DAYLIGHT,TRAFFIC SIGNAL,NONE DETECTED,,29BB203B-7B97-4DC6-8021-8380BB4330E1,No,NO APPARENT INJURY,N/A,NOT DISTRACTED,MD,41999CEF-3899-4878-8D06-71AC77FAD7E1,DISABLING,PASSENGER CAR,SLOWING OR STOPPING,38.990345,-77.152695,"(38.990345, -77.152695)"
MCP2959001H,16016914,Montgomery County Police,Property Damage Crash,04/07/2016 09:25:00 AM,County,BRACKLEY RD,County,BRACKLEY TERR,,N/A,,SAME DIRECTION SIDESWIPE,RAINING,WET,DAYLIGHT,NO CONTROLS,NONE DETECTED,,3292ADA0-81D2-4BAC-8338-93566B78559B,No,NO APPARENT INJURY,"RAIN, SNOW, WET",NOT DISTRACTED,MD,6B4F6076-4648-439A-9B90-254708ADE508,SUPERFICIAL,SCHOOL BUS,MOVING CONSTANT SPEED,39.07422729,-76.9867909,"(39.07422729, -76.9867909)"
MCP1580002G,15004141,Montgomery County Police,Property Damage Crash,01/26/2015 09:02:00 AM,Maryland (State),FREDERICK RD,Unknown,SPUR TO MD 124,,N/A,,SAME DIR REAR END,SNOW,WET,DAYLIGHT,YIELD SIGN,NONE DETECTED,,6DD9FE34-7E10-4038-8257-B2F469DBD4D7,No,NO APPARENT INJURY,"RAIN, SNOW, WET",NOT DISTRACTED,MD,3A8A7787-52AE-4EF4-A3D8-549093BF6A0C,SUPERFICIAL,SCHOOL BUS,STOPPED IN TRAFFIC LANE,39.152865,-77.21267,"(39.152865, -77.21267)"
MCP9428001B,17003907,Montgomery County Police,Property Damage Crash,01/23/2017 07:54:00 AM,County,FATHER HURLEY BLVD,Unknown,BRIARCLIFF TERR,,N/A,,SAME DIRECTION SIDESWIPE,RAINING,WET,DAYLIGHT,N/A,NONE DETECTED,,98CE25F5-785B-4439-B92D-6FDF000B34CA,No,NO APPARENT INJURY,"RAIN, SNOW, SEVERE CROSSWINDS, WET",NOT DISTRACTED,MD,80985EAB-21D4-4950-9D51-A74E618E5346,SUPERFICIAL,SCHOOL BUS,STOPPED IN TRAFFIC LANE,39.18198833,-77.27483833,"(39.18198833, -77.27483833)"
MCP2789001M,15050852,MONTGOMERY,Injury Crash,10/07/2015 03:53:00 PM,Interstate (State),CAPITAL BELTWAY,Maryland (State),GEORGIA AVE,,N/A,,SAME DIR REAR END,CLEAR,DRY,DAYLIGHT,NO CONTROLS,N/A,,9CCDFBA0-EBA3-4207-AFE7-9FC293278FBE,No,SUSPECTED MINOR INJURY,N/A,NOT DISTRACTED,MD,458BAF8F-3F51-4AFE-8573-CA21795C6195,SUPERFICIAL,PASSENGER CAR,MOVING CONSTANT SPEED,39.01504667,-77.03238833,"(39.01504667, -77.03238833)"