Report Number,Local Case Number,Agency Name,ACRS Report Type,Crash Date/Time,Route Type,Road Name,Cross-Street Type,Cross-Street Name,Off-Road Description,Municipality,Related Non-Motorist,Collision Type,Weather,Surface Condition,Light,Traffic Control,Driver Substance Abuse,Non-Motorist Substance Abuse,Person ID,Driver At Fault,Injury Severity,Circumstance,Driver Distracted By,Drivers License State,Vehicle ID,Vehicle Damage Extent,Vehicle Body Type,Vehicle Movement,Latitude,Longitude,Location
MCP2516000W,16053784,Montgomery County Police,Injury Crash,10/19/2016 01:02:00 PM,,,,,PARKING LOT OF 13200 WONDERLAND WAY,,,SINGLE VEHICLE,CLEAR,,DAYLIGHT,NO CONTROLS,N/A,,437D2629-EF23-4F47-A0B6-1C7D4EA36DD1,Yes,SUSPECTED MINOR INJURY,N/A,UNKNOWN,MD,1B5B03AC-503A-4C00-9477-8B2CF3EE7CF4,DISABLING,(SPORT) UTILITY VEHICLE,ACCELERATING,39.15512322,-77.27499962,"(39.15512322, -77.27499962)"
MCP0036003F,15065821,MONTGOMERY,Injury Crash,12/23/2015 06:29:00 PM,Maryland (State),CLOPPER RD,Other Public Roadway,VILLAGE FOUNTAIN DR,,N/A,,STRAIGHT MOVEMENT ANGLE,RAINING,WET,DARK LIGHTS ON,TRAFFIC SIGNAL,NONE DETECTED,,2CA43484-0258-427E-BED1-30AF17C41007,No,POSSIBLE INJURY,"RAIN, SNOW, WET",NOT DISTRACTED,MD,E8FF3E67-73E0-4E4B-822F-1B5C0726B890,DISABLING,PASSENGER CAR,MOVING CONSTANT SPEED,39.1609134,-77.27918386,"(39.1609134, -77.27918386)"
MCP2522000H,16034194,Montgomery County Police,Injury Crash,07/06/2016 12:27:00 PM,Maryland (State),RIVER RD,County,SEVEN LOCKS RD,,N/A,,SAME DIR REAR END,N/A,DRY,DAYLIGHT,NO CONTROLS,NONE DETECTED,,28D5B230-274A-4CFE-A8C8-3F6133B53950,Yes,NO APPARENT INJURY,N/A,NOT DISTRACTED,VA,156448A6-D07E-4BEC-B259-526D3EDAFAA0,SUPERFICIAL,ALL TERRAIN VEHICLE (ATV),SLOWING OR STOPPING,38.99197333,-77.16095,"(38.99197333, -77.16095)"
MCP3003001J,170517050,Montgomery County Police,Injury Crash,07/03/2017 07:50:00 AM,County,MIDDLEBROOK RD,County,RIDGECREST DR,,N/A,,SAME DIRECTION RIGHT TURN,CLEAR,DRY,DAYLIGHT,OTHER,NONE DETECTED,,4986303D-0822-434B-89E7-C35305B85BDE,Yes,NO APPARENT INJURY,N/A,UNKNOWN,MD,C5DB176A-9BF6-46A8-A822-5BDF0851FB07,SUPERFICIAL,PASSENGER CAR,CHANGING LANES,39.17519333,-77.25707333,"(39.17519333, -77.25707333)"
MCP2094006S,16039432,Montgomery County Police,Property Damage Crash,08/04/2016 11:13:00 AM,County,DEMOCRACY BLVD,County,ROCKLEDGE DR,,N/A,,HEAD ON LEFT TURN,CLEAR,DRY,DAYLIGHT,TRAFFIC SIGNAL,NONE DETECTED,,0463968C-184C-4202-B2C2-5F60E70CCF1F,Yes,NO APPARENT INJURY,N/A,NOT DISTRACTED,MD,F9A4D2B2-FD79-4FFC-AD70-824430A2C9ED,DISABLING,PASSENGER CAR,MAKING LEFT TURN,39.02291,-77.13228167,"(39.02291, -77.13228167)"
MCP2947001Y,16034574,Montgomery County Police,Injury Crash,07/08/2016 12:31:00 PM,Maryland (State),GEORGIA AVE,County,ARCOLA AVE,,N/A,,SAME DIR REAR END,CLEAR,DRY,DAYLIGHT,N/A,NONE DETECTED,,8A217FF3-4FA9-44D7-9E0A-DFD3223FEAF8,No,POSSIBLE INJURY,N/A,NOT DISTRACTED,MD,55C96916-CE2F-4E6B-9259-0312504DCF40,SUPERFICIAL,(SPORT) UTILITY VEHICLE,SLOWING OR STOPPING,39.04600167,-77.05196167,"(39.04600167, -77.05196167)"
MCP24280005,15065179,MONTGOMERY,Property Damage Crash,12/20/2015 09:54:00 PM,Maryland (State),ROCKVILLE PIKE,County,CEDAR LA,,N/A,,SINGLE VEHICLE,CLEAR,DRY,DARK LIGHTS ON,NO CONTROLS,NONE DETECTED,,92616E52-9679-4220-AB4E-1126343A6F11,Yes,NO APPARENT INJURY,N/A,OTHER DISTRACTION,MD,5053739A-83F4-4D5E-B71C-F18BF6880112,DISABLING,PASSENGER CAR,MOVING CONSTANT SPEED,39.007315,-77.09760333,"(39.007315, -77.09760333)"
MCP13780073,15037510,MONTGOMERY,Property Damage Crash,07/29/2015 10:30:00 AM,Maryland (State),VEIRS MILL RD,County,ASPEN HILL RD,,N/A,,SAME DIRECTION SIDESWIPE,CLOUDY,DRY,DAYLIGHT,NO CONTROLS,NONE DETECTED,,8B823E99-AFD7-480C-B12B-EF6238ACD8EF,No,NO APPARENT INJURY,N/A,NOT DISTRACTED,MD,33CC0573-B68E-4A00-90DB-DB3750FE69DD,SUPERFICIAL,(SPORT) UTILITY VEHICLE,SLOWING OR STOPPING,39.12676,-77.197815,"(39.12676, -77.197815)"
MCP2291001X,170523696,Montgomery County Police,Injury Crash,08/09/2017 05:51:00 PM,County,GREENTREE RD,County,BRADMOOR DR,,N/A,,STRAIGHT MOVEMENT ANGLE,CLEAR,DRY,DAYLIGHT,NO CONTROLS,NONE DETECTED,,A585CF62-1CEE-4112-A59F-4741FD7D5B9D,No,POSSIBLE INJURY,N/A,NOT DISTRACTED,MD,B944A341-42ED-4D91-A77F-3E3695D35679,N/A,PASSENGER CAR,MOVING CONSTANT SPEED,39.00106392,-77.12025225,"(39.00106392, -77.12025225)"
MCP2617003X,170521732,Montgomery County Police,Injury Crash,07/28/2017 07:11:00 PM,Maryland (State),RIVER RD,County,NORTON RD,,N/A,,SAME DIR REAR END,RAINING,WET,DUSK,NO CONTROLS,NONE DETECTED,,27071ED8-1DD3-4559-A048-BA8670FA3BF8,No,POSSIBLE INJURY,"RAIN, SNOW, WET",NOT DISTRACTED,MD,1C9A62B8-C99B-46C8-BB76-4951BC91F959,FUNCTIONAL,PASSENGER CAR,STOPPED IN TRAFFIC LANE,39.023965,-77.21755,"(39.023965, -77.21755)"
MCP2212001B,15047074,MONTGOMERY,Property Damage Crash,09/17/2015 11:40:00 AM,County,CHERRY HILL RD,County,GRACEFIELD RD,,N/A,,SAME DIR REAR END,CLEAR,DRY,DAYLIGHT,NO CONTROLS,N/A,,EB18B129-0279-4245-A4E6-49729C1BFF04,Yes,NO APPARENT INJURY,N/A,UNKNOWN,MD,F8A7AA16-0F81-4382-A60D-776BB8153CFC,DESTROYED,PASSENGER CAR,MOVING CONSTANT SPEED,39.04908553,-76.95246935,"(39.04908553, -76.95246935)"
MCP10200015,15060061,MONTGOMERY,Property Damage Crash,11/24/2015 12:45:00 PM,Maryland (State),FREDERICK RD,County,GUNNERS BRANCH RD,,N/A,,HEAD ON LEFT TURN,CLEAR,DRY,DAYLIGHT,TRAFFIC SIGNAL,NONE DETECTED,,88D670F7-B982-4CF3-9337-6AABDE6CD595,No,NO APPARENT INJURY,N/A,NOT DISTRACTED,GA,6CF946D7-7656-4F04-AD2E-E5AFF23FA0B7,DISABLING,OTHER,MOVING CONSTANT SPEED,39.178465,-77.23865333,"(39.178465, -77.23865333)"
DD56120013,170523147,Rockville Police Departme,Property Damage Crash,08/05/2017 10:02:00 AM,Ramp,RAMP 1 FR IS 270 NB TO MD 28 WB,Maryland (State),W MONTGOMERY AVE,,N/A,,OTHER,CLEAR,DRY,DAYLIGHT,NO CONTROLS,N/A,,7038E65F-4C04-4172-B957-C8300E8CEE99,Yes,NO APPARENT INJURY,N/A,NOT DISTRACTED,,6FDB8426-28AB-462D-B270-A68D314B3CA3,NO DAMAGE,,MOVING CONSTANT SPEED,39.08267251,-77.17176676,"(39.08267251, -77.17176676)"
MCP9301000Q,15064929,MONTGOMERY,Property Damage Crash,12/19/2015 02:04:00 PM,County,WASHINGTONIAN BLVD,Ramp,RAMP 6 FR SAM EIG HWY TO WASH. BLVD,,N/A,,HEAD ON LEFT TURN,CLEAR,DRY,DAYLIGHT,NO CONTROLS,NONE DETECTED,,ACC917B3-0340-47EE-A227-579582849BE2,No,NO APPARENT INJURY,N/A,NOT DISTRACTED,MD,1D3560C6-D438-4830-B11C-037FA268E073,SUPERFICIAL,PASSENGER CAR,MOVING CONSTANT SPEED,39.104545,-77.196515,"(39.104545, -77.196515)"
MCP2676002F,17008461,Montgomery County Police,Property Damage Crash,02/16/2017 04:49:00 PM,County,REDLAND RD,County,ROSLYN AVE,,N/A,,SAME DIR REAR END,CLEAR,DRY,DAYLIGHT,NO CONTROLS,N/A,,A486F734-FBE7-4DB0-9F20-747ABC0EF415,Yes,NO APPARENT INJURY,N/A,NOT DISTRACTED,MD,CA8BF379-BA5D-4E79-8F7D-BA885E73A87F,DISABLING,PASSENGER CAR,MOVING CONSTANT SPEED,39.14346167,-77.14442833,"(39.14346167, -77.14442833)"
MCP2446001C,15049189,MONTGOMERY,Property Damage Crash,09/28/2015 03:16:00 PM,County,WISTERIA DR,County,WANEGARDEN DR,,N/A,,OTHER,CLOUDY,DRY,DAYLIGHT,N/A,NONE DETECTED,,55393E9E-52A9-4826-85B0-2744B25A9D15,Yes,NO APPARENT INJURY,N/A,NOT DISTRACTED,MD,74327F30-8666-4491-BE2B-C3AEB77E7172,SUPERFICIAL,SCHOOL BUS,MAKING RIGHT TURN,39.180285,-77.28502667,"(39.180285, -77.28502667)"
DD5538000Y,15050556,ROCKVILLE,Injury Crash,10/06/2015 08:00:00 AM,Maryland (State),HUNGERFORD DR,Other Public Roadway,IVY LEAGUE LA,,N/A,,SAME DIR REAR END,CLEAR,DRY,DAYLIGHT,NO CONTROLS,NONE DETECTED,,4AC749C7-A295-4C68-9C0E-72DE8D58A68C,Yes,NO APPARENT INJURY,N/A,UNKNOWN,MD,7D3FE440-39FD-4126-B3B9-9EB54B5F0DEF,FUNCTIONAL,(SPORT) UTILITY VEHICLE,SLOWING OR STOPPING,39.09468833,-77.15308,"(39.09468833, -77.15308)"
MCP2965001G,17004562,Montgomery County Police,Injury Crash,01/26/2017 03:01:00 PM,Maryland (State),GEORGIA AVE,County,HINES RD,,N/A,,HEAD ON LEFT TURN,CLEAR,DRY,DAYLIGHT,TRAFFIC SIGNAL,NONE DETECTED,,595CC9DE-BDDA-4575-B146-528D78FABD24,Yes,NO APPARENT INJURY,N/A,OTHER CELLULAR PHONE RELATED,VA,F98197C8-A879-4136-BB75-5E5234391DB7,DISABLING,PASSENGER CAR,STARTING FROM LANE,39.14265317,-77.06754416,"(39.14265317, -77.06754416)"
MCP27030018,170500933,Montgomery County Police,Injury Crash,04/07/2017 05:09:00 PM,County,PROSPERITY DR,County,OLD COLUMBIA PIKE (AHEAD),,N/A,,STRAIGHT MOVEMENT ANGLE,CLOUDY,DRY,DAYLIGHT,NO CONTROLS,N/A,,2105466E-06AF-4B28-B441-004175B6DBA5,Yes,POSSIBLE INJURY,N/A,NOT DISTRACTED,MN,87908170-9995-4D17-A9CD-DEBE77FB4A8B,DISABLING,PASSENGER CAR,MOVING CONSTANT SPEED,39.05722333,-76.96796167,"(39.05722333, -76.96796167)"
MCP9428000W,15042385,MONTGOMERY,Property Damage Crash,08/24/2015 09:10:00 AM,Interstate (State),EISENHOWER MEMORIAL HWY,Unknown,ENT TO MSP WEIGH STATION (SB/L),,N/A,,SAME DIR REAR END,CLEAR,DRY,DAYLIGHT,NO CONTROLS,N/A,,E4FE0E05-45D2-44B2-ACA1-9A5C8E5FD925,No,NO APPARENT INJURY,N/A,NOT DISTRACTED,MD,BAAB5DBB-F77F-4372-9CF0-0ADDA52133E6,FUNCTIONAL,PASSENGER CAR,SLOWING OR STOPPING,39.27178167,-77.31586667,"(39.27178167, -77.31586667)"
DD5502002S,16048519,Rockville Police Departme,Property Damage Crash,09/21/2016 11:21:00 AM,Municipality,N WASHINGTON ST,Municipality,BEALL AVE #2,,ROCKVILLE,,STRAIGHT MOVEMENT ANGLE,CLOUDY,DRY,DAYLIGHT,TRAFFIC SIGNAL,NONE DETECTED,,BFDC45E6-03A0-4A95-AC18-E7237E782A77,Yes,NO APPARENT INJURY,N/A,NOT DISTRACTED,MD,A324CD17-25CC-44A7-A7F2-D18613E473C2,DISABLING,PASSENGER CAR,MOVING CONSTANT SPEED,39.08691333,-77.152785,"(39.08691333, -77.152785)"
MCP1210001J,17008699,Montgomery County Police,Property Damage Crash,02/17/2017 02:15:00 PM,,,,,PARKING LOT IN FRONT OF 16003 COMPRINT CIRCLE,,,OTHER,CLEAR,,DAYLIGHT,N/A,UNKNOWN,,272BBA86-8ACE-4A4F-B8C7-DEFBA030C5B5,Yes,NO APPARENT INJURY,N/A,UNKNOWN,MD,36E82A7D-CF5D-4D52-BB59-FC7E9AEEF0D9,SUPERFICIAL,PASSENGER CAR,BACKING,39.11963667,-77.184095,"(39.11963667, -77.184095)"
MCP2637000Y,16021586,Montgomery County Police,Property Damage Crash,05/02/2016 10:35:00 AM,Maryland (State),FALLS RD,Unknown,CROSSOVER,,N/A,,SAME DIR BOTH LEFT TURN,CLOUDY,WET,DAYLIGHT,TRAFFIC SIGNAL,NONE DETECTED,,187B4D59-DA19-4F0C-8FE6-525B7600AF20,No,NO APPARENT INJURY,N/A,NOT DISTRACTED,MD,1D11FC4A-E4A5-476D-8B1F-2809FEEEA959,FUNCTIONAL,PASSENGER CAR,MAKING LEFT TURN,39.07418167,-77.16426167,"(39.07418167, -77.16426167)"
MCP2965001G,17004562,Montgomery County Police,Injury Crash,01/26/2017 03:01:00 PM,Maryland (State),GEORGIA AVE,County,HINES RD,,N/A,,HEAD ON LEFT TURN,CLEAR,DRY,DAYLIGHT,TRAFFIC SIGNAL,NONE DETECTED,,10C0F71C-BBDE-45CC-A865-46282835B665,No,SUSPECTED MINOR INJURY,N/A,NOT DISTRACTED,MD,4D557F12-EC1F-42CD-BA61-03836358B0AA,DISABLING,PASSENGER CAR,MOVING CONSTANT SPEED,39.14265317,-77.06754416,"(39.14265317, -77.06754416)"
EJ7847001H,15052910,GAITHERSBURG,Property Damage Crash,10/18/2015 06:01:00 PM,Municipality,W WATKINS MILL RD,Maryland (State),CLOPPER RD,,N/A,,SAME DIR REAR END,CLEAR,DRY,DAYLIGHT,TRAFFIC SIGNAL,NONE DETECTED,,BB2311C5-9547-473D-A0FD-596D14732F3C,No,NO APPARENT INJURY,N/A,NOT DISTRACTED,MD,9117483E-75F1-4083-B8BF-D3AA64869119,SUPERFICIAL,(SPORT) UTILITY VEHICLE,STOPPED IN TRAFFIC LANE,39.14104,-77.20798333,"(39.14104, -77.20798333)"
MCP1564000Z,15059469,MONTGOMERY,Property Damage Crash,11/21/2015 05:34:00 AM,Maryland (State),DR BIRD RD,Maryland (State),OLNEY SANDY SPRING RD,,N/A,,SINGLE VEHICLE,CLEAR,DRY,DARK -- UNKNOWN LIGHTING,NO CONTROLS,ALCOHOL PRESENT,,4FD888C7-3860-47D6-82F8-33EE3B5AE104,Yes,NO APPARENT INJURY,N/A,NOT DISTRACTED,MD,BB42692D-2856-4018-88C6-0BA84EAA1C7F,DESTROYED,PASSENGER CAR,MOVING CONSTANT SPEED,39.14267167,-77.04014833,"(39.14267167, -77.04014833)"
MCP28200027,16022986,Montgomery County Police,Injury Crash,05/09/2016 10:25:00 AM,County,GOODHILL RD,County,GREENLY ST,,N/A,,HEAD ON,RAINING,WET,DAYLIGHT,STOP SIGN,NONE DETECTED,,FD88D1AE-29AD-4725-B661-201DAEA1A340,No,NO APPARENT INJURY,"N/A, WET",NOT DISTRACTED,MD,4D6A0015-09A0-4B32-A01E-5BF472E887AC,DISABLING,PASSENGER CAR,MOVING CONSTANT SPEED,39.06119167,-77.07188833,"(39.06119167, -77.07188833)"
MCP137800F5,16061460,Montgomery County Police,Injury Crash,11/30/2016 02:01:00 PM,Municipality,PERRY PKWY,Unknown,STRUC OV CSX R/R,,N/A,,SINGLE VEHICLE,RAINING,WET,DAYLIGHT,NO CONTROLS,NONE DETECTED,,A74373D1-AF92-44F2-9797-3C28F3B518AA,Yes,POSSIBLE INJURY,"RAIN, SNOW, WET",NOT DISTRACTED,MD,078A3E83-A7D6-42D7-B590-94757C335AC7,DISABLING,(SPORT) UTILITY VEHICLE,SKIDDING,39.14391068,-77.2127898,"(39.14391068, -77.2127898)"
MCP1205001H,15052982,MONTGOMERY,Property Damage Crash,10/19/2015 10:15:00 AM,Maryland (State),CONNECTICUT AVE,Interstate (State),CAPITAL BELTWAY,,N/A,,SAME DIR REAR END,CLEAR,DRY,DAYLIGHT,TRAFFIC SIGNAL,NONE DETECTED,,412476AF-9238-4FE4-97EA-62BDBBAD96CA,Yes,NO APPARENT INJURY,N/A,UNKNOWN,MD,06412580-6AF6-48EF-A2AD-F80230C73CF8,DISABLING,PASSENGER CAR,SLOWING OR STOPPING,39.00519515,-77.07782507,"(39.00519515, -77.07782507)"
MCP2512002D,16058867,Montgomery County Police,Injury Crash,11/15/2016 03:39:00 PM,Maryland (State),CLOPPER RD,Municipality,W WATKINS MILL RD,,GAITHERSBURG,,SAME DIR REAR END,CLEAR,OTHER,DAYLIGHT,TRAFFIC SIGNAL,NONE DETECTED,,1F93C9D9-DA1A-4E39-8A85-C482CA821D7B,Yes,POSSIBLE INJURY,"N/A, ROAD UNDER CONSTRUCTION/MAINTENANCE",NOT DISTRACTED,MD,4D2A4B77-7B40-481C-AC7D-571E7C408016,DISABLING,PASSENGER CAR,SLOWING OR STOPPING,39.130605,-77.16401667,"(39.130605, -77.16401667)"
MCP13050018,17014786,Montgomery County Police,Injury Crash,03/23/2017 07:48:00 AM,Maryland (State),WOODFIELD RD,Unknown,ENT TO ROUTE 124 PLAZA,,N/A,,SAME DIR REAR END,CLEAR,DRY,DAWN,NO CONTROLS,N/A,,B992FD48-E036-4910-AE4C-2B4F50CD86ED,Yes,NO APPARENT INJURY,N/A,LOOKED BUT DID NOT SEE,MD,7C6C27E8-C1D1-417E-8410-E08A47A6ACFC,DISABLING,PICKUP TRUCK,MOVING CONSTANT SPEED,39.16226832,-77.15826586,"(39.16226832, -77.15826586)"
MCP2348002J,17016091,Montgomery County Police,Injury Crash,03/30/2017 01:20:00 AM,Interstate (State),EISENHOWER MEMORIAL HWY,Ramp,RAMP 7 FR MD 121 WB TO IS 270 SB,,N/A,PEDESTRIAN,SINGLE VEHICLE,CLEAR,DRY,DARK NO LIGHTS,NO CONTROLS,NONE DETECTED,NONE DETECTED,000467D8-BFEC-4AD2-9AAB-C2EE3CAD2752,Yes,NO APPARENT INJURY,N/A,NOT DISTRACTED,MD,9E32D6FF-7F07-4806-BE3C-84C766ABDB27,FUNCTIONAL,PASSENGER CAR,MOVING CONSTANT SPEED,39.22098667,-77.27935667,"(39.22098667, -77.27935667)"
MCP25920008,15006422,Montgomery County Police,Injury Crash,02/08/2015 01:57:00 PM,County,LOST KNIFE RD,Maryland (State),MONTGOMERY VILLAGE AVE,,N/A,,SAME DIR REAR END,CLEAR,DRY,DAYLIGHT,NO CONTROLS,NONE DETECTED,,70EEEE13-6A51-4A99-9581-B9A5AF742EBF,Yes,NO APPARENT INJURY,N/A,UNKNOWN,MD,C9089C96-969D-44CC-9812-DA0129990A35,SUPERFICIAL,PASSENGER CAR,MAKING RIGHT TURN,39.15764833,-77.20419333,"(39.15764833, -77.20419333)"
MCP2871003W,17002453,Montgomery County Police,Injury Crash,01/14/2017 03:50:00 PM,Maryland (State),CONNECTICUT AVE,Interstate (State),CAPITAL BELTWAY,,N/A,,SAME DIR REAR END,RAINING,WET,DUSK,TRAFFIC SIGNAL,NONE DETECTED,,423F534A-00F6-46E1-930F-E8CB30FD7C53,Yes,NO APPARENT INJURY,"RAIN, SNOW, WET",NOT DISTRACTED,MD,16DA9C56-17E2-4757-9566-F43F9F03F1BE,FUNCTIONAL,PASSENGER CAR,SLOWING OR STOPPING,39.004405,-77.077515,"(39.004405, -77.077515)"
MCP2868001Q,15058177,MONTGOMERY,Injury Crash,11/14/2015 04:18:00 PM,Maryland (State),OLD GEORGETOWN RD,County,AUBURN AVE,,N/A,,SAME DIR REAR END,CLEAR,DRY,DAYLIGHT,TRAFFIC SIGNAL,NONE DETECTED,,EA042094-8CE6-4DD9-89AC-B3D353858465,No,NO APPARENT INJURY,N/A,NOT DISTRACTED,MD,33E9A6B0-EBBE-4356-9AFE-017604B8ADED,FUNCTIONAL,PASSENGER CAR,SLOWING OR STOPPING,38.98869167,-77.10093,"(38.98869167, -77.10093)"
MCP2665001S,16056755,Montgomery County Police,Injury Crash,11/03/2016 06:15:00 PM,County,GROSVENOR LA,Unknown,SPUR TO MD 355,,N/A,,SAME DIR REAR END,CLEAR,DRY,DUSK,STOP SIGN,NONE DETECTED,,0750C558-8811-4DC6-9DD2-A0E057F21B04,Yes,NO APPARENT INJURY,N/A,OTHER DISTRACTION,MD,0C190D1E-1524-473B-B032-326C62291AE9,SUPERFICIAL,PASSENGER CAR,STARTING FROM LANE,39.022435,-77.103425,"(39.022435, -77.103425)"
MCP2863000T,15000136,Montgomery County Police,Property Damage Crash,01/01/2015 04:22:00 PM,County,SHADY GROVE RD,Ramp,RAMP 9 FR IS 370 EB TO SHADY GROVE RD,,N/A,,OTHER,CLEAR,DRY,DAYLIGHT,TRAFFIC SIGNAL,UNKNOWN,,DC289A14-BED3-4B3C-9508-C93606C9F884,No,NO APPARENT INJURY,N/A,UNKNOWN,,FBED9F18-2723-480D-8D98-7201D373127A,UNKNOWN,UNKNOWN,UNKNOWN,39.12949431,-77.16395617,"(39.12949431, -77.16395617)"
MCP2859001D,15046305,MONTGOMERY,Property Damage Crash,09/13/2015 11:38:00 AM,Maryland (State),W DIAMOND AVE,Ramp,RAMP 6 FR MD 117 EB TO IS 270 SB,,N/A,,SAME DIR REAR END,CLEAR,DRY,N/A,NO CONTROLS,NONE DETECTED,,7E0CE0EF-BD88-4EC6-86F2-16A7F700140B,No,NO APPARENT INJURY,N/A,NOT DISTRACTED,PA,69C102F0-9FE9-4CA8-B027-0FA5BE093549,FUNCTIONAL,PASSENGER CAR,MOVING CONSTANT SPEED,39.14095,-77.215985,"(39.14095, -77.215985)"
MCP2475001H,16058230,Montgomery County Police,Property Damage Crash,11/11/2016 03:00:00 PM,US (State),COLESVILLE RD,County,SOUTHWOOD AVE,,N/A,,SAME DIRECTION RIGHT TURN,N/A,DRY,DAYLIGHT,NO CONTROLS,UNKNOWN,,01151574-6037-4625-B469-477694D9189E,Yes,NO APPARENT INJURY,N/A,UNKNOWN,,5871D058-BD1A-4AF1-B7D4-2E8B65BFBC84,FUNCTIONAL,(SPORT) UTILITY VEHICLE,CHANGING LANES,39.02603523,-77.01089859,"(39.02603523, -77.01089859)"
MCP1366003N,15057681,MONTGOMERY,Property Damage Crash,11/12/2015 07:32:00 AM,Maryland (State),W MONTGOMERY AVE,Interstate (State),EISENHOWER MEMORIAL HWY,,N/A,,SAME DIR REAR END,CLOUDY,DRY,DAWN,NO CONTROLS,NONE DETECTED,,66053AD4-B4AD-42D7-8873-C3497EABB1CA,No,NO APPARENT INJURY,N/A,NOT DISTRACTED,MD,C4144F02-6EBE-40C9-970F-18913CD06BC4,SUPERFICIAL,POLICE VEHICLE/EMERGENCY,STOPPED IN TRAFFIC LANE,39.24397833,-77.15370667,"(39.24397833, -77.15370667)"
MCP1453002N,16005612,Montgomery County Police,Injury Crash,02/03/2016 08:36:00 AM,Maryland (State),DICKERSON RD,County,MOUTH OF MONOCACY RD,,N/A,,SAME DIR REAR END,RAINING,WET,DAYLIGHT,NO CONTROLS,NONE DETECTED,,3746D994-D5C2-43A6-8072-C6B6182D12F6,Yes,NO APPARENT INJURY,"RAIN, SNOW, WET",NOT DISTRACTED,MD,C1F91B8A-E29F-4896-B67B-4B46F0B9C0E2,DISABLING,TRUCK TRACTOR,SLOWING OR STOPPING,39.22458,-77.42649833,"(39.22458, -77.42649833)"
MCP0619000W,16024241,Montgomery County Police,Injury Crash,05/16/2016 07:49:00 AM,County,GLEN MILL RD,Other Public Roadway,TULIP LA,,N/A,,SAME DIR REAR END,CLEAR,DRY,DAYLIGHT,N/A,N/A,,117BE086-72C7-463B-8596-4AF5C3ADFA21,No,NO APPARENT INJURY,N/A,NOT DISTRACTED,MD,554F4B88-CADB-4460-92A1-ADDA19ADD66C,FUNCTIONAL,PASSENGER CAR,SLOWING OR STOPPING,39.05806667,-77.216595,"(39.05806667, -77.216595)"
MCP9419000R,16054241,Montgomery County Police,Injury Crash,10/21/2016 02:14:00 PM,County,E GUDE DR,County,CRABBS BRANCH WAY,,N/A,,SAME DIR REAR END,RAINING,WET,DAYLIGHT,TRAFFIC SIGNAL,NONE DETECTED,,3ACF040B-0D2E-4CC9-ABE1-4BD789C34E70,No,NO APPARENT INJURY,"N/A, WET",NOT DISTRACTED,MD,B887D741-38F2-4E2F-AAD8-EE6440445312,FUNCTIONAL,PASSENGER CAR,STOPPED IN TRAFFIC LANE,39.11943158,-77.16584444,"(39.11943158, -77.16584444)"
MCP2298008J,16020942,Montgomery County Police,Property Damage Crash,04/28/2016 03:24:00 PM,Other Public Roadway,HENDERSON CORNER RD,Maryland (State),RIDGE RD,,N/A,,SAME DIR REAR END,RAINING,WET,DAYLIGHT,TRAFFIC SIGNAL,NONE DETECTED,,20E86DE6-074F-4311-A0EE-499D2CCE232B,No,NO APPARENT INJURY,"RAIN, SNOW, WET",NOT DISTRACTED,MD,B48CCB80-C976-44F0-9503-6FB20688CD2D,FUNCTIONAL,(SPORT) UTILITY VEHICLE,STOPPED IN TRAFFIC LANE,39.20492667,-77.24311167,"(39.20492667, -77.24311167)"
MCP3039000T,170518313,Montgomery County Police,Property Damage Crash,07/10/2017 04:30:00 PM,Municipality,S PARK AVE,Municipality,THE HILLS PLAZA,,FRIENDSHIP HEIGHTS,,SAME DIR REAR END,CLEAR,DRY,DAYLIGHT,STOP SIGN,NONE DETECTED,,31DD4A6E-AA30-4812-A0B7-4FF5254C696C,No,NO APPARENT INJURY,N/A,NOT DISTRACTED,MD,52FA5264-F5C4-4365-B88A-445D6AB8FBF8,SUPERFICIAL,POLICE VEHICLE/EMERGENCY,PARKED,38.96329333,-77.08838833,"(38.96329333, -77.08838833)"
MCP2737002D,170509506,Montgomery County Police,Property Damage Crash,05/23/2017 10:00:00 PM,County,WICKHAM RD,Maryland (State),OLNEY LAYTONSVILLE RD,,N/A,,SINGLE VEHICLE,RAINING,WET,DARK LIGHTS ON,NO CONTROLS,NONE DETECTED,,40A8B417-C55C-491B-BACD-8035524419A6,Yes,NO APPARENT INJURY,"RAIN, SNOW, WET",UNKNOWN,MD,F87FDDBB-6D3B-48D6-A661-101C6C0AC960,FUNCTIONAL,PASSENGER CAR,ACCELERATING,39.17299167,-77.098475,"(39.17299167, -77.098475)"
MCP2077001C,16060297,Montgomery County Police,Property Damage Crash,11/23/2016 02:51:00 PM,Maryland (State),NEW HAMPSHIRE AVE,County,VITAL WAY,,N/A,,SAME DIRECTION SIDESWIPE,N/A,DRY,DAYLIGHT,NO CONTROLS,UNKNOWN,,7C8F3F5A-22AE-438E-BEB4-52B895047F3D,Yes,NO APPARENT INJURY,N/A,UNKNOWN,MD,8533571B-62A0-455B-AC06-19DCF2DAF09A,SUPERFICIAL,PASSENGER CAR,MOVING CONSTANT SPEED,39.074435,-77.002433,"(39.074435, -77.002433)"
MCP2497000N,17005557,Montgomery County Police,Property Damage Crash,02/01/2017 08:30:00 AM,Maryland (State),DARNESTOWN RD,County,DUFIEF DR,,N/A,,SAME DIRECTION SIDESWIPE,CLOUDY,DRY,DAYLIGHT,NO CONTROLS,UNKNOWN,,99FEF524-1421-412D-B35C-3E69CF7E1A92,Yes,NO APPARENT INJURY,N/A,UNKNOWN,,0DD57941-B5F0-415C-A46A-3A0EA37F55A9,SUPERFICIAL,,MOVING CONSTANT SPEED,39.10648691,-77.23362923,"(39.10648691, -77.23362923)"