Report Number,Local Case Number,Agency Name,ACRS Report Type,Crash Date/Time,Route Type,Road Name,Cross-Street Type,Cross-Street Name,Off-Road Description,Municipality,Related Non-Motorist,Collision Type,Weather,Surface Condition,Light,Traffic Control,Driver Substance Abuse,Non-Motorist Substance Abuse,Person ID,Driver At Fault,Injury Severity,Circumstance,Driver Distracted By,Drivers License State,Vehicle ID,Vehicle Damage Extent,Vehicle Body Type,Vehicle Movement,Latitude,Longitude,Location
MCP2329000C,15007742,Montgomery County Police,Property Damage Crash,02/16/2015 02:14:00 PM,Maryland (State),FREDERICK RD,Municipality,ONEILL DR,,GAITHERSBURG,,SAME DIR REAR END,CLOUDY,DRY,DAYLIGHT,TRAFFIC SIGNAL,NONE DETECTED,,600314D1-B072-4D89-B098-96DA45206A3E,No,NO APPARENT INJURY,N/A,NOT DISTRACTED,MD,4865914C-0C23-4926-B36E-FFF25BF78B9F,SUPERFICIAL,VAN,SLOWING OR STOPPING,39.12479667,-77.18126667,"(39.12479667, -77.18126667)"
DD55940018,15046165,ROCKVILLE,Injury Crash,09/12/2015 12:49:00 PM,Maryland (State),FALLS RD,Ramp,RAMP 3 FR MD 189 EB TO IS 270 NB,,N/A,,SINGLE VEHICLE,RAINING,WET,DAYLIGHT,UNKNOWN,UNKNOWN,,CB3E418C-EE1B-4771-80EC-DAEE28CEE977,Unknown,POSSIBLE INJURY,N/A,UNKNOWN,MA,C2D71B90-B729-4AF2-AF77-CAB52DB4E1A9,DISABLING,PASSENGER CAR,UNKNOWN,39.07507167,-77.16511667,"(39.07507167, -77.16511667)"
MCP1220002G,15041245,MONTGOMERY,Property Damage Crash,08/18/2015 08:54:00 AM,,,,,"Parking Garage #2
8700 Cameron St
Silver Spring, MD 20910",,,HEAD ON,CLEAR,,DAYLIGHT,NO CONTROLS,NONE DETECTED,,3EC1DC97-B95E-41D2-A97E-35B52B37BAD4,No,NO APPARENT INJURY,N/A,NOT DISTRACTED,MD,ECBA4873-E2D2-4DBC-B352-6B38FE6C500A,SUPERFICIAL,POLICE VEHICLE/NON EMERGENCY,STOPPED IN TRAFFIC LANE,38.98951667,-77.02995333,"(38.98951667, -77.02995333)"
MCP2809002H,15056949,MONTGOMERY,Injury Crash,11/08/2015 02:20:00 PM,Maryland (State),VEIRS MILL RD,County,CLARIDGE RD,,N/A,,SAME DIR REAR END,N/A,DRY,DAYLIGHT,TRAFFIC SIGNAL,N/A,,DDA8AFBF-7F7A-4231-B83F-B58282CC5071,No,POSSIBLE INJURY,N/A,NOT DISTRACTED,MD,97452207-FFAF-44A6-BE65-1C1A2DA53F7C,DESTROYED,PASSENGER CAR,STOPPED IN TRAFFIC LANE,39.04861833,-77.06952,"(39.04861833, -77.06952)"
MCP137800BG,16037628,Montgomery County Police,Injury Crash,07/25/2016 12:28:00 PM,Maryland (State),GREAT SENECA HWY,County,DECOVERLY DR,,N/A,,SAME DIR REAR END,CLOUDY,DRY,DAYLIGHT,NO CONTROLS,NONE DETECTED,,81F54045-862E-42C3-9F73-BF13DB855947,Yes,NO APPARENT INJURY,N/A,BY OTHER OCCUPANTS,MD,8ADEA571-F695-4500-BBCF-283F46A089FD,FUNCTIONAL,STATION WAGON,SLOWING OR STOPPING,39.105875,-77.20788673,"(39.105875, -77.20788673)"
MCP28200024,16015500,Montgomery County Police,Injury Crash,03/30/2016 07:34:00 AM,Maryland (State),GEORGIA AVE,County,BEL PRE RD,,N/A,,SAME DIR REAR END,CLEAR,DRY,DAYLIGHT,N/A,NONE DETECTED,,F5367867-FC6A-4B3D-BECC-F2259BDDFAF9,Yes,NO APPARENT INJURY,N/A,NOT DISTRACTED,MD,DA5514B3-449D-4216-A9BA-770442AAA15E,FUNCTIONAL,PASSENGER CAR,SLOWING OR STOPPING,39.09538008,-77.07884431,"(39.09538008, -77.07884431)"
MCP1580006C,16055069,Montgomery County Police,Property Damage Crash,10/26/2016 09:45:00 AM,County,SHADY GROVE RD,Unknown,SPUR TO MD 355,,N/A,,SAME DIR REAR END,CLEAR,DRY,DAYLIGHT,TRAFFIC SIGNAL,NONE DETECTED,,E4EEEE38-5ED6-4A1C-82DD-0391F1D859AF,Yes,NO APPARENT INJURY,N/A,UNKNOWN,MD,6D07F387-E279-462E-937A-3BEACBE8731E,SUPERFICIAL,POLICE VEHICLE/NON EMERGENCY,MAKING RIGHT TURN,39.12269167,-77.17771833,"(39.12269167, -77.17771833)"
MCP23530023,15057917,MONTGOMERY,Injury Crash,11/13/2015 10:53:00 AM,Interstate (State),CABIN JOHN PKWY,County,MACARTHUR BLVD,,N/A,,SAME DIR REAR END,CLEAR,DRY,DAYLIGHT,NO CONTROLS,NONE DETECTED,,EE330E3A-C854-4DCF-8290-EDC6117A5AF4,Yes,NO APPARENT INJURY,N/A,UNKNOWN,MD,63E206A5-7A3B-4F7B-806B-EC36EE460784,DISABLING,STATION WAGON,SLOWING OR STOPPING,38.983415,-77.09292167,"(38.983415, -77.09292167)"
MCP2386000P,15040817,MONTGOMERY,Property Damage Crash,08/15/2015 06:56:00 PM,,,,,PARKING LOT OF 636 UNIVERSITY BLVD E,,,STRAIGHT MOVEMENT ANGLE,CLEAR,,DAYLIGHT,N/A,NONE DETECTED,,7B40A2A8-8C53-47B4-A69B-1B7EF94EEC3E,No,NO APPARENT INJURY,N/A,NOT DISTRACTED,MD,93024B0E-F775-4FAF-9B7F-5229FB550564,DISABLING,(SPORT) UTILITY VEHICLE,MOVING CONSTANT SPEED,39.00038856,-76.99514866,"(39.00038856, -76.99514866)"
MCP2191001L,16064831,Montgomery County Police,Property Damage Crash,12/18/2016 05:51:00 AM,Maryland (State),CONNECTICUT AVE,Ramp,RAMP 7 FR RAMP 2 (FR IS495) TO MD 185 SB,,N/A,,SAME DIR REAR END,CLEAR,WET,DARK LIGHTS ON,N/A,NONE DETECTED,,F7ECE95B-414F-4BE7-880B-C20ACAA7B7C3,No,NO APPARENT INJURY,"N/A, WET",NOT DISTRACTED,MD,1271F578-5271-4165-A18D-8FDA5CAFC9F5,SUPERFICIAL,PASSENGER CAR,STOPPED IN TRAFFIC LANE,39.00636236,-77.07850099,"(39.00636236, -77.07850099)"
MCP28700022,16066789,Montgomery County Police,Property Damage Crash,12/28/2016 03:31:00 PM,,,,,"8610 GREENWOOD AVE. SILVER SPRING, MD (CHICKEN LOCO)",,,OTHER,CLEAR,,DAYLIGHT,N/A,NONE DETECTED,,50C285E5-3B41-4A5D-A5CE-9EB641CC7DB4,Yes,NO APPARENT INJURY,N/A,LOOKED BUT DID NOT SEE,MD,F8592819-A094-4A39-BE95-89045EE4225E,FUNCTIONAL,PASSENGER CAR,ACCELERATING,38.99802,-77.002275,"(38.99802, -77.002275)"
MCP26620015,17011039,Montgomery County Police,Injury Crash,03/02/2017 05:32:00 AM,County,MIDCOUNTY HWY,County,SHADY GROVE RD,,N/A,,SAME DIR REAR END,CLEAR,DRY,DARK LIGHTS ON,TRAFFIC SIGNAL,NONE DETECTED,,3B1A0628-43C3-4367-8CE8-BABA3DE207C7,Yes,NO APPARENT INJURY,N/A,NOT DISTRACTED,MD,6EA31846-425D-4E02-990D-674883411616,NO DAMAGE,"CARGO VAN/LIGHT TRUCK 2 AXLES (OVER 10,000LBS (4,536 KG))",SLOWING OR STOPPING,39.1409307,-77.15217054,"(39.1409307, -77.15217054)"
MCP12050019,15040145,MONTGOMERY,Injury Crash,08/12/2015 10:16:00 AM,County,GLENDALE RD,County,CYPRESS PL,,N/A,PEDESTRIAN,OTHER,CLEAR,DRY,DAYLIGHT,OTHER,NONE DETECTED,NONE DETECTED,5CDC5309-86CD-46CC-8EDC-41AE1B9DFCC6,Yes,NO APPARENT INJURY,N/A,DISTRACTED BY OUTSIDE PERSON OBJECT OR EVENT,MD,DF7DBBFC-C9EA-4031-AC04-D36B4CA3BB25,NO DAMAGE,VAN,STARTING FROM LANE,38.99092866,-77.0732975,"(38.99092866, -77.0732975)"
MCP9442000Y,170515970,Montgomery County Police,Property Damage Crash,06/27/2017 09:59:00 AM,County,WIGHTMAN RD,County,ASPENWOOD LA,,N/A,,HEAD ON LEFT TURN,CLEAR,DRY,DAYLIGHT,NO CONTROLS,N/A,,3FE7FB5E-E397-4181-BC27-94CBE7E9AD02,No,NO APPARENT INJURY,N/A,NOT DISTRACTED,MD,1AAD19A2-AB76-4999-A755-B34780250D81,DISABLING,PASSENGER CAR,MOVING CONSTANT SPEED,39.167925,-77.20516333,"(39.167925, -77.20516333)"
MCP2981000M,16029058,Montgomery County Police,Property Damage Crash,06/09/2016 06:25:00 PM,County,MACARTHUR BLVD,County,WALHONDING RD,,N/A,,SAME DIR REAR END,CLEAR,DRY,DAYLIGHT,STOP SIGN,NONE DETECTED,,7496BEF9-80D4-4D37-A04B-234F9FDD0657,Yes,NO APPARENT INJURY,"N/A, VISION OBSTRUCTION (INCL. BLINDED BY SUN)",LOOKED BUT DID NOT SEE,MD,EB308312-8D33-481A-973F-CE7452B89FDD,FUNCTIONAL,PASSENGER CAR,MAKING LEFT TURN,38.95928167,-77.13159,"(38.95928167, -77.13159)"
DD5598000D,15061388,ROCKVILLE,Property Damage Crash,12/01/2015 05:32:00 PM,Maryland (State),VEIRS MILL RD,Municipality,GAIL AVE,,ROCKVILLE,,SAME DIR REAR END,CLOUDY,WET,DARK LIGHTS ON,NO CONTROLS,N/A,,150BB443-F55C-4903-B422-123B6F31EC2E,No,NO APPARENT INJURY,"N/A, WET",NOT DISTRACTED,MD,FC8A20D1-FE1C-482F-90F4-0CE53D36FF7E,FUNCTIONAL,PASSENGER CAR,SLOWING OR STOPPING,39.07949833,-77.13605333,"(39.07949833, -77.13605333)"
MCP29320015,16051843,Montgomery County Police,Injury Crash,10/08/2016 11:11:00 PM,Maryland (State),GEORGIA AVE,County,GRACE CHURCH RD,,N/A,,SAME DIR REAR END,CLEAR,N/A,DARK LIGHTS ON,N/A,NONE DETECTED,,E943A8E3-9868-498E-B16A-63E20DDD0FFB,No,NO APPARENT INJURY,N/A,NOT DISTRACTED,NJ,BDBC2975-A0E1-4FA8-98ED-AC250C68C15E,SUPERFICIAL,PASSENGER CAR,SLOWING OR STOPPING,39.00561201,-77.03834295,"(39.00561201, -77.03834295)"
MCP29420024,16062284,Montgomery County Police,Injury Crash,12/04/2016 04:11:00 PM,Maryland (State),RIVER RD,County,SPRINGFIELD DR,,N/A,,HEAD ON LEFT TURN,CLEAR,DRY,DUSK,TRAFFIC SIGNAL,NONE DETECTED,,F3ED7D3C-35FA-4BA2-A98F-022722B7EB71,No,SUSPECTED MINOR INJURY,N/A,NOT DISTRACTED,MD,6D41ED46-0EC0-4F8D-8BB6-005282DC51DF,DESTROYED,PASSENGER CAR,MOVING CONSTANT SPEED,38.96977833,-77.11214,"(38.96977833, -77.11214)"
MCP2475000T,15056999,MONTGOMERY,Property Damage Crash,11/08/2015 07:37:00 PM,Maryland (State),NEW HAMPSHIRE AVE,County,RUPPERT RD,,N/A,,SAME DIRECTION RIGHT TURN,CLEAR,DRY,DARK LIGHTS ON,NO CONTROLS,NONE DETECTED,,A6FA809A-D897-4C5B-85EA-50DF4D7F99E7,Yes,NO APPARENT INJURY,N/A,NOT DISTRACTED,MD,22D12161-DB82-4F5A-99C9-EE1CC896EC15,SUPERFICIAL,PASSENGER CAR,CHANGING LANES,39.03195833,-76.98468,"(39.03195833, -76.98468)"
EJ7809000T,16035790,Gaithersburg Police Depar,Property Damage Crash,07/14/2016 10:52:00 PM,Maryland (State),W DIAMOND AVE,Ramp,RAMP 6 FR MD 117 EB TO IS 270 SB,,N/A,,OTHER,CLEAR,N/A,DARK LIGHTS ON,NO CONTROLS,NONE DETECTED,,7FA46585-90CE-493B-A29D-EDE4D4D0DA84,No,NO APPARENT INJURY,N/A,NOT DISTRACTED,MD,4BEBCDFC-FFD3-4652-8A0B-B366C06558CD,FUNCTIONAL,PASSENGER CAR,MOVING CONSTANT SPEED,39.14060825,-77.21412957,"(39.14060825, -77.21412957)"
EJ7866000M,16066923,Gaithersburg Police Depar,Injury Crash,12/29/2016 10:39:00 AM,Interstate (State),EISENHOWER MEMORIAL HWY,Ramp,RAMP 1 FR IS 270 NB TO IS 370 WB,,N/A,,SINGLE VEHICLE,CLOUDY,OIL,DAYLIGHT,NO CONTROLS,NONE DETECTED,,81F005CD-6F65-4B74-A9AD-B00FAC7EBBA5,Yes,POSSIBLE INJURY,"N/A, WET",UNKNOWN,MD,DD10A1C4-138D-428C-B3B4-8A53D2FF44CB,FUNCTIONAL,(SPORT) UTILITY VEHICLE,MOVING CONSTANT SPEED,39.11997262,-77.1953702,"(39.11997262, -77.1953702)"
MCP23960025,170512903,Montgomery County Police,Property Damage Crash,06/10/2017 01:52:00 PM,Maryland (State),NORBECK RD,Maryland (State),GEORGIA AVE,,N/A,,SAME DIR REAR END,CLEAR,DRY,DAYLIGHT,N/A,UNKNOWN,,53C41A02-82F9-4B9E-A569-CF2431716041,Yes,NO APPARENT INJURY,N/A,UNKNOWN,VA,4FD0D37A-FF28-454F-A490-D27D8FB90390,UNKNOWN,PASSENGER CAR,STARTING FROM LANE,39.1095131,-77.07576245,"(39.1095131, -77.07576245)"
DD56150015,15065938,ROCKVILLE,Property Damage Crash,12/24/2015 10:15:00 AM,Interstate (State),EISENHOWER MEMORIAL HWY,Ramp,RAMP 4 FR IS 270 NB TO MD 189 EB,,N/A,,SAME DIR REAR END,CLOUDY,WET,DAYLIGHT,YIELD SIGN,NONE DETECTED,,7945A5B6-DD9A-4E0C-8788-3CA45F475349,Yes,NO APPARENT INJURY,"RAIN, SNOW, WET",NOT DISTRACTED,VA,6A903203-EA14-43FE-9F1F-0E7305AFCC63,DISABLING,PASSENGER CAR,SLOWING OR STOPPING,39.07312367,-77.16557756,"(39.07312367, -77.16557756)"
MCP2987000M,16017342,Montgomery County Police,Property Damage Crash,04/09/2016 11:17:00 AM,Maryland (State),UNIVERSITY BLVD E,County,E FRANKLIN AVE,,N/A,,SAME DIR REAR END,CLEAR,WET,DAYLIGHT,TRAFFIC SIGNAL,NONE DETECTED,,566A38C9-8E89-4699-8801-008711B455F1,No,NO APPARENT INJURY,N/A,NOT DISTRACTED,MD,43414F5C-A134-478A-8464-19DD591A9AEF,SUPERFICIAL,(SPORT) UTILITY VEHICLE,STOPPED IN TRAFFIC LANE,39.01194167,-77.003185,"(39.01194167, -77.003185)"
MCP2000000M,170519881,Montgomery County Police,Property Damage Crash,07/12/2017 11:45:00 PM,,,,,PARKING LOT AT 9801 BETHESDA CHURCH RD,,,OTHER,CLEAR,,DARK LIGHTS ON,N/A,N/A,,907DF4A1-5298-4F03-821E-33CAE639A34D,Yes,NO APPARENT INJURY,N/A,INATTENTIVE OR LOST IN THOUGHT,MD,AD770200-7D1B-4BA0-861F-81866865C57F,SUPERFICIAL,POLICE VEHICLE/EMERGENCY,BACKING,39.28412833,-77.20312833,"(39.28412833, -77.20312833)"
MCP1453001P,15042572,MONTGOMERY,Injury Crash,08/25/2015 10:56:00 AM,Maryland (State),BARNESVILLE RD,Unknown,SPUR FR MD 117 TO MD 117,,N/A,,SINGLE VEHICLE,CLEAR,DRY,DAYLIGHT,NO CONTROLS,NONE DETECTED,,F2E00D2E-8A29-40AE-976B-B58AEC711872,Yes,SUSPECTED MINOR INJURY,N/A,INATTENTIVE OR LOST IN THOUGHT,MD,83DC3AD4-EAF4-4B70-B481-3223FA53E897,DISABLING,MOTORCYCLE,MOVING CONSTANT SPEED,39.18463167,-77.31393167,"(39.18463167, -77.31393167)"
MCP1022007L,170520152,Montgomery County Police,Property Damage Crash,07/20/2017 11:48:00 AM,County,MUNCASTER RD,County,ANNAMARIE CT,,N/A,,SINGLE VEHICLE,CLEAR,DRY,DAYLIGHT,NO CONTROLS,NONE DETECTED,,038A3447-B864-441C-96D2-2C406C9DB658,Yes,NO APPARENT INJURY,N/A,NOT DISTRACTED,MD,9DC20376-785C-41D5-A15E-618B3651F0E4,DISABLING,PASSENGER CAR,MOVING CONSTANT SPEED,39.16879333,-77.11685333,"(39.16879333, -77.11685333)"
MCP29950013,16057625,Montgomery County Police,Property Damage Crash,11/08/2016 03:14:00 PM,,,,,12222 VEIRS MILL RD (RITE AID),,,SINGLE VEHICLE,CLEAR,,DAYLIGHT,NO CONTROLS,NONE DETECTED,,071FA441-5504-476D-9655-FDB80DD8B64E,Yes,NO APPARENT INJURY,N/A,NOT DISTRACTED,MD,C9AF690A-53FE-4D62-845C-536410E4CB02,DISABLING,PASSENGER CAR,ACCELERATING,39.05676,-77.08421667,"(39.05676, -77.08421667)"
EJ7863000H,16051802,Gaithersburg Police Depar,Injury Crash,10/08/2016 05:18:00 PM,County,GAME PRESERVE RD,Unknown,R/R #CSX 140 513 J,,N/A,,HEAD ON,CLEAR,WET,DUSK,N/A,NONE DETECTED,,63A870AD-854B-4AAE-A585-6B2009166271,Yes,NO APPARENT INJURY,"N/A, WET",LOOKED BUT DID NOT SEE,MD,96DA3F0E-5F57-4E2A-8702-AB1C36DCC9A4,SUPERFICIAL,PASSENGER CAR,MOVING CONSTANT SPEED,39.158385,-77.23957,"(39.158385, -77.23957)"
MCP2961001J,16056962,Montgomery County Police,Property Damage Crash,11/04/2016 07:53:00 PM,Maryland (State),VEIRS MILL RD,Maryland (State),CONNECTICUT AVE,,N/A,,STRAIGHT MOVEMENT ANGLE,CLEAR,DRY,DARK LIGHTS ON,TRAFFIC SIGNAL,NONE DETECTED,,2736E97B-55A4-495E-8E8B-6E571150B58C,No,NO APPARENT INJURY,N/A,UNKNOWN,MD,B1FA48A8-2F69-4B25-BDF0-E8F0A8E58BFF,SUPERFICIAL,PASSENGER CAR,ACCELERATING,39.05096667,-77.073945,"(39.05096667, -77.073945)"
EJ7866001C,170506275,Gaithersburg Police Depar,Property Damage Crash,05/06/2017 12:11:00 PM,,,,,PARKING LOT,,,OTHER,N/A,,DAYLIGHT,NO CONTROLS,UNKNOWN,,559FC0B9-40F2-4EDA-B181-BF6D07775D78,Yes,NO APPARENT INJURY,N/A,UNKNOWN,,18F680A2-6750-44CB-B85D-173C1887A8D9,SUPERFICIAL,,BACKING,39.14111333,-77.18459167,"(39.14111333, -77.18459167)"
MCP2212000W,15001039,Montgomery County Police,Injury Crash,01/07/2015 12:18:00 PM,Other Public Roadway,TECH RD,County,OLD COLUMBIA PIKE,,N/A,,STRAIGHT MOVEMENT ANGLE,CLEAR,SNOW,DAYLIGHT,NO CONTROLS,NONE DETECTED,,FCAD5A71-8F8C-42E8-8390-753DC3F26195,No,NO APPARENT INJURY,N/A,NOT DISTRACTED,MD,AB61BE29-6D6A-4CA8-B32F-E66E95D491AA,DISABLING,PASSENGER CAR,MOVING CONSTANT SPEED,39.057385,-76.96821833,"(39.057385, -76.96821833)"
EJ7851001R,16054915,Gaithersburg Police Depar,Property Damage Crash,10/25/2016 01:16:00 PM,Municipality,FIRSTFIELD RD,Maryland (State),CLOPPER RD,,N/A,,STRAIGHT MOVEMENT ANGLE,CLEAR,DRY,DAYLIGHT,STOP SIGN,NONE DETECTED,,1B47342E-BD91-48C1-AAF9-94BCBF7B13C2,Yes,NO APPARENT INJURY,N/A,LOOKED BUT DID NOT SEE,MD,37177438-6F7F-4285-9D6C-AD144567552C,DISABLING,PASSENGER CAR,ACCELERATING,39.14493934,-77.22281456,"(39.14493934, -77.22281456)"
MCP2857001T,170513282,Montgomery County Police,Property Damage Crash,06/12/2017 06:27:00 PM,Maryland (State),DARNESTOWN RD,Maryland (State),QUINCE ORCHARD RD,,N/A,,OTHER,CLEAR,DRY,DAYLIGHT,TRAFFIC SIGNAL,NONE DETECTED,,8AE3CC6A-B94D-49B0-BA80-25AC81376E1F,No,NO APPARENT INJURY,N/A,NOT DISTRACTED,MD,52A7FEC0-636E-4031-AE84-D69D7D59023F,DISABLING,PASSENGER CAR,STARTING FROM LANE,39.11781987,-77.25295052,"(39.11781987, -77.25295052)"
MCP2940000Y,16057415,Montgomery County Police,Injury Crash,11/07/2016 01:35:00 PM,Maryland (State),OLD GEORGETOWN RD,County,BEECH AVE,,N/A,,HEAD ON LEFT TURN,CLEAR,DRY,DAYLIGHT,TRAFFIC SIGNAL,NONE DETECTED,,460EFA3D-D974-4EE8-AA7A-A324DCEA1AB6,Yes,SUSPECTED SERIOUS INJURY,N/A,NOT DISTRACTED,MD,D721900F-11FB-4C7A-A72A-AFCBA7DBB7D7,DISABLING,PASSENGER CAR,MAKING LEFT TURN,39.01011396,-77.11471081,"(39.01011396, -77.11471081)"
MCP2889001H,16013431,MONTGOMERY,Property Damage Crash,03/18/2016 07:00:00 PM,Maryland (State),GEORGIA AVE,County,WINDHAM LA,,N/A,,HEAD ON LEFT TURN,CLEAR,DRY,DAYLIGHT,TRAFFIC SIGNAL,NONE DETECTED,,AC7A34CD-4C9F-4F5D-9AF0-DD2594DF85BB,Yes,NO APPARENT INJURY,N/A,LOOKED BUT DID NOT SEE,DC,90EA23CA-DEC5-4CD6-A7E3-B80BC2F34554,DISABLING,PASSENGER CAR,MAKING LEFT TURN,39.032065,-77.04868667,"(39.032065, -77.04868667)"
EJ7809000L,15035678,GAITHERSBURG,Injury Crash,07/20/2015 09:15:00 AM,Maryland (State),S FREDERICK RD,Municipality,CEDAR AVE,,GAITHERSBURG,,SAME DIRECTION RIGHT TURN,CLEAR,DRY,DAYLIGHT,NO CONTROLS,NONE DETECTED,,06F7A2B6-396D-4345-B150-6D0D28769514,No,SUSPECTED MINOR INJURY,N/A,NOT DISTRACTED,MD,F78BAB96-7CD7-4DCC-895E-6365894A40B0,DISABLING,PASSENGER CAR,MOVING CONSTANT SPEED,39.13984685,-77.19655037,"(39.13984685, -77.19655037)"
MCP9406001J,170510076,Montgomery County Police,Injury Crash,05/26/2017 07:11:00 PM,County,RANDOLPH RD,County,SELFRIDGE RD,,N/A,,HEAD ON LEFT TURN,CLEAR,DRY,DAYLIGHT,TRAFFIC SIGNAL,NONE DETECTED,,3DA54B85-2E7B-4D89-8B7B-B152E9F3CE5A,No,SUSPECTED MINOR INJURY,N/A,NOT DISTRACTED,MD,319B01B4-3832-4E2F-860B-333C26691218,DISABLING,PASSENGER CAR,MOVING CONSTANT SPEED,39.05519333,-77.08388833,"(39.05519333, -77.08388833)"
MCP1119002W,16052109,Montgomery County Police,Property Damage Crash,10/10/2016 03:50:00 PM,County,COPLEY LA,Maryland (State),NEW HAMPSHIRE AVE,,N/A,,OTHER,CLEAR,DRY,DAYLIGHT,NO CONTROLS,NONE DETECTED,,B6964344-DF93-4544-96CF-8E754E8B1F1B,Yes,NO APPARENT INJURY,N/A,NOT DISTRACTED,MD,5CDB8D21-ECF6-498C-B6F1-B981B42A3525,SUPERFICIAL,SCHOOL BUS,STOPPED IN TRAFFIC LANE,39.07901333,-76.99915,"(39.07901333, -76.99915)"
MCP3005001Q,17005352,Montgomery County Police,Property Damage Crash,01/31/2017 08:05:00 AM,Maryland (State),UNIVERSITY BLVD W,County,CADDINGTON AVE,,N/A,,SAME DIR REAR END,CLEAR,DRY,DAYLIGHT,TRAFFIC SIGNAL,NONE DETECTED,,C843E8FE-EDD5-420F-BC10-E15E07E3D246,Yes,NO APPARENT INJURY,N/A,INATTENTIVE OR LOST IN THOUGHT,MD,7DB6C851-9F31-4BA6-A64D-D1F370C94C37,DISABLING,PASSENGER CAR,SLOWING OR STOPPING,39.033035,-77.02330167,"(39.033035, -77.02330167)"
MCP1550002H,16058861,Montgomery County Police,Property Damage Crash,11/15/2016 03:04:00 PM,County,WHITTIER BLVD,County,LENOX RD,,N/A,,STRAIGHT MOVEMENT ANGLE,CLEAR,DRY,DAYLIGHT,STOP SIGN,NONE DETECTED,,3EAE2D81-8A32-4921-B45D-0D4A1D4DD8C6,No,NO APPARENT INJURY,N/A,NOT DISTRACTED,MD,6BAD77DC-7921-463B-972D-E758C6D4C75D,DISABLING,PASSENGER CAR,MOVING CONSTANT SPEED,38.97960333,-77.12463333,"(38.97960333, -77.12463333)"
MCP2641000C,15061887,MONTGOMERY,Injury Crash,12/04/2015 05:01:00 AM,Maryland (State),GERMANTOWN RD,County,DAWSON FARM RD,,N/A,,STRAIGHT MOVEMENT ANGLE,CLEAR,DRY,DARK LIGHTS ON,FLASHING TRAFFIC SIGNAL,NONE DETECTED,,FAB881DE-B451-448D-AC2A-878DFC08FF7B,No,NO APPARENT INJURY,N/A,NOT DISTRACTED,MD,71202E99-A44B-45F5-9CB1-92E3FC58A822,SUPERFICIAL,PICKUP TRUCK,STOPPED IN TRAFFIC LANE,39.17144431,-77.27723122,"(39.17144431, -77.27723122)"
MCP2904001X,16014072,MONTGOMERY,Property Damage Crash,03/22/2016 05:06:00 PM,Maryland (State),NEW HAMPSHIRE AVE,County,POWDER MILL RD,,N/A,,SAME DIRECTION LEFT TURN,CLEAR,DRY,DAYLIGHT,NO CONTROLS,NONE DETECTED,,039468E3-87D8-4FF9-A010-108EA3C0DDE5,Yes,NO APPARENT INJURY,N/A,NOT DISTRACTED,MD,94B195E4-162C-4ABA-8909-E4FDE3621FE0,FUNCTIONAL,PASSENGER CAR,MOVING CONSTANT SPEED,39.01975,-76.97662667,"(39.01975, -76.97662667)"
MCP2116001N,15008211,Montgomery County Police,Injury Crash,02/19/2015 02:48:00 PM,Maryland (State),FREDERICK RD,County,INDIANOLA DR,,N/A,,SAME DIR REAR END,CLEAR,DRY,DAYLIGHT,TRAFFIC SIGNAL,NONE DETECTED,,2DFC6D5D-B67D-4DE8-AEE0-B6F3553F46E7,Yes,NO APPARENT INJURY,N/A,UNKNOWN,MD,65B1A72C-C8BD-4A28-8617-B7BBA0F8EDCD,DISABLING,PASSENGER CAR,MOVING CONSTANT SPEED,39.112291,-77.161846,"(39.112291, -77.161846)"
MCP2348001X,16044693,Montgomery County Police,Property Damage Crash,09/01/2016 04:35:00 PM,Maryland (State),VEIRS MILL RD,Maryland (State),UNIVERSITY BLVD W,,N/A,,SAME DIRECTION SIDESWIPE,CLEAR,DRY,DAYLIGHT,TRAFFIC SIGNAL,NONE DETECTED,,092FE115-D1DC-4D17-BAD5-960E86298200,No,NO APPARENT INJURY,N/A,NOT DISTRACTED,MD,1CCFBB8B-DFD7-4DF7-96EC-B9B76B9E203B,SUPERFICIAL,TRANSIT BUS,MOVING CONSTANT SPEED,39.04034333,-77.056305,"(39.04034333, -77.056305)"
MCP2750002H,170507924,Montgomery County Police,Property Damage Crash,05/15/2017 05:11:00 PM,County,INWOOD AVE,County,WINDHAM LA,,N/A,,SAME DIR REAR END,CLEAR,DRY,DAYLIGHT,STOP SIGN,NONE DETECTED,,30E9DCA8-53DB-4260-B30A-C336A47A084C,Yes,NO APPARENT INJURY,N/A,NOT DISTRACTED,MD,1ECD4904-7DFE-4A28-B250-48CE8416DC64,DISABLING,PASSENGER CAR,SLOWING OR STOPPING,39.03196667,-77.03583167,"(39.03196667, -77.03583167)"
MCP2198001N,16009982,Montgomery County Police,Property Damage Crash,02/28/2016 09:15:00 PM,,,,,PARKING LOT OF 311 KENTLANDS BLVD.,,,OTHER,CLEAR,,DARK LIGHTS ON,N/A,ALCOHOL PRESENT,,A725A5E4-CA6B-4E5C-8946-CE38D4F58931,Yes,NO APPARENT INJURY,N/A,NOT DISTRACTED,MD,776CA771-3134-4D72-BE17-9714B6A2FBBB,NO DAMAGE,PICKUP TRUCK,BACKING,39.12386801,-77.23841429,"(39.12386801, -77.23841429)"