Report Number,Local Case Number,Agency Name,ACRS Report Type,Crash Date/Time,Route Type,Road Name,Cross-Street Type,Cross-Street Name,Off-Road Description,Municipality,Related Non-Motorist,Collision Type,Weather,Surface Condition,Light,Traffic Control,Driver Substance Abuse,Non-Motorist Substance Abuse,Person ID,Driver At Fault,Injury Severity,Circumstance,Driver Distracted By,Drivers License State,Vehicle ID,Vehicle Damage Extent,Vehicle Body Type,Vehicle Movement,Latitude,Longitude,Location
DD56140021,17005561,Rockville Police Departme,Property Damage Crash,02/01/2017 09:36:00 AM,Maryland (State),ROCKVILLE PIKE,Municipality,TWINBROOK PKWY,,ROCKVILLE,,STRAIGHT MOVEMENT ANGLE,CLOUDY,DRY,DAYLIGHT,TRAFFIC SIGNAL,NONE DETECTED,,AD447AA1-03CF-4CFB-AED3-95980BE7FAD4,No,NO APPARENT INJURY,N/A,NOT DISTRACTED,MD,34C4CB78-8C81-47E9-BEED-C5F9F86D6FC9,DISABLING,PASSENGER CAR,MOVING CONSTANT SPEED,39.0588157,-77.12126344,"(39.0588157, -77.12126344)"
MCP2388000J,15057165,MONTGOMERY,Property Damage Crash,11/09/2015 05:14:00 PM,Maryland (State),ROCKVILLE PIKE,Unknown,ENT TO CONGRESSIONAL NORTH SHOP CTR,,N/A,,HEAD ON LEFT TURN,RAINING,WET,DARK LIGHTS ON,N/A,NONE DETECTED,,9C9D36EE-58D6-466E-BE9E-1B37088FD743,Yes,NO APPARENT INJURY,N/A,NOT DISTRACTED,MD,4ECF7EC3-1499-4BF3-B475-32D312DEFE42,DISABLING,PASSENGER CAR,MAKING LEFT TURN,39.0629,-77.12562167,"(39.0629, -77.12562167)"
DD55830011,15062554,ROCKVILLE,Property Damage Crash,12/07/2015 06:50:00 PM,,,,,"BUS DEPOT ROCKVILLE METRO, STONESTREET AVE SIDE, ADDRESS 250 ROCKVILLE PIKE",,,OTHER,N/A,,DARK LIGHTS ON,NO CONTROLS,NONE DETECTED,,7E332E56-207A-4C9A-B57D-F09514CD4A4E,Yes,NO APPARENT INJURY,N/A,NOT DISTRACTED,MD,CA5AE0BB-9484-49F8-B26B-E34A64C2771A,SUPERFICIAL,TRANSIT BUS,NEGOTIATING A CURVE,39.08515424,-77.14659691,"(39.08515424, -77.14659691)"
MCP29520032,17006497,Montgomery County Police,Injury Crash,02/06/2017 03:25:00 PM,County,ECCLESTON ST,County,BRUNSWICK AVE,,N/A,,STRAIGHT MOVEMENT ANGLE,CLEAR,DRY,DAYLIGHT,STOP SIGN,NONE DETECTED,,59A50C50-8EA7-490E-A8D5-AF9166F76BC1,No,POSSIBLE INJURY,N/A,NOT DISTRACTED,MD,7AD2906F-E479-498B-B8E6-1645A686884E,FUNCTIONAL,(SPORT) UTILITY VEHICLE,MOVING CONSTANT SPEED,39.02306798,-77.05442548,"(39.02306798, -77.05442548)"
MCP2991001C,16057222,Montgomery County Police,Property Damage Crash,11/06/2016 09:39:00 AM,Maryland (State),GEORGIA AVE,County,EMORY LA,,N/A,,SAME DIR REAR END,CLEAR,DRY,DAYLIGHT,NO CONTROLS,NONE DETECTED,,3CAC485E-FBDC-40FA-BC2C-FCF18D5C0CE6,Yes,NO APPARENT INJURY,N/A,OTHER ELECTRONIC DEVICE (NAVIGATIONAL PALM PILOT),MD,7B456F20-AC18-4BED-8F67-AC9020B568CF,DISABLING,PASSENGER CAR,MOVING CONSTANT SPEED,39.12726167,-77.07202333,"(39.12726167, -77.07202333)"
MCP2875002H,16065387,Montgomery County Police,Property Damage Crash,12/21/2016 05:22:00 AM,County,WATKINS MILL RD,Unknown,END ROUNDABOUT,,N/A,,SINGLE VEHICLE,CLEAR,DRY,DARK LIGHTS ON,N/A,ALCOHOL PRESENT,,7AA488D8-9DEB-4FA6-A96D-397BD5B64B1D,Yes,NO APPARENT INJURY,N/A,UNKNOWN,MD,209D5782-A35B-4EB4-9ABA-29DAAADD72A7,DISABLING,PASSENGER CAR,NEGOTIATING A CURVE,39.190395,-77.22432333,"(39.190395, -77.22432333)"
MCP2565003C,16058675,Montgomery County Police,Property Damage Crash,11/14/2016 03:42:00 PM,Maryland (State),CONNECTICUT AVE,Maryland (State),PLYERS MILL RD,,N/A,,SAME DIR REAR END,CLEAR,DRY,DAYLIGHT,NO CONTROLS,UNKNOWN,,6F0F3B77-66F2-4C7F-A1BF-A72B7D07DCAC,Yes,NO APPARENT INJURY,N/A,UNKNOWN,,F7690095-9C4B-433E-B1BB-B2302024FAED,UNKNOWN,PICKUP TRUCK,SLOWING OR STOPPING,39.02963577,-77.07582951,"(39.02963577, -77.07582951)"
MCP1334005F,170530354,Montgomery County Police,Injury Crash,09/13/2017 03:09:00 PM,Maryland (State),QUINCE ORCHARD RD,Municipality,TWIN LAKES DR,,GAITHERSBURG,,STRAIGHT MOVEMENT ANGLE,CLOUDY,DRY,DAYLIGHT,TRAFFIC SIGNAL,NONE DETECTED,,281CEE32-FDD7-4BA8-9353-5B7236F0D094,No,POSSIBLE INJURY,N/A,NOT DISTRACTED,MD,6709CBB7-FD86-41D4-9485-5AA6464B338D,DISABLING,PASSENGER CAR,MOVING CONSTANT SPEED,39.129125,-77.230555,"(39.129125, -77.230555)"
MCP2829002D,16052203,Montgomery County Police,Injury Crash,10/11/2016 02:15:00 AM,County,FENTON ST,County,ELLSWORTH DR,,N/A,,SINGLE VEHICLE,N/A,DRY,DARK LIGHTS ON,FLASHING TRAFFIC SIGNAL,NONE DETECTED,,A9D17EF9-FDD9-4038-BD95-81B4AF6E63F6,Yes,SUSPECTED MINOR INJURY,N/A,NOT DISTRACTED,MD,B00942AD-C734-49FE-9271-E7D1EC1601B0,SUPERFICIAL,MOTORCYCLE,MAKING LEFT TURN,38.99691333,-77.02552667,"(38.99691333, -77.02552667)"
MCP2679000X,15039563,MONTGOMERY,Injury Crash,08/09/2015 03:55:00 AM,Maryland (State),GEORGIA AVE,Maryland (State),FOREST GLEN RD,,N/A,,SAME DIR REAR END,CLEAR,DRY,DARK LIGHTS ON,TRAFFIC SIGNAL,ALCOHOL CONTRIBUTED,,DDB0C11B-9959-47E5-AD89-1171B1001C9E,Yes,NO APPARENT INJURY,N/A,NOT DISTRACTED,MD,6EC80217-9C87-41F9-BB0A-F6D8F372E739,DISABLING,PASSENGER CAR,SLOWING OR STOPPING,39.013905,-77.01642,"(39.013905, -77.01642)"
MCP1595000L,16055867,Montgomery County Police,Property Damage Crash,10/30/2016 04:26:00 AM,Maryland (State),UNIVERSITY BLVD W,County,KERWIN RD,,N/A,,SINGLE VEHICLE,CLEAR,DRY,DARK LIGHTS ON,NO CONTROLS,UNKNOWN,,6BE5A973-CF0C-43F8-8AC7-712166AD7981,Yes,NO APPARENT INJURY,N/A,UNKNOWN,,F763C745-F948-4D45-AE4F-1BCFDCCE1E74,DISABLING,(SPORT) UTILITY VEHICLE,UNKNOWN,39.02736462,-77.02028096,"(39.02736462, -77.02028096)"
MCP2973000L,15046838,MONTGOMERY,Property Damage Crash,09/16/2015 08:23:00 AM,Maryland (State),CONNECTICUT AVE,County,ASPEN HILL RD,,N/A,,SAME DIR REAR END,CLEAR,DRY,DAYLIGHT,TRAFFIC SIGNAL,NONE DETECTED,,7D6A24E9-F388-42AB-86CC-C60CFBEC48F6,No,NO APPARENT INJURY,N/A,NOT DISTRACTED,MD,F2665461-E393-460E-8A68-5D77CC897748,NO DAMAGE,PASSENGER CAR,SLOWING OR STOPPING,39.08028438,-77.08036512,"(39.08028438, -77.08036512)"
MCP2776000N,15000368,Montgomery County Police,Injury Crash,01/03/2015 01:05:00 AM,Maryland (State),ASHTON RD,Maryland (State),NEW HAMPSHIRE AVE,,N/A,,STRAIGHT MOVEMENT ANGLE,CLEAR,DRY,DARK LIGHTS ON,FLASHING TRAFFIC SIGNAL,NONE DETECTED,,944838DA-D62F-4272-A2E5-59D9AF69ED2D,No,SUSPECTED MINOR INJURY,N/A,NOT DISTRACTED,MD,CF14F69F-1D3D-4123-A2AC-AD1DF2CD0E67,DISABLING,PASSENGER CAR,MOVING CONSTANT SPEED,39.14939833,-77.01228333,"(39.14939833, -77.01228333)"
MCP23960021,170502720,Montgomery County Police,Injury Crash,04/18/2017 07:55:00 AM,County,GLENALLAN AVE,Maryland (State),LAYHILL RD,,N/A,,SAME DIRECTION SIDESWIPE,CLEAR,DRY,DAYLIGHT,NO CONTROLS,NONE DETECTED,,A1854A74-AC5B-4404-9FCC-382A587EE322,No,POSSIBLE INJURY,N/A,NOT DISTRACTED,MD,DC7589D1-AA90-4D06-96A7-720204059005,SUPERFICIAL,PASSENGER CAR,MOVING CONSTANT SPEED,39.06375167,-77.051865,"(39.06375167, -77.051865)"
MCP2867001M,15046427,MONTGOMERY,Property Damage Crash,09/14/2015 08:17:00 AM,US (State),COLESVILLE RD,County,LANARK WAY,,N/A,,SAME DIR REAR END,N/A,DRY,N/A,N/A,NONE DETECTED,,57D6BA74-2320-45E5-9C8A-EBEFF3C8894C,Yes,NO APPARENT INJURY,N/A,NOT DISTRACTED,MD,DB3F901B-226A-4E94-9916-71F4B54C1A41,SUPERFICIAL,PASSENGER CAR,SLOWING OR STOPPING,39.01838667,-77.01476833,"(39.01838667, -77.01476833)"
MCP28480042,17013935,Montgomery County Police,Property Damage Crash,03/18/2017 02:47:00 PM,,,,,7111 DEMOCRACY BLVD (NORDSTORM'S PARKING GARAGE),,,STRAIGHT MOVEMENT ANGLE,N/A,,DAYLIGHT,STOP SIGN,NONE DETECTED,,93DE129F-B6D0-4828-89F2-B7DEE9ED052D,Yes,NO APPARENT INJURY,N/A,LOOKED BUT DID NOT SEE,MD,108C6F01-C19B-454A-9999-FCA82A909EE2,FUNCTIONAL,PASSENGER CAR,STARTING FROM LANE,39.02360683,-77.14405283,"(39.02360683, -77.14405283)"
MCP1022006Q,17015596,Montgomery County Police,Injury Crash,03/27/2017 01:47:00 PM,Maryland (State),FREDERICK RD,County,GUNNERS BRANCH RD,,N/A,,STRAIGHT MOVEMENT ANGLE,CLEAR,DRY,DAYLIGHT,STOP SIGN,NONE DETECTED,,8D5D4588-A47F-466C-8F3F-6B11B19B80CD,Yes,POSSIBLE INJURY,N/A,NOT DISTRACTED,MD,5BAAB013-9E8B-426D-AC6B-BAEC6B51967B,SUPERFICIAL,PICKUP TRUCK,MAKING RIGHT TURN,39.17878167,-77.23872333,"(39.17878167, -77.23872333)"
MCP2962000N,16007614,Montgomery County Police,Injury Crash,02/14/2016 10:00:00 PM,Maryland (State),CLOPPER RD,County,WARING STATION RD,,N/A,,ANGLE MEETS LEFT TURN,CLOUDY,DRY,DARK LIGHTS ON,TRAFFIC SIGNAL,NONE DETECTED,,873593F1-7064-417B-9D11-8BEBBFEC1126,No,SUSPECTED MINOR INJURY,N/A,NOT DISTRACTED,MD,9AF3259A-AE31-4106-9311-6E7779849A98,FUNCTIONAL,"OTHER LIGHT TRUCKS (10,000LBS (4,536KG) OR LESS)",MAKING LEFT TURN,39.154253,-77.25388,"(39.154253, -77.25388)"
MCP1555001L,170500295,Montgomery County Police,Property Damage Crash,04/04/2017 07:56:00 AM,County,LOCKWOOD DR,Maryland (State),NEW HAMPSHIRE AVE,,N/A,,HEAD ON,CLOUDY,DRY,DAYLIGHT,NO CONTROLS,N/A,,020DC2DB-18FB-44F6-BACD-B73C40C88433,Yes,NO APPARENT INJURY,N/A,NOT DISTRACTED,MD,BE65A279-D214-402A-84A3-BC602E15A49D,SUPERFICIAL,PASSENGER CAR,MOVING CONSTANT SPEED,39.04055297,-76.988765,"(39.04055297, -76.988765)"
MCP2198002J,170507461,Montgomery County Police,Property Damage Crash,05/12/2017 07:43:00 PM,County,SAM EIG HWY,Unknown,SPUR TO MD 119,,N/A,,SAME DIR REAR END,RAINING,WET,DAYLIGHT,TRAFFIC SIGNAL,N/A,,68E3CE64-CDB8-41A9-A396-E5B8DC7AF3D7,No,NO APPARENT INJURY,"RAIN, SNOW, WET",NOT DISTRACTED,MD,922F9FE7-87CE-4E93-BE0A-C4BB1EF94A71,FUNCTIONAL,PASSENGER CAR,SLOWING OR STOPPING,39.10924333,-77.2127,"(39.10924333, -77.2127)"
MCP2348002F,17012263,Montgomery County Police,Property Damage Crash,03/08/2017 05:49:00 PM,Other Public Roadway,GLENMONT CIR #1,County,RANDOLPH RD,,N/A,,STRAIGHT MOVEMENT ANGLE,CLEAR,DRY,DAYLIGHT,NO CONTROLS,NONE DETECTED,,78033A49-62B6-47E7-AD66-96361380636A,No,NO APPARENT INJURY,N/A,NOT DISTRACTED,PA,2BE30D25-1FC7-4FA5-BF33-3E912858EFA9,SUPERFICIAL,POLICE VEHICLE/NON EMERGENCY,STOPPED IN TRAFFIC LANE,39.0588636,-77.04748258,"(39.0588636, -77.04748258)"
MCP2800002F,16024541,Montgomery County Police,Property Damage Crash,05/17/2016 05:42:00 PM,Maryland (State),RIVER RD,County,WILLARD AVE,,N/A,,SAME DIR REAR END,RAINING,WET,DAYLIGHT,NO CONTROLS,NONE DETECTED,,840A08DF-89BD-433D-A89D-6EC8A9073851,Yes,NO APPARENT INJURY,"N/A, WET",NOT DISTRACTED,MD,CFFB7638-FB22-49FF-B757-FD0BE8BA3FCC,FUNCTIONAL,PASSENGER CAR,MOVING CONSTANT SPEED,38.95643167,-77.091185,"(38.95643167, -77.091185)"
MCP24730013,170521679,Montgomery County Police,Property Damage Crash,07/28/2017 02:11:00 PM,US (State),COLUMBIA PIKE,Ramp,RAMP 7 FR RP 2 (FR MD200 WB) TO US 29 SB,,N/A,,SAME DIR REAR END,RAINING,WET,DAYLIGHT,TRAFFIC SIGNAL,N/A,,962B2D02-1930-4E0E-87E8-8AC75638ADB5,No,NO APPARENT INJURY,"RAIN, SNOW, WET",NOT DISTRACTED,MD,462F421F-FB77-43E3-8944-D97C27D7D4E4,SUPERFICIAL,PASSENGER CAR,STOPPED IN TRAFFIC LANE,39.07506667,-76.95484833,"(39.07506667, -76.95484833)"
MCP15640013,15066929,MONTGOMERY,Injury Crash,12/30/2015 01:26:00 PM,County,MORNINGWOOD DR,Unknown,BANTRY WAY,,N/A,,OTHER,CLOUDY,DRY,DAYLIGHT,NO CONTROLS,NONE DETECTED,,D1351247-9A73-4469-A95E-D7A5451EADA2,No,SUSPECTED MINOR INJURY,N/A,NOT DISTRACTED,MD,68207728-F97A-4118-8DC4-F910F1D4EC51,SUPERFICIAL,PASSENGER CAR,STOPPED IN TRAFFIC LANE,39.15077333,-77.06926667,"(39.15077333, -77.06926667)"
MCP2077001H,17003944,Montgomery County Police,Injury Crash,01/23/2017 12:02:00 PM,County,PARKLAND DR,County,FALCON ST,,N/A,,STRAIGHT MOVEMENT ANGLE,RAINING,WET,DAYLIGHT,STOP SIGN,NONE DETECTED,,97A26099-2602-4A59-B9C6-0DAF1DF57046,No,POSSIBLE INJURY,"N/A, RAIN, SNOW",NOT DISTRACTED,MD,2F914F82-381D-4732-AFB4-2367D58EE5A8,SUPERFICIAL,PASSENGER CAR,MOVING CONSTANT SPEED,39.06665333,-77.08850167,"(39.06665333, -77.08850167)"
EJ7826001X,170502723,Gaithersburg Police Depar,Injury Crash,04/18/2017 08:58:00 AM,County,MIDCOUNTY HWY,Municipality,SAYBROOKE OAKS BLVD,,GAITHERSBURG,,SAME DIR REAR END,CLOUDY,DRY,DAYLIGHT,N/A,N/A,,E63D7437-C0D3-44E6-8FD9-A9602643979A,No,NO APPARENT INJURY,N/A,NOT DISTRACTED,MD,1CC5D381-8237-48CC-8DF4-C65C84D54CAA,DISABLING,PASSENGER CAR,STOPPED IN TRAFFIC LANE,39.14998333,-77.17333167,"(39.14998333, -77.17333167)"
MCP10480030,170528771,Montgomery County Police,Property Damage Crash,09/05/2017 11:51:00 AM,Maryland (State),HUNGERFORD DR,Unknown,ENT TO BUSINESSES,,N/A,,SAME DIR REAR END,CLEAR,DRY,DAYLIGHT,N/A,NONE DETECTED,,71A0735E-BA37-4E11-A604-D0F2CA37C180,Yes,NO APPARENT INJURY,N/A,UNKNOWN,MD,85E1EDB0-4917-41F1-B489-FE04F9636FB6,DISABLING,PASSENGER CAR,SLOWING OR STOPPING,39.08900732,-77.15147652,"(39.08900732, -77.15147652)"
MCP2829003D,170527676,Montgomery County Police,Injury Crash,08/29/2017 11:41:00 PM,Maryland (State),NEW HAMPSHIRE AVE,County,OAKVIEW DR,,N/A,,HEAD ON LEFT TURN,CLOUDY,WET,DARK LIGHTS ON,TRAFFIC SIGNAL,UNKNOWN,,ACAB49E0-F755-45F6-8383-0010AB6EE927,Yes,NO APPARENT INJURY,"N/A, WET",UNKNOWN,,046C221C-7D62-49F2-B35B-44C425D9C222,FUNCTIONAL,PASSENGER CAR,MAKING LEFT TURN,39.015265,-76.97776667,"(39.015265, -76.97776667)"
MCP2861002N,170515563,Montgomery County Police,Injury Crash,06/24/2017 03:54:00 PM,County,DEMOCRACY BLVD,County,BELLS MILL RD,,N/A,,SAME DIR REAR END,CLEAR,DRY,DAYLIGHT,NO CONTROLS,NONE DETECTED,,F9701C78-8E16-45D0-8204-2921832A601F,No,POSSIBLE INJURY,N/A,NOT DISTRACTED,MD,D0473917-21FC-40A9-9987-7BF3ABE4E22B,SUPERFICIAL,PASSENGER CAR,SLOWING OR STOPPING,39.02339167,-77.15946667,"(39.02339167, -77.15946667)"
MCP3024000B,17012101,Montgomery County Police,Property Damage Crash,03/07/2017 09:26:00 PM,County,SCENERY DR,Unknown,HALETHORPE LA,,N/A,,SAME DIRECTION SIDESWIPE,CLEAR,DRY,DARK LIGHTS ON,N/A,UNKNOWN,,2303832B-7DFF-4D22-9F1C-B9D64A6C9604,Yes,NO APPARENT INJURY,N/A,NO DRIVER PRESENT,,EFF891E3-2145-4057-8211-64D7C1512CCA,SUPERFICIAL,FIRE VEHICLE/EMERGENCY,STOPPED IN TRAFFIC LANE,39.1857866,-77.23244637,"(39.1857866, -77.23244637)"
MCP2959001Q,16031555,Montgomery County Police,Property Damage Crash,06/22/2016 12:56:00 PM,Maryland (State),GEORGIA AVE,Maryland (State),LAYHILL RD,,N/A,,OTHER,CLEAR,DRY,DAYLIGHT,NO CONTROLS,NONE DETECTED,,D606596A-A80A-4608-A364-06008533FF63,Yes,NO APPARENT INJURY,N/A,NOT DISTRACTED,MD,FD186094-693E-48D2-8D39-73CDE085D91C,SUPERFICIAL,PICKUP TRUCK,PARKING,39.06057,-77.05024,"(39.06057, -77.05024)"
MCP2933000Z,16018291,Montgomery County Police,Property Damage Crash,04/14/2016 04:03:00 PM,Maryland (State),RIVER RD,Maryland (State),GOLDSBORO RD,,N/A,,SAME DIRECTION SIDESWIPE,CLEAR,DRY,DAYLIGHT,TRAFFIC SIGNAL,NONE DETECTED,,FFCC2E9A-DE5F-49E4-BC7D-715AA49B62C4,No,NO APPARENT INJURY,N/A,NOT DISTRACTED,MD,235D9AFD-92F9-49FB-8B05-DAAE31C7D39D,SUPERFICIAL,SCHOOL BUS,MOVING CONSTANT SPEED,38.97356333,-77.122935,"(38.97356333, -77.122935)"
MCP26590010,16008457,Montgomery County Police,Property Damage Crash,02/19/2016 11:00:00 PM,Maryland (State),GEORGIA AVE,Maryland (State),16TH ST,,N/A,,SINGLE VEHICLE,CLEAR,DRY,DARK LIGHTS ON,TRAFFIC SIGNAL,NONE DETECTED,,4419EFC6-9E2A-4417-A8BD-494A900A56AD,Yes,NO APPARENT INJURY,N/A,NOT DISTRACTED,MD,F75CABB8-B9AC-4FD3-A1F1-B4A0D31A8132,DISABLING,PASSENGER CAR,MAKING RIGHT TURN,39.00609,-77.038965,"(39.00609, -77.038965)"
MCP1608000D,16033040,Montgomery County Police,Injury Crash,06/30/2016 02:57:00 AM,County,RANDOLPH RD,County,PARKLAWN DR,,N/A,,STRAIGHT MOVEMENT ANGLE,CLEAR,DRY,DARK LIGHTS ON,FLASHING TRAFFIC SIGNAL,NONE DETECTED,,25A7A55E-F752-447C-9BC2-9103F6A20EE6,Yes,SUSPECTED MINOR INJURY,N/A,LOOKED BUT DID NOT SEE,MD,F4B5E200-21E2-40A8-AB84-8FC0CE32607C,DISABLING,(SPORT) UTILITY VEHICLE,MOVING CONSTANT SPEED,39.05345,-77.10727833,"(39.05345, -77.10727833)"
MCP2821000S,16016204,Montgomery County Police,Injury Crash,04/03/2016 12:53:00 AM,County,MIDCOUNTY HWY,Maryland (State),WOODFIELD RD,,N/A,,HEAD ON LEFT TURN,SEVERE WINDS,WET,DARK LIGHTS ON,FLASHING TRAFFIC SIGNAL,NONE DETECTED,,AD36B536-6E29-47F5-ACC5-738C7E8B26AA,No,SUSPECTED MINOR INJURY,N/A,NOT DISTRACTED,MD,E0C77E73-F78B-4F9B-9000-5090BDCE20F8,DESTROYED,PASSENGER CAR,SLOWING OR STOPPING,39.15137667,-77.17510833,"(39.15137667, -77.17510833)"
MCP2874001X,17002798,Montgomery County Police,Injury Crash,01/16/2017 06:14:00 PM,County,RANDOLPH RD,Maryland (State),GEORGIA AVE,,N/A,PEDESTRIAN,SINGLE VEHICLE,CLEAR,DRY,DARK LIGHTS ON,TRAFFIC SIGNAL,NONE DETECTED,NONE DETECTED,16A5BDB4-59EB-4430-957D-3A0210177B77,Yes,NO APPARENT INJURY,N/A,LOOKED BUT DID NOT SEE,MD,FC6258B6-3905-4895-974F-1B850F03712B,NO DAMAGE,PASSENGER CAR,MAKING RIGHT TURN,39.05788158,-77.04963908,"(39.05788158, -77.04963908)"
MCP14910005,16003798,Montgomery County Police,Property Damage Crash,01/21/2016 10:07:00 AM,Maryland (State),W MONTGOMERY AVE,County,SHADY GROVE RD,,N/A,,SAME DIRECTION SIDESWIPE,CLEAR,WET,DAYLIGHT,TRAFFIC SIGNAL,NONE DETECTED,,8837040C-577D-4DD1-B0AB-F67729DF7059,No,NO APPARENT INJURY,"N/A, WET",NOT DISTRACTED,MD,7BF47069-8B77-4953-BCBE-C47BC265E91F,SUPERFICIAL,PASSENGER CAR,STOPPED IN TRAFFIC LANE,39.10220167,-77.18659833,"(39.10220167, -77.18659833)"
HA22180001,15000112,Maryland-National Capital,Property Damage Crash,02/11/2015 07:02:00 PM,Government,LITTLE FALLS PKWY,Maryland (State),RIVER RD,,N/A,,SAME DIR REAR END,CLOUDY,DRY,DARK LIGHTS ON,N/A,N/A,,1FE7E96F-4041-477F-9C0D-5A72EDE08583,No,NO APPARENT INJURY,N/A,NOT DISTRACTED,MD,86BD72A8-7CE8-41E5-8FA2-3E00504DC8DE,SUPERFICIAL,OTHER,STOPPED IN TRAFFIC LANE,38.96527333,-77.100575,"(38.96527333, -77.100575)"
DD55940014,15041733,ROCKVILLE,Property Damage Crash,08/20/2015 05:30:00 PM,Maryland (State),ROCKVILLE PIKE,Municipality,W EDMONSTON DR,,ROCKVILLE,,SAME DIR REAR END,CLOUDY,DRY,DAYLIGHT,TRAFFIC SIGNAL,NONE DETECTED,,BD4E6566-ED95-471C-ACB5-A9A9A05B620C,Yes,NO APPARENT INJURY,N/A,UNKNOWN,MD,2F7D2988-015C-4736-A2AE-227B49D2304C,NO DAMAGE,PASSENGER CAR,SLOWING OR STOPPING,39.08381667,-77.15327333,"(39.08381667, -77.15327333)"
MCP1210001W,170516036,Montgomery County Police,Injury Crash,06/27/2017 03:47:00 PM,Interstate (State),EISENHOWER MEMORIAL HWY,Unknown,R/R #CSX 140 510 N,,N/A,,SAME DIR REAR END,CLEAR,DRY,DAYLIGHT,N/A,NONE DETECTED,,3C485578-B05B-4F15-942F-785799B0957B,No,SUSPECTED MINOR INJURY,N/A,NOT DISTRACTED,PA,3ACBBC28-770E-4E02-A6E0-BC1C227ABED8,SUPERFICIAL,PASSENGER CAR,STOPPED IN TRAFFIC LANE,39.14582667,-77.21471,"(39.14582667, -77.21471)"
MCP2192001T,16023748,Montgomery County Police,Property Damage Crash,05/13/2016 09:17:00 AM,County,BROOKVILLE RD,County,LINDEN LA,,N/A,,HEAD ON LEFT TURN,CLOUDY,WET,DAYLIGHT,STOP SIGN,NONE DETECTED,,97D94840-314A-4298-9966-0BE399C5F19D,No,NO APPARENT INJURY,"N/A, WET",NOT DISTRACTED,CT,CC6A12F1-82C8-45A0-8EA1-7EE83D5DBED2,DISABLING,PASSENGER CAR,MOVING CONSTANT SPEED,39.00885667,-77.04496333,"(39.00885667, -77.04496333)"
MCP3008000S,170502533,Montgomery County Police,Injury Crash,04/17/2017 05:11:00 AM,Maryland (State),UNIVERSITY BLVD E,County,PATTON DR,,N/A,,HEAD ON,CLEAR,DRY,DARK LIGHTS ON,NO CONTROLS,NONE DETECTED,,3FFC1BE0-35BD-4D17-BC62-D6B1FDBCDD4B,No,NO APPARENT INJURY,N/A,NOT DISTRACTED,MD,0D061D16-9259-4D73-B635-E5F788F444E5,DISABLING,PASSENGER CAR,MOVING CONSTANT SPEED,39.002845,-76.99601667,"(39.002845, -76.99601667)"
MCP3000001D,16052349,Montgomery County Police,Injury Crash,10/11/2016 06:20:00 PM,Maryland (State),GREAT SENECA HWY,County,LEAMAN FARM RD,,N/A,,SAME DIR REAR END,CLEAR,DRY,DAYLIGHT,NO CONTROLS,NONE DETECTED,,A5B1B61F-3A75-412D-ADC4-56B41BE94809,Yes,NO APPARENT INJURY,N/A,NOT DISTRACTED,MD,09326764-A7D4-4CCB-A27F-97D5C18E8E3D,DISABLING,PASSENGER CAR,SLOWING OR STOPPING,39.15605667,-77.276545,"(39.15605667, -77.276545)"
MCP2914003H,16049989,Montgomery County Police,Property Damage Crash,09/28/2016 08:21:00 PM,,,,,PARKING LOT OF 10159 NEW HAMPSHIRE AVENUE,,,OTHER,RAINING,,DARK LIGHTS ON,NO CONTROLS,N/A,,83E9F496-1FBB-43D3-8E10-3E14C4225AA2,Yes,NO APPARENT INJURY,"N/A, RAIN, SNOW",UNKNOWN,MD,31B2C99C-AD90-4598-8AEF-4FE3C9A3527B,UNKNOWN,PASSENGER CAR,BACKING,39.02185,-76.97661,"(39.02185, -76.97661)"
MCP2871003K,16055576,Montgomery County Police,Property Damage Crash,10/28/2016 05:31:00 PM,County,DEMOCRACY BLVD,Unknown,SPUR FR ROCKLEDGE RD,,N/A,,SAME DIRECTION SIDESWIPE,CLEAR,DRY,DAYLIGHT,TRAFFIC SIGNAL,NONE DETECTED,,D8002328-C4A7-4CEE-83B6-8797A37FF12B,Yes,NO APPARENT INJURY,N/A,LOOKED BUT DID NOT SEE,MD,D12E86CD-7CA5-48D6-A576-92985F01E129,SUPERFICIAL,PASSENGER CAR,CHANGING LANES,39.02284167,-77.13287667,"(39.02284167, -77.13287667)"
MCP1022006Y,170503138,Montgomery County Police,Property Damage Crash,04/20/2017 01:31:00 PM,Maryland (State),FREDERICK RD,County,PLUMMER DR,,N/A,,SAME DIRECTION LEFT TURN,CLEAR,DRY,DAYLIGHT,TRAFFIC SIGNAL,NONE DETECTED,,59C1EC96-03AD-4058-85E7-232544C438BB,Yes,NO APPARENT INJURY,N/A,NOT DISTRACTED,MD,6D260759-E205-4CEA-B6CF-946C5CE659DF,FUNCTIONAL,(SPORT) UTILITY VEHICLE,CHANGING LANES,39.17156167,-77.23588833,"(39.17156167, -77.23588833)"
MCP2072000G,15042070,MONTGOMERY,Injury Crash,08/22/2015 01:14:00 PM,Maryland (State),GERMANTOWN RD,Other Public Roadway,OBSERVATION DR,,N/A,,STRAIGHT MOVEMENT ANGLE,CLEAR,DRY,DAYLIGHT,TRAFFIC SIGNAL,NONE DETECTED,,EB314D2E-0BA0-4A16-BFBC-B1B783EBE20B,No,NO APPARENT INJURY,N/A,NOT DISTRACTED,VA,75173686-D837-4938-A8CC-0365F535A8B6,SUPERFICIAL,TRANSIT BUS,MOVING CONSTANT SPEED,39.19058057,-77.24782348,"(39.19058057, -77.24782348)"