Report Number,Local Case Number,Agency Name,ACRS Report Type,Crash Date/Time,Route Type,Road Name,Cross-Street Type,Cross-Street Name,Off-Road Description,Municipality,Related Non-Motorist,Collision Type,Weather,Surface Condition,Light,Traffic Control,Driver Substance Abuse,Non-Motorist Substance Abuse,Person ID,Driver At Fault,Injury Severity,Circumstance,Driver Distracted By,Drivers License State,Vehicle ID,Vehicle Damage Extent,Vehicle Body Type,Vehicle Movement,Latitude,Longitude,Location
MCP10640054,16061428,Montgomery County Police,Property Damage Crash,11/30/2016 12:31:00 PM,Maryland (State),NEW HAMPSHIRE AVE,County,ELTON RD,,N/A,,SAME DIR REAR END,CLOUDY,WET,DAYLIGHT,TRAFFIC SIGNAL,N/A,,26088C0F-7031-4660-A878-855DDB27C6B6,No,NO APPARENT INJURY,"N/A, WET",NOT DISTRACTED,MD,4749FBDF-5C71-440D-9D45-697A8537C30B,DISABLING,PASSENGER CAR,SLOWING OR STOPPING,39.02024,-76.97657333,"(39.02024, -76.97657333)"
MCP2492000C,15035451,MONTGOMERY,Fatal Crash,07/18/2015 07:55:00 PM,Maryland (State),FREDERICK RD,Municipality,CHRISTOPHER AVE,,GAITHERSBURG,,OTHER,CLOUDY,DRY,DUSK,TRAFFIC SIGNAL,UNKNOWN,,28615E1E-1BA0-4BE0-B773-AFF482A618E3,Unknown,FATAL INJURY,N/A,UNKNOWN,MD,9C263BA9-8429-4C21-8B76-0BCF7FCFAD84,DESTROYED,MOTORCYCLE,MOVING CONSTANT SPEED,39.155575,-77.21622,"(39.155575, -77.21622)"
MCP24360037,170509794,Montgomery County Police,Injury Crash,05/25/2017 11:37:00 AM,County,DALEVIEW DR,County,COMPTON ST,,N/A,,HEAD ON,CLEAR,WET,DAYLIGHT,NO CONTROLS,NONE DETECTED,,B027D615-C835-4C94-BA90-D5E525407A68,Yes,POSSIBLE INJURY,"N/A, WET",UNKNOWN,MD,28332F48-5E26-4B03-9B59-D2C16C5EE97B,FUNCTIONAL,(SPORT) UTILITY VEHICLE,MOVING CONSTANT SPEED,39.00776667,-76.99307333,"(39.00776667, -76.99307333)"
MCP3023000K,170504286,Montgomery County Police,Property Damage Crash,04/26/2017 09:57:00 AM,County,IDLEWOOD RD,County,MAHAN RD,,N/A,,SAME DIRECTION SIDESWIPE,CLOUDY,WET,DAYLIGHT,N/A,NONE DETECTED,,B71ADE08-816C-4683-A855-E305580985CD,Yes,NO APPARENT INJURY,"N/A, RUTS, HOLES, BUMPS",NOT DISTRACTED,MD,7D80B5DE-3937-487D-8A9A-818EDA80B2A5,SUPERFICIAL,SCHOOL BUS,MOVING CONSTANT SPEED,39.04952297,-77.08681583,"(39.04952297, -77.08681583)"
MCP25880025,16065958,Montgomery County Police,Property Damage Crash,12/23/2016 12:52:00 PM,Maryland (State),GEORGIA AVE,Unknown,CROSSOVER,,N/A,,STRAIGHT MOVEMENT ANGLE,CLEAR,DRY,DAYLIGHT,NO CONTROLS,NONE DETECTED,,05DB26DA-759F-4B3C-B65D-89E86AFE6E90,Yes,NO APPARENT INJURY,N/A,LOOKED BUT DID NOT SEE,MD,520C1781-2908-4E27-A5CF-86AB26D39701,DISABLING,PASSENGER CAR,MAKING LEFT TURN,39.08526333,-77.07869333,"(39.08526333, -77.07869333)"
MCP26670037,16065390,Montgomery County Police,Property Damage Crash,12/21/2016 06:41:00 AM,Maryland (State),MONTGOMERY VILLAGE AVE,Municipality,RUSSELL AVE,,GAITHERSBURG,,SAME DIR REAR END,CLEAR,DRY,DARK LIGHTS ON,TRAFFIC SIGNAL,NONE DETECTED,,3C0173A7-38B6-487F-99D8-46F15C962B1D,Yes,NO APPARENT INJURY,N/A,INATTENTIVE OR LOST IN THOUGHT,MD,EAB1FC25-FB4B-430C-A236-CAC259C561E4,FUNCTIONAL,PASSENGER CAR,MOVING CONSTANT SPEED,39.154955,-77.20961,"(39.154955, -77.20961)"
MCP2693001Y,170511249,Montgomery County Police,Injury Crash,05/30/2017 08:02:00 PM,Maryland (State),NORBECK RD,County,BAUER DR,,N/A,,SAME DIR REAR END,RAINING,WET,DAYLIGHT,TRAFFIC SIGNAL,NONE DETECTED,,43B485D6-C7E6-4F92-904B-A18737C3C386,Yes,NO APPARENT INJURY,"RAIN, SNOW, WET",UNKNOWN,MD,AE7CB98B-9327-40FC-BA77-F9A6FCB94474,FUNCTIONAL,PASSENGER CAR,SLOWING OR STOPPING,39.09603475,-77.10997134,"(39.09603475, -77.10997134)"
MCP2362000R,15049162,MONTGOMERY,Property Damage Crash,09/28/2015 01:44:00 PM,US (State),COLUMBIA PIKE,County,BURNT MILLS AVE,,N/A,,SAME DIR REAR END,CLEAR,DRY,DAYLIGHT,TRAFFIC SIGNAL,N/A,,E3F77DA9-5BD4-4EEC-9A5D-6A689D11F634,No,NO APPARENT INJURY,N/A,NOT DISTRACTED,MD,AB584B69-5A48-4509-8A5D-7649AA14B657,FUNCTIONAL,PASSENGER CAR,STOPPED IN TRAFFIC LANE,39.03333333,-77.0043,"(39.03333333, -77.0043)"
MCP2948001B,170502467,Montgomery County Police,Property Damage Crash,04/16/2017 05:10:00 PM,County,SHOREFIELD RD,Other Public Roadway,GEORGIAN WOODS PL,,N/A,,ANGLE MEETS LEFT TURN,CLEAR,DRY,DAYLIGHT,N/A,N/A,,F26141C4-9089-4CAE-B6FC-BA24F0D11902,No,NO APPARENT INJURY,N/A,NOT DISTRACTED,MD,86340242-1C9D-48FF-A2ED-E02442DCD99C,DISABLING,PASSENGER CAR,MOVING CONSTANT SPEED,39.05311833,-77.04643333,"(39.05311833, -77.04643333)"
MCP2657001L,170523779,Montgomery County Police,Property Damage Crash,08/08/2017 11:00:00 PM,US (State),COLUMBIA PIKE,Ramp,RAMP 2 FR DUSTIN RD TO US 29 NB,,N/A,,SINGLE VEHICLE,CLEAR,DRY,DARK LIGHTS ON,NO CONTROLS,N/A,,0333E03E-A02C-4E49-8CC5-B059C7C54397,Yes,NO APPARENT INJURY,N/A,OTHER DISTRACTION,PA,B7DB1489-C8F5-4ABB-9B23-FD09685ECC43,DISABLING,PASSENGER CAR,ACCELERATING,39.12319667,-76.924855,"(39.12319667, -76.924855)"
MCP3045000B,17013892,Montgomery County Police,Property Damage Crash,03/18/2017 08:13:00 AM,County,ELMORE LA,Maryland (State),WILSON LA,,N/A,,SAME DIRECTION SIDESWIPE,CLOUDY,WET,DAYLIGHT,N/A,UNKNOWN,,CAAF0F0C-BE9E-42AC-85CF-0F85079419FC,Yes,NO APPARENT INJURY,"N/A, WET",UNKNOWN,,ADE57AE6-852A-4A0C-835D-4386FD2ADC5C,FUNCTIONAL,,MOVING CONSTANT SPEED,39.02264667,-77.18446667,"(39.02264667, -77.18446667)"
MCP2977000R,15038358,MONTGOMERY,Injury Crash,08/02/2015 09:14:00 PM,Maryland (State),UNIVERSITY BLVD E,County,BAYFIELD ST,,N/A,,SAME DIRECTION SIDESWIPE,CLEAR,DRY,DARK NO LIGHTS,STOP SIGN,NONE DETECTED,,DBAC1D0F-D783-43AE-B457-38C8C6269590,Yes,NO APPARENT INJURY,N/A,UNKNOWN,MD,396420A6-4F34-4E2C-A7D7-4B22F9F05715,DISABLING,PASSENGER CAR,MAKING LEFT TURN,38.99589016,-76.99309945,"(38.99589016, -76.99309945)"
DD55290012,15061962,ROCKVILLE,Injury Crash,12/04/2015 02:15:00 PM,Municipality,GREAT FALLS RD,Maryland (State),FALLS RD (BACK),,N/A,,SAME DIR REAR END,CLEAR,DRY,DAYLIGHT,TRAFFIC SIGNAL,NONE DETECTED,,2F816411-3D5E-48FB-90D1-BB8D6F586140,No,SUSPECTED MINOR INJURY,N/A,NOT DISTRACTED,VA,ABC1727F-51DB-4CC7-B1EB-1B2A0AF2BFAF,SUPERFICIAL,PASSENGER CAR,STOPPED IN TRAFFIC LANE,39.07667667,-77.14074333,"(39.07667667, -77.14074333)"
MCP27560011,15060646,MONTGOMERY,Injury Crash,11/27/2015 05:02:00 PM,Maryland (State),GEORGIA AVE,County,PLYERS MILL RD,,N/A,,SAME DIR REAR END,CLEAR,DRY,DARK LIGHTS ON,TRAFFIC SIGNAL,NONE DETECTED,,AB0679B4-7E95-4BD0-A05B-FF35773B0860,No,NO APPARENT INJURY,N/A,NOT DISTRACTED,MD,34F9137E-85DC-4441-A107-E27F83F4E790,SUPERFICIAL,PASSENGER CAR,STOPPED IN TRAFFIC LANE,39.030142,-77.047732,"(39.030142, -77.047732)"
MCP2617002M,16052845,Montgomery County Police,Injury Crash,10/14/2016 01:49:00 PM,Maryland (State),RIVER RD,County,SEVEN LOCKS RD,,N/A,,SAME DIR REAR END,CLEAR,DRY,DAYLIGHT,TRAFFIC SIGNAL,NONE DETECTED,,4DD7B75C-D310-4752-800E-F6D7BE0F17A1,Yes,NO APPARENT INJURY,"DEBRIS OR OBSTRUCTION, N/A",OTHER DISTRACTION,MD,EC0B63A4-C9DB-4054-A06E-8963FA4A762C,NO DAMAGE,(SPORT) UTILITY VEHICLE,ACCELERATING,38.99211167,-77.161205,"(38.99211167, -77.161205)"
MCP14750011,17014414,Montgomery County Police,Injury Crash,03/21/2017 11:50:00 AM,,,,,"PARKING LOT 701 RUSSELL AVENUE
LAKE FOREST MALL",,,STRAIGHT MOVEMENT ANGLE,CLOUDY,,DAYLIGHT,NO CONTROLS,NONE DETECTED,,7055CB11-2104-48C2-A8CE-B88C5671ABA5,Yes,POSSIBLE INJURY,N/A,LOOKED BUT DID NOT SEE,MD,26FCF2C6-6808-4C68-8AD4-7B982B12D4C5,FUNCTIONAL,PASSENGER CAR,MAKING RIGHT TURN,39.15662667,-77.20356167,"(39.15662667, -77.20356167)"
DD56060042,16063802,Rockville Police Departme,Property Damage Crash,12/12/2016 05:45:00 PM,Maryland (State),VEIRS MILL RD,Maryland (State),ROCKVILLE PIKE,,N/A,,SAME DIR REAR END,CLEAR,DRY,DARK LIGHTS ON,YIELD SIGN,NONE DETECTED,,EF6DD8CE-5872-461B-9363-899C90DE4827,Yes,NO APPARENT INJURY,N/A,LOOKED BUT DID NOT SEE,MD,C12CC222-97AE-4444-98C7-5888A2E2AD6C,FUNCTIONAL,PASSENGER CAR,ACCELERATING,39.07987,-77.14445833,"(39.07987, -77.14445833)"
MCP2871004C,170507773,Montgomery County Police,Property Damage Crash,05/14/2017 08:44:00 PM,Maryland (State),RIVER RD,Unknown,RISING RIDGE RD,,N/A,,SINGLE VEHICLE,CLEAR,DRY,DARK LIGHTS ON,NO CONTROLS,NONE DETECTED,,19B5BB8B-9B46-489F-B88B-D6F952F4BF41,Yes,NO APPARENT INJURY,N/A,LOOKED BUT DID NOT SEE,VA,5A629687-81B9-4BC5-9DA0-7D67C2B9FA69,NO DAMAGE,FIRE VEHICLE/NON EMERGENCY,BACKING,38.99513033,-77.1620045,"(38.99513033, -77.1620045)"
MCP2867002P,16041227,Montgomery County Police,Property Damage Crash,08/14/2016 01:54:00 PM,Maryland (State),UNIVERSITY BLVD E,US (State),COLESVILLE RD,,N/A,,SAME DIR REAR END,CLEAR,DRY,DAYLIGHT,N/A,NONE DETECTED,,135D278E-0033-4287-B92E-C585400967AA,No,NO APPARENT INJURY,N/A,NOT DISTRACTED,MD,6BAB36FB-291D-4B5B-8E99-7F2279359576,DISABLING,PASSENGER CAR,SLOWING OR STOPPING,39.02011,-77.013849,"(39.02011, -77.013849)"
MCP29770019,16011140,MONTGOMERY,Property Damage Crash,03/06/2016 10:00:00 AM,,,,,"RESIDENTIAL PARKING LOT AT 11612 LOCKWOOD DR SILVER SPRING, MD",,,OTHER,CLOUDY,,DAYLIGHT,NO CONTROLS,N/A,,CCF9FE4E-A5BC-42AC-9922-505D09E747AD,Yes,NO APPARENT INJURY,"N/A, WET",UNKNOWN,MD,71CDC418-98A7-4702-BAB6-C3804DEB55E8,FUNCTIONAL,PASSENGER CAR,MOVING CONSTANT SPEED,39.041325,-76.98405333,"(39.041325, -76.98405333)"
MCP2690001R,16040247,Montgomery County Police,Property Damage Crash,08/08/2016 10:04:00 PM,County,SHADY GROVE RD,County,MIDCOUNTY HWY,,N/A,,SAME DIR REAR END,CLEAR,DRY,DARK LIGHTS ON,TRAFFIC SIGNAL,NONE DETECTED,,770F5C7B-65DC-42F0-A43A-46406E8FA90C,No,NO APPARENT INJURY,N/A,NOT DISTRACTED,MD,A843A58F-0F5D-4B75-BFA9-3E87F6D020A3,SUPERFICIAL,PASSENGER CAR,STARTING FROM LANE,39.14016667,-77.15229833,"(39.14016667, -77.15229833)"
MCP26350040,170516274,Montgomery County Police,Property Damage Crash,06/28/2017 05:20:00 PM,Maryland (State),GEORGIA AVE,Ramp,RAMP 4 FR MD 97 NB TO MD 200 EB,,N/A,,SAME DIR REAR END,CLEAR,DRY,DAYLIGHT,NO CONTROLS,N/A,,715C86B8-5A03-4D07-A58A-E07EF0F44332,No,NO APPARENT INJURY,N/A,NOT DISTRACTED,MD,99F688FE-96E0-4EDD-AB71-FF4D3FD6B539,SUPERFICIAL,(SPORT) UTILITY VEHICLE,STOPPED IN TRAFFIC LANE,39.11642167,-77.074965,"(39.11642167, -77.074965)"
MCP2963000G,16018826,Montgomery County Police,Property Damage Crash,04/17/2016 02:24:00 PM,County,SLIGO AVE,County,FENTON ST,,N/A,,OPPOSITE DIRECTION SIDESWIPE,CLEAR,N/A,DAYLIGHT,N/A,NONE DETECTED,,140BE870-7896-4A45-A09B-00585330F019,No,NO APPARENT INJURY,N/A,NOT DISTRACTED,MD,ADA0F735-9C78-468D-8015-5754BD1AAD55,FUNCTIONAL,PASSENGER CAR,STOPPED IN TRAFFIC LANE,38.99029,-77.02343,"(38.99029, -77.02343)"
MCP30020012,16057189,Montgomery County Police,Property Damage Crash,11/06/2016 01:30:00 AM,Maryland (State),EAST WEST HWY,County,GLENDALE RD,,N/A,,SINGLE VEHICLE,N/A,DRY,DARK LIGHTS ON,NO CONTROLS,ALCOHOL CONTRIBUTED,,BFD80B89-98E1-4A5F-8934-65F05A34FE8C,Yes,NO APPARENT INJURY,N/A,NOT DISTRACTED,MD,F2DEF2E6-07D0-4421-B2DD-0F6E5B81DF83,DISABLING,PASSENGER CAR,MAKING LEFT TURN,38.98878667,-77.07510833,"(38.98878667, -77.07510833)"
MCP3037000N,17012448,Montgomery County Police,Property Damage Crash,03/09/2017 04:04:00 PM,Maryland (State),RIDGE RD,Other Public Roadway,VALLEY PARK DR,,N/A,,ANGLE MEETS LEFT TURN,CLEAR,DRY,DAYLIGHT,STOP SIGN,NONE DETECTED,,399AF608-974A-44AB-B6F5-48C8F0F7E2C6,No,NO APPARENT INJURY,N/A,NOT DISTRACTED,MD,4F09F1A2-A0C8-457B-BD4B-BC681563DF79,DISABLING,PASSENGER CAR,MOVING CONSTANT SPEED,39.27402556,-77.21525073,"(39.27402556, -77.21525073)"
MCP2831001H,16048776,Montgomery County Police,Property Damage Crash,09/22/2016 04:08:00 PM,,,,,REAR PARKING LOT TO THE GERMANTOWN EMERGENCY CENTER (19735 GERMANTOWN ROAD),,,SAME DIR REAR END,CLEAR,,DAYLIGHT,NO CONTROLS,UNKNOWN,,516BF884-1B2A-487F-9214-738B514E94F9,Yes,NO APPARENT INJURY,N/A,UNKNOWN,MD,7237CA43-7ADE-4858-8C9D-400F05598804,SUPERFICIAL,PASSENGER CAR,PARKING,39.18017333,-77.26343667,"(39.18017333, -77.26343667)"
HA2377000H,16000471,Maryland-National Capital,Injury Crash,04/21/2016 01:41:00 PM,Government,SLIGO CREEK PKWY,County,DALLAS AVE,,N/A,,HEAD ON LEFT TURN,CLEAR,DRY,DAYLIGHT,N/A,NONE DETECTED,,B8A3CA97-4DB2-4659-A661-3689FAFF8271,Yes,SUSPECTED MINOR INJURY,N/A,UNKNOWN,MD,6A59E456-9889-4AB4-B9B9-6CD4338E4AC4,DISABLING,PASSENGER CAR,NEGOTIATING A CURVE,39.01114667,-77.02820833,"(39.01114667, -77.02820833)"
MCP2728001G,15040594,MONTGOMERY,Property Damage Crash,08/14/2015 03:46:00 PM,US (State),COLESVILLE RD,Maryland (State),UNIVERSITY BLVD E,,N/A,,SAME DIR REAR END,CLEAR,DRY,DAYLIGHT,OTHER,NONE DETECTED,,3AD28E11-A401-48B7-AF39-4F15D9EE9568,Yes,NO APPARENT INJURY,N/A,LOOKED BUT DID NOT SEE,DC,5A62DB4E-D299-4753-8CF0-A54D52B9D1C1,DISABLING,PASSENGER CAR,MOVING CONSTANT SPEED,39.01972833,-77.01352167,"(39.01972833, -77.01352167)"
MCP27660021,15062504,MONTGOMERY,Injury Crash,12/07/2015 03:07:00 PM,Maryland (State),CONNECTICUT AVE,County,DEAN RD,,N/A,,SAME DIR REAR END,N/A,DRY,DAYLIGHT,N/A,NONE DETECTED,,4F0524A7-DD93-49B5-B790-BE84F23379A5,Yes,NO APPARENT INJURY,N/A,LOOKED BUT DID NOT SEE,MD,C2B8DED1-F91E-4AD5-B169-B8271B4B3BCF,FUNCTIONAL,PASSENGER CAR,MOVING CONSTANT SPEED,39.06969833,-77.07565167,"(39.06969833, -77.07565167)"
MCP26580013,15064310,MONTGOMERY,Property Damage Crash,12/16/2015 05:55:00 PM,Maryland (State),NEW HAMPSHIRE AVE,County,BRANTFORD AVE,,N/A,,SAME DIR REAR END,CLEAR,DRY,DARK LIGHTS ON,TRAFFIC SIGNAL,NONE DETECTED,,70A1D442-0700-4802-9AAC-3321C66D6EE6,No,NO APPARENT INJURY,N/A,NOT DISTRACTED,MD,A9029D13-AAE3-4F57-8621-7C4D67201D9A,SUPERFICIAL,PASSENGER CAR,SLOWING OR STOPPING,39.06004971,-76.99785233,"(39.06004971, -76.99785233)"
MCP28700019,16011172,MONTGOMERY,Property Damage Crash,03/06/2016 04:54:00 PM,County,QUEBEC ST,County,RUATAN ST,,N/A,,STRAIGHT MOVEMENT ANGLE,CLEAR,DRY,DAYLIGHT,NO CONTROLS,N/A,,FB80E5F7-DB7A-4A71-91F6-5F57637B45CA,Yes,NO APPARENT INJURY,N/A,LOOKED BUT DID NOT SEE,MD,8A24FEC8-EC3A-4D29-AD91-874CD04781D3,FUNCTIONAL,PASSENGER CAR,ACCELERATING,39.000305,-76.98740667,"(39.000305, -76.98740667)"
DD5546000J,15039559,ROCKVILLE,Property Damage Crash,08/09/2015 02:27:00 AM,Municipality,PARK RD,Municipality,N HORNERS LA,,ROCKVILLE,,SAME DIRECTION RIGHT TURN,CLEAR,DRY,DARK LIGHTS ON,N/A,NONE DETECTED,,324CC7DE-DCE3-4341-BDB5-FA1F630D0DE5,No,NO APPARENT INJURY,N/A,NOT DISTRACTED,MD,7861B417-0E2F-4657-B135-229E1C961C4A,DISABLING,"OTHER LIGHT TRUCKS (10,000LBS (4,536KG) OR LESS)",MOVING CONSTANT SPEED,39.08559,-77.14615,"(39.08559, -77.14615)"
MCP15800049,15047040,MONTGOMERY,Injury Crash,09/17/2015 08:05:00 AM,,,,,APARTMENT COMPLEX PARKING LOT OF 795 QUINCE ORCHARD BLVD,,,HEAD ON,CLEAR,,DAYLIGHT,NO CONTROLS,NONE DETECTED,,C8E1EEE2-9477-466F-9DA0-3D0FCD1974D6,Yes,NO APPARENT INJURY,"N/A, VISION OBSTRUCTION (INCL. BLINDED BY SUN)",UNKNOWN,MD,20D7298D-96DA-40F2-8F0F-721D6EBFB5FC,DISABLING,PASSENGER CAR,PASSING,39.14106,-77.22921333,"(39.14106, -77.22921333)"
MCP2798002P,17016594,Montgomery County Police,Property Damage Crash,04/01/2017 04:19:00 PM,US (State),COLUMBIA PIKE,Ramp,RAMP 6 FR US 29 EB TO MD 650 SB,,N/A,,SAME DIR REAR END,CLEAR,DRY,DAYLIGHT,NO CONTROLS,NONE DETECTED,,7388AFB7-7C4F-455C-A489-6C1E7D65CE06,Yes,NO APPARENT INJURY,N/A,NOT DISTRACTED,MD,D949030D-8BFE-48B3-BCC2-14F8E405A425,FUNCTIONAL,PASSENGER CAR,SLOWING OR STOPPING,39.043305,-76.99224167,"(39.043305, -76.99224167)"
DD5611001L,16045942,Rockville Police Departme,Injury Crash,09/08/2016 09:01:00 AM,Municipality,W GUDE DR,Maryland (State),FREDERICK RD,,N/A,,ANGLE MEETS LEFT HEAD ON,CLEAR,DRY,DAYLIGHT,NO CONTROLS,NONE DETECTED,,97864CAA-2FC0-4B21-8D0C-398820D843E0,Yes,POSSIBLE INJURY,N/A,LOOKED BUT DID NOT SEE,MD,35F2000C-DAD4-48D8-A5B2-2D7C8562EA86,DISABLING,PASSENGER CAR,MAKING LEFT TURN,39.10657121,-77.15966865,"(39.10657121, -77.15966865)"
EJ77620008,170521813,Gaithersburg Police Depar,Injury Crash,07/29/2017 12:20:00 PM,County,GOSHEN RD,County,EMORY GROVE RD,,N/A,,SAME DIR REAR END,RAINING,WET,DAYLIGHT,TRAFFIC SIGNAL,NONE DETECTED,,60135BD6-403C-40D6-B7BA-491CB97E5C08,No,SUSPECTED MINOR INJURY,"BACKUP DUE TO REGULAR CONGESTION, RAIN, SNOW, WET",NOT DISTRACTED,MD,7FB61075-00B1-4C7E-B9A0-E03FD9124441,FUNCTIONAL,(SPORT) UTILITY VEHICLE,STOPPED IN TRAFFIC LANE,39.14251167,-77.19685,"(39.14251167, -77.19685)"
MCP2469000B,15002017,Montgomery County Police,Property Damage Crash,01/13/2015 01:22:00 PM,US (State),COLUMBIA PIKE,County,LOCKWOOD DR,,N/A,,SAME DIR REAR END,CLEAR,DRY,DAYLIGHT,TRAFFIC SIGNAL,NONE DETECTED,,5E6FCFBB-2814-454D-A78E-6D647B8DB611,Yes,NO APPARENT INJURY,N/A,NOT DISTRACTED,DC,0957287B-3ADB-4115-A4D7-F4592AE74246,DISABLING,"MEDIUM/HEAVY TRUCKS 3 AXLES (OVER 10,000LBS (4,536KG))",SLOWING OR STOPPING,39.08277,-76.94851333,"(39.08277, -76.94851333)"
MCP1221003D,170512631,Montgomery County Police,Injury Crash,06/09/2017 07:50:00 AM,County,WATKINS MILL RD,County,CLUB LAKE RD,,N/A,,SAME DIR REAR END,CLEAR,DRY,DAYLIGHT,NO CONTROLS,NONE DETECTED,,5296A5EC-5C70-4F1B-8957-6298B6344EEF,No,NO APPARENT INJURY,N/A,NOT DISTRACTED,MD,6B5A75D7-540D-47E5-A4D7-7F65A7A9DE7A,SUPERFICIAL,(SPORT) UTILITY VEHICLE,STOPPED IN TRAFFIC LANE,39.17692833,-77.20981333,"(39.17692833, -77.20981333)"
MCP28710021,15050315,MONTGOMERY,Property Damage Crash,10/04/2015 09:08:00 PM,County,DEMOCRACY BLVD,Unknown,BEGIN BRIDGE,,N/A,,SAME DIR REAR END,CLEAR,DRY,DARK NO LIGHTS,TRAFFIC SIGNAL,NONE DETECTED,,16604851-37C8-47B8-9D2A-763F0D843006,No,NO APPARENT INJURY,N/A,NOT DISTRACTED,MD,94AC8EDE-7FF9-4C4C-A1DB-04B68321C7F0,DISABLING,PASSENGER CAR,PARKED,39.02158333,-77.140935,"(39.02158333, -77.140935)"
MCP2801001L,16033615,Montgomery County Police,Injury Crash,07/03/2016 12:33:00 AM,US (State),COLUMBIA PIKE,County,FAIRLAND RD,,N/A,,N/A,CLEAR,DRY,DARK LIGHTS ON,TRAFFIC SIGNAL,NONE DETECTED,,242544B3-5555-418A-9537-5CEC267828A6,No,POSSIBLE INJURY,N/A,NOT DISTRACTED,MD,A5213C71-31F6-49C0-92D3-B12FA22A08D2,DISABLING,PASSENGER CAR,SLOWING OR STOPPING,39.07364167,-76.95560833,"(39.07364167, -76.95560833)"
MCP2967001Q,16058403,Montgomery County Police,Injury Crash,11/12/2016 06:28:00 PM,County,JONES BRIDGE RD,Maryland (State),CONNECTICUT AVE,,N/A,,SAME DIR REAR END,CLEAR,DRY,DARK LIGHTS ON,N/A,NONE DETECTED,,A966F43A-49BE-4BF9-9AA4-634903A134C5,Yes,POSSIBLE INJURY,N/A,LOOKED BUT DID NOT SEE,DC,3927385A-AE96-4CFE-8340-CF41CB3DCA8A,SUPERFICIAL,(SPORT) UTILITY VEHICLE,STOPPED IN TRAFFIC LANE,38.98823,-77.07731833,"(38.98823, -77.07731833)"
MCP21590005,16002684,Montgomery County Police,Injury Crash,01/14/2016 11:10:00 PM,US (State),GEORGIA AVE,County,SILVER SPRING AVE,,N/A,,SAME DIR REAR END,CLEAR,DRY,DARK LIGHTS ON,N/A,NONE DETECTED,,2C2E2878-E2A6-415A-9260-3F1F6C3C67D9,No,SUSPECTED MINOR INJURY,N/A,NOT DISTRACTED,MD,76F7A777-BEF1-4EC9-8312-6A94FE25BD20,SUPERFICIAL,PASSENGER CAR,STOPPED IN TRAFFIC LANE,38.99233063,-77.02651173,"(38.99233063, -77.02651173)"
MCP3050000R,170505076,Montgomery County Police,Injury Crash,04/30/2017 12:55:00 PM,County,BUSHEY DR,County,WELLER RD,,N/A,,STRAIGHT MOVEMENT ANGLE,CLEAR,DRY,DAYLIGHT,STOP SIGN,NONE DETECTED,,79F3826F-3DC9-4126-B963-64122DA38430,No,NO APPARENT INJURY,N/A,NOT DISTRACTED,PA,AC23285B-A9B1-4935-8CE1-7417C1E6B0D0,DISABLING,(SPORT) UTILITY VEHICLE,ACCELERATING,39.06266969,-77.07863644,"(39.06266969, -77.07863644)"
MCP2891002L,16041208,Montgomery County Police,Property Damage Crash,08/14/2016 10:39:00 AM,Maryland (State),GEORGIA AVE,Ramp,RAMP 5 FR MD 97 SB TO IS 495 EB,,N/A,,SAME DIR REAR END,CLEAR,DRY,DAYLIGHT,N/A,NONE DETECTED,,0C9B236D-B258-46E7-B8E4-A6B9C598F9D0,No,NO APPARENT INJURY,N/A,NOT DISTRACTED,MD,157BDFE3-417E-4AF0-9ECC-0DF16C81EDE1,FUNCTIONAL,PASSENGER CAR,SLOWING OR STOPPING,39.01353609,-77.04206452,"(39.01353609, -77.04206452)"
MCP2823002K,170500368,Montgomery County Police,Injury Crash,04/04/2017 03:52:00 PM,County,PARKLAND DR,County,GRENOBLE DR,,N/A,,STRAIGHT MOVEMENT ANGLE,CLEAR,DRY,DAYLIGHT,STOP SIGN,NONE DETECTED,,1D05BE51-EC92-4083-89AF-4B8D87808155,Yes,NO APPARENT INJURY,N/A,LOOKED BUT DID NOT SEE,MD,DBCFB498-3821-4267-8993-1D71CD76A27C,FUNCTIONAL,PASSENGER CAR,STARTING FROM LANE,39.0697,-77.087625,"(39.0697, -77.087625)"
MCP2848002C,15064690,MONTGOMERY,Property Damage Crash,12/18/2015 12:18:00 PM,County,PARKLAWN DR,County,PARKLAWN DR,,N/A,,SAME DIR REAR END,CLEAR,DRY,DAYLIGHT,YIELD SIGN,NONE DETECTED,,642B31BF-F7FC-4A4F-B1DC-D8A5211AB661,No,NO APPARENT INJURY,N/A,NOT DISTRACTED,VA,0332A496-F27D-4A58-9BE6-E9C7E3E7AAF4,SUPERFICIAL,PASSENGER CAR,SLOWING OR STOPPING,39.05172,-77.10703833,"(39.05172, -77.10703833)"
MCP2666000J,15007555,Montgomery County Police,Property Damage Crash,02/15/2015 03:15:00 AM,County,BILLINGTON RD,County,LEISTER DR,,N/A,,SINGLE VEHICLE,CLEAR,ICE,DARK LIGHTS ON,NO CONTROLS,UNKNOWN,,A258DC4D-F1DA-4245-9359-73D2A971C073,Yes,NO APPARENT INJURY,"ICY OR SNOW-COVERED, SEVERE CROSSWINDS",UNKNOWN,MD,5270EEBF-119A-470E-8D0D-CAB103312413,DISABLING,PASSENGER CAR,MAKING LEFT TURN,39.06596167,-76.98291833,"(39.06596167, -76.98291833)"
MCP2899000G,15007551,Montgomery County Police,Injury Crash,02/15/2015 02:56:00 AM,Maryland (State),UNIVERSITY BLVD W,County,BRUNETT AVE,,N/A,,OTHER,SNOW,ICE,DARK LIGHTS ON,NO CONTROLS,ALCOHOL PRESENT,,6405AA40-4B33-42C7-A8B4-1832CFBFE82B,Yes,POSSIBLE INJURY,"ICY OR SNOW-COVERED, RAIN, SNOW",INATTENTIVE OR LOST IN THOUGHT,MD,D99A3DCE-CAD0-4B08-81F8-04D1B134E117,FUNCTIONAL,PASSENGER CAR,SKIDDING,39.02287523,-77.01672569,"(39.02287523, -77.01672569)"