Report Number,Local Case Number,Agency Name,ACRS Report Type,Crash Date/Time,Route Type,Road Name,Cross-Street Type,Cross-Street Name,Off-Road Description,Municipality,Related Non-Motorist,Collision Type,Weather,Surface Condition,Light,Traffic Control,Driver Substance Abuse,Non-Motorist Substance Abuse,Person ID,Driver At Fault,Injury Severity,Circumstance,Driver Distracted By,Drivers License State,Vehicle ID,Vehicle Damage Extent,Vehicle Body Type,Vehicle Movement,Latitude,Longitude,Location
MCP25040020,17009642,Montgomery County Police,Injury Crash,02/22/2017 08:39:00 PM,County,TUCKERMAN LA,County,LONG PINE TRAIL,,N/A,,SAME DIR REAR END,CLEAR,DRY,DARK LIGHTS ON,NO CONTROLS,NONE DETECTED,,D44000ED-CA59-4BA6-933A-F2956016972D,No,NO APPARENT INJURY,N/A,NOT DISTRACTED,MD,96F16D64-58CE-48BA-A16A-31CA8F49E3C4,DISABLING,PASSENGER CAR,MAKING LEFT TURN,39.04128333,-77.17605333,"(39.04128333, -77.17605333)"
MCP2936001D,17000656,Montgomery County Police,Injury Crash,01/04/2017 07:10:00 PM,Maryland (State),BROOKVILLE RD,Municipality,SHEPHERD ST,,MATINS ADDITION,,STRAIGHT MOVEMENT ANGLE,CLEAR,DRY,DARK LIGHTS ON,STOP SIGN,NONE DETECTED,,9821EA46-E629-479F-B48F-0FAE5ED840AC,No,POSSIBLE INJURY,N/A,NOT DISTRACTED,MD,27179B8F-0461-4853-BF1B-E2D7A3BD9740,FUNCTIONAL,PASSENGER CAR,MOVING CONSTANT SPEED,38.98005167,-77.07096667,"(38.98005167, -77.07096667)"
MCP2902000Y,15053810,MONTGOMERY,Property Damage Crash,10/23/2015 12:36:00 PM,County,BRINK RD,Maryland (State),FREDERICK RD,,N/A,,SAME DIR REAR END,CLEAR,DRY,DAYLIGHT,NO CONTROLS,NONE DETECTED,,858F4EE7-E524-48F9-B1CA-585BAA7EE7DA,Yes,NO APPARENT INJURY,N/A,LOOKED BUT DID NOT SEE,MD,3101B685-1E28-4D68-90DF-33A40123461F,DISABLING,PICKUP TRUCK,MOVING CONSTANT SPEED,39.213765,-77.24922667,"(39.213765, -77.24922667)"
MCP28860011,15060643,MONTGOMERY,Property Damage Crash,11/27/2015 04:45:00 PM,,INTERLACHEN DRIVE,,GLADE DRIVE,,N/A,,SINGLE VEHICLE,CLEAR,DRY,DUSK,N/A,NONE DETECTED,,81DB8A6F-97B2-4616-9DD0-0D82CE59A863,Yes,NO APPARENT INJURY,N/A,LOOKED BUT DID NOT SEE,MD,81AD845A-7BF5-4462-9E4D-B878473351AB,DISABLING,PASSENGER CAR,MOVING CONSTANT SPEED,39.10524,-77.06984667,"(39.10524, -77.06984667)"
MCP0617000K,16024140,Montgomery County Police,Injury Crash,05/16/2016 06:27:00 AM,County,BEL PRE RD,Maryland (State),LAYHILL RD,,N/A,,SAME DIRECTION SIDESWIPE,CLEAR,DRY,DAYLIGHT,NO CONTROLS,N/A,,E6D23189-8321-40CF-8D72-981703FEA17D,Yes,NO APPARENT INJURY,N/A,NOT DISTRACTED,XX,D9865A44-1BDE-4E3D-B907-D7DA28065E1B,UNKNOWN,PICKUP TRUCK,MAKING LEFT TURN,39.12929,-77.02367167,"(39.12929, -77.02367167)"
MCP2278001B,16026916,Montgomery County Police,Property Damage Crash,05/30/2016 12:06:00 PM,Maryland (State),RIVER RD,Maryland (State),GOLDSBORO RD,,N/A,,SAME DIR REAR END,CLOUDY,DRY,DAYLIGHT,TRAFFIC SIGNAL,NONE DETECTED,,B636DDC2-2AFB-4A59-9105-34D15B8E822B,No,NO APPARENT INJURY,N/A,NOT DISTRACTED,MD,75D4FA23-069A-4B74-AEAB-01E68FB349DE,FUNCTIONAL,PASSENGER CAR,STOPPED IN TRAFFIC LANE,38.97294333,-77.12163,"(38.97294333, -77.12163)"
MCP1438003J,16056305,Montgomery County Police,Injury Crash,11/01/2016 04:58:00 PM,County,SNOUFFERS SCHOOL RD,County,CHERRY LAUREL LA,,N/A,,SAME DIR REAR END,CLOUDY,DRY,DAYLIGHT,N/A,NONE DETECTED,,22088408-23EB-4214-984E-C77F02BE6ADE,Yes,NO APPARENT INJURY,N/A,LOOKED BUT DID NOT SEE,DC,BFA7786C-6320-4EB1-B39C-1E628F5CC318,SUPERFICIAL,PASSENGER CAR,SLOWING OR STOPPING,39.16165,-77.16453167,"(39.16165, -77.16453167)"
DD55900010,170526294,Rockville Police Departme,Property Damage Crash,08/22/2017 08:45:00 PM,Maryland (State),ROCKVILLE PIKE,Unknown,CONGRESSIONAL LA,,N/A,,STRAIGHT MOVEMENT ANGLE,CLEAR,DRY,DARK LIGHTS ON,TRAFFIC SIGNAL,NONE DETECTED,,827053B8-EFE6-4F0D-AADA-F399FA1773FD,Yes,NO APPARENT INJURY,N/A,UNKNOWN,MD,ECF2CFC1-A647-4896-BF79-D05C3B49E2C6,FUNCTIONAL,(SPORT) UTILITY VEHICLE,MOVING CONSTANT SPEED,39.06489167,-77.1264,"(39.06489167, -77.1264)"
MCP21980015,15048692,MONTGOMERY,Property Damage Crash,09/25/2015 05:20:00 PM,County,MUDDY BRANCH RD,County,HARMONY HALL RD,,N/A,,SAME DIR REAR END,CLEAR,DRY,DAYLIGHT,NO CONTROLS,N/A,,73C8E25D-6CF7-4EAE-8DEE-3485C93ED1FB,Yes,NO APPARENT INJURY,N/A,NOT DISTRACTED,MD,2528F613-6F0F-48D1-89EF-5FB3EE65F2C5,DISABLING,PASSENGER CAR,SLOWING OR STOPPING,39.13724833,-77.20548167,"(39.13724833, -77.20548167)"
MCP2977001Z,16057811,Montgomery County Police,Property Damage Crash,11/09/2016 02:50:00 PM,US (State),COLESVILLE RD,County,TIMBERWOOD AVE,,N/A,,SAME DIR REAR END,CLOUDY,WET,DAYLIGHT,NO CONTROLS,N/A,,85C45574-811A-42DA-A8D1-8B4CA71445AA,No,NO APPARENT INJURY,N/A,NOT DISTRACTED,MD,4E400332-D267-4413-A98D-E701EBC74BD6,SUPERFICIAL,TRANSIT BUS,STOPPED IN TRAFFIC LANE,39.02082667,-77.012215,"(39.02082667, -77.012215)"
DD55980014,16063810,Rockville Police Departme,Property Damage Crash,12/12/2016 06:05:00 PM,Maryland (State),VEIRS MILL RD,Ramp,RAMP 5 FR STONESTREET AVE TO MD 28 EB,,N/A,,OTHER,CLEAR,DRY,DARK LIGHTS ON,YIELD SIGN,N/A,,E51AA3E7-F26C-46E6-8790-59A55579C2B9,Yes,NO APPARENT INJURY,N/A,LOOKED BUT DID NOT SEE,MD,65D75BC2-F15D-4C44-8E0A-A82E9BB127CD,DISABLING,PASSENGER CAR,CHANGING LANES,39.08003333,-77.13921167,"(39.08003333, -77.13921167)"
MCP9133000D,15049019,MONTGOMERY,Injury Crash,09/27/2015 02:53:00 PM,Other Public Roadway,HENDERSON CORNER RD,County,SENECA CROSSING DR,,N/A,,STRAIGHT MOVEMENT ANGLE,CLEAR,DRY,DAYLIGHT,STOP SIGN,N/A,,3B545B94-CCF6-44D4-8FFA-9A4B664166E1,No,POSSIBLE INJURY,N/A,NOT DISTRACTED,MA,FE902217-0E42-4F10-BFC1-F191D085F393,DISABLING,"OTHER LIGHT TRUCKS (10,000LBS (4,536KG) OR LESS)",STARTING FROM LANE,39.20423333,-77.24487167,"(39.20423333, -77.24487167)"
MCP26000017,15036972,MONTGOMERY,Property Damage Crash,07/26/2015 05:30:00 PM,Maryland (State),NEW HAMPSHIRE AVE,County,OAKVIEW DR,,N/A,,SAME DIR REAR END,CLEAR,DRY,DAYLIGHT,NO CONTROLS,NONE DETECTED,,70CA0397-E9C3-43CD-BC7B-6417953C3A19,No,NO APPARENT INJURY,N/A,NOT DISTRACTED,MD,1BB172E3-F55E-4553-8D3D-0670E8AD77D4,SUPERFICIAL,PASSENGER CAR,STOPPED IN TRAFFIC LANE,39.01659667,-76.977495,"(39.01659667, -76.977495)"
MCP30030017,17013735,Montgomery County Police,Injury Crash,03/17/2017 03:39:00 PM,Maryland (State),FREDERICK RD,Unknown,ENT TO MILESTONE SHOPPING CENTER,,N/A,,SAME DIR REAR END,CLEAR,DRY,DAYLIGHT,N/A,NONE DETECTED,,19B4AB02-695A-4B52-AF8D-D25CD5454E05,No,NO APPARENT INJURY,N/A,NOT DISTRACTED,PA,B68587D5-E2EE-4FE5-BF53-94A590130584,SUPERFICIAL,(SPORT) UTILITY VEHICLE,STOPPED IN TRAFFIC LANE,39.19991811,-77.2453022,"(39.19991811, -77.2453022)"
MCP27380020,17000268,Montgomery County Police,Injury Crash,01/02/2017 05:58:00 PM,US (State),COLUMBIA PIKE,County,STEWART LA,,N/A,,HEAD ON LEFT TURN,RAINING,WET,DARK LIGHTS ON,TRAFFIC SIGNAL,N/A,,393672D4-B8D1-41BD-8A8B-9F4C8185870E,No,NO APPARENT INJURY,"N/A, WET",NOT DISTRACTED,MD,810B7E19-E024-4B63-A18A-EEB42ECABEA8,DISABLING,PASSENGER CAR,MOVING CONSTANT SPEED,39.04652167,-76.98684333,"(39.04652167, -76.98684333)"
MCP2919001W,16042747,Montgomery County Police,Property Damage Crash,08/23/2016 08:05:00 AM,Maryland (State),16TH ST,County,SPRING ST,,N/A,,OTHER,CLEAR,DRY,DAYLIGHT,N/A,NONE DETECTED,,4351D2C2-B5D1-4BCC-9DE3-25A8D9649F8B,Unknown,NO APPARENT INJURY,N/A,UNKNOWN,MD,BB0706D4-651E-4684-9BD4-81C8863CBDE0,SUPERFICIAL,VAN,MOVING CONSTANT SPEED,38.99615699,-77.03629375,"(38.99615699, -77.03629375)"
MCP1235000K,16017400,Montgomery County Police,Property Damage Crash,04/09/2016 06:20:00 PM,US (State),COLESVILLE RD,County,FENTON ST,,N/A,,SAME DIRECTION SIDESWIPE,CLEAR,DRY,DAYLIGHT,NO CONTROLS,NONE DETECTED,,8F8AA6FA-F6B9-4ED1-9C4C-58A89CC78883,Yes,NO APPARENT INJURY,N/A,NOT DISTRACTED,DC,E3CB5A56-F66B-400D-823D-81B965F76E37,SUPERFICIAL,PASSENGER CAR,MOVING CONSTANT SPEED,39.01962167,-77.00819333,"(39.01962167, -77.00819333)"
MCP2891003Y,170521658,Montgomery County Police,Property Damage Crash,07/28/2017 12:19:00 PM,County,SECOND AVE,County,SPRINGWOOD DR,,N/A,,OTHER,RAINING,WET,DAYLIGHT,N/A,NONE DETECTED,,2F1A53D5-1772-40B7-9BB8-6E5B49073F7A,No,NO APPARENT INJURY,"RAIN, SNOW, WET",NOT DISTRACTED,MD,69B2D766-70E7-4348-9202-D2B45ACC7CD7,FUNCTIONAL,OTHER,MOVING CONSTANT SPEED,38.999985,-77.03672267,"(38.999985, -77.03672267)"
MCP15500023,16035708,Montgomery County Police,Property Damage Crash,07/14/2016 05:54:00 PM,Maryland (State),CONNECTICUT AVE,County,MONTROSE DR,,N/A,,SAME DIR REAR END,CLEAR,DRY,DAYLIGHT,NO CONTROLS,NONE DETECTED,,2C7E1B86-1601-4335-BA67-6704DE67193E,No,NO APPARENT INJURY,N/A,NOT DISTRACTED,MD,82678014-AE63-4C23-B4CD-AFC45A2ECD18,FUNCTIONAL,(SPORT) UTILITY VEHICLE,STOPPED IN TRAFFIC LANE,39.00254667,-77.07720833,"(39.00254667, -77.07720833)"
MCP2588001H,16017111,Montgomery County Police,Property Damage Crash,04/08/2016 09:10:00 AM,County,BEL PRE RD,Maryland (State),LAYHILL RD,,N/A,,SAME DIRECTION LEFT TURN,CLEAR,DRY,DAYLIGHT,N/A,NONE DETECTED,,289A6406-F5B4-42D7-8CD0-4F29D663E0CD,Yes,NO APPARENT INJURY,N/A,NOT DISTRACTED,MD,8400A3AB-A5BC-4FC6-AA5A-B3D0BA70CDB3,DISABLING,PASSENGER CAR,CHANGING LANES,39.09054833,-77.045535,"(39.09054833, -77.045535)"
MCP3014000P,16032310,Montgomery County Police,Injury Crash,06/26/2016 03:14:00 AM,Maryland (State),GEORGIA AVE,Maryland (State),CONNECTICUT AVE,,N/A,PEDESTRIAN,STRAIGHT MOVEMENT ANGLE,CLEAR,DRY,DARK LIGHTS ON,NO CONTROLS,UNKNOWN,ALCOHOL CONTRIBUTED,3E9A528B-672E-4759-A39A-B8E28FEA321B,Unknown,NO APPARENT INJURY,N/A,LOOKED BUT DID NOT SEE,DC,6C5A5571-3AB7-4F60-B7A6-AD69D1D66F18,NO DAMAGE,PASSENGER CAR,MOVING CONSTANT SPEED,39.08314096,-77.07761317,"(39.08314096, -77.07761317)"
MCP28130032,170504190,Montgomery County Police,Property Damage Crash,04/25/2017 07:39:00 PM,County,REEDIE DR,Maryland (State),GEORGIA AVE,,N/A,,SINGLE VEHICLE,CLEAR,DRY,DAYLIGHT,NO CONTROLS,N/A,,A5721A69-BB38-4414-BC51-2BD13F7F42CE,Yes,NO APPARENT INJURY,N/A,LOOKED BUT DID NOT SEE,MD,52782CF0-F2F5-4659-BE2A-A10524B512D8,DISABLING,PASSENGER CAR,MAKING RIGHT TURN,39.03856833,-77.054305,"(39.03856833, -77.054305)"
MCP26390020,170504999,Montgomery County Police,Property Damage Crash,04/29/2017 08:00:00 PM,Maryland (State),GEORGIA AVE,County,DENNIS AVE,,N/A,,SAME DIRECTION SIDESWIPE,CLEAR,DRY,DARK LIGHTS ON,NO CONTROLS,UNKNOWN,,1A2FE231-2C68-42AD-A8BA-80E2E81E076A,Yes,NO APPARENT INJURY,N/A,UNKNOWN,,114B4140-D1E9-4D18-9BCB-AC62FBD13403,FUNCTIONAL,PASSENGER CAR,MOVING CONSTANT SPEED,39.02609167,-77.04639833,"(39.02609167, -77.04639833)"
MCP28590035,17001590,Montgomery County Police,Property Damage Crash,01/10/2017 10:09:00 AM,Maryland (State),FREDERICK RD,Municipality,CHESTNUT ST,,GAITHERSBURG,,HEAD ON LEFT TURN,CLOUDY,DRY,DAYLIGHT,NO CONTROLS,NONE DETECTED,,F1111B84-0761-4E09-A944-1CDFA97D5469,Yes,NO APPARENT INJURY,N/A,LOOKED BUT DID NOT SEE,MD,3C3316C4-4E82-432F-BF65-2AFEC2F2FFAE,DISABLING,PASSENGER CAR,MAKING LEFT TURN,39.144395,-77.20255333,"(39.144395, -77.20255333)"
MCP2736003W,16049538,Montgomery County Police,Property Damage Crash,09/26/2016 04:44:00 PM,Maryland (State),ROCKVILLE PIKE,Unknown,ENT TO BUSINESS,,N/A,,SAME DIRECTION SIDESWIPE,CLEAR,DRY,DAYLIGHT,NO CONTROLS,NONE DETECTED,,D0AA250B-05B6-4146-BECE-739A52E804B5,No,NO APPARENT INJURY,N/A,NOT DISTRACTED,MD,87361788-D73A-425C-976F-190FD223E278,FUNCTIONAL,PASSENGER CAR,MOVING CONSTANT SPEED,39.047785,-77.11335167,"(39.047785, -77.11335167)"
MCP2617001G,15065330,MONTGOMERY,Injury Crash,12/21/2015 05:36:00 PM,Maryland (State),MASSACHUSETTS AVE,County,CROMWELL DR,,N/A,,SAME DIR REAR END,"BLOWING SAND, SOIL, DIRT",DRY,DARK NO LIGHTS,TRAFFIC SIGNAL,NONE DETECTED,,5D7FB500-ED92-4B55-9A12-A8FB3CDABD86,No,SUSPECTED MINOR INJURY,N/A,NOT DISTRACTED,MD,E34DB141-4E85-4DCC-9EC2-E1B260949C3E,DISABLING,PASSENGER CAR,SLOWING OR STOPPING,38.96108833,-77.11648,"(38.96108833, -77.11648)"
MCP27670033,170520756,Montgomery County Police,Property Damage Crash,07/23/2017 07:14:00 PM,Maryland (State),UNIVERSITY BLVD W,County,DENNIS AVE,,N/A,,STRAIGHT MOVEMENT ANGLE,RAINING,WET,DAYLIGHT,TRAFFIC SIGNAL,NONE DETECTED,,A554B17E-5D3D-42B8-8ADC-D9CAC55051B2,Yes,NO APPARENT INJURY,N/A,NOT DISTRACTED,MD,5C5C4454-001A-4B96-A380-7D62741E5958,DISABLING,PASSENGER CAR,ACCELERATING,39.026395,-77.02018167,"(39.026395, -77.02018167)"
MCP2864001S,16019478,Montgomery County Police,Property Damage Crash,04/20/2016 05:29:00 PM,Maryland (State),HUNGERFORD DR,Municipality,E MIDDLE LA,,ROCKVILLE,,SAME DIR REAR END,CLEAR,DRY,DAYLIGHT,TRAFFIC SIGNAL,NONE DETECTED,,9B17CF5C-738C-4190-86AE-5D239435494F,No,NO APPARENT INJURY,N/A,NOT DISTRACTED,MD,E425CA1B-1017-49A3-A7E4-65EE7607F411,FUNCTIONAL,PASSENGER CAR,SLOWING OR STOPPING,39.085715,-77.14885333,"(39.085715, -77.14885333)"
MCP15540013,15061632,MONTGOMERY,Injury Crash,12/02/2015 09:35:00 PM,County,SHADY GROVE RD,Ramp,RAMP 6 FR SHADY GROVE RD EB TO MD200A SB,,N/A,,HEAD ON LEFT TURN,RAINING,WET,DARK LIGHTS ON,TRAFFIC SIGNAL,NONE DETECTED,,8E2894B3-16FF-4E9F-ABE9-E9C1D11BCA18,No,POSSIBLE INJURY,"N/A, WET",NOT DISTRACTED,MD,14E9C6E9-BA44-4177-BAB0-FDE071923882,DISABLING,PASSENGER CAR,MAKING LEFT TURN,39.13092667,-77.16125167,"(39.13092667, -77.16125167)"
MCP2556001G,170516981,Montgomery County Police,Injury Crash,07/02/2017 04:59:00 PM,Maryland (State),GREAT SENECA HWY,Unknown,HIGH GABLES DR,,N/A,,STRAIGHT MOVEMENT ANGLE,CLOUDY,DRY,DAYLIGHT,NO CONTROLS,NONE DETECTED,,64A3DE55-04A9-404A-950B-166CA44502EA,No,POSSIBLE INJURY,N/A,NOT DISTRACTED,MD,D1679F88-2FDB-49D5-B2C7-E735BE294AE9,DISABLING,PASSENGER CAR,MOVING CONSTANT SPEED,39.11561167,-77.223165,"(39.11561167, -77.223165)"
MCP24250065,16001906,Montgomery County Police,Injury Crash,01/11/2016 11:29:00 AM,Interstate (State),CAPITAL BELTWAY,Ramp,RAMP 4 FR US 29 NB TO IS 495 EB,,N/A,,SAME DIRECTION SIDESWIPE,CLEAR,DRY,DAYLIGHT,NO CONTROLS,NONE DETECTED,,CF77676F-EF93-4FF5-968F-B54660DDEBD6,Unknown,NO APPARENT INJURY,N/A,NOT DISTRACTED,MD,B708F701-F901-4DC2-A26C-354AAD18C716,FUNCTIONAL,(SPORT) UTILITY VEHICLE,CHANGING LANES,39.01616667,-77.01846,"(39.01616667, -77.01846)"
MCP2800002D,16023640,Montgomery County Police,Property Damage Crash,05/12/2016 05:27:00 PM,Maryland (State),BRADLEY BLVD,County,WOODHAVEN BLVD,,N/A,,SAME DIR REAR END,CLEAR,DRY,DAYLIGHT,NO CONTROLS,NONE DETECTED,,92A04E17-01A7-4426-8A88-5CC1D738DF78,No,NO APPARENT INJURY,N/A,NOT DISTRACTED,MD,53BA63C7-2E02-46F6-BBB5-850C7A451E24,FUNCTIONAL,PASSENGER CAR,STOPPED IN TRAFFIC LANE,38.99616667,-77.128315,"(38.99616667, -77.128315)"
MCP23620019,17004321,Montgomery County Police,Property Damage Crash,01/25/2017 12:08:00 PM,Maryland (State),NEW HAMPSHIRE AVE,County,OAKVIEW DR,,N/A,,SAME DIR REAR END,CLEAR,DRY,DAYLIGHT,NO CONTROLS,NONE DETECTED,,036AAFC0-3E3C-414D-B088-53C5B0E62665,Yes,NO APPARENT INJURY,N/A,NOT DISTRACTED,VA,2D04F3B0-AD6E-4F63-93B1-06B2786B7F44,DISABLING,PASSENGER CAR,MOVING CONSTANT SPEED,39.01297,-76.97844833,"(39.01297, -76.97844833)"
MCP2919001V,16041893,Montgomery County Police,Injury Crash,08/18/2016 09:39:00 AM,County,SEMINARY RD,Maryland (State),FOREST GLEN RD,,N/A,,ANGLE MEETS LEFT TURN,CLEAR,DRY,DAYLIGHT,NO CONTROLS,NONE DETECTED,,951E0843-87D7-44FF-8456-7F7760189E53,No,POSSIBLE INJURY,N/A,NOT DISTRACTED,MD,AF97DA6A-550B-467B-8072-A5C3701140C9,FUNCTIONAL,PASSENGER CAR,MOVING CONSTANT SPEED,39.01341333,-77.05291833,"(39.01341333, -77.05291833)"
DD56210013,170512893,Rockville Police Departme,Injury Crash,06/10/2017 01:11:00 PM,Maryland (State),VEIRS MILL RD,Municipality,MEADOW HALL DR,,ROCKVILLE,,SAME DIRECTION RIGHT TURN,CLEAR,DRY,DAYLIGHT,NO CONTROLS,NONE DETECTED,,9C18F4E1-986B-49EF-95F1-5C9E47F935AD,Yes,POSSIBLE INJURY,N/A,INATTENTIVE OR LOST IN THOUGHT,MD,343603E8-A900-436D-B484-498BCFD9B2A8,DISABLING,PASSENGER CAR,MAKING RIGHT TURN,39.07438017,-77.11387183,"(39.07438017, -77.11387183)"
MCP08520004,16062944,Montgomery County Police,Property Damage Crash,12/07/2016 10:42:00 PM,Maryland (State),FIRST ST,Maryland (State),VEIRS MILL RD,,N/A,,SAME DIR REAR END,RAINING,WET,DARK LIGHTS ON,TRAFFIC SIGNAL,NONE DETECTED,,C6291CA6-ADD7-47C3-BEE6-10BD9E7BC2E2,No,NO APPARENT INJURY,"N/A, WET",NOT DISTRACTED,MD,7AD9BAEC-4C45-49AC-A7DF-E798CE9064A8,FUNCTIONAL,PASSENGER CAR,SLOWING OR STOPPING,39.07522333,-77.13753167,"(39.07522333, -77.13753167)"
MCP2878002K,17007941,Montgomery County Police,Property Damage Crash,02/13/2017 08:41:00 PM,County,RIDGE RD,County,OBSERVATION DR,,N/A,,SAME DIR REAR END,CLEAR,DRY,DARK LIGHTS ON,TRAFFIC SIGNAL,NONE DETECTED,,50D68E04-1968-47C5-A001-DBCD1517519E,No,NO APPARENT INJURY,N/A,NOT DISTRACTED,MD,88330DB9-EA2E-4873-8DD9-2BED430439B3,DESTROYED,PASSENGER CAR,STOPPED IN TRAFFIC LANE,39.20171293,-77.25348964,"(39.20171293, -77.25348964)"
MCP2339001R,16035521,Montgomery County Police,Property Damage Crash,07/13/2016 06:58:00 PM,County,RANDOLPH RD,County,VITAL WAY,,N/A,,SAME DIR REAR END,CLEAR,DRY,DAYLIGHT,NO CONTROLS,NONE DETECTED,,F5E82B07-265C-4245-B1BC-74E3FAF62056,Yes,NO APPARENT INJURY,N/A,UNKNOWN,MD,1377453D-58B7-4D60-B8A7-D6B7467BC153,DISABLING,PASSENGER CAR,CHANGING LANES,39.07571167,-77.00366333,"(39.07571167, -77.00366333)"
MCP2116003M,16005455,Montgomery County Police,Property Damage Crash,02/02/2016 02:06:00 PM,Maryland (State),HUNGERFORD DR,Unknown,ENT TO BUSINESS,,N/A,,STRAIGHT MOVEMENT ANGLE,CLEAR,DRY,DAYLIGHT,N/A,NONE DETECTED,,1BED0C3D-07AE-449D-8CA4-8E22D3B17CF9,No,NO APPARENT INJURY,N/A,NOT DISTRACTED,MD,329D5A52-0260-4451-887D-F75320085738,DISABLING,PICKUP TRUCK,MOVING CONSTANT SPEED,39.104815,-77.15702833,"(39.104815, -77.15702833)"
MCP2843000W,16034823,Montgomery County Police,Injury Crash,07/09/2016 05:40:00 PM,Maryland (State),FREDERICK RD,Municipality,TRAVIS AVE,,GAITHERSBURG,,HEAD ON LEFT TURN,CLEAR,DRY,DAYLIGHT,TRAFFIC SIGNAL,N/A,,0BD6AE28-1E27-41E5-8008-E9648A247FCA,No,POSSIBLE INJURY,N/A,NOT DISTRACTED,MD,CF003318-5090-4AFC-9FF0-3C056DB98778,DISABLING,PASSENGER CAR,MOVING CONSTANT SPEED,39.16153667,-77.22308,"(39.16153667, -77.22308)"
MCP25650023,15054887,MONTGOMERY,Property Damage Crash,10/28/2015 10:04:00 PM,Interstate (State),CAPITAL BELTWAY,Ramp,RAMP 6 FR IS 495 EB TO MD 355 SB,,N/A,,SINGLE VEHICLE,RAINING,WET,DARK NO LIGHTS,NO CONTROLS,NONE DETECTED,,4F410C5B-7395-478B-91FA-542BB0CCA3D8,Yes,NO APPARENT INJURY,"N/A, WET",NOT DISTRACTED,MD,0DF33723-DCCD-42D0-BE37-D813D273057F,DISABLING,PASSENGER CAR,MOVING CONSTANT SPEED,39.01869333,-77.10593667,"(39.01869333, -77.10593667)"
MCP2914003J,16050170,Montgomery County Police,Property Damage Crash,09/29/2016 07:46:00 PM,Maryland (State),NEW HAMPSHIRE AVE,County,CHALMERS RD,,N/A,,SAME DIR REAR END,RAINING,WET,N/A,TRAFFIC SIGNAL,N/A,,355A6F54-1679-4CCF-A08C-7C4ADA8D543E,Yes,NO APPARENT INJURY,"N/A, NON-HIGHWAY WORK",UNKNOWN,MD,CDF7F66E-E92D-482C-82B7-1FA105621695,UNKNOWN,PASSENGER CAR,UNKNOWN,39.04579,-76.99095833,"(39.04579, -76.99095833)"
EJ7833001P,15067023,Gaithersburg Police Depar,Injury Crash,12/30/2015 09:27:00 PM,Municipality,ODENDHAL AVE,Municipality,RUSSELL AVE,,GAITHERSBURG,,STRAIGHT MOVEMENT ANGLE,CLOUDY,WET,DARK LIGHTS ON,STOP SIGN,NONE DETECTED,,F60F78A8-A67E-4E39-AB28-7D7A39F3D739,No,SUSPECTED MINOR INJURY,"N/A, WET",NOT DISTRACTED,GA,05C6E188-94A9-43FE-9DA8-E7026AAEE680,FUNCTIONAL,PASSENGER CAR,MOVING CONSTANT SPEED,39.14967167,-77.2052,"(39.14967167, -77.2052)"
MCP26310013,17004602,Montgomery County Police,Property Damage Crash,01/26/2017 05:15:00 PM,,,,,IN FRONT OF 10104 RIVER ROAD,,,SINGLE VEHICLE,CLOUDY,,DARK LIGHTS ON,N/A,NONE DETECTED,,578CDED9-200C-4399-BB36-3AEEBDFDC14C,Yes,NO APPARENT INJURY,N/A,OTHER CELLULAR PHONE RELATED,MD,4578DC7C-95D0-433E-82C3-4CD77C0659DD,DISABLING,PASSENGER CAR,MOVING CONSTANT SPEED,39.01697333,-77.20869,"(39.01697333, -77.20869)"
DD5617000J,17004016,Rockville Police Departme,Property Damage Crash,01/23/2017 06:22:00 PM,Municipality,WOOTTON PKWY,Municipality,TOWER OAKS BLVD,,ROCKVILLE,,ANGLE MEETS LEFT TURN,RAINING,N/A,DARK LIGHTS ON,TRAFFIC SIGNAL,N/A,,C6E18258-D2D2-4F3F-8D7F-61B24BE2181A,No,NO APPARENT INJURY,"N/A, WET",NOT DISTRACTED,MD,01566B77-7D38-4475-877C-084B04E126A7,FUNCTIONAL,VAN,MOVING CONSTANT SPEED,39.06693581,-77.15397969,"(39.06693581, -77.15397969)"
MCP2212000Y,15005296,Montgomery County Police,Injury Crash,02/02/2015 01:52:00 PM,Maryland (State),NEW HAMPSHIRE AVE,Unknown,ENT TO WHITE OAK CENTER,,N/A,,STRAIGHT MOVEMENT ANGLE,CLEAR,DRY,DAYLIGHT,NO CONTROLS,NONE DETECTED,,A8BB6031-3E07-4099-B2E8-EA46B49B0EE2,No,NO APPARENT INJURY,N/A,NOT DISTRACTED,MD,1FABF21E-F5BC-48E6-98C7-37FBB7175DA7,DISABLING,PASSENGER CAR,MOVING CONSTANT SPEED,39.04079833,-76.99094,"(39.04079833, -76.99094)"
MCP28320028,16041233,Montgomery County Police,Property Damage Crash,08/14/2016 02:29:00 PM,Maryland (State),EAST WEST HWY,Maryland (State),CONNECTICUT AVE,,N/A,,OTHER,CLEAR,DRY,DAYLIGHT,TRAFFIC SIGNAL,UNKNOWN,,6F35D1C3-B941-4021-A18D-EA16EEED2425,Yes,NO APPARENT INJURY,N/A,UNKNOWN,MD,5A4D3758-768F-4EEE-B85C-5B8A119BBF92,FUNCTIONAL,PASSENGER CAR,STARTING FROM LANE,38.988335,-77.07925,"(38.988335, -77.07925)"