Report Number,Local Case Number,Agency Name,ACRS Report Type,Crash Date/Time,Route Type,Road Name,Cross-Street Type,Cross-Street Name,Off-Road Description,Municipality,Related Non-Motorist,Collision Type,Weather,Surface Condition,Light,Traffic Control,Driver Substance Abuse,Non-Motorist Substance Abuse,Person ID,Driver At Fault,Injury Severity,Circumstance,Driver Distracted By,Drivers License State,Vehicle ID,Vehicle Damage Extent,Vehicle Body Type,Vehicle Movement,Latitude,Longitude,Location
MCP2792000R,15065808,MONTGOMERY,Property Damage Crash,12/23/2015 05:56:00 PM,Maryland (State),RIDGE RD,County,DAVIS MILL RD,,N/A,,ANGLE MEETS LEFT HEAD ON,RAINING,WET,DARK LIGHTS ON,STOP SIGN,NONE DETECTED,,56978AD0-3BD0-420C-B663-60048FCBF116,No,NO APPARENT INJURY,"SLEET, HAIL, FREEZ. RAIN, WET",NOT DISTRACTED,MD,BD267C51-DD5F-4635-8621-944AA109366A,SUPERFICIAL,PASSENGER CAR,MOVING CONSTANT SPEED,39.2408,-77.23485833,"(39.2408, -77.23485833)"
MCP28270027,16021871,Montgomery County Police,Injury Crash,05/03/2016 05:25:00 PM,County,RANDOLPH RD,County,BREGMAN RD,,N/A,,STRAIGHT MOVEMENT ANGLE,RAINING,WET,DAYLIGHT,STOP SIGN,NONE DETECTED,,A56F313E-BE48-459B-AA64-92FB30C3783B,No,NO APPARENT INJURY,"RAIN, SNOW, WET",NOT DISTRACTED,MD,DC8B4FD3-0787-4F6C-A1FE-7E8BC67C45DB,DISABLING,PASSENGER CAR,MOVING CONSTANT SPEED,39.07475833,-77.00505,"(39.07475833, -77.00505)"
MCP2298008P,16021867,Montgomery County Police,Property Damage Crash,05/03/2016 04:49:00 PM,,SNOWDEN FARM PWK,,NEWCUT ROAD,,N/A,,STRAIGHT MOVEMENT ANGLE,CLOUDY,DRY,DAYLIGHT,FLASHING TRAFFIC SIGNAL,NONE DETECTED,,1F0B73A1-5EFA-49E1-895E-5205FD765526,Yes,NO APPARENT INJURY,N/A,LOOKED BUT DID NOT SEE,MD,93E9D17E-4917-464A-A73F-21BF8EBC2088,DISABLING,(SPORT) UTILITY VEHICLE,STARTING FROM LANE,39.22826,-77.25034833,"(39.22826, -77.25034833)"
MCP15310004,16018570,Montgomery County Police,Property Damage Crash,04/15/2016 11:06:00 PM,County,WILLARD AVE,Maryland (State),RIVER RD,,N/A,,SAME DIR REAR END,CLEAR,DRY,DARK LIGHTS ON,TRAFFIC SIGNAL,NONE DETECTED,,C596C245-5664-48EA-A239-981D44F7BEE9,Yes,NO APPARENT INJURY,N/A,NOT DISTRACTED,VA,47E76213-C896-41EE-9690-D5451AA54832,DISABLING,PASSENGER CAR,MOVING CONSTANT SPEED,38.96082167,-77.09669333,"(38.96082167, -77.09669333)"
MCP28980017,15065156,MONTGOMERY,Property Damage Crash,12/20/2015 07:17:00 PM,Maryland (State),GERMANTOWN RD,Ramp,RAMP 4 FR IS 270 NB TO MD 118 EB,,N/A,,SAME DIR REAR END,CLEAR,DRY,DARK LIGHTS ON,NO CONTROLS,N/A,,7D351076-C48F-40A5-8153-1C6CD92488DC,Yes,NO APPARENT INJURY,N/A,LOOKED BUT DID NOT SEE,MD,4D9BEFA5-9562-4AD0-8A9B-EADF7655D4DF,DISABLING,PASSENGER CAR,MOVING CONSTANT SPEED,39.185025,-77.25423,"(39.185025, -77.25423)"
MCP2934001K,16029179,Montgomery County Police,Injury Crash,06/10/2016 10:42:00 AM,Maryland (State),MASSACHUSETTS AVE,County,SANGAMORE RD,,N/A,,SAME DIRECTION SIDESWIPE,CLEAR,DRY,DAYLIGHT,NO CONTROLS,NONE DETECTED,,EDF8F936-F6C0-4B95-9731-5FBD02FA796B,Yes,POSSIBLE INJURY,N/A,LOOKED BUT DID NOT SEE,MD,405EF705-83CF-49FF-AFA2-401C1C38F314,DISABLING,PASSENGER CAR,MOVING CONSTANT SPEED,38.96422167,-77.12212667,"(38.96422167, -77.12212667)"
MCP23940029,16047499,Montgomery County Police,Property Damage Crash,09/16/2016 04:07:00 AM,Municipality,PICCARD DR,Municipality,CURIE CT,,ROCKVILLE,,SINGLE VEHICLE,CLEAR,DRY,DARK LIGHTS ON,N/A,NONE DETECTED,,3E3892B3-F443-4B88-AA31-F3B8FA04662B,Yes,NO APPARENT INJURY,N/A,NOT DISTRACTED,MD,04A87A0C-DB4C-48B8-A502-F97601C01ED2,DESTROYED,PASSENGER CAR,MOVING CONSTANT SPEED,39.10569167,-77.17968,"(39.10569167, -77.17968)"
MCP2938000L,15054259,MONTGOMERY,Property Damage Crash,10/26/2015 05:41:00 AM,Maryland (State),CONNECTICUT AVE,Maryland (State),EAST WEST HWY,,N/A,,OTHER,CLEAR,DRY,DARK LIGHTS ON,TRAFFIC SIGNAL,NONE DETECTED,,50BC4990-CC71-4734-A1B7-E8AD23C6342D,No,NO APPARENT INJURY,N/A,NOT DISTRACTED,MD,FA8D9941-D8BC-4C02-8E35-F293C67E8E76,SUPERFICIAL,PASSENGER CAR,STOPPED IN TRAFFIC LANE,38.98793492,-77.07702041,"(38.98793492, -77.07702041)"
MCP271700CP,170520948,Montgomery County Police,Injury Crash,07/24/2017 08:00:00 PM,County,CHAPMAN AVE,County,BOU AVE,,N/A,,STRAIGHT MOVEMENT ANGLE,CLEAR,DRY,DARK LIGHTS ON,TRAFFIC SIGNAL,N/A,,A79470C7-1EF4-489A-AECC-5F5B472C5B5D,No,SUSPECTED MINOR INJURY,N/A,NOT DISTRACTED,MD,9C7FF50C-7868-45DC-B57A-AB710FE35361,DISABLING,PASSENGER CAR,MOVING CONSTANT SPEED,39.05701717,-77.11742983,"(39.05701717, -77.11742983)"
MCP1334004D,16053932,Montgomery County Police,Injury Crash,10/20/2016 05:31:00 AM,County,SNOUFFERS SCHOOL RD,County,CENTERWAY RD,,N/A,,ANGLE MEETS RIGHT TURN,CLOUDY,DRY,DARK LIGHTS ON,TRAFFIC SIGNAL,NONE DETECTED,,F9D7DDB4-11AE-4DC7-AD18-D0D34D44D46E,Yes,SUSPECTED MINOR INJURY,N/A,NOT DISTRACTED,MD,11D258FF-1D08-4B74-AB65-1A3ECC2EAC2A,DISABLING,PASSENGER CAR,MAKING RIGHT TURN,39.17001262,-77.17675969,"(39.17001262, -77.17675969)"
MCP26950018,17011817,Montgomery County Police,Property Damage Crash,03/06/2017 01:20:00 PM,Maryland (State),NEW HAMPSHIRE AVE,County,POWDER MILL RD,,N/A,,SAME DIRECTION RIGHT TURN,CLEAR,DRY,DAYLIGHT,N/A,N/A,,EC3A5893-8A15-4786-A6E1-1697324D5534,No,NO APPARENT INJURY,N/A,NOT DISTRACTED,MD,5AA22B2F-B4EA-4757-ACCA-B0B462BE1B2E,FUNCTIONAL,PASSENGER CAR,MOVING CONSTANT SPEED,39.02265018,-76.97763115,"(39.02265018, -76.97763115)"
MCP20080019,15054048,MONTGOMERY,Injury Crash,10/24/2015 05:28:00 PM,Maryland (State),ROCKVILLE PIKE,County,TUCKERMAN LA,,N/A,,SAME DIR REAR END,CLEAR,DRY,DARK LIGHTS ON,TRAFFIC SIGNAL,NONE DETECTED,,DAF6C9B1-1FB2-4927-9E70-C06C095607D8,No,POSSIBLE INJURY,N/A,NOT DISTRACTED,MD,DCB7F48B-23D3-4832-ADB5-200FF99E5B9B,FUNCTIONAL,(SPORT) UTILITY VEHICLE,MOVING CONSTANT SPEED,39.02436825,-77.10318804,"(39.02436825, -77.10318804)"
MCP3006000M,16010805,MONTGOMERY,Property Damage Crash,03/04/2016 11:57:00 AM,County,ASPEN HILL RD,County,ARCTIC AVE,,N/A,,OPPOSITE DIRECTION SIDESWIPE,CLOUDY,DRY,DAYLIGHT,TRAFFIC SIGNAL,NONE DETECTED,,C103E540-0D2F-4693-BC11-10B804E3C75E,No,NO APPARENT INJURY,N/A,NOT DISTRACTED,MD,1CE370A3-C754-47FD-B75D-2C3F2CDA2F81,SUPERFICIAL,VAN,MOVING CONSTANT SPEED,39.0712985,-77.09888846,"(39.0712985, -77.09888846)"
MCP2455001J,17015648,Montgomery County Police,Injury Crash,03/27/2017 06:20:00 PM,Maryland (State),FALLS RD,County,VICTORY LA,,N/A,,SAME DIR REAR END,CLEAR,DRY,DAYLIGHT,N/A,N/A,,024774F7-290B-4957-89D7-C532A2FD8824,No,NO APPARENT INJURY,"DEBRIS OR OBSTRUCTION, N/A",UNKNOWN,MD,C5597E48-60D6-4ACC-BC66-02E163706695,DISABLING,PASSENGER CAR,MOVING CONSTANT SPEED,39.05362,-77.18388,"(39.05362, -77.18388)"
DD5617000V,170512462,Rockville Police Departme,Injury Crash,06/08/2017 10:45:00 AM,Municipality,RESEARCH CT,Municipality,RESEARCH BLVD,,ROCKVILLE,PEDESTRIAN,N/A,CLEAR,N/A,DAYLIGHT,N/A,UNKNOWN,UNKNOWN,5688ED89-1363-4034-9DCA-959ADA41EB47,Unknown,NO APPARENT INJURY,N/A,UNKNOWN,,957E2CB9-5841-45B7-B487-C383E3C4339A,UNKNOWN,,UNKNOWN,39.10516667,-77.19007833,"(39.10516667, -77.19007833)"
MCP2878001D,15047202,MONTGOMERY,Property Damage Crash,09/17/2015 08:45:00 PM,Maryland (State),RIDGE RD,Other Public Roadway,VALLEY PARK DR,,N/A,,STRAIGHT MOVEMENT ANGLE,CLEAR,DRY,DARK LIGHTS ON,STOP SIGN,NONE DETECTED,,FC215793-09A0-4E3A-AAE3-B7C57F20077B,No,NO APPARENT INJURY,N/A,NOT DISTRACTED,MD,48BBBB5C-96CE-4FEC-BC78-F7F98E048249,DISABLING,PASSENGER CAR,MOVING CONSTANT SPEED,39.27398167,-77.21507833,"(39.27398167, -77.21507833)"
HA23720009,16001228,Maryland-National Capital,Property Damage Crash,09/28/2016 09:14:00 AM,Government,SLIGO CREEK PKWY,County,DENNIS AVE,,N/A,,SAME DIR REAR END,RAINING,WET,DAYLIGHT,STOP SIGN,NONE DETECTED,,1C22E77E-8671-4470-A9B2-56AFDA6EDC28,Yes,NO APPARENT INJURY,"N/A, WET",UNKNOWN,MD,2B205C34-063C-4F08-B342-BE4F81F7453D,SUPERFICIAL,PASSENGER CAR,UNKNOWN,39.00755456,-77.01988667,"(39.00755456, -77.01988667)"
MCP20940062,16012597,MONTGOMERY,Injury Crash,03/14/2016 02:05:00 PM,County,DEMOCRACY BLVD,County,DEMOCRACY LA,,N/A,,STRAIGHT MOVEMENT ANGLE,CLOUDY,DRY,DAYLIGHT,STOP SIGN,NONE DETECTED,,7D019C9D-A1C0-4B2E-AEBA-42B734DD708F,Yes,POSSIBLE INJURY,N/A,LOOKED BUT DID NOT SEE,MD,8CF4AF26-CBBB-4B79-B3AD-197D82D7A988,DESTROYED,(SPORT) UTILITY VEHICLE,MAKING LEFT TURN,39.02309,-77.16450667,"(39.02309, -77.16450667)"
MCP2964000R,15040412,MONTGOMERY,Injury Crash,08/13/2015 05:44:00 PM,Maryland (State),WOODFIELD RD,County,GARFIELD DR,,N/A,,SAME DIR REAR END,CLEAR,DRY,DAYLIGHT,NO CONTROLS,NONE DETECTED,,989B6B1C-8221-4CE9-98A3-FA88C02A1FA0,No,NO APPARENT INJURY,N/A,NOT DISTRACTED,MD,03ECD7D1-4C17-4FBE-AEE3-4489C4BA5D63,SUPERFICIAL,PICKUP TRUCK,STOPPED IN TRAFFIC LANE,39.24328022,-77.18492031,"(39.24328022, -77.18492031)"
DD5611002K,170500708,Rockville Police Departme,Property Damage Crash,04/06/2017 01:15:00 PM,Municipality,N HORNERS LA,Municipality,LINCOLN AVE,,ROCKVILLE,,STRAIGHT MOVEMENT ANGLE,RAINING,WET,DAYLIGHT,NO CONTROLS,NONE DETECTED,,F1B5CA5C-7A7E-4FB8-AB8C-32071A29FCC6,Yes,NO APPARENT INJURY,"RAIN, SNOW, WET",LOOKED BUT DID NOT SEE,MD,CE8CE231-D635-4618-B6DE-316B2B562FF7,NO DAMAGE,OTHER,STARTING FROM LANE,39.09242167,-77.14394667,"(39.09242167, -77.14394667)"
MCP2667001N,15062900,MONTGOMERY,Property Damage Crash,12/09/2015 04:08:00 PM,County,GOSHEN RD,County,EMORY GROVE RD,,N/A,,HEAD ON LEFT TURN,CLEAR,DRY,N/A,TRAFFIC SIGNAL,NONE DETECTED,,2827E330-6FA4-4C26-9FE1-96E2D3C82A75,Yes,NO APPARENT INJURY,N/A,LOOKED BUT DID NOT SEE,MD,957A9FBF-FBFE-4FB3-88A3-1F2DABF92D79,DISABLING,PASSENGER CAR,MAKING LEFT TURN,39.16013142,-77.19203353,"(39.16013142, -77.19203353)"
MCP2704000D,15002824,Montgomery County Police,Injury Crash,01/18/2015 12:42:00 AM,County,SELFRIDGE RD,County,SIGSBEE RD,,N/A,,SAME DIR REAR END,N/A,DRY,DARK LIGHTS ON,NO CONTROLS,ALCOHOL PRESENT,,33581372-DBAF-4652-A9F9-67086007FE9C,Yes,NO APPARENT INJURY,N/A,OTHER DISTRACTION,MD,7FAEB052-A76C-4B3F-B045-8904CDE60356,SUPERFICIAL,PASSENGER CAR,BACKING,39.056065,-77.08455667,"(39.056065, -77.08455667)"
MCP9130003B,170515983,Montgomery County Police,Injury Crash,06/27/2017 10:43:00 AM,County,WAYNE AVE,County,FENTON ST,,N/A,PEDESTRIAN,SINGLE VEHICLE,CLEAR,DRY,N/A,N/A,NONE DETECTED,NONE DETECTED,C835B7EE-D340-42D4-BAB2-0AA9C7491432,No,NO APPARENT INJURY,N/A,LOOKED BUT DID NOT SEE,CA,1C4F324B-4677-4F89-A300-36A5139F5838,SUPERFICIAL,PASSENGER CAR,MOVING CONSTANT SPEED,38.99495626,-77.02523232,"(38.99495626, -77.02523232)"
MCP2991001F,16061164,Montgomery County Police,Injury Crash,11/29/2016 07:03:00 AM,Maryland (State),OLNEY SANDY SPRING RD,Maryland (State),DR BIRD RD,,N/A,,SAME DIR REAR END,RAINING,WET,DAWN,NO CONTROLS,NONE DETECTED,,574F7879-C783-4A43-8A30-850D1C37287D,No,POSSIBLE INJURY,N/A,NOT DISTRACTED,MD,E2934A75-A096-4DF2-9AA0-1202C605949B,DISABLING,PASSENGER CAR,MOVING CONSTANT SPEED,39.14417487,-77.04355113,"(39.14417487, -77.04355113)"
MCP15550017,17007475,Montgomery County Police,Property Damage Crash,02/11/2017 09:37:00 AM,Maryland (State),NEW HAMPSHIRE AVE,County,LOCKWOOD DR,,N/A,,SAME DIR REAR END,CLOUDY,DRY,DAYLIGHT,NO CONTROLS,NONE DETECTED,,B1222BA0-6165-4C5E-B16E-61ADE00A3C5C,No,NO APPARENT INJURY,N/A,NOT DISTRACTED,MD,24162584-EE75-40A8-8A6F-706EFBE0BB72,FUNCTIONAL,PASSENGER CAR,SLOWING OR STOPPING,39.03910299,-76.99024558,"(39.03910299, -76.99024558)"
MCP2740002X,170503937,Montgomery County Police,Property Damage Crash,04/24/2017 05:06:00 PM,Maryland (State),CARROLL AVE,County,CHESTER ST,,N/A,,SAME DIR REAR END,RAINING,WET,DAYLIGHT,NO CONTROLS,NONE DETECTED,,AE285647-D46F-4F62-A099-070E0962F0C2,No,NO APPARENT INJURY,"RAIN, SNOW, WET",NOT DISTRACTED,MD,291E361F-77C1-475D-962A-22B199CD4A40,FUNCTIONAL,PASSENGER CAR,SLOWING OR STOPPING,38.989855,-76.9937,"(38.989855, -76.9937)"
MCP2512001J,15054619,MONTGOMERY,Property Damage Crash,10/27/2015 07:28:00 PM,County,MIDCOUNTY HWY,Municipality,SAYBROOKE OAKS BLVD,,GAITHERSBURG,,STRAIGHT MOVEMENT ANGLE,CLOUDY,DRY,DARK LIGHTS ON,TRAFFIC SIGNAL,NONE DETECTED,,FF1228CB-B1C5-4388-B324-0D23C6E4A26A,No,NO APPARENT INJURY,N/A,NOT DISTRACTED,MD,E47A3188-C2C9-4982-A28E-578D35293EF1,FUNCTIONAL,PASSENGER CAR,STARTING FROM LANE,39.15078,-77.17448,"(39.15078, -77.17448)"
MCP28910014,15033812,MONTGOMERY,Injury Crash,07/10/2015 01:19:00 PM,Maryland (State),GEORGIA AVE,County,SPRING ST,,N/A,,SAME DIR REAR END,CLEAR,DRY,DAYLIGHT,TRAFFIC SIGNAL,NONE DETECTED,,9F2ED7D1-9388-4351-B544-2DE28F365B61,Yes,SUSPECTED MINOR INJURY,N/A,LOOKED BUT DID NOT SEE,DC,BADC08DE-475B-4326-BE38-C6E7D4C8E81E,DISABLING,PASSENGER CAR,MOVING CONSTANT SPEED,38.99844333,-77.03075167,"(38.99844333, -77.03075167)"
MCP2929000X,15044285,MONTGOMERY,Property Damage Crash,09/03/2015 07:56:00 AM,Maryland (State),OLNEY SANDY SPRING RD,Other Public Roadway,MARDEN LA,,N/A,,SAME DIR REAR END,CLEAR,DRY,DAYLIGHT,NO CONTROLS,NONE DETECTED,,9F25EFBC-422D-4B9C-886D-61E494823B7E,Yes,NO APPARENT INJURY,N/A,OTHER DISTRACTION,MD,9A3D2847-3D0C-4692-947A-66A84A21F804,FUNCTIONAL,PASSENGER CAR,SLOWING OR STOPPING,39.147225,-77.03667167,"(39.147225, -77.03667167)"
MCP2812001T,16003698,Montgomery County Police,Property Damage Crash,01/20/2016 07:07:00 PM,County,FENTON ST,County,WAYNE AVE,,N/A,,SAME DIRECTION RIGHT TURN,SNOW,SNOW,DARK LIGHTS ON,TRAFFIC SIGNAL,N/A,,A1331C46-0AD9-4DE5-8E47-2BB1829FCBAD,Unknown,NO APPARENT INJURY,"ICY OR SNOW-COVERED, RAIN, SNOW",NOT DISTRACTED,MD,6FC353B2-1868-4A48-97A8-999682C828BD,NO DAMAGE,PICKUP TRUCK,MOVING CONSTANT SPEED,38.99536536,-77.02439412,"(38.99536536, -77.02439412)"
HA2389000L,16001334,Maryland-National Capital,Property Damage Crash,10/26/2016 08:31:00 AM,Maryland (State),FREDERICK RD,County,FOREMAN BLVD,,N/A,,SAME DIR REAR END,N/A,N/A,DAYLIGHT,TRAFFIC SIGNAL,N/A,,2F0E7680-CCB2-4D76-87F4-D639EF707D91,Yes,NO APPARENT INJURY,N/A,NOT DISTRACTED,MD,01F1F5F5-F5D6-46A8-BD65-BF204EB0EA7E,SUPERFICIAL,"MEDIUM/HEAVY TRUCKS 3 AXLES (OVER 10,000LBS (4,536KG))",UNKNOWN,39.2280978,-77.26607323,"(39.2280978, -77.26607323)"
MCP08990028,170521087,Montgomery County Police,Injury Crash,07/25/2017 03:18:00 PM,Maryland (State),OLD GEORGETOWN RD,County,GLENWOOD RD,,N/A,,SAME DIRECTION SIDESWIPE,CLEAR,DRY,DAYLIGHT,NO CONTROLS,NONE DETECTED,,027250C2-BAD7-4C1C-AB50-81F553E1D162,No,NO APPARENT INJURY,N/A,NOT DISTRACTED,MD,1013B64C-AEA1-4CA5-A98A-C2BAEA8E105E,FUNCTIONAL,PICKUP TRUCK,MOVING CONSTANT SPEED,38.99481,-77.10878,"(38.99481, -77.10878)"
MCP2072000T,16006025,Montgomery County Police,Property Damage Crash,02/05/2016 01:17:00 PM,,,,,FOX CHAPEL ELEMENTARY REAR PARKING LOT,,,OTHER,N/A,,DAYLIGHT,NO CONTROLS,N/A,,999C0AAA-1270-4149-B585-49BD0FA627D0,Yes,NO APPARENT INJURY,N/A,NOT DISTRACTED,MD,BEC6CD34-245D-4FC2-8DD2-A2A0155DC3F5,SUPERFICIAL,SCHOOL BUS,SLOWING OR STOPPING,39.18562444,-77.26640716,"(39.18562444, -77.26640716)"
MCP08720012,16067145,Montgomery County Police,Property Damage Crash,12/30/2016 02:13:00 PM,Maryland (State),GEORGIA AVE,County,FLORA LA,,N/A,,STRAIGHT MOVEMENT ANGLE,N/A,DRY,DAYLIGHT,STOP SIGN,NONE DETECTED,,945EBB6F-CB2D-491C-8FD7-CD041FED5084,Yes,NO APPARENT INJURY,N/A,NOT DISTRACTED,MD,FA880FC2-113D-4369-BCA6-9F904FE5DF61,DISABLING,PASSENGER CAR,MOVING CONSTANT SPEED,39.011105,-77.041115,"(39.011105, -77.041115)"
MCP0036006W,170530033,Montgomery County Police,Injury Crash,09/12/2017 07:45:00 AM,Maryland (State),FREDERICK RD,County,SHAKESPEARE BLVD,,N/A,,STRAIGHT MOVEMENT ANGLE,CLEAR,DRY,DAYLIGHT,TRAFFIC SIGNAL,NONE DETECTED,,D4D75933-38F0-41EB-9533-6E4585584F7D,No,SUSPECTED MINOR INJURY,N/A,NOT DISTRACTED,MD,83AE27C8-6225-49A1-8F6F-954582A61FC7,DISABLING,VAN,MAKING LEFT TURN,39.19846417,-77.24510667,"(39.19846417, -77.24510667)"
MCP3036000Q,170503415,Montgomery County Police,Property Damage Crash,04/21/2017 04:16:00 PM,,,,,IN PARKING LOT OF OFFICE DEPOT (SHADY GROVE RD).,,,SAME DIRECTION SIDESWIPE,CLEAR,,DAYLIGHT,NO CONTROLS,UNKNOWN,,EDA5DE38-693D-48F3-BA3C-DEB893C69981,Yes,NO APPARENT INJURY,N/A,UNKNOWN,,F2330A90-B470-4F93-868F-11478E01D9E4,SUPERFICIAL,PASSENGER CAR,PARKING,39.11622167,-77.18514333,"(39.11622167, -77.18514333)"
MCP11510042,16008316,Montgomery County Police,Property Damage Crash,02/19/2016 10:10:00 AM,Maryland (State),GERMANTOWN RD,County,RIFFLE FORD RD,,N/A,,SINGLE VEHICLE,CLOUDY,DRY,DAYLIGHT,N/A,NONE DETECTED,,5EA61FBB-6299-44AE-89A5-10F2AF360A49,No,NO APPARENT INJURY,"ANIMAL, N/A",NOT DISTRACTED,MD,D7E9BDC6-5CDA-4797-A3EA-0482F64B07EE,DISABLING,(SPORT) UTILITY VEHICLE,MOVING CONSTANT SPEED,39.147865,-77.29004167,"(39.147865, -77.29004167)"
DD5508001W,16034249,Rockville Police Departme,Property Damage Crash,07/06/2016 05:45:00 PM,Maryland (State),ROCKVILLE PIKE,Municipality,W EDMONSTON DR,,ROCKVILLE,,HEAD ON LEFT TURN,CLEAR,DRY,DAYLIGHT,NO CONTROLS,NONE DETECTED,,A7B86FF0-0F81-4363-9073-F62578D2DE39,No,NO APPARENT INJURY,N/A,NOT DISTRACTED,MD,E48FB8A1-AB6C-47D9-9F9B-AC0EA9EA744C,DISABLING,PASSENGER CAR,MOVING CONSTANT SPEED,39.07546167,-77.13735333,"(39.07546167, -77.13735333)"
DD5600000F,15050758,ROCKVILLE,Injury Crash,10/07/2015 07:56:00 AM,Maryland (State),ROCKVILLE PIKE,Municipality,ROLLINS AVE,,ROCKVILLE,,OTHER,CLEAR,DRY,DAYLIGHT,TRAFFIC SIGNAL,N/A,,87E85F41-9BD6-4F61-8B1B-089F5A683797,No,NO APPARENT INJURY,N/A,NOT DISTRACTED,MD,505C8D58-E1A0-4BF2-A397-70915C7A9EDD,DISABLING,PASSENGER CAR,MOVING CONSTANT SPEED,39.05909,-77.12163833,"(39.05909, -77.12163833)"
MCP2904001Y,16014555,MONTGOMERY,Injury Crash,03/24/2016 07:04:00 PM,Maryland (State),UNIVERSITY BLVD E,US (State),COLESVILLE RD,,N/A,,ANGLE MEETS RIGHT TURN,CLEAR,N/A,DAYLIGHT,TRAFFIC SIGNAL,N/A,,FEDC1EBC-994A-46FB-B04A-DAE27B5E6E7C,Yes,NO APPARENT INJURY,N/A,LOOKED BUT DID NOT SEE,MD,99F64E97-80FD-4730-BEDE-61E417478DCD,FUNCTIONAL,PASSENGER CAR,MAKING RIGHT TURN,39.01967667,-77.01164,"(39.01967667, -77.01164)"
MCP2863001M,170503241,Montgomery County Police,Injury Crash,04/20/2017 10:20:00 PM,County,CONTOUR RD,County,TUNSTALL DR,,N/A,,SAME DIR REAR END,OTHER,WET,DARK LIGHTS ON,STOP SIGN,NONE DETECTED,,B4E7EEDD-197D-448A-A17B-51C579BC24F8,No,NO APPARENT INJURY,"RAIN, SNOW, WET",NOT DISTRACTED,MD,B72B3A19-8522-4D5D-9644-670A8D30D334,NO DAMAGE,TRANSIT BUS,SLOWING OR STOPPING,39.15425167,-77.19671333,"(39.15425167, -77.19671333)"
MCP26170038,17013568,Montgomery County Police,Property Damage Crash,03/16/2017 03:50:00 PM,Maryland (State),CONNECTICUT AVE,Ramp,RAMP 3 FR IS 495 EB TO MD 185 NB,,N/A,,SAME DIR REAR END,CLEAR,DRY,DAYLIGHT,NO CONTROLS,NONE DETECTED,,87B16759-4C92-461C-84C8-DC53DA892C54,Yes,NO APPARENT INJURY,N/A,UNKNOWN,MD,81D2F287-EE4C-4862-9A80-10A86433C224,DISABLING,PASSENGER CAR,SLOWING OR STOPPING,39.003625,-77.07742333,"(39.003625, -77.07742333)"
MCP1205001K,15057495,MONTGOMERY,Injury Crash,11/11/2015 08:38:00 AM,Maryland (State),EAST WEST HWY,County,ELLINGSON DR,,N/A,,SAME DIRECTION SIDESWIPE,CLEAR,DRY,DAYLIGHT,NO CONTROLS,NONE DETECTED,,CA93ED05-BECF-47FC-A3D5-B3CE735B6DFB,No,NO APPARENT INJURY,N/A,NOT DISTRACTED,DC,47B4A7A2-BD67-4157-B0CE-426D223BFF6D,FUNCTIONAL,TRANSIT BUS,MOVING CONSTANT SPEED,38.99231291,-77.05686092,"(38.99231291, -77.05686092)"
MCP271700B9,17015092,Montgomery County Police,Property Damage Crash,03/24/2017 03:45:00 PM,County,CEDAR LA,County,LOCUST AVE,,N/A,,SAME DIR REAR END,CLEAR,DRY,DAYLIGHT,TRAFFIC SIGNAL,NONE DETECTED,,5EFE1F4D-932F-49DF-8B63-8457861A626D,No,NO APPARENT INJURY,N/A,NOT DISTRACTED,MD,10C00D99-8CD3-49E9-B8EE-4DC46CF9478A,FUNCTIONAL,SCHOOL BUS,SLOWING OR STOPPING,39.005247,-77.10575733,"(39.005247, -77.10575733)"
MCP2531000R,170511409,Montgomery County Police,Injury Crash,06/02/2017 06:01:00 PM,County,RIFFLE FORD RD,County,WOODSBORO DR,,N/A,,SAME DIR REAR END,N/A,N/A,DAYLIGHT,N/A,N/A,,70BF9FC8-8366-4F79-A201-FEA7F153B176,Yes,NO APPARENT INJURY,N/A,UNKNOWN,MD,50CD473C-DC56-4908-9074-FE7B0DC126C1,DISABLING,PASSENGER CAR,SLOWING OR STOPPING,39.12424,-77.26883167,"(39.12424, -77.26883167)"
MCP2973001G,16020894,Montgomery County Police,Property Damage Crash,04/28/2016 11:20:00 AM,County,RANDOLPH RD,County,DALEWOOD DR,,N/A,,SAME DIRECTION SIDESWIPE,RAINING,WET,DAYLIGHT,NO CONTROLS,NONE DETECTED,,A68D92B4-7596-4809-8189-61D1EB002036,No,NO APPARENT INJURY,"RAIN, SNOW, WET",NOT DISTRACTED,MD,A30E65D2-B97E-4D7C-A2AF-F34E3D9D8AEE,FUNCTIONAL,TRANSIT BUS,MOVING CONSTANT SPEED,39.05913956,-77.06922859,"(39.05913956, -77.06922859)"
MCP2046005G,16021584,Montgomery County Police,Property Damage Crash,05/02/2016 10:27:00 AM,County,TECH RD,County,BROADBIRCH DR,,N/A,,STRAIGHT MOVEMENT ANGLE,CLOUDY,WET,DAYLIGHT,STOP SIGN,NONE DETECTED,,42896234-EB6A-46C5-B238-D1AF2F8637C8,No,NO APPARENT INJURY,"N/A, WET",NOT DISTRACTED,MD,CFA26119-B315-490F-95E7-6D0302E19D87,DISABLING,PASSENGER CAR,MAKING LEFT TURN,39.05587742,-76.96651608,"(39.05587742, -76.96651608)"