Report Number,Local Case Number,Agency Name,ACRS Report Type,Crash Date/Time,Route Type,Road Name,Cross-Street Type,Cross-Street Name,Off-Road Description,Municipality,Related Non-Motorist,Collision Type,Weather,Surface Condition,Light,Traffic Control,Driver Substance Abuse,Non-Motorist Substance Abuse,Person ID,Driver At Fault,Injury Severity,Circumstance,Driver Distracted By,Drivers License State,Vehicle ID,Vehicle Damage Extent,Vehicle Body Type,Vehicle Movement,Latitude,Longitude,Location
MCP2231002Z,17011485,Montgomery County Police,Property Damage Crash,03/04/2017 11:18:00 AM,Maryland (State),CONNECTICUT AVE,Municipality,HOWARD AVE,,KENSINGTON,,SAME DIR REAR END,CLEAR,DRY,DAYLIGHT,NO CONTROLS,NONE DETECTED,,83C8109E-394F-4E80-9DB4-1C8C4A10C390,No,NO APPARENT INJURY,N/A,NOT DISTRACTED,MD,DE35E6C8-41E6-4060-ABB7-9AB9CC21F4D5,FUNCTIONAL,PASSENGER CAR,SLOWING OR STOPPING,39.02860333,-77.07636,"(39.02860333, -77.07636)"
MCP2412000F,16026557,Montgomery County Police,Property Damage Crash,05/28/2016 03:23:00 AM,Maryland (State),UNIVERSITY BLVD E,Maryland (State),PINEY BRANCH RD,,N/A,,SAME DIR REAR END,CLEAR,DRY,DARK LIGHTS ON,TRAFFIC SIGNAL,NONE DETECTED,,4DC8C0B4-90D1-4BA8-8034-472DCCB6CFCC,No,NO APPARENT INJURY,N/A,NOT DISTRACTED,XX,CA5452D2-81A6-44C3-9789-9A38FBF1026D,FUNCTIONAL,PASSENGER CAR,STOPPED IN TRAFFIC LANE,38.999155,-76.99508833,"(38.999155, -76.99508833)"
MCP2952003S,170513568,Montgomery County Police,Injury Crash,06/14/2017 06:57:00 AM,US (State),COLESVILLE RD,County,NOYES DR,,N/A,,STRAIGHT MOVEMENT ANGLE,CLEAR,DRY,DAYLIGHT,STOP SIGN,NONE DETECTED,,876BCF90-9A93-4EDB-88A1-2D276181EBC4,No,POSSIBLE INJURY,N/A,NOT DISTRACTED,MD,71C3974A-50BE-4E8C-BC45-855D82E66342,DISABLING,(SPORT) UTILITY VEHICLE,MOVING CONSTANT SPEED,39.00019333,-77.02575167,"(39.00019333, -77.02575167)"
MCP24550011,15065521,MONTGOMERY,Property Damage Crash,12/02/2015 07:19:00 AM,Maryland (State),GEORGIA AVE,County,ASPEN HILL RD,,N/A,,SAME DIRECTION SIDESWIPE,N/A,UNKNOWN,UNKNOWN,N/A,N/A,,32BCE730-3812-4A29-9B52-BB9DB6C66C85,Yes,NO APPARENT INJURY,N/A,UNKNOWN,MD,391B4BDF-D9A7-4544-B709-669FE078AED8,FUNCTIONAL,PASSENGER CAR,MOVING CONSTANT SPEED,39.080038,-77.074312,"(39.080038, -77.074312)"
MCP3021000M,170503396,Montgomery County Police,Property Damage Crash,04/21/2017 04:20:00 PM,,,,,ON DOWN RAMP OF PARKING GARAGE CLOSEST TO FOREST GLEN AT HOLY CROSS HOSPITAL (1500 FOREST GLEN RD),,,OTHER,CLOUDY,,DAYLIGHT,NO CONTROLS,N/A,,EDACD0F2-C249-4203-989B-0835F3356826,Yes,NO APPARENT INJURY,N/A,UNKNOWN,,C579F0B4-CC09-4E6D-9CD0-9294AA5C8D7B,SUPERFICIAL,PASSENGER CAR,STARTING FROM PARKED,39.01554927,-77.03479707,"(39.01554927, -77.03479707)"
MCP2974001D,170509726,Montgomery County Police,Injury Crash,05/25/2017 12:21:00 AM,US (State),COLESVILLE RD,Maryland (State),UNIVERSITY BLVD E,,N/A,,STRAIGHT MOVEMENT ANGLE,RAINING,WET,DARK LIGHTS ON,TRAFFIC SIGNAL,N/A,,F0362F96-F8D0-4796-AD63-220A713D7B49,No,POSSIBLE INJURY,"RAIN, SNOW, WET",NOT DISTRACTED,MD,DB436CBB-C92B-4882-B057-D70ECB9AE3EA,DISABLING,PASSENGER CAR,MOVING CONSTANT SPEED,39.01978667,-77.01333333,"(39.01978667, -77.01333333)"
MCP22490008,16031079,Montgomery County Police,Property Damage Crash,06/19/2016 10:00:00 PM,County,ARCOLA AVE,County,OREBAUGH AVE,,N/A,,HEAD ON,CLEAR,DRY,DARK LIGHTS ON,N/A,ALCOHOL PRESENT,,A5E7EFD5-9047-407E-900D-93597A952C1D,Yes,NO APPARENT INJURY,N/A,UNKNOWN,MD,E0D0E375-EA28-4B5F-8405-4B6E9A0EEF7C,DISABLING,PASSENGER CAR,ACCELERATING,39.04703425,-77.03654319,"(39.04703425, -77.03654319)"
MCP23920006,16056283,Montgomery County Police,Property Damage Crash,11/01/2016 02:35:00 PM,Maryland (State),EAST WEST HWY (W/B COUPLET),Maryland (State),EAST WEST HWY (BACK),,N/A,,SAME DIR REAR END,CLEAR,DRY,DAYLIGHT,NO CONTROLS,NONE DETECTED,,CF9425AD-F421-4866-B7ED-57B3503CA85F,No,NO APPARENT INJURY,N/A,NOT DISTRACTED,MD,C4CC4D60-7BC1-48C7-B23E-4239A0273BD0,FUNCTIONAL,PICKUP TRUCK,SLOWING OR STOPPING,38.98571333,-77.08897333,"(38.98571333, -77.08897333)"
MCP0487000N,16007079,Montgomery County Police,Property Damage Crash,02/11/2016 11:20:00 AM,County,SHADY GROVE RD,County,MIDCOUNTY HWY,,N/A,,SAME DIRECTION SIDESWIPE,CLOUDY,DRY,DAYLIGHT,TRAFFIC SIGNAL,NONE DETECTED,,ECF3786B-16FB-4EC1-BBC5-2B1331C501BC,No,NO APPARENT INJURY,N/A,LOOKED BUT DID NOT SEE,MD,85622E4F-8169-4174-96F5-FD7144EB62DE,DISABLING,"OTHER LIGHT TRUCKS (10,000LBS (4,536KG) OR LESS)",MOVING CONSTANT SPEED,39.13999,-77.15219833,"(39.13999, -77.15219833)"
MCP2613000P,15066430,MONTGOMERY,Injury Crash,12/27/2015 04:16:00 PM,Municipality,RUSSELL AVE,Unknown,SPUR TO ODENDHAL AVE,,N/A,,SAME DIR REND LEFT TURN,CLEAR,DRY,DAYLIGHT,NO CONTROLS,NONE DETECTED,,438A646D-4052-4CFE-AAFC-846DD52999C0,Yes,NO APPARENT INJURY,N/A,LOOKED BUT DID NOT SEE,MD,2A71763D-6A24-432E-B71A-475E0DA870BF,SUPERFICIAL,PASSENGER CAR,N/A,39.15192833,-77.20168833,"(39.15192833, -77.20168833)"
MCP1580002L,15006082,Montgomery County Police,Injury Crash,02/06/2015 02:50:00 PM,County,WATKINS MILL RD,County,CLUB HOUSE RD,,N/A,PEDESTRIAN,SINGLE VEHICLE,CLEAR,DRY,DAYLIGHT,NO CONTROLS,NONE DETECTED,NONE DETECTED,86C2123B-7FDB-4B4C-920B-B2A6717E95EE,No,NO APPARENT INJURY,N/A,TALKING OR LISTENING TO CELLULAR PHONE,MD,1970613D-5C0A-49D6-833F-2B6364B4135F,SUPERFICIAL,PICKUP TRUCK,SLOWING OR STOPPING,39.17241,-77.20805167,"(39.17241, -77.20805167)"
MCP2046004J,15059038,MONTGOMERY,Injury Crash,11/19/2015 09:17:00 AM,County,SOUTHWOOD AVE,County,EASTWOOD AVE,,N/A,,SAME DIR REAR END,RAINING,WET,DAYLIGHT,NO CONTROLS,NONE DETECTED,,98FE0C4C-0CA2-4DBF-B5ED-29B597B4E759,No,NO APPARENT INJURY,"N/A, WET",NOT DISTRACTED,MD,72416D35-3595-4F6D-A025-762EAE6C70A2,SUPERFICIAL,PASSENGER CAR,STOPPED IN TRAFFIC LANE,39.02600189,-77.01154232,"(39.02600189, -77.01154232)"
MCP29690012,15055906,MONTGOMERY,Property Damage Crash,11/03/2015 06:35:00 AM,,,,,"11406 GEORGIA AVE, SILVER SPRING, MD 20902 (SEVEN ELEVEN PARKING LOT)",,,SAME DIRECTION SIDESWIPE,N/A,,DAWN,NO CONTROLS,UNKNOWN,,8CF88CA6-8B54-405E-AB36-A52C889A21FF,Yes,NO APPARENT INJURY,N/A,UNKNOWN,,61C2EA5D-EE6D-4725-A20E-D55DBF9FA1D8,UNKNOWN,"CARGO VAN/LIGHT TRUCK 2 AXLES (OVER 10,000LBS (4,536 KG))",OTHER,39.04175917,-77.05219924,"(39.04175917, -77.05219924)"
MCP2800002H,16027371,Montgomery County Police,Property Damage Crash,06/01/2016 04:23:00 PM,Maryland (State),RIVER RD,Maryland (State),GOLDSBORO RD,,N/A,,SAME DIR REAR END,CLEAR,DRY,DAYLIGHT,NO CONTROLS,NONE DETECTED,,1F7D282B-DA46-4FCB-898F-80BEB6560A21,Yes,NO APPARENT INJURY,N/A,ADJUSTING AUDIO AND OR CLIMATE CONTROLS,MD,16ED765F-9C8D-4889-A636-75A2C95D4318,FUNCTIONAL,PASSENGER CAR,MOVING CONSTANT SPEED,38.97381833,-77.12292,"(38.97381833, -77.12292)"
MCP2928000R,15034988,MONTGOMERY,Property Damage Crash,07/16/2015 03:28:00 PM,Maryland (State),GEORGIA AVE,County,SEMINARY RD,,N/A,,HEAD ON LEFT TURN,CLEAR,DRY,DAYLIGHT,TRAFFIC SIGNAL,NONE DETECTED,,C59523A6-7CB3-4E87-BC3C-FD32DE17DC6C,Yes,NO APPARENT INJURY,N/A,NOT DISTRACTED,MD,15685B51-3D0A-4FC8-831C-D628679ABEC4,DISABLING,PASSENGER CAR,MOVING CONSTANT SPEED,39.00868833,-77.04039167,"(39.00868833, -77.04039167)"
MCP28130025,16011195,MONTGOMERY,Property Damage Crash,03/06/2016 08:10:00 PM,Maryland (State),UNIVERSITY BLVD W,County,DENNIS AVE,,N/A,,HEAD ON LEFT TURN,CLEAR,DRY,DARK LIGHTS ON,TRAFFIC SIGNAL,N/A,,F063ECB4-E07D-4D1F-AE98-FB5B6BB9A695,Yes,NO APPARENT INJURY,N/A,LOOKED BUT DID NOT SEE,NY,2039D02F-EFCF-46F4-BB6A-869EE58332E7,FUNCTIONAL,PICKUP TRUCK,STARTING FROM LANE,39.026385,-77.01985833,"(39.026385, -77.01985833)"
MCP9110000Q,16031402,Montgomery County Police,Property Damage Crash,06/21/2016 05:01:00 PM,County,MIDDLEBROOK RD,County,FATHER HURLEY BLVD,,N/A,,SAME DIR REND RIGHT TURN,CLEAR,WET,DAYLIGHT,TRAFFIC SIGNAL,NONE DETECTED,,24B6D3FB-AD5C-4403-9FC5-6210D9EFC070,Yes,NO APPARENT INJURY,"N/A, WET",NOT DISTRACTED,MD,B4C5A237-4183-420E-BB30-06770408E3D3,SUPERFICIAL,(SPORT) UTILITY VEHICLE,STARTING FROM LANE,39.18444833,-77.27348167,"(39.18444833, -77.27348167)"
MCP2806000Y,16017801,Montgomery County Police,Property Damage Crash,04/12/2016 05:24:00 AM,Maryland (State),PINEY BRANCH RD,County,BARRON ST,,N/A,,ANGLE MEETS LEFT TURN,CLEAR,DRY,DARK LIGHTS ON,FLASHING TRAFFIC SIGNAL,NONE DETECTED,,9C1F9D4C-9853-429B-86C3-CCD16C9C3B19,Yes,NO APPARENT INJURY,N/A,LOOKED BUT DID NOT SEE,MD,B225C783-1F90-4BD1-ABF3-AC4F7CA1E271,DISABLING,OTHER,MAKING LEFT TURN,38.99893833,-76.99743833,"(38.99893833, -76.99743833)"
MCP2055001C,16048059,Montgomery County Police,Property Damage Crash,09/19/2016 09:44:00 AM,County,LONGDRAFT RD,Maryland (State),CLOPPER RD,,N/A,,SAME DIRECTION RIGHT TURN,RAINING,WET,DAYLIGHT,NO CONTROLS,NONE DETECTED,,7161851F-099D-47C9-9B96-773431B5D587,No,NO APPARENT INJURY,"N/A, WET",NOT DISTRACTED,MD,11A8A516-FD3D-45ED-9084-24AE850ABCCD,FUNCTIONAL,VAN,MOVING CONSTANT SPEED,39.1481,-77.23626667,"(39.1481, -77.23626667)"
MCP25490058,16056849,Montgomery County Police,Injury Crash,11/04/2016 09:03:00 AM,Maryland (State),WILSON LA,County,RADNOR RD,,N/A,,STRAIGHT MOVEMENT ANGLE,CLEAR,DRY,DAYLIGHT,STOP SIGN,NONE DETECTED,,41B9B878-281A-4E93-B43A-C436D9566BBB,No,SUSPECTED MINOR INJURY,N/A,NOT DISTRACTED,MD,ED8CCD16-7928-42F6-AA47-A937A8FE6591,DISABLING,PASSENGER CAR,MOVING CONSTANT SPEED,38.98785,-77.1178,"(38.98785, -77.1178)"
MCP3003001M,170521200,Montgomery County Police,Property Damage Crash,07/26/2017 07:26:00 AM,Maryland (State),CLARKSBURG RD,Ramp,RAMP 5 FR RAMP 8 (FR IS270) TO MD 121 EB,,N/A,,SAME DIR REAR END,CLEAR,DRY,DAYLIGHT,TRAFFIC SIGNAL,NONE DETECTED,,0E63D09C-A3E9-4D6E-82A1-498B3B5EFF9B,No,NO APPARENT INJURY,N/A,NOT DISTRACTED,MD,F02C746E-AEDA-48A6-A939-D46D08B20D47,SUPERFICIAL,PASSENGER CAR,STOPPED IN TRAFFIC LANE,39.23517167,-77.28301167,"(39.23517167, -77.28301167)"
MCP2785001C,16018657,Montgomery County Police,Injury Crash,04/16/2016 12:18:00 PM,,,,,"PARKING LOT OF MCDONALD'S LOCATED AT 13800 OUTLET DR, SILVER SPRING MD 20904",,PEDESTRIAN,OTHER,CLEAR,,DAYLIGHT,N/A,N/A,N/A,8E34F414-A5DB-4092-B945-07D059A8F971,Unknown,NO APPARENT INJURY,N/A,LOOKED BUT DID NOT SEE,MD,78916FDA-2984-48B2-A334-C78ABAE69105,NO DAMAGE,PASSENGER CAR,BACKING,39.045425,-76.99073667,"(39.045425, -76.99073667)"
MCP1119002K,16034198,Montgomery County Police,Injury Crash,07/06/2016 01:18:00 PM,,GOOD HOPE RD,,GOOD HOPE DR,,N/A,,SAME DIR REAR END,N/A,DRY,DAYLIGHT,N/A,NONE DETECTED,,2F9E5D86-97A8-4B77-A98E-A083DFF3D870,Yes,POSSIBLE INJURY,N/A,NOT DISTRACTED,MD,62D88470-7038-48EC-93A0-EDD4C5D75259,DISABLING,PASSENGER CAR,MOVING CONSTANT SPEED,39.09376833,-76.99256667,"(39.09376833, -76.99256667)"
MCP2969000T,15038439,MONTGOMERY,Injury Crash,08/03/2015 11:17:00 AM,Maryland (State),GEORGIA AVE,Maryland (State),UNIVERSITY BLVD W,,N/A,,SAME DIRECTION SIDESWIPE,CLEAR,DRY,DAYLIGHT,TRAFFIC SIGNAL,NONE DETECTED,,CD4E0AD5-6F07-430D-8CCF-2BD8DB6C70CD,Yes,NO APPARENT INJURY,N/A,UNKNOWN,MD,AF451A69-0DC3-4959-90A0-CC73E8618058,FUNCTIONAL,PASSENGER CAR,MOVING CONSTANT SPEED,39.04108667,-77.052025,"(39.04108667, -77.052025)"
MCP28940035,16061464,Montgomery County Police,Injury Crash,11/30/2016 02:35:00 PM,Maryland (State),OLD GEORGETOWN RD,County,NICHOLSON LA,,N/A,,SAME DIR REND RIGHT TURN,RAINING,WET,DAYLIGHT,YIELD SIGN,NONE DETECTED,,DB8446C4-007C-4D1C-BF28-9FB381BE064C,No,POSSIBLE INJURY,"RAIN, SNOW, WET",NOT DISTRACTED,NC,928C65ED-AF36-4E3D-93AF-677DCBE9D326,FUNCTIONAL,PASSENGER CAR,SLOWING OR STOPPING,39.04468918,-77.12028712,"(39.04468918, -77.12028712)"
MCP2931001Q,16062874,Montgomery County Police,Injury Crash,12/07/2016 06:03:00 PM,Maryland (State),DARNESTOWN RD,County,ANCIENT OAK DR,,N/A,,SAME DIR REAR END,CLEAR,DRY,DARK NO LIGHTS,NO CONTROLS,N/A,,37626A0E-B069-4D17-ABEC-673161F8137F,No,NO APPARENT INJURY,N/A,NOT DISTRACTED,MD,1F2559AE-0B4A-4E5B-B758-56DC790EA2A3,DISABLING,(SPORT) UTILITY VEHICLE,MOVING CONSTANT SPEED,39.11297833,-77.27089667,"(39.11297833, -77.27089667)"
MCP3039000G,170507319,Montgomery County Police,Injury Crash,05/11/2017 10:50:00 PM,Maryland (State),CONNECTICUT AVE,Government,BEACH DR,,N/A,,STRAIGHT MOVEMENT ANGLE,CLEAR,WET,DARK LIGHTS ON,TRAFFIC SIGNAL,NONE DETECTED,,9F0687B2-EC16-4897-A654-889323B8EB30,Yes,SUSPECTED MINOR INJURY,"N/A, WET",NOT DISTRACTED,MD,0631F81F-6721-4878-8C46-4132FAA96113,DISABLING,PASSENGER CAR,MOVING CONSTANT SPEED,39.00806259,-77.08017603,"(39.00806259, -77.08017603)"
MCP29750011,16013297,Montgomery County Police,Injury Crash,03/18/2016 10:47:00 PM,County,NORBECK RD,Other Public Roadway,LLEWELLYN MANOR WAY,,N/A,,SINGLE VEHICLE,CLEAR,DRY,DARK LIGHTS ON,NO CONTROLS,ALCOHOL PRESENT,,2A3D57F1-8850-42C9-95AA-F0395D37259F,Yes,SUSPECTED MINOR INJURY,N/A,UNKNOWN,MD,FBA03E95-D39A-4E6A-BF57-305F3E761344,DESTROYED,PASSENGER CAR,MOVING CONSTANT SPEED,39.11884,-77.03000333,"(39.11884, -77.03000333)"
MCP20880007,170521788,Montgomery County Police,Injury Crash,07/29/2017 07:55:00 AM,Maryland (State),RIDGE RD,County,DAVIS MILL RD,,N/A,,HEAD ON LEFT TURN,CLOUDY,DRY,DAYLIGHT,NO CONTROLS,NONE DETECTED,,95DD91E8-ACBF-4E21-AFA0-7E062F39916B,Yes,SUSPECTED MINOR INJURY,N/A,UNKNOWN,MD,DDECB011-E6CE-4380-ADA9-B1B9ECFA3AE0,DISABLING,PASSENGER CAR,MAKING LEFT TURN,39.24081667,-77.23492,"(39.24081667, -77.23492)"
MCP2914004H,170508525,Montgomery County Police,Injury Crash,05/18/2017 04:40:00 PM,,,,,APARTMENT COMPLEX PARKING LOT- INTERSECTION OF HAMPSHIRE GREEN LANE AND MT. PISGAH LANE,,PEDESTRIAN,OTHER,CLEAR,,DAYLIGHT,NO CONTROLS,N/A,N/A,A92AB382-8D95-433D-8BA1-EED071E60CC6,Yes,NO APPARENT INJURY,N/A,LOOKED BUT DID NOT SEE,MD,96D67D8C-275A-4FFE-B247-5E2139D4EF0F,NO DAMAGE,PASSENGER CAR,STARTING FROM LANE,39.015295,-76.976085,"(39.015295, -76.976085)"
MCP14170044,15057258,MONTGOMERY,Property Damage Crash,11/10/2015 08:41:00 AM,County,WATKINS MILL RD,County,WATKINS MILL DR,,N/A,,SAME DIR REAR END,RAINING,WET,DAYLIGHT,PERSON,NONE DETECTED,,0D55A920-2B2B-4B9D-80FE-C7178D9CE909,No,NO APPARENT INJURY,"SLEET, HAIL, FREEZ. RAIN, WET",NOT DISTRACTED,MD,48F01520-41C0-41EA-A70C-C7BB0E94482D,DISABLING,PASSENGER CAR,STOPPED IN TRAFFIC LANE,39.16765,-77.211465,"(39.16765, -77.211465)"
MCP2665001B,15061363,MONTGOMERY,Property Damage Crash,12/01/2015 04:02:00 PM,County,RANDOLPH RD,County,PARKLAWN DR,,N/A,,STRAIGHT MOVEMENT ANGLE,RAINING,WET,DUSK,OTHER,N/A,,91E91B38-17A5-440E-AB86-9D2C49945A7D,No,NO APPARENT INJURY,"RAIN, SNOW, WET",LOOKED BUT DID NOT SEE,MD,8DA9145D-350B-4991-A2D8-356476E4C265,FUNCTIONAL,PASSENGER CAR,MAKING LEFT TURN,39.05341833,-77.10835333,"(39.05341833, -77.10835333)"
MCP22910021,170527591,Montgomery County Police,Property Damage Crash,08/29/2017 03:35:00 PM,Maryland (State),CONNECTICUT AVE,Municipality,THORNAPPLE ST,,CHEVY CHASE #4,,SAME DIRECTION SIDESWIPE,CLEAR,DRY,DAYLIGHT,NO CONTROLS,NONE DETECTED,,59154629-9D35-472B-9BF5-370DB78C9C42,Yes,NO APPARENT INJURY,N/A,NOT DISTRACTED,DC,C94CE4C8-25DA-4027-A6D0-A256CCB0B0F6,SUPERFICIAL,PASSENGER CAR,MOVING CONSTANT SPEED,38.98241667,-77.07733,"(38.98241667, -77.07733)"
DD5611001S,16062807,Rockville Police Departme,Property Damage Crash,12/07/2016 01:20:00 PM,Maryland (State),ROCKVILLE PIKE,Unknown,CONGRESSIONAL LA,,N/A,,SAME DIRECTION SIDESWIPE,CLEAR,DRY,DAYLIGHT,NO CONTROLS,NONE DETECTED,,94ED6C5D-1445-41A1-87C2-4C16543207F7,No,NO APPARENT INJURY,N/A,NOT DISTRACTED,MD,CDCE90B0-714D-4463-9DC9-35847152AB03,SUPERFICIAL,OTHER,MOVING CONSTANT SPEED,39.068938,-77.12992267,"(39.068938, -77.12992267)"
MCP25590014,16036716,Montgomery County Police,Property Damage Crash,07/20/2016 12:45:00 PM,Municipality,CHESTNUT ST,Municipality,E DIAMOND AVE,,GAITHERSBURG,,ANGLE MEETS LEFT TURN,CLOUDY,DRY,DAYLIGHT,TRAFFIC SIGNAL,UNKNOWN,,5E6494FD-4771-4B92-B3B5-70BFC610631B,Yes,NO APPARENT INJURY,N/A,UNKNOWN,MD,18F85216-B1B4-47B1-9F77-A59A965D5BA4,FUNCTIONAL,PASSENGER CAR,MAKING LEFT TURN,39.142884,-77.20274,"(39.142884, -77.20274)"
DD5621000J,17010023,Rockville Police Departme,Property Damage Crash,02/24/2017 03:57:00 PM,Municipality,SMALLWOOD RD,Municipality,GOLDSBOROUGH DR,,ROCKVILLE,,OTHER,CLEAR,DRY,DAYLIGHT,NO CONTROLS,NONE DETECTED,,C8FEC8AF-6F9C-4598-A9EC-CD1ECA9CF9F5,No,NO APPARENT INJURY,N/A,NOT DISTRACTED,MD,AAF4C0BD-BD9A-4709-8B51-64062AC1F1D2,SUPERFICIAL,VAN,PARKED,39.09234733,-77.16670833,"(39.09234733, -77.16670833)"
MCP25270007,15009494,Montgomery County Police,Injury Crash,02/27/2015 04:18:00 PM,Ramp,RAMP 7 FR IS 370 WB TO IS 270 SB,Interstate (State),NO NAME,,N/A,,SAME DIR REAR END,CLEAR,DRY,DAYLIGHT,OTHER,NONE DETECTED,,ECEF0EE2-8824-4670-8D16-3DAED8A81A2B,Yes,SUSPECTED MINOR INJURY,"N/A, VISION OBSTRUCTION (INCL. BLINDED BY SUN)",OTHER ELECTRONIC DEVICE (NAVIGATIONAL PALM PILOT),MD,D4AFE4A9-2E37-4D9F-987E-B270290F0CA9,DISABLING,PASSENGER CAR,SLOWING OR STOPPING,39.12122167,-77.2013,"(39.12122167, -77.2013)"
MCP2116001B,15001974,Montgomery County Police,Injury Crash,01/13/2015 09:17:00 AM,Municipality,BALTIMORE RD,County,BALTIMORE RD (AHEAD),,N/A,PEDESTRIAN,SINGLE VEHICLE,CLEAR,DRY,DAYLIGHT,N/A,NONE DETECTED,NONE DETECTED,56D4E530-BF9F-4070-8638-F4550E225FCF,Yes,NO APPARENT INJURY,N/A,LOOKED BUT DID NOT SEE,MD,39C99C59-CC23-4564-8E12-B4F3C4A65EFF,NO DAMAGE,PASSENGER CAR,ACCELERATING,39.09107,-77.114849,"(39.09107, -77.114849)"
MCP27960033,16011984,MONTGOMERY,Injury Crash,03/10/2016 08:00:00 PM,Maryland (State),NEW HAMPSHIRE AVE,County,BRYANTS NURSERY RD,,N/A,,ANGLE MEETS LEFT HEAD ON,CLEAR,DRY,DARK NO LIGHTS,NO CONTROLS,NONE DETECTED,,A187FB42-677F-400A-88B8-010ADC573ADA,Yes,SUSPECTED MINOR INJURY,N/A,NOT DISTRACTED,MD,796275F5-6DF6-46B8-A361-5F2653A0117C,FUNCTIONAL,PASSENGER CAR,MOVING CONSTANT SPEED,39.11115,-76.99549667,"(39.11115, -76.99549667)"
MCP2134000Q,16034136,Montgomery County Police,Fatal Crash,07/06/2016 04:54:00 AM,County,CEDAR LA,County,DRESDEN ST,,N/A,,HEAD ON,N/A,DRY,DARK LIGHTS ON,NO CONTROLS,UNKNOWN,,882CABC2-E00E-4D83-99E6-D3EC55293C55,Unknown,FATAL INJURY,N/A,UNKNOWN,MD,81F6D707-A4CE-435B-A64A-4F986FA17D23,DESTROYED,PASSENGER CAR,MOVING CONSTANT SPEED,39.02181353,-77.08486319,"(39.02181353, -77.08486319)"
MCP22540013,170501742,Montgomery County Police,Property Damage Crash,04/12/2017 10:04:00 AM,County,BARNESVILLE RD,Unknown,IN CORP LMTS BARNESVILLE,,N/A,,HEAD ON,RAINING,WET,DAYLIGHT,NO CONTROLS,NONE DETECTED,,75869E51-EB2D-4523-9658-3DF25FB30E4C,Unknown,NO APPARENT INJURY,"RAIN, SNOW, WET",NOT DISTRACTED,DC,B9C0057F-88E3-4784-86AF-EF4EE4B45133,SUPERFICIAL,"MEDIUM/HEAVY TRUCKS 3 AXLES (OVER 10,000LBS (4,536KG))",MOVING CONSTANT SPEED,39.22108833,-77.38124833,"(39.22108833, -77.38124833)"
MCP12200038,15066528,Montgomery County Police,Injury Crash,12/28/2015 11:05:00 AM,Maryland (State),GEORGIA AVE,US (State),COLESVILLE RD,,N/A,,SAME DIR REAR END,CLOUDY,DRY,DAYLIGHT,TRAFFIC SIGNAL,NONE DETECTED,,14521743-0559-402C-A496-592FB155E894,No,SUSPECTED MINOR INJURY,N/A,NOT DISTRACTED,DC,4533BE37-CAB4-4FDB-88BA-B03A0C61DF8B,FUNCTIONAL,PASSENGER CAR,STOPPED IN TRAFFIC LANE,38.99625833,-77.028395,"(38.99625833, -77.028395)"
MCP30120016,16047296,Montgomery County Police,Injury Crash,09/15/2016 08:06:00 AM,County,RANDOLPH RD,County,HEURICH RD,,N/A,,SAME DIR REAR END,CLEAR,DRY,DAYLIGHT,NO CONTROLS,NONE DETECTED,,3A4816E1-1267-4082-8C24-27E22723C84D,No,POSSIBLE INJURY,N/A,NOT DISTRACTED,MD,B44D6E9E-B7BA-418B-A827-3BF0ED4F1EB5,SUPERFICIAL,PASSENGER CAR,STOPPED IN TRAFFIC LANE,39.06311833,-77.04099833,"(39.06311833, -77.04099833)"
MCP1417002N,15007957,Montgomery County Police,Injury Crash,02/18/2015 08:08:00 AM,Maryland (State),CLOPPER RD,Municipality,FIRSTFIELD RD,,GAITHERSBURG,,SAME DIR REAR END,CLEAR,DRY,DAYLIGHT,NO CONTROLS,NONE DETECTED,,0BEEF006-6C81-46F6-92B7-583614F5249A,Yes,NO APPARENT INJURY,N/A,UNKNOWN,MD,0A41C17B-0F57-4982-9698-4C0C5FBB8333,FUNCTIONAL,PASSENGER CAR,SLOWING OR STOPPING,39.14529,-77.226995,"(39.14529, -77.226995)"
MCP2687001W,17015464,Montgomery County Police,Property Damage Crash,03/26/2017 05:36:00 PM,County,EDGEMOOR LA,County,WOODMONT AVE,,N/A,,SAME DIR REAR END,CLEAR,DRY,N/A,NO CONTROLS,NONE DETECTED,,B21336EE-1BDE-4796-B8B3-AC2EE61BDBDB,Yes,NO APPARENT INJURY,N/A,INATTENTIVE OR LOST IN THOUGHT,MD,A2A87711-9DC9-4806-8606-2F334772C136,SUPERFICIAL,PASSENGER CAR,ACCELERATING,38.98475132,-77.09669173,"(38.98475132, -77.09669173)"
MCP137800BQ,16040733,Montgomery County Police,Property Damage Crash,08/11/2016 03:17:00 PM,Maryland (State),MUNCASTER MILL RD,Unknown,EXIT FR SCHOOL,,N/A,,SAME DIR REAR END,CLEAR,DRY,DAYLIGHT,NO CONTROLS,NONE DETECTED,,A0BF018B-71E3-45D0-A225-4E0BB2394BF0,Yes,NO APPARENT INJURY,N/A,ADJUSTING AUDIO AND OR CLIMATE CONTROLS,MD,3F4D4990-D52B-4DDF-8F4D-51203F1ACE56,DISABLING,PASSENGER CAR,SLOWING OR STOPPING,39.13028287,-77.1192196,"(39.13028287, -77.1192196)"
EJ78370019,16059412,Gaithersburg Police Depar,Property Damage Crash,11/18/2016 01:00:00 PM,Maryland (State),QUINCE ORCHARD RD,Unknown,ENT TO SHA GAITHERSBURG SHOP,,N/A,,STRAIGHT MOVEMENT ANGLE,CLEAR,N/A,DAYLIGHT,NO CONTROLS,N/A,,017469CB-E1CB-4531-98E0-AEAE682865E6,No,NO APPARENT INJURY,"N/A, VISION OBSTRUCTION (INCL. BLINDED BY SUN)",NOT DISTRACTED,MD,3600EB56-36A4-46EF-90CD-BF2FF664188C,DISABLING,PASSENGER CAR,MOVING CONSTANT SPEED,39.14568925,-77.21979439,"(39.14568925, -77.21979439)"