Report Number,Local Case Number,Agency Name,ACRS Report Type,Crash Date/Time,Route Type,Road Name,Cross-Street Type,Cross-Street Name,Off-Road Description,Municipality,Related Non-Motorist,Collision Type,Weather,Surface Condition,Light,Traffic Control,Driver Substance Abuse,Non-Motorist Substance Abuse,Person ID,Driver At Fault,Injury Severity,Circumstance,Driver Distracted By,Drivers License State,Vehicle ID,Vehicle Damage Extent,Vehicle Body Type,Vehicle Movement,Latitude,Longitude,Location
MCP21770016,16051770,Montgomery County Police,Injury Crash,10/08/2016 02:01:00 PM,Maryland (State),KEY WEST AVE,County,OMEGA DR,,N/A,,SAME DIR REAR END,RAINING,WET,DAYLIGHT,TRAFFIC SIGNAL,NONE DETECTED,,34079E3E-648A-46D9-BDE7-D48AE0E61A5B,No,SUSPECTED MINOR INJURY,"N/A, RAIN, SNOW",NOT DISTRACTED,MD,4E365A98-B33B-4DD5-8686-E97731D175CC,FUNCTIONAL,PASSENGER CAR,SLOWING OR STOPPING,39.10498833,-77.20152833,"(39.10498833, -77.20152833)"
DD5595002K,16023018,Rockville Police Departme,Injury Crash,05/09/2016 03:36:00 PM,County,DARNESTOWN RD,Municipality,JERSEY LA,,ROCKVILLE,,STRAIGHT MOVEMENT ANGLE,RAINING,WET,DAYLIGHT,STOP SIGN,NONE DETECTED,,2790E16A-72B7-4FD2-A359-A0BC9BA26B5C,No,SUSPECTED MINOR INJURY,"N/A, WET",NOT DISTRACTED,MD,B75BBBB4-9516-4C13-8FAA-48EC50AD8DFC,DISABLING,PASSENGER CAR,MOVING CONSTANT SPEED,39.09109967,-77.18833083,"(39.09109967, -77.18833083)"
MCP16040009,15007571,Montgomery County Police,Property Damage Crash,02/15/2015 07:50:00 AM,County,OAKMONT AVE,County,SHADY GROVE RD,,N/A,,SAME DIR REAR END,BLOWING SNOW,ICE,DAYLIGHT,N/A,NONE DETECTED,,7FBA3811-55A5-4DF9-AF12-59D317132529,No,NO APPARENT INJURY,"ICY OR SNOW-COVERED, RAIN, SNOW",NOT DISTRACTED,MD,2403B2F3-8B80-4A50-BDEF-DB69415E9E58,NO DAMAGE,OTHER BUS,STOPPED IN TRAFFIC LANE,39.12684767,-77.17363358,"(39.12684767, -77.17363358)"
MCP3009000N,17013647,Montgomery County Police,Property Damage Crash,03/17/2017 01:13:00 AM,County,WISTERIA DR,County,FATHER HURLEY BLVD,,N/A,,SAME DIR REAR END,N/A,DRY,DARK LIGHTS ON,TRAFFIC SIGNAL,N/A,,A9A795B9-7D7D-41D4-9B56-54561200E6DA,Yes,NO APPARENT INJURY,N/A,UNKNOWN,,58479BE1-38B3-4148-9F59-5D8981C3D30A,DISABLING,PASSENGER CAR,MOVING CONSTANT SPEED,39.18130521,-77.27613822,"(39.18130521, -77.27613822)"
MCP23530036,16059188,Montgomery County Police,Injury Crash,11/17/2016 10:05:00 AM,Maryland (State),ROCKVILLE PIKE,County,EDSON LA,,N/A,PEDESTRIAN,SINGLE VEHICLE,N/A,DRY,DAYLIGHT,PERSON,NONE DETECTED,NONE DETECTED,607C2B80-E474-4094-94CC-5867E60FD7B2,Yes,NO APPARENT INJURY,N/A,UNKNOWN,MD,AB9D75E8-90F9-4BCD-9DF7-51135021005E,SUPERFICIAL,(SPORT) UTILITY VEHICLE,MAKING LEFT TURN,39.04076833,-77.10961167,"(39.04076833, -77.10961167)"
MCP3007001F,17011617,Montgomery County Police,Property Damage Crash,03/05/2017 09:15:00 AM,Maryland (State),GEORGIA AVE,Maryland (State),CONNECTICUT AVE,,N/A,,SAME DIR REAR END,N/A,DRY,DAYLIGHT,TRAFFIC SIGNAL,N/A,,99B273BA-9124-4DBC-A8F5-CE1FB8C6C2EB,No,NO APPARENT INJURY,N/A,NOT DISTRACTED,MD,FDC82902-6045-47B2-8D8E-8111CAD23C0E,SUPERFICIAL,PASSENGER CAR,SLOWING OR STOPPING,39.08370935,-77.07758099,"(39.08370935, -77.07758099)"
MCP29050031,170526668,Montgomery County Police,Property Damage Crash,08/24/2017 06:01:00 PM,Maryland (State),RIVER RD,County,NEVIS RD,,N/A,,SAME DIR REAR END,CLEAR,DRY,DAYLIGHT,NO CONTROLS,N/A,,E7D0C37F-A51E-4D26-93BD-E8A8010889AA,No,NO APPARENT INJURY,N/A,NOT DISTRACTED,VA,D3654DDD-3CA2-4E8D-AD1A-20C30948A052,SUPERFICIAL,PASSENGER CAR,SLOWING OR STOPPING,38.98690333,-77.14502,"(38.98690333, -77.14502)"
MCP27980023,16037347,Montgomery County Police,Property Damage Crash,07/23/2016 05:16:00 PM,Maryland (State),NEW HAMPSHIRE AVE,County,VALLEY BROOK DR,,N/A,,HEAD ON LEFT TURN,CLEAR,DRY,DAYLIGHT,TRAFFIC SIGNAL,NONE DETECTED,,D30FCFC4-F287-473A-8B55-9D2364A9BC92,No,NO APPARENT INJURY,N/A,NOT DISTRACTED,MD,96C5D3C9-8232-4A0C-80FA-F0203E0D46E7,DISABLING,PASSENGER CAR,MOVING CONSTANT SPEED,39.163675,-77.23774,"(39.163675, -77.23774)"
MCP27910032,17008715,Montgomery County Police,Property Damage Crash,02/17/2017 06:34:00 PM,Maryland (State),OLD COLUMBIA PIKE,Unknown,ENT TO OLD COLUMBIA SHOPPING CENTER,,N/A,,OTHER,CLEAR,DRY,DUSK,TRAFFIC SIGNAL,NONE DETECTED,,4BFFAE3A-DD40-4441-B3E8-B419FC56955F,Yes,NO APPARENT INJURY,N/A,NOT DISTRACTED,MD,0B7432B8-2CEF-4E8F-BB7A-B39E13F188DF,DISABLING,PASSENGER CAR,MAKING LEFT TURN,39.11264667,-76.932975,"(39.11264667, -76.932975)"
MCP25980019,170512955,Montgomery County Police,Property Damage Crash,06/10/2017 07:26:00 PM,Maryland (State),GEORGIA AVE,Maryland (State),FOREST GLEN RD,,N/A,,SAME DIRECTION SIDESWIPE,CLEAR,DRY,DAYLIGHT,NO CONTROLS,NONE DETECTED,,D2B86510-811C-4CC6-8534-1FD40C02C7CB,No,NO APPARENT INJURY,N/A,NOT DISTRACTED,MD,EFD4DED1-A3D2-42C9-9FC3-FE3366912FB6,SUPERFICIAL,PASSENGER CAR,MOVING CONSTANT SPEED,39.01553442,-77.04272971,"(39.01553442, -77.04272971)"
MCP0942000V,16048071,Montgomery County Police,Injury Crash,09/19/2016 10:17:00 AM,County,WOODMONT AVE,County,HAMPDEN LA,,N/A,,STRAIGHT MOVEMENT ANGLE,CLEAR,DRY,DAYLIGHT,TRAFFIC SIGNAL,NONE DETECTED,,421D53F8-D17D-475C-AAA4-75BFCA26E521,Yes,NO APPARENT INJURY,N/A,NOT DISTRACTED,MD,6302373A-5916-49C7-A04B-6E8FA658BE9B,DISABLING,PASSENGER CAR,MOVING CONSTANT SPEED,38.98242167,-77.09662667,"(38.98242167, -77.09662667)"
MCP2847001Q,17015230,Montgomery County Police,Injury Crash,03/25/2017 03:36:00 AM,Maryland (State),VEIRS MILL RD,County,PARKLAND DR,,N/A,,SAME DIR REND RIGHT TURN,CLEAR,DRY,DARK LIGHTS ON,TRAFFIC SIGNAL,ALCOHOL CONTRIBUTED,,EA9C0E3A-CD8E-4E5A-9A94-B987F38905D4,Yes,POSSIBLE INJURY,N/A,NOT DISTRACTED,MD,0DF68B3B-A293-4014-96FF-0C1E846EF473,DISABLING,PASSENGER CAR,MOVING CONSTANT SPEED,39.06127833,-77.091165,"(39.06127833, -77.091165)"
MCP2904001P,16002849,Montgomery County Police,Property Damage Crash,01/15/2016 06:25:00 PM,Maryland (State),UNIVERSITY BLVD E,County,CARROLL AVE,,N/A,,SAME DIRECTION SIDESWIPE,RAINING,WET,DARK LIGHTS ON,NO CONTROLS,NONE DETECTED,,6E0785E8-7FFF-4E58-BCCF-A7F432641683,Unknown,NO APPARENT INJURY,"RAIN, SNOW, WET",NOT DISTRACTED,MD,97CD2ADA-E53A-4B78-9281-74CAA6581BC2,SUPERFICIAL,TRANSIT BUS,MOVING CONSTANT SPEED,38.99358333,-76.99250667,"(38.99358333, -76.99250667)"
MCP23930008,15007611,Montgomery County Police,Property Damage Crash,02/15/2015 11:22:00 AM,Maryland (State),GEORGIA AVE,County,FENWICK LA,,N/A,,SINGLE VEHICLE,CLEAR,ICE,DAYLIGHT,NO CONTROLS,N/A,,373F53E8-3772-49E8-9B24-0ACDA8F7E434,Yes,NO APPARENT INJURY,"ICY OR SNOW-COVERED, N/A",NOT DISTRACTED,MD,F1BC42E6-A5A8-460F-932B-8EF97BDAEF3A,DISABLING,(SPORT) UTILITY VEHICLE,MAKING LEFT TURN,38.99825821,-77.03068256,"(38.99825821, -77.03068256)"
MCP25940020,16053284,Montgomery County Police,Injury Crash,10/17/2016 06:27:00 AM,Maryland (State),NORBECK RD,Unknown,SPUR TO MD 97,,N/A,,SAME DIR REAR END,CLEAR,DRY,DARK LIGHTS ON,YIELD SIGN,COMBINED SUBSTANCE PRESENT,,36CBACB4-F628-4770-93C9-306EAEDD4752,Yes,SUSPECTED MINOR INJURY,N/A,INATTENTIVE OR LOST IN THOUGHT,MD,335198D4-7E42-4F7E-8A17-25DF7134932E,DESTROYED,PASSENGER CAR,SLOWING OR STOPPING,39.07226992,-77.06515431,"(39.07226992, -77.06515431)"
MCP2702001D,16041816,Montgomery County Police,Injury Crash,08/17/2016 07:58:00 PM,Interstate (State),CAPITAL BELTWAY,Unknown,EXIT #34,,N/A,,SAME DIRECTION SIDESWIPE,CLEAR,DRY,DUSK,NO CONTROLS,NONE DETECTED,,19B5D6C8-CB25-4074-AED9-82F6EAEEA107,No,SUSPECTED MINOR INJURY,N/A,NOT DISTRACTED,MD,3DD00736-FCE7-46F9-9775-0A7C4D0E8C05,SUPERFICIAL,PASSENGER CAR,N/A,39.01877629,-77.10643619,"(39.01877629, -77.10643619)"
MCP2750001V,16005920,Montgomery County Police,Property Damage Crash,02/04/2016 09:10:00 PM,Maryland (State),VEIRS MILL RD,County,PENDLETON DR,,N/A,,STRAIGHT MOVEMENT ANGLE,CLEAR,WET,DARK LIGHTS ON,STOP SIGN,NONE DETECTED,,AE01078D-B54D-4525-8061-3D2B0F3B270B,Yes,NO APPARENT INJURY,"V EXHAUST SYSTEM|R OTHER ROAD, VISION OBSTRUCTION (INCL. BLINDED BY SUN)",NOT DISTRACTED,MD,987689D5-F00F-464A-B75A-5B88FFE92713,DISABLING,PASSENGER CAR,MAKING LEFT TURN,39.04691333,-77.06759833,"(39.04691333, -77.06759833)"
MCP9386003X,16056436,Montgomery County Police,Property Damage Crash,11/02/2016 07:14:00 AM,County,FARMLAND DR,County,OLD CABIN LA,,N/A,,SAME DIRECTION SIDESWIPE,CLOUDY,DRY,DAWN,NO CONTROLS,NONE DETECTED,,3F3F7963-AB9E-4693-89A0-CB9535CB242B,Yes,NO APPARENT INJURY,N/A,UNKNOWN,MD,0A23AA85-1BA7-4FCA-A09B-893477CFA2E6,DISABLING,PASSENGER CAR,MOVING CONSTANT SPEED,39.04365333,-77.14351,"(39.04365333, -77.14351)"
MCP1389000L,16008935,MONTGOMERY,Injury Crash,02/22/2016 07:06:00 PM,Maryland (State),FREDERICK RD,Municipality,WATKINS MILL RD,,GAITHERSBURG,,HEAD ON LEFT TURN,N/A,WET,DARK LIGHTS ON,TRAFFIC SIGNAL,NONE DETECTED,,2BCFAC34-82F6-4131-ADCE-277BA5A987E3,Yes,POSSIBLE INJURY,"N/A, WET",NOT DISTRACTED,MD,7B48826C-4244-4C35-8933-58D0F224764C,DISABLING,POLICE VEHICLE/NON EMERGENCY,ACCELERATING,39.15933279,-77.21912384,"(39.15933279, -77.21912384)"
MCP1205002R,16063700,Montgomery County Police,Property Damage Crash,12/12/2016 08:30:00 AM,Maryland (State),EAST WEST HWY,County,GRUBB RD,,N/A,,OTHER,RAINING,WET,DAYLIGHT,N/A,NONE DETECTED,,74B90471-51C6-4EC9-877E-13C16FC05760,Yes,NO APPARENT INJURY,N/A,NOT DISTRACTED,MD,6546034F-DF58-4B93-88B2-78671F9C173A,SUPERFICIAL,"CARGO VAN/LIGHT TRUCK 2 AXLES (OVER 10,000LBS (4,536 KG))",MOVING CONSTANT SPEED,38.99666,-77.05519333,"(38.99666, -77.05519333)"
MCP2872001Q,17015904,Montgomery County Police,Property Damage Crash,03/29/2017 06:54:00 AM,,,,,RESIDENTIAL PARKING LOT IN FRONT OF 9243 BROADWATER DR.,,,SAME DIRECTION SIDESWIPE,CLEAR,,DARK NO LIGHTS,NO CONTROLS,NONE DETECTED,,5D1B9AC3-80EC-4442-944F-7546C7F0D3A4,Yes,NO APPARENT INJURY,N/A,UNKNOWN,MD,FC498FBD-27CD-41DA-85AD-BCE33F808B0E,DISABLING,PASSENGER CAR,STARTING FROM PARKED,39.170515,-77.19156833,"(39.170515, -77.19156833)"
MCP1148000Z,15039446,MONTGOMERY,Injury Crash,08/08/2015 12:12:00 PM,County,TILBURY ST,County,CHELTENHAM DR,,N/A,,SAME DIRECTION SIDESWIPE,CLEAR,DRY,DAYLIGHT,NO CONTROLS,UNKNOWN,,6B03DD84-BE22-4938-997C-8AA9E66AA7D2,Yes,SUSPECTED MINOR INJURY,N/A,UNKNOWN,,CD5E6104-F760-4F1A-AB18-4359F2AAA54F,UNKNOWN,PASSENGER CAR,MOVING CONSTANT SPEED,38.989185,-77.09378667,"(38.989185, -77.09378667)"
MCP2767001C,15050199,MONTGOMERY,Property Damage Crash,10/03/2015 10:55:00 PM,Maryland (State),VEIRS MILL RD,County,GAIL ST,,N/A,,SAME DIR REND RIGHT TURN,N/A,WET,DARK LIGHTS ON,NO CONTROLS,NONE DETECTED,,BB2E31AD-322D-4D73-ACD5-F9163B36CC9E,No,NO APPARENT INJURY,N/A,NOT DISTRACTED,MD,F35753E4-BAE2-4347-8E85-265633BB5F11,SUPERFICIAL,(SPORT) UTILITY VEHICLE,SLOWING OR STOPPING,39.04936049,-77.07072258,"(39.04936049, -77.07072258)"
MCP2353001C,15046452,MONTGOMERY,Property Damage Crash,09/14/2015 10:41:00 AM,County,CEDAR LA,Government,ELMHIRST PKWY,,N/A,,SAME DIRECTION RIGHT TURN,CLEAR,DRY,DAYLIGHT,TRAFFIC SIGNAL,NONE DETECTED,,005D5BB3-53F4-42C4-8424-9C5A3EECF626,No,NO APPARENT INJURY,N/A,NOT DISTRACTED,MD,ED5CFA1B-488D-4E09-849A-A177582C138C,SUPERFICIAL,(SPORT) UTILITY VEHICLE,MOVING CONSTANT SPEED,38.98338,-77.09280167,"(38.98338, -77.09280167)"
MCP3012000Y,16035636,Montgomery County Police,Property Damage Crash,07/14/2016 12:50:00 PM,County,BONIFANT RD,Maryland (State),LAYHILL RD,,N/A,,SAME DIR REAR END,CLEAR,DRY,DAYLIGHT,NO CONTROLS,NONE DETECTED,,B5C46EFA-D703-4122-862F-35BEA25712F7,Yes,NO APPARENT INJURY,N/A,INATTENTIVE OR LOST IN THOUGHT,MD,5FA50E82-D0A2-4370-B641-BA946326778A,FUNCTIONAL,PASSENGER CAR,MOVING CONSTANT SPEED,39.09123746,-77.04297781,"(39.09123746, -77.04297781)"
MCP2754000L,16010674,MONTGOMERY,Injury Crash,03/04/2016 04:21:00 PM,Maryland (State),PINEY BRANCH RD,County,ARLISS ST,,N/A,,SAME DIR REAR END,CLEAR,DRY,DAYLIGHT,TRAFFIC SIGNAL,N/A,,67C8F4FC-C522-4CD2-AD80-93556663CC86,No,SUSPECTED MINOR INJURY,N/A,NOT DISTRACTED,MD,7764FFFC-0B00-478C-BD8F-FAE4BAEA286D,SUPERFICIAL,PASSENGER CAR,MOVING CONSTANT SPEED,38.99842706,-77.00115547,"(38.99842706, -77.00115547)"
MCP2717001P,15036321,MONTGOMERY,Injury Crash,07/17/2015 02:39:00 PM,Interstate (State),CAPITAL BELTWAY,Maryland (State),CONNECTICUT AVE,,N/A,,OTHER,CLEAR,DRY,DAYLIGHT,NO CONTROLS,UNKNOWN,,10EAC0CC-7D34-4926-B289-1DE8EFE23FF9,Unknown,NO APPARENT INJURY,N/A,UNKNOWN,,0AB86A2D-688B-4684-8FAF-B710B516B336,UNKNOWN,PASSENGER CAR,UNKNOWN,39.105125,-76.95030833,"(39.105125, -76.95030833)"
MCP1378009Y,16028617,Montgomery County Police,Property Damage Crash,06/07/2016 05:04:00 PM,Maryland (State),WOODFIELD RD,County,FLOWER HILL WAY,,N/A,,SAME DIRECTION SIDESWIPE,CLEAR,DRY,DAYLIGHT,NO CONTROLS,NONE DETECTED,,AE1343B2-C4C4-419C-B0D0-8D2880EB697F,Yes,NO APPARENT INJURY,N/A,NOT DISTRACTED,MD,D02B8965-5DF3-4684-8297-1E22012C4EAA,FUNCTIONAL,PASSENGER CAR,MAKING LEFT TURN,39.1572,-77.16393833,"(39.1572, -77.16393833)"
MCP2967000J,15035410,MONTGOMERY,Injury Crash,07/18/2015 05:02:00 PM,County,DONNYBROOK DR,Maryland (State),EAST WEST HWY,,N/A,,SAME DIR REAR END,CLEAR,DRY,DAYLIGHT,N/A,NONE DETECTED,,A6B35F0F-60B6-42F3-9BAA-E395868965D5,No,NO APPARENT INJURY,N/A,NOT DISTRACTED,MD,6938F20C-CC73-4DB1-BB0A-8F731AC89EEA,SUPERFICIAL,PASSENGER CAR,MAKING LEFT TURN,38.98349167,-77.09293167,"(38.98349167, -77.09293167)"
DD5527001C,170504924,Rockville Police Departme,Property Damage Crash,04/29/2017 11:45:00 AM,Maryland (State),FALLS RD,Municipality,DUNSTER RD,,ROCKVILLE,,SAME DIR REAR END,CLEAR,DRY,DAYLIGHT,NO CONTROLS,NONE DETECTED,,6E6C176A-3CE3-41CA-ACB7-CC528FAC50DC,No,NO APPARENT INJURY,N/A,NOT DISTRACTED,MD,0AF368FE-B9CD-4B96-9D09-510AD042F3E5,DISABLING,PASSENGER CAR,STOPPED IN TRAFFIC LANE,39.06339267,-77.1761665,"(39.06339267, -77.1761665)"
MCP2244001B,17004187,Montgomery County Police,Injury Crash,01/24/2017 04:21:00 PM,Maryland (State),NEW HAMPSHIRE AVE,Interstate (State),CAPITAL BELTWAY,,N/A,,SAME DIR REAR END,CLEAR,DRY,DAYLIGHT,TRAFFIC SIGNAL,NONE DETECTED,,B56A8150-22C1-4340-B019-B9E329B835ED,Yes,NO APPARENT INJURY,N/A,NOT DISTRACTED,MD,3BE17A19-27AA-43C3-87B6-9C0C38B38D77,SUPERFICIAL,PASSENGER CAR,SLOWING OR STOPPING,39.0160536,-76.97750106,"(39.0160536, -76.97750106)"
MCP2590000N,15045016,MONTGOMERY,Injury Crash,09/06/2015 09:45:00 PM,Maryland (State),FREDERICK RD,County,GUNNERS BRANCH RD,,N/A,,STRAIGHT MOVEMENT ANGLE,CLEAR,DRY,DARK LIGHTS ON,NO CONTROLS,NONE DETECTED,,8B0B7A3A-6DEB-4149-9830-B01E3CC081A1,No,POSSIBLE INJURY,N/A,NOT DISTRACTED,AL,4C5E66B3-2ED5-4739-9A2D-4930A14B19D3,DISABLING,MOTORCYCLE,MOVING CONSTANT SPEED,39.17538675,-77.23818898,"(39.17538675, -77.23818898)"
EJ7777000N,16038006,Gaithersburg Police Depar,Property Damage Crash,07/27/2016 12:29:00 PM,,,,,PARKING LOT OF 42 BUREAU DR,,,OPPOSITE DIRECTION SIDESWIPE,N/A,,DAYLIGHT,STOP SIGN,NONE DETECTED,,22107710-261B-43AD-A2CF-767AFB913BE4,No,NO APPARENT INJURY,N/A,NOT DISTRACTED,MD,9AFFFC9C-0241-494B-98E2-0002A50EEEC7,SUPERFICIAL,PASSENGER CAR,SLOWING OR STOPPING,39.14326333,-77.21778667,"(39.14326333, -77.21778667)"
MCP2623002V,170517725,Montgomery County Police,Property Damage Crash,07/06/2017 10:35:00 PM,County,E RANDOLPH RD,County,WITHAN DR,,N/A,,SINGLE VEHICLE,RAINING,WET,DARK LIGHTS ON,N/A,NONE DETECTED,,28DB3BC0-BE60-405A-AFD0-A521CC4BB0CB,Yes,NO APPARENT INJURY,"RAIN, SNOW, WET",NOT DISTRACTED,MD,A6BB1705-8264-42DB-9569-006F9BBC273B,DISABLING,PASSENGER CAR,MOVING CONSTANT SPEED,39.06555833,-76.97703167,"(39.06555833, -76.97703167)"
MCP24220019,16033160,Montgomery County Police,Property Damage Crash,06/30/2016 05:56:00 PM,County,MONTGOMERY VILLAGE AVE,County,CLUB HOUSE RD,,N/A,,HEAD ON LEFT TURN,CLEAR,N/A,DAYLIGHT,TRAFFIC SIGNAL,N/A,,99412C17-8FE7-42FF-88DB-BB2F0A124AD1,Yes,NO APPARENT INJURY,N/A,NOT DISTRACTED,MD,1510F7D9-03EA-4311-87E7-2680C6EFEAB0,FUNCTIONAL,PASSENGER CAR,MAKING LEFT TURN,39.17443,-77.2037,"(39.17443, -77.2037)"
MCP137800B6,16034453,Montgomery County Police,Property Damage Crash,07/07/2016 06:28:00 PM,County,SHADY GROVE RD,Maryland (State),INTERCOUNTY CONNECTOR,,N/A,,SAME DIRECTION LEFT TURN,CLOUDY,DRY,DAYLIGHT,NO CONTROLS,NONE DETECTED,,B0BAAEF7-3D22-41C3-BC1E-ECC63B3455CC,Yes,NO APPARENT INJURY,N/A,NOT DISTRACTED,MD,F09F0533-FFDB-422E-9438-40E870136C0F,N/A,PICKUP TRUCK,CHANGING LANES,39.13755833,-77.15393833,"(39.13755833, -77.15393833)"
MCP29230015,15056127,MONTGOMERY,Injury Crash,11/04/2015 08:02:00 AM,,,,,Parking lot of Newport Mill Middle School located at 11310 Newport Mill Road.,,,SAME DIR REAR END,CLEAR,,DAYLIGHT,PERSON,N/A,,2218D03B-643F-4947-9BAD-3F5A555BEA5A,Yes,NO APPARENT INJURY,N/A,NOT DISTRACTED,DC,D1D9B97A-9BAA-4073-9AD3-46F5BF88E34F,SUPERFICIAL,(SPORT) UTILITY VEHICLE,SLOWING OR STOPPING,39.04696082,-77.0523119,"(39.04696082, -77.0523119)"
MCP2931000P,15034824,MONTGOMERY,Property Damage Crash,07/15/2015 06:33:00 PM,Maryland (State),ROCKVILLE PIKE,Municipality,TALBOTT ST,,ROCKVILLE,,SAME DIRECTION SIDESWIPE,CLEAR,DRY,DAYLIGHT,NO CONTROLS,N/A,,C844E936-110C-4CAA-AEF1-ABE81DA2928D,No,NO APPARENT INJURY,N/A,NOT DISTRACTED,MD,F35C875A-43FB-423A-9A84-54538FB8A559,SUPERFICIAL,"OTHER LIGHT TRUCKS (10,000LBS (4,536KG) OR LESS)",SLOWING OR STOPPING,39.072665,-77.13358833,"(39.072665, -77.13358833)"
MCP2399001D,170522338,Montgomery County Police,Property Damage Crash,08/01/2017 02:50:00 PM,County,WELBECK WAY,County,WELBECK TERR,,N/A,,STRAIGHT MOVEMENT ANGLE,CLEAR,DRY,DAYLIGHT,STOP SIGN,NONE DETECTED,,11F1F384-B7BC-4840-8FE0-8E3F74484DCD,No,NO APPARENT INJURY,N/A,UNKNOWN,MD,8314B29E-D7DD-4098-8EE9-A6C37C7DF5B8,SUPERFICIAL,PICKUP TRUCK,MOVING CONSTANT SPEED,39.186262,-77.182464,"(39.186262, -77.182464)"
MCP2931000S,15050909,MONTGOMERY,Property Damage Crash,10/07/2015 08:02:00 PM,County,DARNESTOWN RD,County,TRAVILAH RD,,N/A,,STRAIGHT MOVEMENT ANGLE,CLEAR,N/A,DARK LIGHTS ON,NO CONTROLS,N/A,,BC3E6844-CBA3-45CD-BC77-4524A677AD65,Yes,NO APPARENT INJURY,N/A,LOOKED BUT DID NOT SEE,MD,3D99B011-F396-48DA-B125-31470FE5E928,DISABLING,PASSENGER CAR,MAKING LEFT TURN,39.09665833,-77.20554333,"(39.09665833, -77.20554333)"
MCP2535000P,16044924,Montgomery County Police,Injury Crash,09/02/2016 04:41:00 PM,Maryland (State),NEW HAMPSHIRE AVE,Maryland (State),INTERCOUNTY CONNECTOR,,N/A,,SAME DIR REAR END,CLEAR,DRY,DAYLIGHT,TRAFFIC SIGNAL,NONE DETECTED,,A90068CC-1269-40A1-8CBF-8D41E23F70F5,No,SUSPECTED MINOR INJURY,N/A,NOT DISTRACTED,MD,2BCC8F68-D830-405E-80F0-42C3287158A4,FUNCTIONAL,PASSENGER CAR,STOPPED IN TRAFFIC LANE,39.09019667,-76.99995167,"(39.09019667, -76.99995167)"
MCP9379000N,15060788,MONTGOMERY,Injury Crash,11/28/2015 01:29:00 PM,Municipality,W GUDE DR,Municipality,PICCARD DR,,ROCKVILLE,,SAME DIR REAR END,CLEAR,DRY,DAYLIGHT,TRAFFIC SIGNAL,NONE DETECTED,,60E40C95-5976-420B-B0D9-CFFC72D77FC7,Yes,POSSIBLE INJURY,N/A,BY MOVING OBJECT IN VEHICLE,MD,DD88DD30-EDB7-43E8-98F0-55C87E6066F2,DISABLING,PASSENGER CAR,MOVING CONSTANT SPEED,39.10237667,-77.17600333,"(39.10237667, -77.17600333)"
MCP2411000S,16066218,Montgomery County Police,Injury Crash,12/24/2016 05:41:00 PM,Maryland (State),FREDERICK RD,County,E GUDE DR,,N/A,,SAME DIR BOTH LEFT TURN,CLEAR,WET,DARK -- UNKNOWN LIGHTING,TRAFFIC SIGNAL,N/A,,4E48B56A-71F5-47F0-9BC2-190CB964A59E,No,NO APPARENT INJURY,"N/A, WET",NOT DISTRACTED,MD,E75D93CC-DF60-4E01-8E0D-47843656DDD1,FUNCTIONAL,PASSENGER CAR,MAKING LEFT TURN,39.10727167,-77.164,"(39.10727167, -77.164)"
MCP24560013,16048721,Montgomery County Police,Injury Crash,09/22/2016 12:17:00 PM,Maryland (State),UNIVERSITY BLVD E,Municipality,MERRIMAC DR,,TAKOMA PARK,,STRAIGHT MOVEMENT ANGLE,CLEAR,DRY,DAYLIGHT,NO CONTROLS,NONE DETECTED,,4C018C9E-C580-49FA-946D-17D031BA090F,No,SUSPECTED MINOR INJURY,N/A,NOT DISTRACTED,DC,B84C00C8-870C-42E5-9A91-8DA0F46AF1B5,DISABLING,PASSENGER CAR,MOVING CONSTANT SPEED,38.99261,-76.99169667,"(38.99261, -76.99169667)"
MCP28120029,17011109,Montgomery County Police,Injury Crash,03/02/2017 02:59:00 PM,Maryland (State),NEW HAMPSHIRE AVE,County,MILESTONE DR,,N/A,,SAME DIR REAR END,CLEAR,DRY,DAYLIGHT,NO CONTROLS,N/A,,1AC78FFA-63D9-4F10-9EFB-1FDF76690A8B,Yes,NO APPARENT INJURY,N/A,NOT DISTRACTED,MD,A3FCF7FF-D0CC-440D-937C-9B9D6367DE97,FUNCTIONAL,PASSENGER CAR,SLOWING OR STOPPING,39.04636833,-76.992635,"(39.04636833, -76.992635)"
MCP28690020,170507673,Montgomery County Police,Property Damage Crash,05/14/2017 02:50:00 AM,Maryland (State),CONNECTICUT AVE,County,RANDOLPH RD,,N/A,,STRAIGHT MOVEMENT ANGLE,N/A,DRY,DARK LIGHTS ON,TRAFFIC SIGNAL,NONE DETECTED,,882857A8-2FB2-44D2-8A26-F60B3C297733,Yes,NO APPARENT INJURY,N/A,NOT DISTRACTED,MD,E22C88E4-1A66-48E0-B459-FF093523057F,FUNCTIONAL,PASSENGER CAR,MAKING LEFT TURN,39.05714833,-77.07340833,"(39.05714833, -77.07340833)"
MCP26080015,15057988,MONTGOMERY,Property Damage Crash,11/13/2015 04:04:00 PM,Maryland (State),GEORGIA AVE,County,COLUMBIA BLVD,,N/A,,SAME DIR REAR END,CLEAR,DRY,DAYLIGHT,NO CONTROLS,NONE DETECTED,,1B00F6D1-29BE-4699-A057-94082E4A577F,No,NO APPARENT INJURY,N/A,NOT DISTRACTED,MD,BA98FC42-84BE-4667-A63E-C16B44F0B7B3,FUNCTIONAL,PASSENGER CAR,STOPPED IN TRAFFIC LANE,39.00761167,-77.03980167,"(39.00761167, -77.03980167)"