Report Number,Local Case Number,Agency Name,ACRS Report Type,Crash Date/Time,Route Type,Road Name,Cross-Street Type,Cross-Street Name,Off-Road Description,Municipality,Related Non-Motorist,Collision Type,Weather,Surface Condition,Light,Traffic Control,Driver Substance Abuse,Non-Motorist Substance Abuse,Person ID,Driver At Fault,Injury Severity,Circumstance,Driver Distracted By,Drivers License State,Vehicle ID,Vehicle Damage Extent,Vehicle Body Type,Vehicle Movement,Latitude,Longitude,Location
MCP2658001P,17013781,Montgomery County Police,Property Damage Crash,03/17/2017 07:44:00 PM,US (State),COLUMBIA PIKE,County,STEWART LA,,N/A,,SAME DIR REAR END,RAINING,WET,DARK LIGHTS ON,NO CONTROLS,NONE DETECTED,,BEE90E09-27D4-43F2-8175-058BF8A5CF70,Yes,NO APPARENT INJURY,N/A,UNKNOWN,DC,5C8CCEA1-8BFC-4416-A652-E7E7D136EC59,SUPERFICIAL,PASSENGER CAR,MOVING CONSTANT SPEED,39.04982333,-76.98203,"(39.04982333, -76.98203)"
MCP3011000N,16009645,MONTGOMERY,Injury Crash,02/26/2016 06:14:00 PM,Maryland (State),CONNECTICUT AVE,Municipality,RAYMOND ST,,CHEVY CHASE #3,,STRAIGHT MOVEMENT ANGLE,CLEAR,DRY,DARK LIGHTS ON,TRAFFIC SIGNAL,NONE DETECTED,,374B6868-FFD5-4415-A346-648ECA871105,Yes,NO APPARENT INJURY,N/A,NOT DISTRACTED,XX,EAE2D4A0-0CA9-4546-901B-E39F1DC16594,DISABLING,(SPORT) UTILITY VEHICLE,MOVING CONSTANT SPEED,38.97783833,-77.07705333,"(38.97783833, -77.07705333)"
MCP25120021,16027376,Montgomery County Police,Property Damage Crash,06/01/2016 04:25:00 PM,Interstate (State),EISENHOWER MEMORIAL HWY,County,MUDDY BRANCH RD,,N/A,,SAME DIR REAR END,CLEAR,DRY,DAYLIGHT,NO CONTROLS,NONE DETECTED,,0CD049A2-B71A-41B3-B5FE-4353F6ABEEF8,No,NO APPARENT INJURY,N/A,NOT DISTRACTED,MD,6FB9F548-7F50-4088-ABD9-5A99CCE06F60,FUNCTIONAL,PASSENGER CAR,SLOWING OR STOPPING,39.13058456,-77.20588446,"(39.13058456, -77.20588446)"
MCP2864001S,16019478,Montgomery County Police,Property Damage Crash,04/20/2016 05:29:00 PM,Maryland (State),HUNGERFORD DR,Municipality,E MIDDLE LA,,ROCKVILLE,,SAME DIR REAR END,CLEAR,DRY,DAYLIGHT,TRAFFIC SIGNAL,NONE DETECTED,,4694C397-12A5-4033-A4F5-4DA855770B27,Yes,NO APPARENT INJURY,N/A,UNKNOWN,MD,35A2A779-8849-447F-900E-68BB6262E83D,DISABLING,PASSENGER CAR,SLOWING OR STOPPING,39.085715,-77.14885333,"(39.085715, -77.14885333)"
MCP1502000C,15004990,Montgomery County Police,Property Damage Crash,01/31/2015 08:58:00 AM,County,RAILROAD ST,County,E DEER PARK DR,,N/A,,SINGLE VEHICLE,CLEAR,DRY,DAYLIGHT,TRAFFIC SIGNAL,NONE DETECTED,,081D34DF-9A62-40F7-8C86-FCD53A88B122,Yes,NO APPARENT INJURY,N/A,NOT DISTRACTED,MD,C6A4A74C-7111-46E3-B754-CE2596C5EFD4,DISABLING,VAN,CHANGING LANES,39.13797,-77.17918,"(39.13797, -77.17918)"
MCP2848002V,16017107,Montgomery County Police,Property Damage Crash,04/08/2016 08:43:00 AM,County,FERNWOOD RD,County,MARYWOOD RD,,N/A,,SAME DIR REAR END,CLEAR,DRY,DAYLIGHT,NO CONTROLS,NONE DETECTED,,BA4063BC-8934-492E-8C6F-F70E716D889D,Yes,NO APPARENT INJURY,N/A,INATTENTIVE OR LOST IN THOUGHT,MD,C714F75C-5BD8-4C2E-A049-7BAC576CC2E7,FUNCTIONAL,PASSENGER CAR,MOVING CONSTANT SPEED,39.00962167,-77.13363167,"(39.00962167, -77.13363167)"
MCP2952001K,16005077,Montgomery County Police,Injury Crash,01/31/2016 12:12:00 PM,Ramp,RAMP 6 FR IS 495 EB TO MD 650 SB,Maryland (State),NEW HAMPSHIRE AVE,,N/A,,SAME DIR REAR END,CLEAR,DRY,DAYLIGHT,YIELD SIGN,UNKNOWN,,5CE84072-E35F-425A-962E-CFBFCF5EF4EC,Yes,NO APPARENT INJURY,N/A,UNKNOWN,MD,87F70553-B8DF-48DC-B15F-9A4C6CCFF126,FUNCTIONAL,PASSENGER CAR,SLOWING OR STOPPING,39.01732639,-76.97730727,"(39.01732639, -76.97730727)"
MCP2348001K,16019664,Montgomery County Police,Property Damage Crash,04/21/2016 04:46:00 PM,Maryland (State),VEIRS MILL RD,County,REEDIE DR,,N/A,,SAME DIRECTION SIDESWIPE,CLEAR,DRY,DAYLIGHT,NO CONTROLS,NONE DETECTED,,97B1CB90-67A3-4870-B98F-FE08E1E4A608,Yes,NO APPARENT INJURY,N/A,NOT DISTRACTED,MD,C0A3C32D-83B0-4641-A03D-8A9F2E227331,SUPERFICIAL,PASSENGER CAR,MAKING RIGHT TURN,39.03766,-77.050665,"(39.03766, -77.050665)"
MCP29820016,16053034,Montgomery County Police,Property Damage Crash,10/15/2016 02:37:00 PM,US (State),GEORGIA AVE,Other Public Roadway,JESSUP BLAIR DR,,N/A,,STRAIGHT MOVEMENT ANGLE,CLEAR,DRY,DAYLIGHT,NO CONTROLS,UNKNOWN,,8D7FEBC4-EFC0-42E7-8460-A425F052BDB6,Yes,NO APPARENT INJURY,N/A,NO DRIVER PRESENT,MD,3FD14AC9-A31F-49F6-85AE-2B804C5D78B5,DISABLING,MOTORCYCLE,MOVING CONSTANT SPEED,38.98554,-77.02656333,"(38.98554, -77.02656333)"
EJ7839001F,16030507,Gaithersburg Police Depar,Property Damage Crash,06/16/2016 05:56:00 PM,County,MUDDY BRANCH RD,Municipality,WEST SIDE DR,,GAITHERSBURG,,SAME DIR REAR END,CLEAR,DRY,DAYLIGHT,TRAFFIC SIGNAL,NONE DETECTED,,C4131033-0F51-427E-8EA9-0BB6AEDE731A,No,NO APPARENT INJURY,N/A,NOT DISTRACTED,MD,A763BAFB-070D-4D31-A97D-4BA1DB042ABF,SUPERFICIAL,(SPORT) UTILITY VEHICLE,MOVING CONSTANT SPEED,39.12645,-77.21141667,"(39.12645, -77.21141667)"
EJ7747001T,16025748,Gaithersburg Police Depar,Property Damage Crash,05/24/2016 08:18:00 AM,Maryland (State),QUINCE ORCHARD RD,Municipality,BANK ST,,GAITHERSBURG,,SAME DIR REAR END,CLEAR,DRY,DAYLIGHT,NO CONTROLS,NONE DETECTED,,FE66F230-3D5F-4871-BF77-7B4419AEC675,Yes,NO APPARENT INJURY,N/A,NOT DISTRACTED,MD,AF29BACC-C62D-40B9-8E4D-15BC4D447557,DISABLING,PASSENGER CAR,SLOWING OR STOPPING,39.13967333,-77.22194167,"(39.13967333, -77.22194167)"
MCP2783000H,15003077,Montgomery County Police,Property Damage Crash,01/19/2015 08:20:00 PM,Maryland (State),VEIRS MILL RD,County,ASPEN HILL RD,,N/A,,SAME DIR REAR END,N/A,N/A,DARK LIGHTS ON,TRAFFIC SIGNAL,NONE DETECTED,,A8F0DBC3-D08E-48DC-AE0D-9F68A8BC78E7,No,NO APPARENT INJURY,N/A,UNKNOWN,MD,BAF6572C-8D48-47D9-8023-CEC8F6103600,SUPERFICIAL,PASSENGER CAR,STOPPED IN TRAFFIC LANE,39.06446,-77.104626,"(39.06446, -77.104626)"
MCP2198001H,15066186,MONTGOMERY,Property Damage Crash,12/25/2015 11:26:00 PM,County,MIDCOUNTY HWY,County,WASHINGTON GROVE LA,,N/A,,SAME DIR REAR END,RAINING,WET,DARK LIGHTS ON,TRAFFIC SIGNAL,N/A,,B0EFC2CA-1F32-421B-A706-620188B205FB,No,NO APPARENT INJURY,N/A,NOT DISTRACTED,PA,B9D57639-1B2B-4AE8-BEAE-82767855BD64,FUNCTIONAL,PASSENGER CAR,STOPPED IN TRAFFIC LANE,39.14729564,-77.16901146,"(39.14729564, -77.16901146)"
MCP2608001M,16046962,Montgomery County Police,Property Damage Crash,09/13/2016 04:14:00 PM,County,MEDICAL PARK DR,Maryland (State),GEORGIA AVE,,N/A,,SINGLE VEHICLE,CLEAR,DRY,DAYLIGHT,NO CONTROLS,NONE DETECTED,,AC4E4CE9-26D9-417A-A2C7-C448C83EC78E,Yes,NO APPARENT INJURY,N/A,OTHER DISTRACTION,MD,3767104A-11D1-4D09-AEE5-713F9B5C38A9,FUNCTIONAL,PASSENGER CAR,STARTING FROM LANE,39.024175,-77.044335,"(39.024175, -77.044335)"
DD5601002S,170506256,Rockville Police Departme,Property Damage Crash,05/06/2017 10:21:00 AM,,,,,PARKING LOT OF 1775 ROCKVILLE PIKE,,,OTHER,CLOUDY,,DAYLIGHT,NO CONTROLS,UNKNOWN,,B95C9625-BA5D-4869-AA71-E64FF5729E37,Yes,NO APPARENT INJURY,N/A,UNKNOWN,MD,8C18BBA6-DA08-4F36-8BCD-6E7761C6330D,FUNCTIONAL,PASSENGER CAR,BACKING,39.06015833,-77.12380667,"(39.06015833, -77.12380667)"
MCP2720001W,16006253,Montgomery County Police,Property Damage Crash,02/06/2016 04:34:00 PM,County,BUSHEY DR,County,HAVARD ST,,N/A,,STRAIGHT MOVEMENT ANGLE,CLEAR,DRY,DAYLIGHT,STOP SIGN,NONE DETECTED,,9A505D02-7B92-47F1-9627-B6711B0D7D81,Yes,NO APPARENT INJURY,N/A,NOT DISTRACTED,MD,0F0F5556-4F62-4C55-9144-7868F904BAFC,SUPERFICIAL,PASSENGER CAR,STARTING FROM LANE,39.06336667,-77.07911833,"(39.06336667, -77.07911833)"
EJ7854000L,15046153,GAITHERSBURG,Injury Crash,09/12/2015 11:52:00 AM,Maryland (State),FREDERICK RD,Municipality,TRAVIS AVE,,GAITHERSBURG,,SAME DIRECTION SIDESWIPE,RAINING,WET,DAYLIGHT,NO CONTROLS,N/A,,4608DE6B-EE9D-4372-8E80-7C21C481894C,Yes,NO APPARENT INJURY,"N/A, WET",NOT DISTRACTED,MD,EFA7B892-9305-477A-87DD-C9BE901AE8A0,FUNCTIONAL,PASSENGER CAR,MOVING CONSTANT SPEED,39.16096333,-77.22193833,"(39.16096333, -77.22193833)"
MCP20470016,170501582,Montgomery County Police,Injury Crash,04/11/2017 02:06:00 PM,Maryland (State),ROCKVILLE PIKE,Unknown,HUBBARD DR,,N/A,,SAME DIR REAR END,CLEAR,DRY,DAYLIGHT,NO CONTROLS,NONE DETECTED,,83797AF9-A150-4EEF-8661-824B71ABB249,No,NO APPARENT INJURY,N/A,NOT DISTRACTED,MD,19AFAD8E-2362-47DC-8384-2B09175FB37D,SUPERFICIAL,PICKUP TRUCK,STOPPED IN TRAFFIC LANE,39.05494833,-77.11834,"(39.05494833, -77.11834)"
MCP2928001L,17010623,Montgomery County Police,Injury Crash,02/28/2017 01:47:00 AM,County,13TH ST,US (State),GEORGIA AVE,,N/A,,HEAD ON,CLEAR,DRY,DARK LIGHTS ON,TRAFFIC SIGNAL,NONE DETECTED,,AA7158EF-6D09-4291-9C66-3DF960C24097,No,NO APPARENT INJURY,N/A,NOT DISTRACTED,MD,3D35B3A7-356B-43BC-B0E6-93D9E03D6F79,DISABLING,PICKUP TRUCK,MOVING CONSTANT SPEED,38.987045,-77.02648667,"(38.987045, -77.02648667)"
MCP2722001P,16035643,Montgomery County Police,Injury Crash,07/14/2016 01:24:00 PM,Maryland (State),CONNECTICUT AVE,County,INDEPENDENCE ST,,N/A,,SAME DIR REAR END,CLEAR,DRY,DAYLIGHT,TRAFFIC SIGNAL,N/A,,D9FF7326-26FB-493C-9C40-D8BF6CF1C306,No,POSSIBLE INJURY,N/A,NOT DISTRACTED,MD,55879AE5-47D5-419F-9B9F-4B44DBF9230D,DESTROYED,PASSENGER CAR,STOPPED IN TRAFFIC LANE,39.076435,-77.08075667,"(39.076435, -77.08075667)"
MCP1563001Q,15047882,MONTGOMERY,Injury Crash,09/21/2015 05:37:00 PM,Maryland (State),EAST WEST HWY,County,GLENDALE RD,,N/A,,OTHER,RAINING,WET,DAYLIGHT,STOP SIGN,NONE DETECTED,,DDEE86E0-3AEC-4E4A-83EA-1D2BFCCA729E,Yes,POSSIBLE INJURY,"RAIN, SNOW, WET",LOOKED BUT DID NOT SEE,DC,2477C17F-21E6-429F-935B-2B0756777F2E,DISABLING,PASSENGER CAR,STARTING FROM LANE,38.988305,-77.07531,"(38.988305, -77.07531)"
DD5617000D,16063076,Rockville Police Departme,Injury Crash,12/08/2016 06:11:00 PM,County,TWINBROOK PKWY,Maryland (State),VEIRS MILL RD,,N/A,,HEAD ON LEFT TURN,CLEAR,DRY,DARK LIGHTS ON,N/A,N/A,,F544C04F-DFA1-4F7B-AEB1-077A5E92892A,No,NO APPARENT INJURY,N/A,NOT DISTRACTED,MD,B3EA9428-4E02-49CA-A573-CAE2FC5E6B09,FUNCTIONAL,PASSENGER CAR,MOVING CONSTANT SPEED,39.072815,-77.11241333,"(39.072815, -77.11241333)"
MCP2818002C,16066324,Montgomery County Police,Injury Crash,12/25/2016 06:06:00 PM,Maryland (State),NEW HAMPSHIRE AVE,County,CRESTHAVEN DR,,N/A,,ANGLE MEETS RIGHT TURN,CLEAR,DRY,DARK LIGHTS ON,NO CONTROLS,NONE DETECTED,,6AFAE34B-CB53-4A50-A820-3C229F1F788E,No,NO APPARENT INJURY,N/A,NOT DISTRACTED,MD,7E654D3E-6F36-4A22-92C4-17F1FC781A3F,DISABLING,VAN,MOVING CONSTANT SPEED,39.03074833,-76.98410167,"(39.03074833, -76.98410167)"
MCP2880001F,170500237,Montgomery County Police,Property Damage Crash,04/03/2017 06:03:00 PM,County,GOSHEN RD,County,EMORY GROVE RD,,N/A,,SAME DIR REAR END,CLEAR,DRY,DAYLIGHT,TRAFFIC SIGNAL,N/A,,DA7AFD9E-6A91-4B08-9CC7-6F7349B7FC35,No,NO APPARENT INJURY,N/A,NOT DISTRACTED,MD,2AF1D6E4-C31C-43D9-A9AF-76E8673B4A9B,DISABLING,OTHER,STOPPED IN TRAFFIC LANE,39.15974833,-77.19212167,"(39.15974833, -77.19212167)"
MCP3040000L,17050252,Montgomery County Police,Property Damage Crash,05/11/2017 04:14:00 PM,Maryland (State),GEORGIA AVE,Maryland (State),UNIVERSITY BLVD W,,N/A,,SAME DIR REAR END,RAINING,WET,DAYLIGHT,TRAFFIC SIGNAL,N/A,,45011F5C-7144-455C-867D-113356325C20,Yes,NO APPARENT INJURY,"RAIN, SNOW, WET",LOOKED BUT DID NOT SEE,DC,BEBCB79A-A5AB-45D2-A206-7CE14BAFFF00,FUNCTIONAL,VAN,SLOWING OR STOPPING,39.04147667,-77.05120833,"(39.04147667, -77.05120833)"
MCP27770038,16067177,Montgomery County Police,Property Damage Crash,12/30/2016 04:39:00 PM,Maryland (State),OLD GEORGETOWN RD,County,RYLAND DR,,N/A,,SAME DIR REAR END,CLOUDY,DRY,DAYLIGHT,TRAFFIC SIGNAL,NONE DETECTED,,DCDFFC7E-6323-48AA-8D33-E3219636947D,Yes,NO APPARENT INJURY,N/A,NOT DISTRACTED,MI,34694126-B481-4585-9C22-ACA9F7AB5FA0,DISABLING,PASSENGER CAR,MOVING CONSTANT SPEED,39.01317833,-77.11747167,"(39.01317833, -77.11747167)"
MCP2522000H,16034194,Montgomery County Police,Injury Crash,07/06/2016 12:27:00 PM,Maryland (State),RIVER RD,County,SEVEN LOCKS RD,,N/A,,SAME DIR REAR END,N/A,DRY,DAYLIGHT,NO CONTROLS,NONE DETECTED,,0C33E11F-F134-4812-9742-181AC03ABB47,No,SUSPECTED MINOR INJURY,N/A,NOT DISTRACTED,MD,0EAEC2AA-15D2-4DE3-8258-E3D5354DFC76,SUPERFICIAL,PICKUP TRUCK,SLOWING OR STOPPING,38.99197333,-77.16095,"(38.99197333, -77.16095)"
EJ7844000C,15047713,GAITHERSBURG,Injury Crash,09/20/2015 07:41:00 PM,Maryland (State),QUINCE ORCHARD RD,Unknown,SPUR TO MD 355,,N/A,,SAME DIR REAR END,CLEAR,DRY,DARK LIGHTS ON,YIELD SIGN,NONE DETECTED,,338B9B34-5754-4AB6-AADD-8FDF8C527850,No,NO APPARENT INJURY,N/A,NOT DISTRACTED,UM,F5212499-8CAB-4926-B6F8-C1D4E1A6E1AB,SUPERFICIAL,PASSENGER CAR,SLOWING OR STOPPING,39.15219052,-77.21185505,"(39.15219052, -77.21185505)"
MCP3006000X,16022963,Montgomery County Police,Injury Crash,05/09/2016 11:38:00 AM,County,ARCOLA AVE,County,GRANDVIEW AVE,,N/A,,STRAIGHT MOVEMENT ANGLE,CLEAR,DRY,OTHER,NO CONTROLS,NONE DETECTED,,E37B30CE-AE9E-4354-A11F-49A6AD8A9C47,No,NO APPARENT INJURY,N/A,NOT DISTRACTED,MD,92E2D70B-DC63-4880-81E8-C4C68C708436,SUPERFICIAL,PASSENGER CAR,PARKED,39.04748333,-77.05314833,"(39.04748333, -77.05314833)"
MCP28810021,17006483,Montgomery County Police,Property Damage Crash,02/06/2017 02:21:00 PM,Maryland (State),GERMANTOWN RD,County,AIRCRAFT DR,,N/A,,SAME DIR REAR END,CLEAR,DRY,DAYLIGHT,NO CONTROLS,N/A,,6A0A556A-573D-41CA-8186-39A8D2471A2C,Yes,NO APPARENT INJURY,N/A,NOT DISTRACTED,MD,5609057E-2DE0-44A3-AA8E-1D04EE552985,DISABLING,PASSENGER CAR,MOVING CONSTANT SPEED,39.18416,-77.26302667,"(39.18416, -77.26302667)"
MCP2765003Y,170507904,Montgomery County Police,Property Damage Crash,05/15/2017 03:30:00 PM,County,SEVEN LOCKS RD,County,IVYMOUNT TERR,,N/A,,SAME DIRECTION SIDESWIPE,CLEAR,DRY,DAYLIGHT,NO CONTROLS,UNKNOWN,,23BBE016-0268-475F-A289-1E6955195F94,Yes,NO APPARENT INJURY,N/A,UNKNOWN,MD,646875A7-76D8-4F2F-A9B7-30930C21C2CE,NO DAMAGE,SCHOOL BUS,MOVING CONSTANT SPEED,39.046885,-77.161935,"(39.046885, -77.161935)"
MCP2420001K,16042833,Montgomery County Police,Injury Crash,08/23/2016 03:59:00 PM,Maryland (State),GEORGIA AVE,County,EMORY CHURCH RD,,N/A,,STRAIGHT MOVEMENT ANGLE,CLEAR,DRY,DAYLIGHT,TRAFFIC SIGNAL,NONE DETECTED,,00A9E2BD-075E-477C-A9D7-A1ABE1E968ED,Yes,NO APPARENT INJURY,N/A,NOT DISTRACTED,MD,D03C3837-8186-4DD4-9CFA-979051000FA5,DISABLING,PASSENGER CAR,MAKING LEFT TURN,39.13067333,-77.07108833,"(39.13067333, -77.07108833)"
MCP2937001T,17005867,Montgomery County Police,Property Damage Crash,02/02/2017 11:00:00 PM,Maryland (State),SANDY SPRING RD,County,MCKNEW RD,,N/A,,SAME DIR REAR END,CLEAR,DRY,DARK LIGHTS ON,TRAFFIC SIGNAL,UNKNOWN,,BF18F8EF-4956-4F40-BD50-96F43A4116F3,Yes,NO APPARENT INJURY,N/A,UNKNOWN,,FD6BDD33-7A77-4200-AAED-B3ED735CB5D4,FUNCTIONAL,PASSENGER CAR,MOVING CONSTANT SPEED,39.10633914,-76.91869631,"(39.10633914, -76.91869631)"
EJ7863000Z,170508172,Gaithersburg Police Depar,Property Damage Crash,05/16/2017 08:03:00 PM,Municipality,KENTLANDS BLVD,Unknown,ROUNDABOUT,,N/A,,SAME DIR REAR END,N/A,DRY,DAYLIGHT,YIELD SIGN,NONE DETECTED,,23306A22-3F20-418A-BDEE-70E7A0BC85BD,No,NO APPARENT INJURY,N/A,NOT DISTRACTED,MD,E06079EF-95C3-4A0A-93D3-97F743DD2427,SUPERFICIAL,PASSENGER CAR,STOPPED IN TRAFFIC LANE,39.12335197,-77.23905802,"(39.12335197, -77.23905802)"
MCP28710016,15007515,Montgomery County Police,Injury Crash,02/14/2015 09:57:00 PM,Maryland (State),ROCKVILLE PIKE,County,SECURITY LA,,N/A,,SAME DIR REAR END,SNOW,SNOW,DARK LIGHTS ON,TRAFFIC SIGNAL,NONE DETECTED,,0DCF8DD1-047F-4C98-9FFB-C3083B0B340A,No,NO APPARENT INJURY,"ICY OR SNOW-COVERED, RAIN, SNOW, SLEET, HAIL, FREEZ. RAIN, WET",NOT DISTRACTED,MD,5506BB6E-4355-424E-A3EC-4A609D582E0B,FUNCTIONAL,PASSENGER CAR,STOPPED IN TRAFFIC LANE,39.041835,-77.11032167,"(39.041835, -77.11032167)"
MCP2728003M,170513268,Montgomery County Police,Property Damage Crash,06/12/2017 05:54:00 PM,US (State),COLUMBIA PIKE,County,PRELUDE DR,,N/A,,HEAD ON LEFT TURN,CLEAR,DRY,DAYLIGHT,TRAFFIC SIGNAL,NONE DETECTED,,63BAB7C4-E0D3-4586-BF57-0B4B7D99C0EB,No,NO APPARENT INJURY,N/A,NOT DISTRACTED,MD,5A6D1E7E-E8FE-48BC-920B-202B58628025,SUPERFICIAL,PASSENGER CAR,STOPPED IN TRAFFIC LANE,39.03939466,-76.99783087,"(39.03939466, -76.99783087)"
MCP2425006Z,16029144,Montgomery County Police,Property Damage Crash,06/10/2016 06:55:00 AM,County,STATESIDE DR,County,AVENEL RD,,N/A,,SAME DIRECTION SIDESWIPE,CLEAR,DRY,DAYLIGHT,NO CONTROLS,NONE DETECTED,,DAE50E7E-425D-40EC-A246-A87C59AB1D85,Yes,NO APPARENT INJURY,N/A,NOT DISTRACTED,MD,A2D11627-677C-4AC3-A322-DB172F683B9E,SUPERFICIAL,SCHOOL BUS,SLOWING OR STOPPING,39.010705,-76.98051,"(39.010705, -76.98051)"
DD5601001K,16003204,Rockville Police Departme,Injury Crash,01/17/2016 06:51:00 PM,Maryland (State),W JEFFERSON ST,Municipality,S WASHINGTON ST,,ROCKVILLE,,HEAD ON,CLEAR,WET,DARK LIGHTS ON,TRAFFIC SIGNAL,NONE DETECTED,,D2FA885D-15F1-4686-BCE6-DA397E81D895,Yes,POSSIBLE INJURY,"N/A, WET",UNKNOWN,MD,9489A64B-A95C-4FD5-9E40-BA59FCF1BCCA,DISABLING,PASSENGER CAR,MAKING LEFT TURN,39.083153,-77.15290117,"(39.083153, -77.15290117)"
MCP25880033,170530476,Montgomery County Police,Injury Crash,09/14/2017 07:15:00 AM,Maryland (State),GEORGIA AVE,County,WELLER RD,,N/A,,STRAIGHT MOVEMENT ANGLE,CLOUDY,WET,DAYLIGHT,N/A,NONE DETECTED,,67B80704-1ACF-403B-805B-315069F7C62B,Yes,POSSIBLE INJURY,"N/A, WET",NOT DISTRACTED,MD,40E577AE-E686-4E99-9DA8-06EF1D71A17B,DISABLING,PASSENGER CAR,MOVING CONSTANT SPEED,39.06654167,-77.059375,"(39.06654167, -77.059375)"
MCP2613000Y,16036056,Montgomery County Police,Injury Crash,07/16/2016 01:36:00 PM,Maryland (State),MONTGOMERY VILLAGE AVE,Municipality,RUSSELL AVE,,GAITHERSBURG,,SAME DIRECTION SIDESWIPE,CLEAR,DRY,DAYLIGHT,TRAFFIC SIGNAL,N/A,,5888FE2B-07D5-4CC0-B3FC-584055CAF60B,Yes,SUSPECTED MINOR INJURY,N/A,LOOKED BUT DID NOT SEE,MD,3B5ABAFA-2D25-446D-806D-0303FAB6CF72,DISABLING,PASSENGER CAR,MOVING CONSTANT SPEED,39.154285,-77.20938167,"(39.154285, -77.20938167)"
MCP1213001R,16049393,Montgomery County Police,Property Damage Crash,09/25/2016 08:45:00 PM,Maryland (State),NEW HAMPSHIRE AVE,County,NORWOOD RD,,N/A,,SAME DIR REAR END,CLEAR,DRY,DARK LIGHTS ON,TRAFFIC SIGNAL,NONE DETECTED,,DF7366FE-0F33-4289-8A20-D514A1C21FD7,No,NO APPARENT INJURY,N/A,NOT DISTRACTED,MD,2A73A5E3-420A-470B-BA2B-C0B68BDDED13,DISABLING,PASSENGER CAR,SLOWING OR STOPPING,39.10637,-77.00132667,"(39.10637, -77.00132667)"
MCP26220016,170500131,Montgomery County Police,Property Damage Crash,04/03/2017 08:30:00 AM,,,,,BURTONSVILLE CROSSINGS SHOPPING CENTER  (PARKING LOT OF 15707 NATIONAL DRIVE),,,SAME DIRECTION LEFT TURN,CLEAR,,DAYLIGHT,N/A,NONE DETECTED,,DFCB2258-3C1A-469F-8EA9-A7FD76A4D776,No,NO APPARENT INJURY,N/A,NOT DISTRACTED,MD,E517F29F-D06F-4A78-A2BE-5D12F77A9D61,SUPERFICIAL,PASSENGER CAR,STARTING FROM LANE,39.11267,-76.930495,"(39.11267, -76.930495)"
MCP94280019,17003283,Montgomery County Police,Property Damage Crash,01/17/2017 06:59:00 AM,County,FATHER HURLEY BLVD,County,WISTERIA DR,,N/A,,SAME DIRECTION SIDESWIPE,CLEAR,DRY,DAWN,TRAFFIC SIGNAL,N/A,,452D7DF6-D03F-4124-B557-CDA15AC11707,No,NO APPARENT INJURY,N/A,NOT DISTRACTED,MD,02C83105-A25D-408A-8DC2-9CA4E733E601,FUNCTIONAL,VAN,MOVING CONSTANT SPEED,39.15469667,-77.06754333,"(39.15469667, -77.06754333)"
HA2372000D,17000368,Maryland-National Capital,Property Damage Crash,04/05/2017 10:06:00 AM,Maryland (State),BURLINGTON AVE,US (State),GEORGIA AVE,,N/A,,OTHER,CLEAR,DRY,DAYLIGHT,TRAFFIC SIGNAL,NONE DETECTED,,A2CC9E38-467D-427D-BEC9-2C78E9751105,Unknown,NO APPARENT INJURY,N/A,NOT DISTRACTED,MD,CB548867-0565-416E-9A45-2674BE3745EE,FUNCTIONAL,PASSENGER CAR,MAKING LEFT TURN,38.98734387,-77.02668607,"(38.98734387, -77.02668607)"
MCP2039001L,16023982,Montgomery County Police,Injury Crash,05/14/2016 01:27:00 PM,Maryland (State),GEORGIA AVE,County,URBANA DR,,N/A,,SAME DIR REAR END,CLOUDY,DRY,DAYLIGHT,TRAFFIC SIGNAL,N/A,,66C14093-8B47-4324-9D2D-7B1D7431F26A,No,SUSPECTED MINOR INJURY,N/A,NOT DISTRACTED,MD,D7917A0B-359B-4264-8445-DAF32D239D4B,DISABLING,PASSENGER CAR,MOVING CONSTANT SPEED,39.06154667,-77.05276,"(39.06154667, -77.05276)"
MCP2718002S,17051645,Montgomery County Police,Property Damage Crash,06/29/2017 04:09:00 PM,,,,,12087 ROCKVILLE PIKE ROCKVILLE MD PARKING LOT IN FRONT OF GOLF GALAXY,,,UNKNOWN,CLEAR,,DAYLIGHT,N/A,UNKNOWN,,6DA1CEEB-7E07-4E8D-AB5C-CB015AAFADFC,Yes,NO APPARENT INJURY,N/A,UNKNOWN,,6C7F6632-B878-481E-92D2-E5CE67A3EB08,UNKNOWN,PASSENGER CAR,STARTING FROM PARKED,39.05575167,-77.11872167,"(39.05575167, -77.11872167)"
MCP2965000L,15057709,MONTGOMERY,Property Damage Crash,11/12/2015 11:16:00 AM,Maryland (State),NEW HAMPSHIRE AVE,Ramp,RAMP 8 FR MD650 SB TO RP 1 (TO MD200 WB),,N/A,,SAME DIR REAR END,RAINING,WET,DAYLIGHT,TRAFFIC SIGNAL,NONE DETECTED,,2B4E121E-D7CB-426E-9132-378EA212051C,Yes,NO APPARENT INJURY,"RAIN, SNOW, WET",UNKNOWN,MD,25624499-4C30-4AAD-B023-80BD744A098B,DISABLING,PASSENGER CAR,SLOWING OR STOPPING,39.08924309,-76.99982643,"(39.08924309, -76.99982643)"