Report Number,Local Case Number,Agency Name,ACRS Report Type,Crash Date/Time,Route Type,Road Name,Cross-Street Type,Cross-Street Name,Off-Road Description,Municipality,Related Non-Motorist,Collision Type,Weather,Surface Condition,Light,Traffic Control,Driver Substance Abuse,Non-Motorist Substance Abuse,Person ID,Driver At Fault,Injury Severity,Circumstance,Driver Distracted By,Drivers License State,Vehicle ID,Vehicle Damage Extent,Vehicle Body Type,Vehicle Movement,Latitude,Longitude,Location
MCP271700BF,17016443,Montgomery County Police,Property Damage Crash,03/31/2017 06:45:00 PM,Maryland (State),WISCONSIN AVE,Maryland (State),MONTGOMERY AVE,,N/A,,SAME DIRECTION SIDESWIPE,RAINING,WET,DARK LIGHTS ON,TRAFFIC SIGNAL,NONE DETECTED,,A0DC39C5-F853-458A-B9A0-E66CE03C5403,No,NO APPARENT INJURY,"N/A, WET",UNKNOWN,MD,6468287A-BDE3-4C99-9B01-741A55BFB976,SUPERFICIAL,PICKUP TRUCK,ACCELERATING,38.98431517,-77.09402117,"(38.98431517, -77.09402117)"
MCP2895001F,170509339,Montgomery County Police,Injury Crash,05/23/2017 05:00:00 AM,County,FATHER HURLEY BLVD,Interstate (State),EISENHOWER MEMORIAL HWY,,N/A,,STRAIGHT MOVEMENT ANGLE,CLEAR,WET,DARK LIGHTS ON,TRAFFIC SIGNAL,NONE DETECTED,,D4BB5AAE-25E4-400C-8263-3C9418609B83,No,SUSPECTED MINOR INJURY,N/A,NOT DISTRACTED,MD,5F2CD559-81FF-41E9-B6C8-BBC5BB4B50BF,DISABLING,PASSENGER CAR,MOVING CONSTANT SPEED,39.19757345,-77.26331323,"(39.19757345, -77.26331323)"
MCP2761001H,17001668,Montgomery County Police,Property Damage Crash,01/10/2017 04:45:00 PM,County,ROCKINGHAM RD,County,CROWNSGATE WAY,,N/A,,SINGLE VEHICLE,CLEAR,DRY,DAYLIGHT,NO CONTROLS,NONE DETECTED,,7006BF81-00A7-454F-8C2E-C243897A46EB,Yes,NO APPARENT INJURY,N/A,LOOKED BUT DID NOT SEE,MD,DFB92DFD-F561-4218-BFC9-B99026279817,SUPERFICIAL,SCHOOL BUS,BACKING,39.1594243,-77.28646874,"(39.1594243, -77.28646874)"
MCP22600016,16012817,MONTGOMERY,Property Damage Crash,03/15/2016 07:44:00 PM,County,TWINBROOK PKWY,Other Public Roadway,ALDERBROOK CT,,N/A,,OTHER,N/A,DRY,DUSK,N/A,N/A,,38F9AD64-EFA0-4919-B3B2-4A5ABE16B4A8,No,NO APPARENT INJURY,N/A,UNKNOWN,MD,1525ED6C-F8F9-493F-80BE-67AB1B2F80C3,SUPERFICIAL,TRANSIT BUS,MOVING CONSTANT SPEED,39.07256333,-77.11277167,"(39.07256333, -77.11277167)"
MCP29700015,15061718,MONTGOMERY,Injury Crash,12/03/2015 11:00:00 AM,Maryland (State),GEORGIA AVE,County,REEDIE DR,,N/A,,STRAIGHT MOVEMENT ANGLE,CLEAR,DRY,DAYLIGHT,TRAFFIC SIGNAL,N/A,,2F36F664-B09B-45C7-AD66-33FF57417B05,No,POSSIBLE INJURY,N/A,NOT DISTRACTED,MD,9EBC6387-4460-4419-B178-F144608444C7,DISABLING,PASSENGER CAR,MOVING CONSTANT SPEED,39.03862591,-77.05093861,"(39.03862591, -77.05093861)"
MCP0539001R,15050821,MONTGOMERY,Injury Crash,10/07/2015 12:21:00 PM,Maryland (State),FIRST ST,Municipality,ANITA CT,,ROCKVILLE,,SAME DIR REAR END,CLEAR,DRY,DAYLIGHT,TRAFFIC SIGNAL,NONE DETECTED,,E1C9B62B-2E35-4506-8B11-73C7C0402104,Yes,NO APPARENT INJURY,N/A,NOT DISTRACTED,MD,86C14E89-3151-457D-AD61-302DCC927B57,SUPERFICIAL,OTHER,STARTING FROM LANE,39.08304833,-77.13670333,"(39.08304833, -77.13670333)"
MCP30230016,170530517,Montgomery County Police,Injury Crash,09/14/2017 11:15:00 AM,Maryland (State),GEORGIA AVE,Maryland (State),CONNECTICUT AVE,,N/A,,SAME DIR REND RIGHT TURN,CLEAR,DRY,DAYLIGHT,NO CONTROLS,NONE DETECTED,,99808B21-96F8-44CA-9101-3904F81AE5E8,No,POSSIBLE INJURY,N/A,NOT DISTRACTED,MD,EE02E152-466A-4F2C-AFA3-69A813D98B71,FUNCTIONAL,PASSENGER CAR,MAKING LEFT TURN,39.08436367,-77.07843733,"(39.08436367, -77.07843733)"
MCP2046004L,15061894,MONTGOMERY,Injury Crash,12/04/2015 07:16:00 AM,Maryland (State),SANDY SPRING RD,Unknown,PRINCE GEORGES CO/L,,N/A,,SAME DIRECTION SIDESWIPE,CLEAR,DRY,DAYLIGHT,N/A,NONE DETECTED,,3DCCD56D-0664-469A-939C-AE7B09EFEAB2,Yes,NO APPARENT INJURY,N/A,NOT DISTRACTED,MD,64ECE788-17BA-48D8-9D90-0CC283169CF5,FUNCTIONAL,"MEDIUM/HEAVY TRUCKS 3 AXLES (OVER 10,000LBS (4,536KG))",CHANGING LANES,39.10433895,-76.9094038,"(39.10433895, -76.9094038)"
MCP12200047,16048259,Montgomery County Police,Property Damage Crash,09/20/2016 08:30:00 AM,Maryland (State),PINEY BRANCH RD,County,MANCHESTER RD,,N/A,,SAME DIRECTION SIDESWIPE,CLOUDY,DRY,DAYLIGHT,NO CONTROLS,NONE DETECTED,,A0068E4D-CE98-434A-830C-F4BE17F4CE66,Yes,NO APPARENT INJURY,N/A,UNKNOWN,MD,2624EFD2-B433-4D2A-A87B-377C856DC6EE,SUPERFICIAL,TRANSIT BUS,CHANGING LANES,38.99743167,-77.00505333,"(38.99743167, -77.00505333)"
MCP2719000K,15035366,MONTGOMERY,Injury Crash,07/18/2015 12:02:00 PM,Maryland (State),LAYHILL RD,County,BRIGGS RD,,N/A,,SAME DIR REAR END,CLOUDY,WET,DAYLIGHT,TRAFFIC SIGNAL,NONE DETECTED,,D467971C-A560-4257-AFFA-89F48C4565BC,No,SUSPECTED MINOR INJURY,"N/A, WET",NOT DISTRACTED,MD,B104EAF1-B268-46DC-BB86-49357D19411C,SUPERFICIAL,PASSENGER CAR,STOPPED IN TRAFFIC LANE,39.06922667,-77.04610333,"(39.06922667, -77.04610333)"
MCP1465001M,15052300,MONTGOMERY,Property Damage Crash,10/15/2015 07:05:00 AM,County,SHADY GROVE RD,Other Public Roadway,TRAVILLE  GATEWAY DR,,N/A,,SINGLE VEHICLE,CLEAR,"MUD, DIRT, GRAVEL",DAWN,TRAFFIC SIGNAL,NONE DETECTED,,F75CC05F-F3D4-4600-B7ED-983C3536C14E,No,NO APPARENT INJURY,"DEBRIS OR OBSTRUCTION, N/A",NOT DISTRACTED,MD,72E7ABDB-0F58-4FDA-98CC-5E6661510A03,FUNCTIONAL,PASSENGER CAR,MOVING CONSTANT SPEED,39.09133333,-77.20513833,"(39.09133333, -77.20513833)"
MCP9428000H,15004487,Montgomery County Police,Property Damage Crash,01/28/2015 12:43:00 PM,,,,,"Parking Lot of 1298 E. Gude Drive, Rockville Montgomery County MD 20855 (Liberty Gas Station)",,,SAME DIRECTION SIDESWIPE,CLEAR,,DAYLIGHT,N/A,N/A,,64B7392A-8961-48C9-9F2A-A727B490BC7C,Yes,NO APPARENT INJURY,N/A,NOT DISTRACTED,PA,64877533-9C69-4481-BEF3-FA9884CEAF83,SUPERFICIAL,"MEDIUM/HEAVY TRUCKS 3 AXLES (OVER 10,000LBS (4,536KG))",PASSING,39.098305,-77.13678667,"(39.098305, -77.13678667)"
EJ7856003D,170520755,Gaithersburg Police Depar,Property Damage Crash,07/23/2017 07:10:00 PM,,,,,"PARKING LOT OF 117 NORTH FREDERICK AVENUE, GAITHERSBURG, MD 20877",,,OTHER,CLEAR,,DUSK,N/A,N/A,,2352A9C9-9E7F-43AE-8C4E-D1EB6773CE27,Yes,NO APPARENT INJURY,N/A,LOOKED BUT DID NOT SEE,MD,E58F53DA-9D82-47DC-909A-813407059A20,SUPERFICIAL,(SPORT) UTILITY VEHICLE,STARTING FROM PARKED,39.14547,-77.205935,"(39.14547, -77.205935)"
MCP1378008K,15055751,MONTGOMERY,Injury Crash,11/02/2015 12:49:00 PM,Maryland (State),FREDERICK RD,Ramp,RAMP 8 FR MD 355 SB TO IS 370 WB,,N/A,,SAME DIR REAR END,CLOUDY,DRY,DAYLIGHT,NO CONTROLS,NONE DETECTED,,0255D920-0DE2-4553-A719-E8A7FEDB9BFC,No,POSSIBLE INJURY,N/A,NOT DISTRACTED,MD,4571D2E4-BA48-41AA-99E7-0883FCBE2D07,SUPERFICIAL,PASSENGER CAR,STOPPED IN TRAFFIC LANE,39.12339,-77.17931167,"(39.12339, -77.17931167)"
MCP30040007,15066863,MONTGOMERY,Property Damage Crash,12/30/2015 01:36:00 AM,County,BRENNON LA,County,SHEPHERD ST,,N/A,,OPPOSITE DIRECTION SIDESWIPE,CLEAR,DRY,DARK LIGHTS ON,N/A,UNKNOWN,,87F4C8C6-C6A8-4390-83BA-2E034258F7DF,Unknown,NO APPARENT INJURY,N/A,UNKNOWN,,0C4C28F8-EA6D-4041-A2C3-7F76B1C57512,UNKNOWN,PASSENGER CAR,MOVING CONSTANT SPEED,38.979515,-77.06626167,"(38.979515, -77.06626167)"
MCP29050033,170528859,Montgomery County Police,Property Damage Crash,09/05/2017 06:40:00 PM,Maryland (State),BRADLEY BLVD,Maryland (State),GOLDSBORO RD,,N/A,,SAME DIR REAR END,RAINING,WET,DUSK,TRAFFIC SIGNAL,NONE DETECTED,,7EDAD846-F9A4-45F8-88BE-AB0491690FFD,No,NO APPARENT INJURY,"RAIN, SNOW, WET",NOT DISTRACTED,MD,5E46C1A5-C77C-48DC-9571-C12ECDE8E5C7,SUPERFICIAL,PASSENGER CAR,STOPPED IN TRAFFIC LANE,38.97724667,-77.10730167,"(38.97724667, -77.10730167)"
MCP2871002C,15057383,MONTGOMERY,Property Damage Crash,11/10/2015 05:34:00 PM,County,DEMOCRACY BLVD,County,SEVEN LOCKS RD,,N/A,,SAME DIR REAR END,RAINING,WET,DARK NO LIGHTS,NO CONTROLS,NONE DETECTED,,C95C24B6-4803-43DF-8725-D496E169FA5C,No,NO APPARENT INJURY,"N/A, RAIN, SNOW",NOT DISTRACTED,VA,88183F47-6D00-4D7C-8E3D-78D2D10C9430,DISABLING,PASSENGER CAR,STOPPED IN TRAFFIC LANE,39.023335,-77.158525,"(39.023335, -77.158525)"
MCP28440011,15040044,MONTGOMERY,Property Damage Crash,08/11/2015 06:41:00 PM,Maryland (State),UNIVERSITY BLVD W,County,ELKIN ST,,N/A,,ANGLE MEETS RIGHT TURN,CLEAR,DRY,DAYLIGHT,STOP SIGN,NONE DETECTED,,B10FA5C7-5AB6-481C-9E12-A8FB602CF9EC,No,NO APPARENT INJURY,N/A,NOT DISTRACTED,MD,3A17ED9E-B90D-4172-A2ED-FEC82126E30C,FUNCTIONAL,OTHER,MOVING CONSTANT SPEED,39.04164459,-77.05032706,"(39.04164459, -77.05032706)"
MCP11740025,170511122,Montgomery County Police,Property Damage Crash,06/01/2017 06:00:00 AM,,,,,PARKING GARAGE OF 7335 WISCONSIN AVE.,,,SINGLE VEHICLE,N/A,,DARK LIGHTS ON,NO CONTROLS,NONE DETECTED,,DF2F19FE-942B-4218-B000-0B61F9040FD0,Yes,NO APPARENT INJURY,N/A,NOT DISTRACTED,MD,781D51B6-235C-436E-833C-D5E77D9BD759,SUPERFICIAL,PICKUP TRUCK,MAKING RIGHT TURN,38.98307,-77.09224333,"(38.98307, -77.09224333)"
MCP1453004M,170529343,Montgomery County Police,Injury Crash,09/08/2017 07:55:00 AM,County,MIDDLEBROOK RD,Maryland (State),GERMANTOWN RD,,N/A,,SAME DIR REAR END,CLEAR,DRY,DAYLIGHT,TRAFFIC SIGNAL,NONE DETECTED,,BDCCFED6-E63B-4426-A9DA-4754BE575D94,No,SUSPECTED MINOR INJURY,N/A,NOT DISTRACTED,MD,46F26C22-A91E-4609-9690-C2F1A9927A1C,DISABLING,VAN,SLOWING OR STOPPING,39.179245,-77.267865,"(39.179245, -77.267865)"
MCP2635003C,16053362,Montgomery County Police,Injury Crash,10/17/2016 02:59:00 PM,Maryland (State),GEORGIA AVE,County,EMORY LA,,N/A,,SAME DIR REAR END,CLEAR,DRY,DAYLIGHT,TRAFFIC SIGNAL,ILLEGAL DRUG CONTRIBUTED,,22FF6396-882D-4242-9D49-2354D7788229,Yes,NO APPARENT INJURY,N/A,NOT DISTRACTED,MD,44CF45F7-9BDE-413B-A5E1-68F5F05985A5,DISABLING,(SPORT) UTILITY VEHICLE,MOVING CONSTANT SPEED,39.12767333,-77.07194,"(39.12767333, -77.07194)"
MCP2612001J,16059463,Montgomery County Police,Property Damage Crash,11/18/2016 02:00:00 AM,County,LONGMEAD CROSSING DR,County,WIMBLEDON DR,,N/A,,OTHER,N/A,DRY,DARK LIGHTS ON,N/A,UNKNOWN,,07C922AB-1D11-44A0-8CE9-1C7550C79723,Yes,NO APPARENT INJURY,N/A,OTHER DISTRACTION,MD,01BE1806-B70F-4B77-A055-7027D7C5194B,DISABLING,PASSENGER CAR,MOVING CONSTANT SPEED,39.09896876,-77.04740882,"(39.09896876, -77.04740882)"
MCP2639001Q,17002140,Montgomery County Police,Injury Crash,01/12/2017 11:45:00 PM,Maryland (State),GEORGIA AVE,County,REEDIE DR,,N/A,PEDESTRIAN,STRAIGHT MOVEMENT ANGLE,CLOUDY,DRY,DARK LIGHTS ON,TRAFFIC SIGNAL,NONE DETECTED,ALCOHOL CONTRIBUTED,CE272E77-4C52-4260-8269-FDFF5FE6018E,No,NO APPARENT INJURY,N/A,NOT DISTRACTED,MD,2006ED9C-A8E5-4861-ADC3-3F1FC1890B27,FUNCTIONAL,PASSENGER CAR,MOVING CONSTANT SPEED,39.03885167,-77.050735,"(39.03885167, -77.050735)"
MCP13780078,15038471,MONTGOMERY,Property Damage Crash,08/03/2015 02:15:00 PM,Ramp,RAMP 2 FR RP 7 (FR IS370 WB) TO MD355 NB,Ramp,RAMP 7 FR IS 370 WB TO MD 355 SB,,N/A,,SAME DIR REAR END,CLOUDY,DRY,DAYLIGHT,TRAFFIC SIGNAL,NONE DETECTED,,BBA3CEB1-CF48-4668-AF88-BA36CE7D81B0,No,NO APPARENT INJURY,N/A,NOT DISTRACTED,MD,098AB33C-ED61-4E25-93CE-7609FA32D421,FUNCTIONAL,PASSENGER CAR,STOPPED IN TRAFFIC LANE,39.124385,-77.17979,"(39.124385, -77.17979)"
MCP2455001H,17013594,Montgomery County Police,Injury Crash,03/16/2017 05:46:00 PM,Maryland (State),FALLS RD,County,FALLS CHAPEL WAY,,N/A,,SAME DIR REAR END,N/A,WET,DAYLIGHT,N/A,N/A,,B1BB60ED-B7F0-4258-8478-43C8AA0D7443,Yes,NO APPARENT INJURY,"N/A, WET",UNKNOWN,MD,0DF1804F-3688-46B2-8AFB-8349D9C92E87,FUNCTIONAL,(SPORT) UTILITY VEHICLE,SLOWING OR STOPPING,39.063458,-77.176185,"(39.063458, -77.176185)"
MCP2840000R,16030059,Montgomery County Police,Property Damage Crash,06/14/2016 03:30:00 PM,County,CALVERTON BLVD,County,PRETORIA DR,,N/A,,SINGLE VEHICLE,N/A,N/A,DAYLIGHT,NO CONTROLS,ILLEGAL DRUG PRESENT,,90DDDDD6-33AC-4501-923D-4AB6256C4071,Yes,NO APPARENT INJURY,N/A,OTHER DISTRACTION,MD,C19972E2-DCFE-4D6E-9356-4DEDA31DE6FB,DESTROYED,PASSENGER CAR,MOVING CONSTANT SPEED,39.05318667,-76.96321,"(39.05318667, -76.96321)"
MCP23990012,16053613,Montgomery County Police,Property Damage Crash,10/18/2016 04:25:00 PM,Maryland (State),MONTGOMERY VILLAGE AVE,Unknown,SPUR FR LOST KNIFE RD,,N/A,,SINGLE VEHICLE,CLEAR,DRY,DAYLIGHT,N/A,UNKNOWN,,9E669975-6F2D-4BFB-B010-3A96E5097FF1,Yes,NO APPARENT INJURY,N/A,NOT DISTRACTED,MD,6ACE0316-C771-4999-B93F-41B3BD36328C,SUPERFICIAL,PASSENGER CAR,UNKNOWN,39.158255,-77.20389,"(39.158255, -77.20389)"
MCP2436001D,16017358,Montgomery County Police,Property Damage Crash,04/09/2016 01:17:00 PM,County,CADDINGTON AVE,Maryland (State),UNIVERSITY BLVD W,,N/A,,HEAD ON LEFT TURN,CLEAR,WET,DAYLIGHT,TRAFFIC SIGNAL,NONE DETECTED,,EEDF0E93-C4BB-4DD3-85C1-67B22D3C4968,Yes,NO APPARENT INJURY,N/A,UNKNOWN,VA,7802F302-8807-480C-9C37-2854EFFA649C,DISABLING,PICKUP TRUCK,MAKING LEFT TURN,39.03343833,-77.023595,"(39.03343833, -77.023595)"
MCP2796001C,15003166,Montgomery County Police,Property Damage Crash,01/20/2015 11:55:00 AM,,,,,"Leisure World Plaza.  Commercial parking lot located at 3804 International Drive, Silver Spring, MD",,,OTHER,CLEAR,,DAYLIGHT,N/A,NONE DETECTED,,4824CB40-D506-4BBC-A924-FEA1325A920B,Yes,NO APPARENT INJURY,N/A,NOT DISTRACTED,MD,1766A4BD-6034-4991-AEA4-51085AFEC14B,FUNCTIONAL,PASSENGER CAR,PARKING,39.10367833,-77.075565,"(39.10367833, -77.075565)"
MCP29650014,16053809,Montgomery County Police,Injury Crash,10/19/2016 03:00:00 PM,Maryland (State),OLNEY SANDY SPRING RD,County,PRINCE PHILIP DR,,N/A,,SAME DIR REAR END,CLEAR,DRY,DAYLIGHT,TRAFFIC SIGNAL,NONE DETECTED,,84F1FF7E-A52C-4D47-A5B8-65D6CDA7D768,No,NO APPARENT INJURY,N/A,NOT DISTRACTED,MD,ECDEF86F-F2E2-4A46-9C39-BA7C4FF18E90,NO DAMAGE,"MEDIUM/HEAVY TRUCKS 3 AXLES (OVER 10,000LBS (4,536KG))",SLOWING OR STOPPING,39.14970074,-77.05796733,"(39.14970074, -77.05796733)"
MCP2446001J,15063215,MONTGOMERY,Injury Crash,12/10/2015 08:30:00 PM,Maryland (State),GREAT SENECA HWY,County,WISTERIA DR,,N/A,,SAME DIR REAR END,CLEAR,DRY,DARK LIGHTS ON,TRAFFIC SIGNAL,NONE DETECTED,,A3EE98FF-8C02-47AF-8F54-93F4AC62C7E7,No,SUSPECTED MINOR INJURY,N/A,NOT DISTRACTED,MD,379B610F-5811-4ECF-AFB7-7FEF160E627A,SUPERFICIAL,PASSENGER CAR,SLOWING OR STOPPING,39.170579,-77.262919,"(39.170579, -77.262919)"
MCP2001000J,16039546,Montgomery County Police,Fatal Crash,08/04/2016 09:20:00 PM,Maryland (State),LAYHILL RD,Unknown,ENT TO LAYHILL SHOPPING CENTER,,N/A,PEDESTRIAN,SINGLE VEHICLE,CLEAR,DRY,DARK NO LIGHTS,NO CONTROLS,UNKNOWN,UNKNOWN,6F05D1A4-76A7-4F55-8E60-AD8759F52B9C,Unknown,NO APPARENT INJURY,N/A,UNKNOWN,,F31DBBC3-5ED0-4701-9E3F-CBA64ACF88EA,UNKNOWN,,MOVING CONSTANT SPEED,39.09240845,-77.04520404,"(39.09240845, -77.04520404)"
MCP1309000G,170513196,Montgomery County Police,Property Damage Crash,06/12/2017 11:48:00 AM,County,NIGHTINGALE ST,County,NEWBURY RD,,N/A,,OTHER,CLEAR,DRY,DAYLIGHT,NO CONTROLS,NONE DETECTED,,0F25B2FF-23DC-41EE-BBE5-AB62BD7142F0,Yes,NO APPARENT INJURY,N/A,LOOKED BUT DID NOT SEE,MD,EFF2C0D7-EC3A-4568-A1FA-CA2E929F5E31,FUNCTIONAL,"CARGO VAN/LIGHT TRUCK 2 AXLES (OVER 10,000LBS (4,536 KG))",BACKING,39.25664833,-77.20848083,"(39.25664833, -77.20848083)"
MCP10640050,16052450,Montgomery County Police,Property Damage Crash,10/12/2016 11:34:00 AM,US (State),COLUMBIA PIKE,County,GREENCASTLE RD,,N/A,,HEAD ON LEFT TURN,CLEAR,DRY,DAYLIGHT,TRAFFIC SIGNAL,N/A,,E725D112-40C6-4749-AF86-4E207DA44B6F,Yes,NO APPARENT INJURY,N/A,UNKNOWN,OH,DF378595-69DB-4476-B619-6C51C3120732,SUPERFICIAL,(SPORT) UTILITY VEHICLE,STARTING FROM LANE,39.09560833,-76.93767333,"(39.09560833, -76.93767333)"
MCP2776000Z,15026545,Montgomery County Police,Injury Crash,06/02/2015 03:20:00 AM,,,,,LAYHILL ROAD/POPLAR RUN DRIVE. (NEW ROAD)  ON POPLAR RUN DRIVE .5 MILES EAST OF LAYHILL ROAD,,,SAME DIR REAR END,RAINING,,DARK LIGHTS ON,NO CONTROLS,NONE DETECTED,,4864C5EE-49FD-4C49-8B95-7476F364923D,Yes,SUSPECTED MINOR INJURY,"RAIN, SNOW, WET",NOT DISTRACTED,FL,B3AF9A26-DF08-40FD-B394-CC0486F3D9BC,DISABLING,PASSENGER CAR,MOVING CONSTANT SPEED,39.07757,-77.04043833,"(39.07757, -77.04043833)"
MCP1151005B,16049943,Montgomery County Police,Property Damage Crash,09/28/2016 03:55:00 PM,County,SENECA MEADOWS PKWY,Unknown,CROSSOVER,,N/A,,SINGLE VEHICLE,RAINING,WET,DAYLIGHT,NO CONTROLS,NONE DETECTED,,DAA7C446-7661-4AB2-B8B5-CB7E63B5E671,Yes,NO APPARENT INJURY,"RAIN, SNOW, WET",INATTENTIVE OR LOST IN THOUGHT,MD,35DED2AE-72BC-40A3-AB1D-9B83198C75C3,DISABLING,VAN,MOVING CONSTANT SPEED,39.19037333,-77.257775,"(39.19037333, -77.257775)"
MCP2864001Q,16018682,Montgomery County Police,Property Damage Crash,04/16/2016 03:14:00 PM,County,MONTROSE RD,Ramp,RAMP 6 FR MONTROSE RD EB TO IS 270 SB,,N/A,,SAME DIR REAR END,CLEAR,DRY,DAYLIGHT,NO CONTROLS,NONE DETECTED,,8CB4BA66-7F5C-4348-B18A-9411F9FBD6A0,No,NO APPARENT INJURY,N/A,NOT DISTRACTED,MD,B372EBA5-1E8E-4BFD-A9CB-533331826CE6,DISABLING,PASSENGER CAR,MOVING CONSTANT SPEED,39.05662833,-77.15543167,"(39.05662833, -77.15543167)"
MCP2446001R,16019227,Montgomery County Police,Property Damage Crash,04/19/2016 04:21:00 PM,County,MIDDLEBROOK RD,Other Public Roadway,CRYSTAL ROCK DR,,N/A,,ANGLE MEETS LEFT TURN,CLOUDY,DRY,DAYLIGHT,TRAFFIC SIGNAL,NONE DETECTED,,BFB3A4F5-7F11-4E55-AB0E-30834EB02E3F,No,NO APPARENT INJURY,N/A,NOT DISTRACTED,MD,BBDF1C74-6DE6-4A7B-82F6-D1268DE9AD5B,SUPERFICIAL,OTHER BUS,MOVING CONSTANT SPEED,39.17705,-77.264614,"(39.17705, -77.264614)"
DD55830021,16062423,Rockville Police Departme,Property Damage Crash,12/05/2016 01:35:00 PM,Municipality,MARYLAND AVE,Maryland (State),E JEFFERSON ST,,N/A,,SINGLE VEHICLE,CLEAR,DRY,DAYLIGHT,TRAFFIC SIGNAL,NONE DETECTED,,83694DCE-6376-4530-BA15-3CD14AAC129B,Yes,NO APPARENT INJURY,N/A,NOT DISTRACTED,TN,39BFB506-97F2-43AD-8CDA-3B0B3D4AE2CC,SUPERFICIAL,TRUCK TRACTOR,MAKING RIGHT TURN,39.0826621,-77.15106413,"(39.0826621, -77.15106413)"
MCP20390024,16062220,Montgomery County Police,Property Damage Crash,12/04/2016 05:30:00 AM,Maryland (State),LAYTONSVILLE RD,County,GRIFFITH RD,,N/A,,STRAIGHT MOVEMENT ANGLE,N/A,DRY,DARK NO LIGHTS,NO CONTROLS,N/A,,5E07C7D7-1CDA-4746-810B-6E5A6C4B3220,No,NO APPARENT INJURY,"ANIMAL, N/A",NOT DISTRACTED,MD,A68FD4D1-D8C1-4E35-AE32-C9D2FFA5E33C,FUNCTIONAL,POLICE VEHICLE/NON EMERGENCY,MOVING CONSTANT SPEED,39.22406689,-77.14272916,"(39.22406689, -77.14272916)"
MCP2064000H,15063345,MONTGOMERY,Injury Crash,12/11/2015 02:26:00 PM,County,SHADY GROVE RD,Maryland (State),W MONTGOMERY AVE,,N/A,,SAME DIR REAR END,CLOUDY,DRY,DAYLIGHT,TRAFFIC SIGNAL,NONE DETECTED,,20E4C3F0-8191-4945-9CD1-0989070E13C3,No,POSSIBLE INJURY,N/A,UNKNOWN,MD,F13D6752-3723-4735-B552-05BB62DEDC67,FUNCTIONAL,PASSENGER CAR,SLOWING OR STOPPING,39.103225,-77.190355,"(39.103225, -77.190355)"
MCP26220013,17009707,Montgomery County Police,Property Damage Crash,02/23/2017 08:02:00 AM,County,BRIGGS CHANEY RD,County,OLD BRIGGS CHANEY RD,,N/A,,HEAD ON LEFT TURN,CLEAR,DRY,DAYLIGHT,OTHER,NONE DETECTED,,B1DE5A51-749B-437D-92F5-F70D09411EAE,Yes,NO APPARENT INJURY,N/A,LOOKED BUT DID NOT SEE,MD,193AAA98-E293-4FD9-A86A-7EC11A74C1AD,SUPERFICIAL,PASSENGER CAR,MAKING U TURN,39.11676,-77.20791667,"(39.11676, -77.20791667)"
MCP2717006L,16035288,Montgomery County Police,Property Damage Crash,07/12/2016 03:20:00 PM,County,TUCKERMAN LA,Maryland (State),OLD GEORGETOWN RD,,N/A,,SINGLE VEHICLE,CLEAR,DRY,DAYLIGHT,NO CONTROLS,NONE DETECTED,,7304BB6E-8683-4190-809A-51A29F83C43E,Yes,NO APPARENT INJURY,N/A,INATTENTIVE OR LOST IN THOUGHT,VA,ABD242A7-9FE9-44E2-BE9A-9E083FBC2451,DISABLING,PASSENGER CAR,MOVING CONSTANT SPEED,39.033765,-77.12320667,"(39.033765, -77.12320667)"
MCP23390026,17006988,Montgomery County Police,Property Damage Crash,02/08/2017 08:38:00 PM,Maryland (State),OLNEY LAYTONSVILLE RD,Unknown,SPUR FR MD 97,,N/A,,HEAD ON LEFT TURN,CLEAR,DRY,DARK LIGHTS ON,TRAFFIC SIGNAL,ALCOHOL CONTRIBUTED,,B0D58135-07FC-476B-8F2C-7BFC744C82B8,Yes,NO APPARENT INJURY,N/A,UNKNOWN,MD,05FCDC72-40E3-46AC-828C-AF2551193F73,DISABLING,PASSENGER CAR,MAKING LEFT TURN,39.15209833,-77.06711167,"(39.15209833, -77.06711167)"
EJ7826001G,17005559,Gaithersburg Police Depar,Injury Crash,02/01/2017 08:56:00 AM,Interstate (State),EISENHOWER MEMORIAL HWY,Ramp,RAMP 8 FR IS 270 SB TO MD 124 WB,,N/A,,SAME DIR REAR END,CLOUDY,DRY,DAYLIGHT,N/A,N/A,,4D94E128-9C16-466A-AC98-DC246B30A266,No,POSSIBLE INJURY,N/A,NOT DISTRACTED,MD,14C25F92-E077-4F8D-87C4-0244E22562BF,FUNCTIONAL,PASSENGER CAR,STOPPED IN TRAFFIC LANE,39.16034,-77.23175833,"(39.16034, -77.23175833)"
MCP2889002C,170516070,Montgomery County Police,Property Damage Crash,06/27/2017 06:52:00 PM,County,RANDOLPH RD,County,LINDELL ST,,N/A,,STRAIGHT MOVEMENT ANGLE,N/A,DRY,DAYLIGHT,N/A,NONE DETECTED,,9357087F-5E6C-4F73-BF42-F2E6BEC6878F,Yes,NO APPARENT INJURY,N/A,LOOKED BUT DID NOT SEE,MD,EB38E31E-C300-41AF-BA1B-F6E8F19413EB,DISABLING,PASSENGER CAR,MAKING LEFT TURN,39.05945667,-77.06203,"(39.05945667, -77.06203)"
MCP2928000T,15037527,MONTGOMERY,Property Damage Crash,07/29/2015 01:54:00 PM,County,MANCHESTER RD,County,HAMILTON AVE,,N/A,,OTHER,CLEAR,DRY,DAYLIGHT,NO CONTROLS,NONE DETECTED,,3BA4AA63-3B60-4779-9368-6D1A5F14E5B5,Yes,NO APPARENT INJURY,N/A,NOT DISTRACTED,GA,AB079197-FAE3-41E4-8423-6BA2B9FC48E3,SUPERFICIAL,PASSENGER CAR,BACKING,39.00351333,-77.01131833,"(39.00351333, -77.01131833)"