Report Number,Local Case Number,Agency Name,ACRS Report Type,Crash Date/Time,Route Type,Road Name,Cross-Street Type,Cross-Street Name,Off-Road Description,Municipality,Related Non-Motorist,Collision Type,Weather,Surface Condition,Light,Traffic Control,Driver Substance Abuse,Non-Motorist Substance Abuse,Person ID,Driver At Fault,Injury Severity,Circumstance,Driver Distracted By,Drivers License State,Vehicle ID,Vehicle Damage Extent,Vehicle Body Type,Vehicle Movement,Latitude,Longitude,Location
MCP2039000T,15007570,Montgomery County Police,Property Damage Crash,02/15/2015 08:02:00 AM,County,ASPEN HILL RD,County,GLASGOW DR,,N/A,,OTHER,BLOWING SNOW,ICE,DAYLIGHT,NO CONTROLS,N/A,,F596E581-C884-47F6-82BA-5C86682D5511,Yes,NO APPARENT INJURY,"ICY OR SNOW-COVERED, RAIN, SNOW",LOOKED BUT DID NOT SEE,MD,DB28FCA4-0AD2-4812-B4E3-69C9C3353252,SUPERFICIAL,"OTHER LIGHT TRUCKS (10,000LBS (4,536KG) OR LESS)",BACKING,39.07323167,-77.09583333,"(39.07323167, -77.09583333)"
MCP27970014,16046442,Montgomery County Police,Property Damage Crash,09/10/2016 04:40:00 PM,Maryland (State),GEORGIA AVE,County,SHOREFIELD RD,,N/A,,SAME DIR REAR END,CLEAR,DRY,DAYLIGHT,NO CONTROLS,NONE DETECTED,,0A880623-08C4-4390-8391-C68F3AA3543A,No,NO APPARENT INJURY,N/A,NOT DISTRACTED,MD,720F8449-A126-4064-9E53-D2C008272FE9,SUPERFICIAL,PASSENGER CAR,STOPPED IN TRAFFIC LANE,39.05309167,-77.050975,"(39.05309167, -77.050975)"
MCP2870001V,16050467,Montgomery County Police,Injury Crash,10/01/2016 03:42:00 PM,US (State),COLUMBIA PIKE,County,PRELUDE DR,,N/A,,STRAIGHT MOVEMENT ANGLE,CLEAR,WET,DAYLIGHT,TRAFFIC SIGNAL,NONE DETECTED,,EA7201C3-5E6B-4BD6-B4C0-342810F9DF85,Yes,NO APPARENT INJURY,N/A,UNKNOWN,MD,A11B1364-B0F4-4994-B51A-FB41C22201D8,DISABLING,PASSENGER CAR,SLOWING OR STOPPING,39.03923667,-76.99786333,"(39.03923667, -76.99786333)"
MCP1564000R,15041438,MONTGOMERY,Injury Crash,08/19/2015 09:01:00 AM,County,NORBECK RD,Maryland (State),LAYHILL RD,,N/A,,HEAD ON LEFT TURN,CLOUDY,DRY,DAYLIGHT,FLASHING TRAFFIC SIGNAL,NONE DETECTED,,0E675968-FF4C-4D64-B2E7-57FA4E406A5D,No,POSSIBLE INJURY,N/A,NOT DISTRACTED,MD,091146A7-A0FA-483F-90F9-519A0B965D3C,DISABLING,PASSENGER CAR,MOVING CONSTANT SPEED,39.12159167,-77.03281167,"(39.12159167, -77.03281167)"
MCP30420011,170518431,Montgomery County Police,Property Damage Crash,07/12/2017 09:00:00 AM,Maryland (State),GEORGIA AVE,County,RANDOLPH RD,,N/A,,SAME DIRECTION SIDESWIPE,CLEAR,DRY,DAYLIGHT,TRAFFIC SIGNAL,NONE DETECTED,,1CBC1BEA-2944-4220-ACB0-66F210548CF8,No,NO APPARENT INJURY,"DEBRIS OR OBSTRUCTION, N/A, ROAD UNDER CONSTRUCTION/MAINTENANCE",NOT DISTRACTED,MD,C4DAC0DE-9C7F-4819-B575-0456EDE05063,SUPERFICIAL,PASSENGER CAR,CHANGING LANES,39.05776703,-77.04988718,"(39.05776703, -77.04988718)"
MCP2377000K,15042647,MONTGOMERY,Property Damage Crash,08/25/2015 05:15:00 PM,Maryland (State),S FREDERICK RD,County,N WESTLAND DR,,N/A,,STRAIGHT MOVEMENT ANGLE,CLEAR,DRY,DAYLIGHT,NO CONTROLS,NONE DETECTED,,2CCE7E8F-5F46-47A2-B962-1F97389691AE,No,NO APPARENT INJURY,N/A,NOT DISTRACTED,MD,51F18298-65AF-4009-89E9-5D72898AAEA4,SUPERFICIAL,PASSENGER CAR,MOVING CONSTANT SPEED,39.12827504,-77.18527436,"(39.12827504, -77.18527436)"
MCP2607001J,16020030,Montgomery County Police,Property Damage Crash,04/23/2016 04:19:00 PM,Maryland (State),QUINCE ORCHARD RD,Unknown,R/R #CSX 140 511 V,,N/A,,SAME DIR REAR END,CLEAR,DRY,DAYLIGHT,NO CONTROLS,NONE DETECTED,,2BDFC003-5CD0-49AF-A24E-0C2352C7EFFB,No,NO APPARENT INJURY,N/A,NOT DISTRACTED,MD,A3E54F5F-1247-4452-89C6-CA35CC25AD21,SUPERFICIAL,PASSENGER CAR,STOPPED IN TRAFFIC LANE,39.14669167,-77.21922,"(39.14669167, -77.21922)"
MCP2982001L,16064154,Montgomery County Police,Property Damage Crash,12/14/2016 01:02:00 PM,Maryland (State),GEORGIA AVE,County,SPRING ST,,N/A,,HEAD ON LEFT TURN,CLEAR,DRY,DAYLIGHT,NO CONTROLS,NONE DETECTED,,EBCB5C7F-F731-46A2-95A2-FC0E593E0B71,Yes,NO APPARENT INJURY,N/A,LOOKED BUT DID NOT SEE,MD,381F3E9E-0368-4DF8-8C5B-1A8AB2ED8653,DISABLING,PASSENGER CAR,MAKING LEFT TURN,38.99899667,-77.03106333,"(38.99899667, -77.03106333)"
MCP27800029,17000155,Montgomery County Police,Property Damage Crash,01/01/2017 07:43:00 PM,County,MIDDLEBROOK RD,County,OBSERVATION DR,,N/A,,SAME DIR REAR END,CLOUDY,DRY,DARK LIGHTS ON,TRAFFIC SIGNAL,NONE DETECTED,,D8E64E16-1001-4739-87AA-9D828A22D1D2,No,NO APPARENT INJURY,N/A,NOT DISTRACTED,MD,549AA2CF-B62D-4474-BAA1-229A9AB27FB2,FUNCTIONAL,PASSENGER CAR,STOPPED IN TRAFFIC LANE,39.17842667,-77.241765,"(39.17842667, -77.241765)"
MCP91330015,17003641,Montgomery County Police,Injury Crash,01/21/2017 01:53:00 PM,Maryland (State),FREDERICK RD,County,OXBRIDGE DR,,N/A,,SAME DIRECTION SIDESWIPE,CLOUDY,WET,DAYLIGHT,NO CONTROLS,NONE DETECTED,,A2C44A8B-EB2D-4F59-9052-76275D793BC5,Yes,NO APPARENT INJURY,"N/A, WET",LOOKED BUT DID NOT SEE,MD,8F20A15D-D56F-4952-B62D-ED32632E9A24,NO DAMAGE,PASSENGER CAR,CHANGING LANES,39.18402333,-77.263295,"(39.18402333, -77.263295)"
MCP10220067,17005354,Montgomery County Police,Injury Crash,01/31/2017 08:05:00 AM,Maryland (State),GERMANTOWN RD,County,SENECA MEADOWS PKWY,,N/A,,HEAD ON LEFT TURN,CLEAR,DRY,DAYLIGHT,TRAFFIC SIGNAL,NONE DETECTED,,BFC5199B-BBE4-4FDB-9F91-5B4842145816,No,NO APPARENT INJURY,N/A,NOT DISTRACTED,MD,C32756D4-26FF-47A5-AC49-30840D1A70FF,DISABLING,PASSENGER CAR,MOVING CONSTANT SPEED,39.18858167,-77.25175667,"(39.18858167, -77.25175667)"
MCP2667000K,15006751,Montgomery County Police,Property Damage Crash,02/10/2015 01:19:00 PM,County,WHETSTONE DR,County,ECLIPSE PL,,N/A,,SAME DIRECTION RIGHT TURN,CLEAR,DRY,DAYLIGHT,STOP SIGN,NONE DETECTED,,EB936D91-E587-4D4C-A402-8B42E4C575A5,Yes,NO APPARENT INJURY,N/A,LOOKED BUT DID NOT SEE,MD,A5EF89C1-948C-47B4-B691-9857BC07154E,FUNCTIONAL,"MEDIUM/HEAVY TRUCKS 3 AXLES (OVER 10,000LBS (4,536KG))",MAKING RIGHT TURN,39.166755,-77.20199333,"(39.166755, -77.20199333)"
MCP30030012,17003680,Montgomery County Police,Property Damage Crash,01/21/2017 06:32:00 PM,County,SENECA CROSSING DR,County,SCOTTSBURY DR,,N/A,,STRAIGHT MOVEMENT ANGLE,RAINING,WET,DARK LIGHTS ON,STOP SIGN,NONE DETECTED,,052C46CF-AFA0-4F82-8E8B-5FBEA956D729,Yes,NO APPARENT INJURY,N/A,UNKNOWN,MD,DDB5EB64-6289-4674-A8A5-5B109CA6D1AF,DISABLING,PASSENGER CAR,STARTING FROM LANE,39.20356,-77.241925,"(39.20356, -77.241925)"
MCP13780096,16020737,Montgomery County Police,Property Damage Crash,04/27/2016 02:24:00 PM,County,MONTGOMERY VILLAGE AVE,County,STEDWICK RD,,N/A,,ANGLE MEETS RIGHT TURN,CLOUDY,DRY,DAYLIGHT,TRAFFIC SIGNAL,NONE DETECTED,,84B247B6-ADB5-4189-BEC7-EB58D5BB7A53,Yes,NO APPARENT INJURY,N/A,NOT DISTRACTED,NY,A6AD289F-A9C6-46DE-924F-4D1DD7F2900A,FUNCTIONAL,VAN,MAKING RIGHT TURN,39.16969758,-77.20449239,"(39.16969758, -77.20449239)"
MCP2720001S,16004610,Montgomery County Police,Property Damage Crash,01/28/2016 06:52:00 PM,Maryland (State),CONNECTICUT AVE,Maryland (State),VEIRS MILL RD,,N/A,,SAME DIR BOTH LEFT TURN,CLEAR,WET,DARK -- UNKNOWN LIGHTING,TRAFFIC SIGNAL,NONE DETECTED,,FD98D198-A7F9-4827-B704-5BC118B028C4,Unknown,NO APPARENT INJURY,"N/A, WET",NOT DISTRACTED,MD,E3672C69-833C-40F0-949D-DFE1F2BACA51,SUPERFICIAL,"OTHER LIGHT TRUCKS (10,000LBS (4,536KG) OR LESS)",MAKING LEFT TURN,39.05211833,-77.07543333,"(39.05211833, -77.07543333)"
MCP2046003F,15005459,Montgomery County Police,Property Damage Crash,02/03/2015 12:09:00 PM,County,CALVERTON BLVD,County,GRACEFIELD RD,,N/A,,STRAIGHT MOVEMENT ANGLE,CLEAR,DRY,DAYLIGHT,STOP SIGN,NONE DETECTED,,5C429AB1-3A5D-4912-A8C4-E99BADAEAB79,No,NO APPARENT INJURY,N/A,NOT DISTRACTED,MD,BDF263F1-5E70-4A33-AF28-06E26675075E,DISABLING,PASSENGER CAR,MOVING CONSTANT SPEED,39.05707333,-76.95093667,"(39.05707333, -76.95093667)"
MCP2116003N,16005518,Montgomery County Police,Injury Crash,02/02/2016 06:05:00 PM,County,SEVEN LOCKS RD,County,GOYA DR,,N/A,,SAME DIR REAR END,CLEAR,DRY,DARK LIGHTS ON,NO CONTROLS,NONE DETECTED,,4DA7E8E2-2862-4D3B-88B5-E7A9AC69E6A3,No,NO APPARENT INJURY,N/A,NOT DISTRACTED,MD,21568710-8D8F-434A-A706-62FEEFF87C59,DISABLING,PASSENGER CAR,STOPPED IN TRAFFIC LANE,39.0548,-77.16277,"(39.0548, -77.16277)"
MCP2592000Q,16066166,Montgomery County Police,Property Damage Crash,12/24/2016 11:51:00 AM,Maryland (State),MONTGOMERY VILLAGE AVE,Municipality,RUSSELL AVE,,GAITHERSBURG,,SAME DIR REAR END,RAINING,WET,DAYLIGHT,N/A,NONE DETECTED,,0B09A596-9504-472A-852A-837571D5C134,Yes,NO APPARENT INJURY,"RAIN, SNOW, WET",INATTENTIVE OR LOST IN THOUGHT,MD,CCFA769F-46AD-486B-BB35-F091C2EC2A2E,DISABLING,PASSENGER CAR,CHANGING LANES,39.15500051,-77.2087504,"(39.15500051, -77.2087504)"
MCP2116001M,15008037,Montgomery County Police,Injury Crash,02/18/2015 04:06:00 PM,Maryland (State),DARNESTOWN RD,County,DUFIEF MILL RD,,N/A,,STRAIGHT MOVEMENT ANGLE,CLEAR,DRY,DAYLIGHT,NO CONTROLS,NONE DETECTED,,DE2186AD-2C39-465A-BFEC-B2D7E29D4F41,Yes,NO APPARENT INJURY,N/A,TALKING OR LISTENING TO CELLULAR PHONE,MD,D9DD58F9-D4FE-4DA3-A348-15F686CE5781,DISABLING,PASSENGER CAR,MAKING LEFT TURN,39.10305667,-77.22397667,"(39.10305667, -77.22397667)"
MCP29280016,16022765,Montgomery County Police,Injury Crash,05/08/2016 01:25:00 AM,US (State),COLESVILLE RD,County,FENTON ST,,N/A,,STRAIGHT MOVEMENT ANGLE,CLEAR,WET,DARK LIGHTS ON,FLASHING TRAFFIC SIGNAL,NONE DETECTED,,FA4E0D3F-6CDA-4EFC-A9B0-5BE8884E1EE9,Yes,NO APPARENT INJURY,N/A,NOT DISTRACTED,MD,1C7B8D4D-0382-407D-9102-87D02AA0D613,DISABLING,PASSENGER CAR,MOVING CONSTANT SPEED,38.99762764,-77.02699453,"(38.99762764, -77.02699453)"
MCP30120017,16047336,Montgomery County Police,Injury Crash,09/15/2016 11:39:00 AM,County,TUCKER LA,Maryland (State),NEW HAMPSHIRE AVE,,N/A,,STRAIGHT MOVEMENT ANGLE,N/A,DRY,DAYLIGHT,NO CONTROLS,N/A,,B1BA9CE3-4DE5-42EE-A93A-B0A61D72ED07,Unknown,NO APPARENT INJURY,N/A,UNKNOWN,,EC83E8F2-98D2-4D4E-90B1-3200EDC36AAA,N/A,,STARTING FROM LANE,39.14185333,-76.99807833,"(39.14185333, -76.99807833)"
MCP2875001T,16019454,Montgomery County Police,Injury Crash,04/20/2016 04:26:00 PM,County,FATHER HURLEY BLVD,County,LULLABY RD,,N/A,,SAME DIR REAR END,CLEAR,DRY,DAYLIGHT,NO CONTROLS,NONE DETECTED,,97AE8220-D468-47C7-99AE-EC4EA61B888C,Yes,NO APPARENT INJURY,N/A,INATTENTIVE OR LOST IN THOUGHT,MD,14B19A61-4138-4F92-94DA-FBFE76E27E6B,DISABLING,PASSENGER CAR,MOVING CONSTANT SPEED,39.17681625,-77.28245214,"(39.17681625, -77.28245214)"
MCP23510016,170516025,Montgomery County Police,Injury Crash,06/27/2017 03:10:00 PM,County,MONTROSE RD,County,E JEFFERSON ST,,N/A,,SAME DIR REAR END,CLEAR,DRY,DAYLIGHT,TRAFFIC SIGNAL,NONE DETECTED,,44E1CF9B-7268-4FB5-87C8-B21AEEC3AD89,No,POSSIBLE INJURY,N/A,NOT DISTRACTED,FL,CE5FE87B-8102-46A8-B9EB-C36315A855D7,DISABLING,PASSENGER CAR,STOPPED IN TRAFFIC LANE,39.05284667,-77.12577333,"(39.05284667, -77.12577333)"
MCP25120032,170528839,Montgomery County Police,Property Damage Crash,09/05/2017 04:46:00 PM,County,MUDDY BRANCH RD,Maryland (State),GREAT SENECA HWY,,N/A,,SAME DIR REAR END,CLOUDY,DRY,DAYLIGHT,TRAFFIC SIGNAL,NONE DETECTED,,453D3D8F-4D0B-4E9F-8FD7-C834806CD5F6,Yes,NO APPARENT INJURY,N/A,NOT DISTRACTED,MD,0980CB2B-416E-4D62-80AA-682A1EAA42A1,SUPERFICIAL,PASSENGER CAR,SLOWING OR STOPPING,39.11066833,-77.21707333,"(39.11066833, -77.21707333)"
MCP2531000T,170525769,Montgomery County Police,Property Damage Crash,08/19/2017 08:02:00 PM,County,MUDDY BRANCH RD,County,DIAMONDBACK DR,,N/A,,SAME DIR REAR END,CLEAR,OTHER,DARK LIGHTS ON,TRAFFIC SIGNAL,N/A,,7C8C24D2-D033-4DA9-93D4-9E031C3F0C94,No,NO APPARENT INJURY,"N/A, ROAD UNDER CONSTRUCTION/MAINTENANCE, RUTS, HOLES, BUMPS",NOT DISTRACTED,MD,211F060B-411A-4361-89A7-86D1BA470E98,SUPERFICIAL,PASSENGER CAR,MAKING LEFT TURN,39.115105,-77.21576167,"(39.115105, -77.21576167)"
DD56050027,16011485,Rockville Police Departme,Property Damage Crash,03/08/2016 01:41:00 PM,Municipality,COLLEGE PKWY,Municipality,YALE PL,,ROCKVILLE,,STRAIGHT MOVEMENT ANGLE,CLEAR,DRY,DAYLIGHT,STOP SIGN,NONE DETECTED,,C850582F-7418-4AEF-9661-EB097AC9B64F,No,NO APPARENT INJURY,N/A,NOT DISTRACTED,VA,5EAA6FB7-651D-42BE-B67B-441375AE3209,FUNCTIONAL,PASSENGER CAR,STARTING FROM LANE,39.10137167,-77.16124667,"(39.10137167, -77.16124667)"
MCP23610001,17009948,Montgomery County Police,Property Damage Crash,02/24/2017 08:30:00 AM,County,MIDCOUNTY HWY,County,SHADY GROVE RD,,N/A,,SAME DIR REAR END,CLEAR,DRY,DAYLIGHT,TRAFFIC SIGNAL,NONE DETECTED,,8C494A2F-0F75-4A80-8877-6403A9742875,No,NO APPARENT INJURY,N/A,NOT DISTRACTED,MD,636FBAA6-F54D-49BE-A681-EE81636C7957,FUNCTIONAL,PASSENGER CAR,RIGHT TURN ON RED,39.14076635,-77.1521531,"(39.14076635, -77.1521531)"
EJ77770016,170516941,Gaithersburg Police Depar,Property Damage Crash,07/02/2017 10:58:00 AM,Municipality,PERRY PKWY,Maryland (State),W DIAMOND AVE,,N/A,,HEAD ON LEFT TURN,CLEAR,DRY,DAYLIGHT,NO CONTROLS,NONE DETECTED,,E7AA3496-69A1-40B2-876B-C1AD882B0E55,Yes,NO APPARENT INJURY,N/A,UNKNOWN,MD,43EC757A-B95C-416E-8AF1-BBD020117405,DISABLING,(SPORT) UTILITY VEHICLE,MAKING LEFT TURN,39.14371333,-77.21178167,"(39.14371333, -77.21178167)"
MCP2693001S,17015288,Montgomery County Police,Property Damage Crash,03/25/2017 04:11:00 PM,Maryland (State),VEIRS MILL RD,County,TURKEY BRANCH PKWY,,N/A,,SAME DIR REAR END,CLEAR,DRY,DAYLIGHT,WARNING SIGN,NONE DETECTED,,9C93CFA6-3A43-4205-B22F-6BD987246CD7,Yes,NO APPARENT INJURY,N/A,UNKNOWN,MD,29BADBE0-3F06-457D-908C-722A19221B62,FUNCTIONAL,ALL TERRAIN VEHICLE (ATV),MOVING CONSTANT SPEED,39.06013301,-77.08933175,"(39.06013301, -77.08933175)"
MCP2773001R,16018521,Montgomery County Police,Injury Crash,04/15/2016 07:06:00 PM,,,,,PARKING LOT OF 8472 PINEY BRANCH ROAD,,,OTHER,CLEAR,,DAYLIGHT,NO CONTROLS,NONE DETECTED,,8A098887-9DA8-4D55-BAAE-27FFD9E97137,No,NO APPARENT INJURY,N/A,UNKNOWN,MD,0D4B5D44-DF0D-443B-B1A7-F77F42C29DC8,FUNCTIONAL,PASSENGER CAR,MOVING CONSTANT SPEED,39.19840167,-77.26233,"(39.19840167, -77.26233)"
MCP2756001G,16032568,Montgomery County Police,Property Damage Crash,06/27/2016 05:38:00 PM,Maryland (State),UNIVERSITY BLVD W,County,GRANDVIEW AVE,,N/A,,SAME DIRECTION SIDESWIPE,CLOUDY,DRY,DAYLIGHT,NO CONTROLS,NONE DETECTED,,A95BA5C4-6675-47CE-8BF9-35D8598EA5E3,No,NO APPARENT INJURY,N/A,NOT DISTRACTED,MD,4E988536-7E65-42C2-8F7D-57659B27475B,FUNCTIONAL,VAN,PARKED,39.040977,-77.052689,"(39.040977, -77.052689)"
MCP1553001R,16001114,Montgomery County Police,Injury Crash,01/07/2016 08:58:00 AM,US (State),COLESVILLE RD,County,LORAIN AVE,,N/A,,SAME DIR REAR END,CLEAR,DRY,DAYLIGHT,NO CONTROLS,NONE DETECTED,,6ED74143-A995-49E7-9F32-53EE8DD45E77,No,SUSPECTED MINOR INJURY,N/A,NOT DISTRACTED,MD,6FBF859D-6AC6-4098-830F-03FA7AAD07F6,FUNCTIONAL,VAN,SLOWING OR STOPPING,39.02243167,-77.01160167,"(39.02243167, -77.01160167)"
MCP20080045,170529228,Montgomery County Police,Property Damage Crash,09/07/2017 04:06:00 PM,County,TUCKERMAN LA,Unknown,GROSVENOR PL,,N/A,,SAME DIRECTION SIDESWIPE,CLEAR,DRY,DAYLIGHT,N/A,NONE DETECTED,,664EE24C-605D-45EA-9763-B60E01DA76E2,Yes,NO APPARENT INJURY,N/A,NOT DISTRACTED,MD,4DB5527E-9D3B-44C4-ACAB-4B034A1F9D81,SUPERFICIAL,OTHER BUS,MOVING CONSTANT SPEED,39.029665,-77.10715333,"(39.029665, -77.10715333)"
MCP04870019,17001568,Montgomery County Police,Property Damage Crash,01/10/2017 08:00:00 AM,County,MUNCASTER RD,Maryland (State),MUNCASTER MILL RD,,N/A,,HEAD ON LEFT TURN,CLOUDY,DRY,DAYLIGHT,NO CONTROLS,NONE DETECTED,,A8579A84-522C-4FB9-B9FD-EE9697FC8549,No,NO APPARENT INJURY,N/A,LOOKED BUT DID NOT SEE,MD,83A31082-70FB-41CC-8516-330F20398752,DISABLING,PASSENGER CAR,MOVING CONSTANT SPEED,39.14602833,-77.1438,"(39.14602833, -77.1438)"
MCP2559001K,17005760,Montgomery County Police,Property Damage Crash,02/02/2017 11:35:00 AM,Maryland (State),MIDCOUNTY HWY,Unknown,SPUR FR GOSHEN RD,,N/A,,SAME DIR REAR END,CLOUDY,DRY,DAYLIGHT,TRAFFIC SIGNAL,N/A,,60D8F0A9-CDD9-4E38-A702-EF81E22E85B9,No,NO APPARENT INJURY,N/A,NOT DISTRACTED,MD,2929F5AB-219F-4D16-89AA-76FE158648FB,SUPERFICIAL,"MEDIUM/HEAVY TRUCKS 3 AXLES (OVER 10,000LBS (4,536KG))",STOPPED IN TRAFFIC LANE,39.15795333,-77.191485,"(39.15795333, -77.191485)"
MCP28710033,16031382,Montgomery County Police,Property Damage Crash,06/21/2016 03:53:00 PM,Maryland (State),OLD GEORGETOWN RD,County,RYLAND DR,,N/A,,SAME DIR REAR END,RAINING,WET,OTHER,NO CONTROLS,NONE DETECTED,,2F4D2440-C414-4B67-9CD3-0D2F21EC959D,Yes,NO APPARENT INJURY,"N/A, WET",NOT DISTRACTED,VA,9A777C79-D3F6-42EB-B234-CBD03D9DDC5D,FUNCTIONAL,PASSENGER CAR,MOVING CONSTANT SPEED,39.01325333,-77.11736,"(39.01325333, -77.11736)"
MCP9106000D,15007601,Montgomery County Police,Property Damage Crash,02/15/2015 11:11:00 AM,County,RIDGE RD,County,OBSERVATION DR,,N/A,,SAME DIRECTION RIGHT TURN,CLEAR,ICE,DAYLIGHT,TRAFFIC SIGNAL,NONE DETECTED,,A94A952F-2D44-4763-A22C-02888F64DDCD,No,NO APPARENT INJURY,"ICY OR SNOW-COVERED, SEVERE CROSSWINDS, V WIPERS|W OTHER ENVIRONMENTAL",NOT DISTRACTED,MD,7F845E98-22FC-426B-A474-A6E2F53E263C,DISABLING,(SPORT) UTILITY VEHICLE,SLOWING OR STOPPING,39.20144333,-77.25389,"(39.20144333, -77.25389)"
MCP28920019,15058695,MONTGOMERY,Property Damage Crash,11/17/2015 02:34:00 PM,County,CALVERTON BLVD,County,GALWAY DR,,N/A,,HEAD ON LEFT TURN,CLEAR,DRY,DAYLIGHT,TRAFFIC SIGNAL,NONE DETECTED,,8AA83A55-BD65-4493-B55E-EDC842E0904C,Yes,NO APPARENT INJURY,N/A,NOT DISTRACTED,MD,55882C88-48F8-41A0-A685-BD0F97B7C290,DISABLING,PASSENGER CAR,MAKING LEFT TURN,39.05618411,-76.94431543,"(39.05618411, -76.94431543)"
MCP2425006R,16022946,Montgomery County Police,Injury Crash,05/09/2016 08:44:00 AM,US (State),COLUMBIA PIKE,County,PRELUDE DR,,N/A,,SAME DIR REAR END,CLEAR,DRY,DAYLIGHT,NO CONTROLS,NONE DETECTED,,DF615F8E-9627-49E2-ADC4-7E3295210BE6,Yes,NO APPARENT INJURY,N/A,OTHER DISTRACTION,MD,F3456DA2-0D1A-433F-A59A-07B45389B13A,SUPERFICIAL,PASSENGER CAR,MOVING CONSTANT SPEED,39.03878333,-76.99821167,"(39.03878333, -76.99821167)"
MCP27360041,16059081,Montgomery County Police,Property Damage Crash,11/16/2016 05:46:00 PM,Other Public Roadway,MONTROSE PKWY,Unknown,SPUR TO E JEFFERSON ST,,N/A,,SINGLE VEHICLE,RAINING,WET,DARK LIGHTS ON,NO CONTROLS,NONE DETECTED,,61FD812A-9480-4FE1-9C80-479B896C62A2,Yes,NO APPARENT INJURY,"RAIN, SNOW, WET",NOT DISTRACTED,US,A41F861C-5863-4A61-A6CB-59868ECD4446,DISABLING,PASSENGER CAR,MOVING CONSTANT SPEED,39.05045833,-77.12797,"(39.05045833, -77.12797)"
MCP2791001X,16004447,Montgomery County Police,Property Damage Crash,01/27/2016 07:29:00 PM,US (State),COLUMBIA PIKE,County,FAIRLAND RD,,N/A,,OTHER,CLEAR,WET,DARK LIGHTS ON,TRAFFIC SIGNAL,NONE DETECTED,,E112400D-9505-4031-AEF3-56B3A76662AA,Yes,NO APPARENT INJURY,"N/A, WET",LOOKED BUT DID NOT SEE,MD,997AD86A-5002-48A7-A485-93A894EB6464,DISABLING,PASSENGER CAR,MOVING CONSTANT SPEED,39.07333833,-76.95546667,"(39.07333833, -76.95546667)"
DD5508001R,16006536,Rockville Police Departme,Property Damage Crash,02/08/2016 01:08:00 PM,,,,,PARKING LOT OF 1355 PICCARD DR,,,OTHER,CLEAR,,DAYLIGHT,N/A,NONE DETECTED,,83611FE7-5364-4BA5-8F56-338D00F97B3C,No,NO APPARENT INJURY,N/A,NOT DISTRACTED,MD,366B742A-FA87-433A-85C2-B75E03264916,FUNCTIONAL,POLICE VEHICLE/NON EMERGENCY,MOVING CONSTANT SPEED,39.10498001,-77.17791438,"(39.10498001, -77.17791438)"
MCP2656001P,170502369,Montgomery County Police,Injury Crash,04/15/2017 07:46:00 PM,US (State),COLUMBIA PIKE,County,TECH RD,,N/A,,OTHER,N/A,DRY,DARK LIGHTS ON,TRAFFIC SIGNAL,NONE DETECTED,,7760D528-E4B0-456F-A5D1-63627A1DBAD4,No,NO APPARENT INJURY,N/A,NOT DISTRACTED,MD,E9B70816-63F5-45ED-B178-2F8AE86A9858,DISABLING,PASSENGER CAR,MOVING CONSTANT SPEED,39.05813333,-76.968045,"(39.05813333, -76.968045)"
MCP2610000J,16024475,Montgomery County Police,Property Damage Crash,05/17/2016 12:20:00 PM,Interstate (State),EISENHOWER MEMORIAL HWY,Unknown,EXIT #11,,N/A,,SAME DIRECTION LEFT TURN,RAINING,WET,DAYLIGHT,N/A,NONE DETECTED,,9F41024F-61A9-4E93-86E9-4B017EF05799,Yes,NO APPARENT INJURY,"RAIN, SNOW, WET",LOOKED BUT DID NOT SEE,MD,C40D7D2F-341C-4191-8C1D-771633DC3E7B,DISABLING,PASSENGER CAR,MOVING CONSTANT SPEED,39.23821167,-77.29144667,"(39.23821167, -77.29144667)"
MCP9110000G,15038705,MONTGOMERY,Injury Crash,08/04/2015 04:02:00 PM,County,BARNESVILLE RD,Maryland (State),OLD HUNDRED RD (BACK),,N/A,,STRAIGHT MOVEMENT ANGLE,CLEAR,DRY,DAYLIGHT,STOP SIGN,NONE DETECTED,,2651F6D2-7094-4245-A0B2-A209E87C1830,No,SUSPECTED MINOR INJURY,N/A,UNKNOWN,MD,52DCBD18-2FE8-4DA3-A1AA-48B02A5438B9,DISABLING,PASSENGER CAR,MOVING CONSTANT SPEED,39.22065082,-77.37559319,"(39.22065082, -77.37559319)"
MCP27230014,15057494,MONTGOMERY,Injury Crash,11/12/2015 08:20:00 AM,Maryland (State),NEW HAMPSHIRE AVE,County,HAVILAND MILL RD,,N/A,,HEAD ON LEFT TURN,CLOUDY,DRY,DAYLIGHT,NO CONTROLS,N/A,,C2A16C0E-3061-4873-9477-E9D9023C462C,No,SUSPECTED SERIOUS INJURY,N/A,UNKNOWN,MD,02D1239A-684E-4494-B454-9E07D630781E,SUPERFICIAL,MOTORCYCLE,MOVING CONSTANT SPEED,39.17195272,-77.01909006,"(39.17195272, -77.01909006)"