Report Number,Local Case Number,Agency Name,ACRS Report Type,Crash Date/Time,Route Type,Road Name,Cross-Street Type,Cross-Street Name,Off-Road Description,Municipality,Related Non-Motorist,Collision Type,Weather,Surface Condition,Light,Traffic Control,Driver Substance Abuse,Non-Motorist Substance Abuse,Person ID,Driver At Fault,Injury Severity,Circumstance,Driver Distracted By,Drivers License State,Vehicle ID,Vehicle Damage Extent,Vehicle Body Type,Vehicle Movement,Latitude,Longitude,Location
MCP1453001R,15044292,MONTGOMERY,Injury Crash,09/03/2015 08:41:00 AM,Other Public Roadway,STRINGTOWN RD,County,GATEWAY CENTER DR,,N/A,,STRAIGHT MOVEMENT ANGLE,CLEAR,DRY,DAYLIGHT,TRAFFIC SIGNAL,NONE DETECTED,,FB1837DD-788A-4394-90F6-100CAFA44261,Yes,SUSPECTED MINOR INJURY,N/A,NOT DISTRACTED,MD,CA92007B-D286-45B9-A91A-AB912F44DF8C,DISABLING,PASSENGER CAR,MOVING CONSTANT SPEED,39.23431667,-77.28112833,"(39.23431667, -77.28112833)"
MCP9404000Q,16050716,Montgomery County Police,Property Damage Crash,10/03/2016 08:47:00 AM,Maryland (State),CLOPPER RD,County,STONERIDGE DR,,N/A,,STRAIGHT MOVEMENT ANGLE,CLEAR,DRY,DAYLIGHT,NO CONTROLS,NONE DETECTED,,07DB27B0-67FE-4456-B6BD-CA1B3277E4FC,Yes,NO APPARENT INJURY,N/A,LOOKED BUT DID NOT SEE,MD,FB2CA68E-A542-4366-AFFE-3743DE062217,FUNCTIONAL,PICKUP TRUCK,MAKING LEFT TURN,39.14914833,-77.24069167,"(39.14914833, -77.24069167)"
MCP0872000Y,16037692,Montgomery County Police,Injury Crash,07/25/2016 02:44:00 PM,County,SLIGO AVE,County,CHESAPEAKE AVE,,N/A,,HEAD ON LEFT TURN,CLEAR,DRY,DAYLIGHT,N/A,NONE DETECTED,,E1EFCD45-51DC-4872-BE1C-A7ACDBE87F9D,No,NO APPARENT INJURY,N/A,NOT DISTRACTED,MD,BAABA8AA-4F78-4790-B615-7740A3B6DBC9,FUNCTIONAL,PASSENGER CAR,MOVING CONSTANT SPEED,38.990115,-77.02064,"(38.990115, -77.02064)"
MCP2969003D,170513048,Montgomery County Police,Property Damage Crash,06/11/2017 11:53:00 AM,County,STONEGATE DR,County,CENTERGATE DR,,N/A,,SAME DIRECTION SIDESWIPE,CLEAR,DRY,DAYLIGHT,NO CONTROLS,NONE DETECTED,,C29C778A-29AD-4F7F-95E1-5782D4877CB6,Yes,NO APPARENT INJURY,N/A,UNKNOWN,MD,C5ECC44B-9247-49F1-B166-30C452663601,DISABLING,PASSENGER CAR,MOVING CONSTANT SPEED,39.10159302,-77.01241806,"(39.10159302, -77.01241806)"
DD5598000K,16006028,Rockville Police Departme,Injury Crash,02/05/2016 01:35:00 PM,Maryland (State),FIRST ST,Maryland (State),VEIRS MILL RD,,N/A,,SAME DIR REAR END,CLEAR,DRY,DAYLIGHT,TRAFFIC SIGNAL,N/A,,A6A6ACE2-804A-48BF-A58F-7B3297B272BD,No,NO APPARENT INJURY,"N/A, VISION OBSTRUCTION (INCL. BLINDED BY SUN)",NOT DISTRACTED,MD,49FC6267-8780-48B7-9A78-B5BBDC4E3677,FUNCTIONAL,PASSENGER CAR,STOPPED IN TRAFFIC LANE,39.08062833,-77.13777,"(39.08062833, -77.13777)"
MCP2016000F,15006272,Montgomery County Police,Property Damage Crash,02/07/2015 02:05:00 PM,County,GAITHER RD,County,SHADY GROVE RD,,N/A,,SAME DIRECTION RIGHT TURN,N/A,DRY,DAYLIGHT,TRAFFIC SIGNAL,NONE DETECTED,,D963205D-4A75-4BD7-B844-00136DEFB88B,Yes,NO APPARENT INJURY,N/A,NOT DISTRACTED,MD,60C08229-8CCE-4C25-8900-6D87C529B09B,FUNCTIONAL,PASSENGER CAR,STARTING FROM LANE,39.11740667,-77.18398667,"(39.11740667, -77.18398667)"
MCP1148001H,16063174,Montgomery County Police,Property Damage Crash,12/09/2016 08:17:00 AM,County,WOODMONT AVE,Maryland (State),OLD GEORGETOWN RD,,N/A,,SAME DIRECTION SIDESWIPE,CLEAR,DRY,DAYLIGHT,TRAFFIC SIGNAL,NONE DETECTED,,C074C4D1-ACAB-4C4E-94F0-D01263FC82CA,Yes,NO APPARENT INJURY,N/A,NOT DISTRACTED,MD,6C66AC04-FA71-4956-8B1A-087EE24B05D0,SUPERFICIAL,PASSENGER CAR,MOVING CONSTANT SPEED,38.98591167,-77.09703333,"(38.98591167, -77.09703333)"
MCP29380014,170514346,Montgomery County Police,Property Damage Crash,06/18/2017 02:42:00 AM,County,BOILING BROOK PKWY,County,HUNTERS LA,,N/A,,SINGLE VEHICLE,CLEAR,DRY,DARK LIGHTS ON,NO CONTROLS,ALCOHOL PRESENT,,A3319685-DB2B-4BD3-806F-5AA55A421328,Yes,NO APPARENT INJURY,N/A,UNKNOWN,MD,89091C15-D900-4A0B-98F3-730E7E3484C0,DISABLING,PASSENGER CAR,MOVING CONSTANT SPEED,39.04806667,-77.099255,"(39.04806667, -77.099255)"
MCP2846002F,16066146,Montgomery County Police,Property Damage Crash,12/24/2016 09:14:00 AM,Maryland (State),GEORGIA AVE,Ramp,RAMP 6 FR RP 3 (FR MD200 EB) TO MD97 SB,,N/A,,SAME DIR REAR END,RAINING,WET,DAYLIGHT,TRAFFIC SIGNAL,NONE DETECTED,,1D2D1F52-A827-4150-B8BD-CF0BF2C7FF4D,Yes,NO APPARENT INJURY,"RAIN, SNOW, WET",INATTENTIVE OR LOST IN THOUGHT,MD,E8094DD6-D3EF-4EDB-81A9-4E77F6D8F27A,SUPERFICIAL,PASSENGER CAR,ACCELERATING,39.12011167,-77.074805,"(39.12011167, -77.074805)"
MCP1221000W,15006690,Montgomery County Police,Injury Crash,02/10/2015 07:54:00 AM,Maryland (State),QUINCE ORCHARD RD,Municipality,FIRSTFIELD RD,,GAITHERSBURG,,HEAD ON LEFT TURN,CLOUDY,WET,DAYLIGHT,TRAFFIC SIGNAL,NONE DETECTED,,1682559F-2664-4402-ABCA-EC7C79F4AF17,Yes,SUSPECTED MINOR INJURY,N/A,UNKNOWN,MD,189D612B-25DE-420A-8CDD-46CC26306329,DISABLING,PASSENGER CAR,MAKING LEFT TURN,39.14517167,-77.21985333,"(39.14517167, -77.21985333)"
MCP2679000Y,15043506,MONTGOMERY,Injury Crash,08/29/2015 10:54:00 PM,US (State),COLESVILLE RD,Unknown,SPUR TO SLIGO CREEK PKWY,,N/A,,SAME DIR REAR END,CLEAR,DRY,DARK LIGHTS ON,TRAFFIC SIGNAL,ALCOHOL PRESENT,,DC3EB3EC-3869-4F31-9974-DE060AC14F6E,Yes,NO APPARENT INJURY,N/A,LOOKED BUT DID NOT SEE,PA,BBDA1162-606D-4F02-BAAD-B7E011ECBF1C,DISABLING,PASSENGER CAR,SLOWING OR STOPPING,38.99536167,-77.02443,"(38.99536167, -77.02443)"
MCP2916001M,170521627,Montgomery County Police,Property Damage Crash,07/28/2017 09:12:00 AM,Maryland (State),CHERRY HILL RD,Maryland (State),PROSPERITY DR,,N/A,,SAME DIR REAR END,CLOUDY,WET,DAYLIGHT,TRAFFIC SIGNAL,UNKNOWN,,4FBDB391-499B-4D5A-9ACD-1465A4E19DFC,Yes,NO APPARENT INJURY,"N/A, WET",UNKNOWN,,BB84317B-FB63-4D9E-BEC5-1835A22595D3,UNKNOWN,PASSENGER CAR,SLOWING OR STOPPING,39.06249163,-76.96258932,"(39.06249163, -76.96258932)"
MCP2853001K,16009832,MONTGOMERY,Injury Crash,02/27/2016 08:59:00 PM,Maryland (State),UNIVERSITY BLVD E,Maryland (State),PINEY BRANCH RD,,N/A,,SAME DIR REAR END,CLEAR,DRY,DARK LIGHTS ON,TRAFFIC SIGNAL,N/A,,FA94E75D-E9B6-41E9-AF19-FB0E3BE3E7D4,No,NO APPARENT INJURY,N/A,NOT DISTRACTED,MD,C5C0B18D-62F5-4659-A695-C03ABFA9C079,SUPERFICIAL,PASSENGER CAR,STOPPED IN TRAFFIC LANE,39.00000167,-76.99507167,"(39.00000167, -76.99507167)"
MCP1309000M,170522751,Montgomery County Police,Property Damage Crash,08/03/2017 01:44:00 PM,,,,,PARKING LOT IN FRONT OF 9817 BETHESDA CHURCH RD,,,SAME DIR REAR END,CLEAR,,DAYLIGHT,N/A,NONE DETECTED,,2037D4A3-12F7-4D14-A969-511109D5E91B,Yes,NO APPARENT INJURY,N/A,NOT DISTRACTED,MD,1B05BD7F-A901-4D25-99D6-A232A6DA28F3,SUPERFICIAL,OTHER,SLOWING OR STOPPING,39.28430833,-77.20472333,"(39.28430833, -77.20472333)"
MCP23990016,16060158,Montgomery County Police,Injury Crash,11/23/2016 08:32:00 PM,Maryland (State),MIDCOUNTY HWY,County,PIER POINT PL,,N/A,,SAME DIR REAR END,CLEAR,DRY,DARK NO LIGHTS,NO CONTROLS,NONE DETECTED,,075D7FC3-824B-4049-8B57-57997A534C5E,No,POSSIBLE INJURY,N/A,NOT DISTRACTED,MD,D26A04CD-158A-4762-B143-3333D87B1565,SUPERFICIAL,(SPORT) UTILITY VEHICLE,MOVING CONSTANT SPEED,39.159714,-77.200258,"(39.159714, -77.200258)"
MCP3044001H,170520716,Montgomery County Police,Injury Crash,07/23/2017 12:24:00 PM,County,KING ST,US (State),GEORGIA AVE,,N/A,,STRAIGHT MOVEMENT ANGLE,CLEAR,DRY,DAYLIGHT,STOP SIGN,NONE DETECTED,,F8D31079-3F81-479D-8874-EC7E56F46664,Yes,NO APPARENT INJURY,N/A,NOT DISTRACTED,MD,16A3C52F-85F1-4904-B9A5-B6D5320F58E6,FUNCTIONAL,(SPORT) UTILITY VEHICLE,MOVING CONSTANT SPEED,38.986975,-77.02688167,"(38.986975, -77.02688167)"
MCP2717006S,16037853,Montgomery County Police,Property Damage Crash,07/26/2016 05:15:00 PM,Maryland (State),GOLDSBORO RD,County,RANNOCH RD,,N/A,,OTHER,CLEAR,DRY,DAYLIGHT,STOP SIGN,NONE DETECTED,,1102B957-736A-4DA1-9379-7D76D846F4D7,No,NO APPARENT INJURY,N/A,NOT DISTRACTED,MD,F95093A2-4C4A-42E7-A4D5-40088BF6604E,FUNCTIONAL,PICKUP TRUCK,MOVING CONSTANT SPEED,38.96934167,-77.13332833,"(38.96934167, -77.13332833)"
MCP2611000Q,15041165,MONTGOMERY,Property Damage Crash,08/17/2015 05:30:00 PM,County,E RANDOLPH RD,Maryland (State),NEW HAMPSHIRE AVE,,N/A,,SAME DIR REAR END,CLEAR,DRY,DAYLIGHT,NO CONTROLS,NONE DETECTED,,C1328EE4-9DE1-4C4F-9760-7ADB6C6BFDD7,Yes,NO APPARENT INJURY,N/A,NOT DISTRACTED,MD,1572FA1E-83C8-4EC0-9C13-9611EB829960,FUNCTIONAL,PASSENGER CAR,SLOWING OR STOPPING,39.07156833,-77.00358833,"(39.07156833, -77.00358833)"
MCP0036006M,170521208,Montgomery County Police,Injury Crash,07/26/2017 09:30:00 AM,Maryland (State),WOODFIELD RD,Maryland (State),MAIN ST,,N/A,,STRAIGHT MOVEMENT ANGLE,CLEAR,DRY,DAYLIGHT,TRAFFIC SIGNAL,NONE DETECTED,,68AF77BD-F60C-4C66-ACF8-2BF957BC38C8,Yes,POSSIBLE INJURY,N/A,INATTENTIVE OR LOST IN THOUGHT,MD,6543B450-78B3-4DA7-ACBC-AD70E5AF171A,DISABLING,(SPORT) UTILITY VEHICLE,MOVING CONSTANT SPEED,39.2877255,-77.20193683,"(39.2877255, -77.20193683)"
DD56030027,15064920,ROCKVILLE,Property Damage Crash,12/19/2015 01:10:00 PM,Maryland (State),ROCKVILLE PIKE,Unknown,CONGRESSIONAL LA,,N/A,,HEAD ON LEFT TURN,CLEAR,DRY,DAYLIGHT,NO CONTROLS,NONE DETECTED,,0DC8E419-90F3-4935-A6BB-D9225202BD7D,Yes,NO APPARENT INJURY,N/A,LOOKED BUT DID NOT SEE,MD,CED96251-70F5-4125-8B98-2892B38B2E4C,DISABLING,"OTHER LIGHT TRUCKS (10,000LBS (4,536KG) OR LESS)",MAKING LEFT TURN,39.06583937,-77.12725282,"(39.06583937, -77.12725282)"
MCP1202001T,16054862,Montgomery County Police,Property Damage Crash,10/25/2016 09:13:00 AM,Maryland (State),MASSACHUSETTS AVE,County,MOHICAN PL,,N/A,,SAME DIR REAR END,CLEAR,DRY,DAYLIGHT,NO CONTROLS,NONE DETECTED,,04037133-C26C-4F57-B6A9-7C7ADC04940F,No,NO APPARENT INJURY,N/A,NOT DISTRACTED,MD,7C75CC7A-ADDA-4BD9-8DC9-868C14DDF9D6,FUNCTIONAL,PASSENGER CAR,SLOWING OR STOPPING,38.96813833,-77.128405,"(38.96813833, -77.128405)"
MCP2703000K,15039668,MONTGOMERY,Property Damage Crash,08/09/2015 08:54:00 PM,Maryland (State),NEW HAMPSHIRE AVE,County,LOCKWOOD DR,,N/A,,SAME DIR REAR END,CLEAR,DRY,DARK LIGHTS ON,NO CONTROLS,N/A,,B0FB69E2-EFAA-4941-85BE-F781CBAB8C58,No,NO APPARENT INJURY,N/A,NOT DISTRACTED,MD,E45C837A-03D9-48AB-8727-0958625D7EB0,SUPERFICIAL,VAN,SLOWING OR STOPPING,39.03816833,-76.98972,"(39.03816833, -76.98972)"
MCP0942000D,15033375,MONTGOMERY,Property Damage Crash,07/08/2015 09:02:00 AM,Maryland (State),OLD GEORGETOWN RD,County,BATTERY LA,,N/A,,HEAD ON LEFT TURN,CLOUDY,DRY,DAYLIGHT,TRAFFIC SIGNAL,NONE DETECTED,,C133800A-BC66-4374-9076-B02363DEF315,No,NO APPARENT INJURY,N/A,NOT DISTRACTED,MD,501A7397-5819-4029-BA30-74555EEF6284,DISABLING,PASSENGER CAR,MOVING CONSTANT SPEED,38.98969333,-77.10394333,"(38.98969333, -77.10394333)"
DD5605002L,16047342,Rockville Police Departme,Property Damage Crash,09/15/2016 12:28:00 PM,Municipality,W GUDE DR,Municipality,WATKINS POND BLVD,,ROCKVILLE,,STRAIGHT MOVEMENT ANGLE,CLEAR,DRY,DAYLIGHT,TRAFFIC SIGNAL,NONE DETECTED,,35960930-A2D7-47F4-9661-9DF7C64EDE10,No,NO APPARENT INJURY,N/A,NOT DISTRACTED,MD,96C77409-0C99-4055-B5A8-8D339972204C,DISABLING,PASSENGER CAR,STARTING FROM LANE,39.10662167,-77.16674167,"(39.10662167, -77.16674167)"
MCP2611000P,15039837,MONTGOMERY,Injury Crash,08/10/2015 07:10:00 PM,Maryland (State),NEW HAMPSHIRE AVE,County,LOCKWOOD DR,,N/A,,OTHER,CLEAR,DRY,DAYLIGHT,N/A,NONE DETECTED,,293C8A21-F2FB-4558-9DD1-13E03879A6FA,No,NO APPARENT INJURY,N/A,INATTENTIVE OR LOST IN THOUGHT,DC,60BEB621-0A4A-4A55-9A01-0F609DF9F0B3,DISABLING,PASSENGER CAR,MOVING CONSTANT SPEED,39.03963632,-76.99033141,"(39.03963632, -76.99033141)"
MCP1210001M,170501441,Montgomery County Police,Property Damage Crash,04/08/2017 02:45:00 PM,,,,,PARKING LOT OF 6724 NEEDWOOD RD,,,OTHER,CLEAR,,DAYLIGHT,N/A,N/A,,F004EAB5-405E-4308-B14A-4B1D8B15942F,Yes,NO APPARENT INJURY,N/A,UNKNOWN,MD,B226094C-63BD-466F-A3B9-562A37D9BF70,NO DAMAGE,PASSENGER CAR,BACKING,39.12194531,-77.13644743,"(39.12194531, -77.13644743)"
MCP28480050,170523595,Montgomery County Police,Property Damage Crash,08/08/2017 07:01:00 AM,Other Public Roadway,MONTROSE PKWY,Other Public Roadway,MONTROSE RD,,N/A,,SINGLE VEHICLE,RAINING,WET,DAYLIGHT,NO CONTROLS,NONE DETECTED,,8F6BD475-1C11-4B45-9905-D32898CB45B6,Yes,NO APPARENT INJURY,"RAIN, SNOW, WET",NOT DISTRACTED,MD,7A0F66D6-114F-4CA0-AA03-331C822F9C7A,DESTROYED,PASSENGER CAR,MOVING CONSTANT SPEED,39.05121167,-77.13341833,"(39.05121167, -77.13341833)"
DD5614001K,16054973,Rockville Police Departme,Property Damage Crash,10/25/2016 06:31:00 PM,Interstate (State),EISENHOWER MEMORIAL HWY,Unknown,MILE MARKER 6.0,,N/A,,SAME DIR REAR END,CLEAR,DRY,DARK LIGHTS ON,NO CONTROLS,NONE DETECTED,,688B98DB-C1F9-49F2-BF13-24230A843FD4,No,NO APPARENT INJURY,N/A,NOT DISTRACTED,MD,2FC2C5A9-4BB6-4A9D-BE8A-8973764705EE,SUPERFICIAL,PASSENGER CAR,SLOWING OR STOPPING,39.07723404,-77.16796875,"(39.07723404, -77.16796875)"
MCP2992000K,16019366,Montgomery County Police,Injury Crash,04/20/2016 08:44:00 AM,Maryland (State),GEORGIA AVE,County,HERITAGE HILLS DR,,N/A,,ANGLE MEETS LEFT TURN,CLEAR,DRY,DAYLIGHT,STOP SIGN,NONE DETECTED,,6BF9C71E-BC6A-43B2-BC46-E5B3C7FD941D,Yes,POSSIBLE INJURY,N/A,LOOKED BUT DID NOT SEE,MD,401FBA1D-383B-4BF5-9F04-4CEF87C13F2A,SUPERFICIAL,PASSENGER CAR,MAKING LEFT TURN,39.16887333,-77.05999667,"(39.16887333, -77.05999667)"
MCP2676001N,15056416,MONTGOMERY,Property Damage Crash,11/05/2015 05:32:00 PM,Maryland (State),WOODFIELD RD,County,FLOWER HILL WAY,,N/A,,SAME DIR REAR END,CLEAR,DRY,DARK LIGHTS ON,NO CONTROLS,N/A,,E43AC518-1692-4F0B-9685-5B1CCFB1BA40,No,NO APPARENT INJURY,N/A,NOT DISTRACTED,MD,B1646964-CD2C-45CF-ACCB-34F0FB7CC7C0,FUNCTIONAL,PASSENGER CAR,STOPPED IN TRAFFIC LANE,39.15595167,-77.166255,"(39.15595167, -77.166255)"
MCP2358000Q,15008699,Montgomery County Police,Property Damage Crash,02/23/2015 10:01:00 AM,Maryland (State),FALLS RD,Maryland (State),RIVER RD,,N/A,,SAME DIR REAR END,CLEAR,DRY,DAYLIGHT,TRAFFIC SIGNAL,N/A,,8AC4CE0C-9047-469A-A430-55287F4334F3,No,NO APPARENT INJURY,N/A,NOT DISTRACTED,MD,84B883D8-2BDC-4D85-BB20-F5C848F34B69,SUPERFICIAL,PASSENGER CAR,STOPPED IN TRAFFIC LANE,39.01811333,-77.208595,"(39.01811333, -77.208595)"
DD55750014,170503666,Rockville Police Departme,Injury Crash,04/23/2017 01:30:00 AM,Municipality,W MIDDLE LA,Municipality,N VAN BUREN ST,,ROCKVILLE,,OTHER,CLEAR,WET,DARK LIGHTS ON,N/A,ALCOHOL PRESENT,,ABF07523-5F4C-4CBA-841F-0F628AC838D7,Yes,SUSPECTED MINOR INJURY,N/A,NOT DISTRACTED,MD,0610DCCF-0493-4B36-A80E-464C4152A8F7,DESTROYED,PASSENGER CAR,MOVING CONSTANT SPEED,39.08496,-77.15622333,"(39.08496, -77.15622333)"
MCP15800077,17016334,Montgomery County Police,Injury Crash,03/31/2017 11:25:00 AM,County,SHADY GROVE RD,Ramp,RAMP 8 FR RAMP 5 TO SHADY GROVE RD WB,,N/A,,STRAIGHT MOVEMENT ANGLE,RAINING,WET,DAYLIGHT,TRAFFIC SIGNAL,NONE DETECTED,,8D133437-6D9F-495E-856F-BF58663D174C,Yes,SUSPECTED MINOR INJURY,"N/A, WET",UNKNOWN,MD,F1781436-ECEC-4163-917E-C54B5DC45786,DISABLING,"CARGO VAN/LIGHT TRUCK 2 AXLES (OVER 10,000LBS (4,536 KG))",MOVING CONSTANT SPEED,39.12976667,-77.16368,"(39.12976667, -77.16368)"
MCP3048000N,170505299,Montgomery County Police,Property Damage Crash,05/01/2017 04:45:00 PM,County,PARKLAWN DR,County,BOILING BROOK PKWY,,N/A,,SAME DIR REAR END,CLOUDY,DRY,DAYLIGHT,NO CONTROLS,NONE DETECTED,,8F43AFEB-8FA1-4AFA-A565-067751E3EC36,No,NO APPARENT INJURY,N/A,NOT DISTRACTED,MD,277AD94B-0AA7-4EE1-AC5D-FC297B2CA9B2,FUNCTIONAL,TRANSIT BUS,SLOWING OR STOPPING,39.04966667,-77.10269833,"(39.04966667, -77.10269833)"
MCP28270034,170522569,Montgomery County Police,Property Damage Crash,08/02/2017 05:00:00 PM,Maryland (State),OLNEY LAYTONSVILLE RD,County,BOWIE MILL RD,,N/A,,HEAD ON LEFT TURN,N/A,DRY,N/A,TRAFFIC SIGNAL,NONE DETECTED,,027347BB-E0DE-4181-893C-42B0D2FF34BE,No,NO APPARENT INJURY,N/A,NOT DISTRACTED,MD,031C4849-5801-489E-9CF9-F9EF1030E1E3,DISABLING,PASSENGER CAR,MOVING CONSTANT SPEED,39.16079,-77.07934833,"(39.16079, -77.07934833)"
MCP2867001W,16000422,Montgomery County Police,Property Damage Crash,01/03/2016 02:18:00 PM,Maryland (State),NEW HAMPSHIRE AVE,County,ADELPHI RD,,N/A,,SAME DIR REAR END,CLEAR,DRY,DAYLIGHT,N/A,NONE DETECTED,,2A26F266-B983-461F-9368-79463C50BD03,Yes,NO APPARENT INJURY,N/A,OTHER DISTRACTION,FL,6DBD74C7-3D53-4E0B-BD22-4C262AC41D0D,DISABLING,PASSENGER CAR,SLOWING OR STOPPING,39.00130333,-76.98633833,"(39.00130333, -76.98633833)"
MCP3029000B,17009813,Montgomery County Police,Property Damage Crash,02/23/2017 04:06:00 PM,County,HENDERSON AVE,County,GRANDVIEW AVE,,N/A,,STRAIGHT MOVEMENT ANGLE,CLEAR,DRY,DAYLIGHT,STOP SIGN,NONE DETECTED,,30590C45-73A8-4C46-B2DC-ABA36B0E218B,No,NO APPARENT INJURY,N/A,NOT DISTRACTED,MD,0DCC1FE9-D291-4A41-ADB8-4D853E59DF71,FUNCTIONAL,PASSENGER CAR,MOVING CONSTANT SPEED,39.05097273,-77.05271423,"(39.05097273, -77.05271423)"
MCP1022004T,16023314,Montgomery County Police,Injury Crash,05/11/2016 07:05:00 AM,County,BETHESDA CHURCH RD,County,KEMPTOWN CHURCH RD,,N/A,,STRAIGHT MOVEMENT ANGLE,RAINING,WET,DAYLIGHT,STOP SIGN,NONE DETECTED,,67E5161B-C6EB-416E-92B3-12E8B69CB062,No,SUSPECTED SERIOUS INJURY,N/A,NOT DISTRACTED,MD,E309AD1A-6753-4D8C-AA34-66AB78DB9C40,DISABLING,(SPORT) UTILITY VEHICLE,MOVING CONSTANT SPEED,39.31351167,-77.24674333,"(39.31351167, -77.24674333)"
MCP2786001C,16047486,Montgomery County Police,Property Damage Crash,09/16/2016 01:12:00 AM,County,FOREST GROVE DR,County,IMPERIAL DR,,N/A,,SINGLE VEHICLE,CLEAR,DRY,DARK LIGHTS ON,N/A,NONE DETECTED,,D88C1773-EDDC-4EF3-AC8C-BDE86D76C889,Yes,NO APPARENT INJURY,N/A,UNKNOWN,MD,030AD7CC-176E-467F-849E-036EAC13641B,DESTROYED,PASSENGER CAR,MOVING CONSTANT SPEED,39.02256667,-77.03637667,"(39.02256667, -77.03637667)"
MCP29050026,16064210,Montgomery County Police,Property Damage Crash,12/14/2016 05:10:00 PM,County,HAMPDEN LA,County,LAMBETH RD,,N/A,,HEAD ON,CLEAR,DRY,DUSK,NO CONTROLS,N/A,,6852BF75-0A80-42A6-88F6-F9CDC0C36443,Yes,NO APPARENT INJURY,N/A,UNKNOWN,MD,AA67A427-188B-49B8-89D3-D067298C257C,DISABLING,PASSENGER CAR,MOVING CONSTANT SPEED,38.99136333,-77.11421,"(38.99136333, -77.11421)"
MCP9128000L,16023965,Montgomery County Police,Property Damage Crash,05/14/2016 10:36:00 AM,County,CONNECTICUT AVE,County,GRAND PRE RD,,N/A,,HEAD ON LEFT TURN,CLEAR,DRY,DAYLIGHT,NO CONTROLS,NONE DETECTED,,B5BD3E1D-877C-4989-A064-50EE434BA658,Yes,NO APPARENT INJURY,N/A,NOT DISTRACTED,MD,6EF49E62-0AA7-4736-A3D0-88A291C1E988,FUNCTIONAL,VAN,MAKING LEFT TURN,39.08461833,-77.07594667,"(39.08461833, -77.07594667)"
MCP2826000P,15000938,Montgomery County Police,Property Damage Crash,01/06/2015 03:58:00 PM,Maryland (State),FLOWER AVE,Municipality,HUDSON AVE,,TAKOMA PARK,,STRAIGHT MOVEMENT ANGLE,SNOW,SLUSH,DAYLIGHT,STOP SIGN,NONE DETECTED,,692CD0DE-473C-43B0-9B66-88D43E5443E6,No,NO APPARENT INJURY,"ICY OR SNOW-COVERED, RAIN, SNOW",NOT DISTRACTED,MD,6CA50A8C-D808-43BF-8FA2-AAC09E6627DE,DISABLING,PASSENGER CAR,MOVING CONSTANT SPEED,38.99262833,-77.00212833,"(38.99262833, -77.00212833)"
DD56010025,16051580,Rockville Police Departme,Property Damage Crash,10/07/2016 01:13:00 PM,County,SHADY GROVE RD,Municipality,BLACKWELL RD,,ROCKVILLE,,STRAIGHT MOVEMENT ANGLE,CLEAR,DRY,DAYLIGHT,STOP SIGN,N/A,,E216BD8B-44DA-4D7E-8714-4D43A0092F4B,Yes,NO APPARENT INJURY,N/A,UNKNOWN,VA,5CB2E1CF-307D-47FE-AC0E-488E147F1FC1,DISABLING,PASSENGER CAR,STARTING FROM LANE,39.10094583,-77.19190167,"(39.10094583, -77.19190167)"
MCP27520014,15044616,MONTGOMERY,Property Damage Crash,09/04/2015 04:57:00 PM,County,HARWICK RD,County,WELBORN DR,,N/A,,ANGLE MEETS LEFT HEAD ON,CLOUDY,DRY,DUSK,STOP SIGN,NONE DETECTED,,8C134FD8-C293-482A-AF0F-41933065874C,No,NO APPARENT INJURY,N/A,NOT DISTRACTED,MA,0816D9C7-2CF2-42AF-953B-8E89E2D907E9,SUPERFICIAL,PASSENGER CAR,STOPPED IN TRAFFIC LANE,38.96820833,-77.12372333,"(38.96820833, -77.12372333)"
MCP9438000T,16001598,Montgomery County Police,Injury Crash,01/09/2016 11:57:00 AM,County,WAYFARER RD,County,GERMANTOWN RD,,N/A,,HEAD ON,RAINING,WET,DAYLIGHT,NO CONTROLS,NONE DETECTED,,295F4F24-F91C-4235-871A-B75EAC43EAB3,Yes,NO APPARENT INJURY,"RAIN, SNOW, WET",NOT DISTRACTED,MD,9DF77A24-4822-4F08-BE8C-C1913200C88B,DISABLING,PASSENGER CAR,MOVING CONSTANT SPEED,39.19068167,-77.22581,"(39.19068167, -77.22581)"
MCP3054000C,170526737,Montgomery County Police,Property Damage Crash,08/25/2017 05:33:00 AM,Maryland (State),ROCKVILLE PIKE,Municipality,TWINBROOK PKWY,,ROCKVILLE,,STRAIGHT MOVEMENT ANGLE,CLEAR,WET,DARK LIGHTS ON,TRAFFIC SIGNAL,NONE DETECTED,,F4ADEDA5-9650-4F06-B48B-B0E2B3D3A143,Yes,NO APPARENT INJURY,"N/A, WET",UNKNOWN,MD,76E7F008-B3D7-432F-AFB3-E09F62B9E799,FUNCTIONAL,PICKUP TRUCK,SLOWING OR STOPPING,39.05879643,-77.12128893,"(39.05879643, -77.12128893)"
MCP2401000K,16066467,Montgomery County Police,Injury Crash,12/26/2016 10:14:00 PM,Maryland (State),ROCKVILLE PIKE,Unknown,ENT TO MONTROSE CROSSING S.C.,,N/A,,SAME DIRECTION RIGHT TURN,CLEAR,DRY,DARK LIGHTS ON,TRAFFIC SIGNAL,NONE DETECTED,,AEECF119-7D3A-4D39-8659-FAC6DD6698EE,No,POSSIBLE INJURY,N/A,NOT DISTRACTED,MD,9B870B01-2A9D-4AFF-85DD-86CC700F67C0,FUNCTIONAL,PASSENGER CAR,MOVING CONSTANT SPEED,39.05479903,-77.117621,"(39.05479903, -77.117621)"