Report Number,Local Case Number,Agency Name,ACRS Report Type,Crash Date/Time,Route Type,Road Name,Cross-Street Type,Cross-Street Name,Off-Road Description,Municipality,Related Non-Motorist,Collision Type,Weather,Surface Condition,Light,Traffic Control,Driver Substance Abuse,Non-Motorist Substance Abuse,Person ID,Driver At Fault,Injury Severity,Circumstance,Driver Distracted By,Drivers License State,Vehicle ID,Vehicle Damage Extent,Vehicle Body Type,Vehicle Movement,Latitude,Longitude,Location
MCP3031000W,170507496,Montgomery County Police,Property Damage Crash,05/12/2017 11:55:00 PM,Maryland (State),VEIRS MILL RD,County,ASPEN HILL RD,,N/A,,SAME DIR REAR END,RAINING,WET,DARK LIGHTS ON,TRAFFIC SIGNAL,ALCOHOL CONTRIBUTED,,4A223477-51CF-4E51-B2D2-324F21C75297,Yes,NO APPARENT INJURY,"RAIN, SNOW, WET",NOT DISTRACTED,MD,9BF23024-8961-4F30-BD5B-E1469D56ED2A,SUPERFICIAL,PASSENGER CAR,SLOWING OR STOPPING,39.06922131,-77.10487247,"(39.06922131, -77.10487247)"
MCP26770009,15048552,MONTGOMERY,Injury Crash,09/24/2015 10:54:00 PM,County,WATERS LANDING DR,Unknown,SUMMER SONG LA,,N/A,,STRAIGHT MOVEMENT ANGLE,CLEAR,DRY,DARK LIGHTS ON,N/A,N/A,,1B9AF614-93B4-4455-AF26-8DB6F2C9CE5C,No,SUSPECTED MINOR INJURY,N/A,NOT DISTRACTED,MD,EDF4951C-D5F8-4A38-9A99-AA51BCFD2CE1,DISABLING,PASSENGER CAR,MOVING CONSTANT SPEED,39.19261167,-77.27704,"(39.19261167, -77.27704)"
DD5538001Y,16050999,Rockville Police Departme,Property Damage Crash,10/04/2016 04:57:00 PM,County,TWINBROOK PKWY,Maryland (State),VEIRS MILL RD,,N/A,,OTHER,CLEAR,DRY,DAYLIGHT,TRAFFIC SIGNAL,NONE DETECTED,,EDA35AF3-8950-4FC7-B6A8-788DA2DB173E,No,NO APPARENT INJURY,N/A,NOT DISTRACTED,MD,ED55BF4F-4DC5-4128-9B5F-19D19D5DC383,NO DAMAGE,TRANSIT BUS,SLOWING OR STOPPING,39.07395333,-77.11153,"(39.07395333, -77.11153)"
MCP3050000P,170503835,Montgomery County Police,Property Damage Crash,04/24/2017 07:10:00 AM,County,VEIRS MILL RD,Unknown,STRUC OV TURKEY BRANCH,,N/A,,SAME DIR REAR END,RAINING,WET,DAYLIGHT,YIELD SIGN,NONE DETECTED,,FCCF91EC-E697-41CE-9435-9AD2E2D6A682,Yes,NO APPARENT INJURY,"RAIN, SNOW, WET",UNKNOWN,MD,1EADC25A-1816-4C99-9181-500D83644FC7,DISABLING,"CARGO VAN/LIGHT TRUCK 2 AXLES (OVER 10,000LBS (4,536 KG))",OTHER,39.06019,-77.08975,"(39.06019, -77.08975)"
MCP2923003C,170528725,Montgomery County Police,Injury Crash,09/05/2017 07:14:00 AM,County,RANDOLPH RD,County,DENLEY RD,,N/A,,STRAIGHT MOVEMENT ANGLE,CLEAR,DRY,DAYLIGHT,STOP SIGN,NONE DETECTED,,C2981F00-9675-483B-A2C7-67E9FF88D446,No,NO APPARENT INJURY,N/A,NOT DISTRACTED,MD,347FD6C8-3F15-418E-8004-C3CAFA80ABB1,DISABLING,PASSENGER CAR,MOVING CONSTANT SPEED,39.05927167,-77.06235667,"(39.05927167, -77.06235667)"
MCP2347000T,16052781,Montgomery County Police,Property Damage Crash,10/14/2016 07:38:00 AM,County,LOCKWOOD DR,Maryland (State),NEW HAMPSHIRE AVE,,N/A,,SAME DIR BOTH LEFT TURN,CLEAR,DRY,DAYLIGHT,TRAFFIC SIGNAL,NONE DETECTED,,9E02BC27-B487-486D-A8F6-26D0A947E7C7,No,NO APPARENT INJURY,N/A,NOT DISTRACTED,MD,B4E579D6-9E04-4F47-8D79-518A074D53A0,FUNCTIONAL,PICKUP TRUCK,MAKING LEFT TURN,39.03994,-76.99042167,"(39.03994, -76.99042167)"
MCP2664003F,170519963,Montgomery County Police,Injury Crash,07/19/2017 01:00:00 PM,Maryland (State),GEORGIA AVE,County,REEDIE DR,,N/A,,STRAIGHT MOVEMENT ANGLE,CLEAR,DRY,DAYLIGHT,TRAFFIC SIGNAL,NONE DETECTED,,5B1739E0-23FB-4B3A-829B-44B823FE96E0,Yes,POSSIBLE INJURY,N/A,UNKNOWN,MD,127501CC-C047-4391-B45E-1DD3C4A1BA91,DISABLING,PASSENGER CAR,MOVING CONSTANT SPEED,39.03892333,-77.050825,"(39.03892333, -77.050825)"
MCP26760022,16035352,Montgomery County Police,Property Damage Crash,07/12/2016 08:52:00 PM,County,SNOUFFERS SCHOOL RD,County,CENTERWAY RD,,N/A,,SINGLE VEHICLE,CLEAR,DRY,DAWN,NO CONTROLS,N/A,,A26FAA83-B1CE-4A1D-9FAC-E5636C4AA550,Yes,NO APPARENT INJURY,N/A,NOT DISTRACTED,MD,1D024BBF-1908-46CD-9CC4-EB276D76BC72,DISABLING,PASSENGER CAR,MOVING CONSTANT SPEED,39.16966,-77.17660167,"(39.16966, -77.17660167)"
MCP27240023,170511289,Montgomery County Police,Property Damage Crash,06/02/2017 08:34:00 AM,Maryland (State),PINEY BRANCH RD,County,MANCHESTER RD,,N/A,,OTHER,CLEAR,DRY,DAYLIGHT,TRAFFIC SIGNAL,N/A,,CDCFF5BA-C575-4A18-83C4-14566561EBA6,Yes,NO APPARENT INJURY,N/A,OTHER DISTRACTION,MD,500A6182-B3AC-4C78-B397-FCEFF89389A9,DISABLING,PASSENGER CAR,MOVING CONSTANT SPEED,38.99699167,-77.00515,"(38.99699167, -77.00515)"
MCP1119001F,15047425,MONTGOMERY,Injury Crash,09/18/2015 07:43:00 PM,Maryland (State),GEORGIA AVE,County,LINDELL ST,,N/A,,SAME DIRECTION RIGHT TURN,N/A,DRY,DARK LIGHTS ON,NO CONTROLS,NONE DETECTED,,F922AAC6-5731-45FE-A6A1-61A0E5EAEFAF,No,POSSIBLE INJURY,N/A,NOT DISTRACTED,MD,25C7D699-BB96-4532-9D1A-F3FE9F080F1E,DISABLING,PICKUP TRUCK,MOVING CONSTANT SPEED,39.05435122,-77.05050945,"(39.05435122, -77.05050945)"
MCP1417007T,170519907,Montgomery County Police,Property Damage Crash,07/19/2017 07:50:00 AM,Maryland (State),QUINCE ORCHARD RD,Unknown,SPUR FR MD 355,,N/A,,SAME DIR REAR END,CLEAR,DRY,DAYLIGHT,NO CONTROLS,NONE DETECTED,,6C118C1E-EED7-4197-B0B7-C464B636124B,Yes,NO APPARENT INJURY,N/A,INATTENTIVE OR LOST IN THOUGHT,MD,74F38B80-F849-493D-BD82-6DABE4070112,DISABLING,PASSENGER CAR,MOVING CONSTANT SPEED,39.15239,-77.212655,"(39.15239, -77.212655)"
MCP23110020,16016186,Montgomery County Police,Property Damage Crash,04/02/2016 11:04:00 PM,Maryland (State),QUINCE ORCHARD RD,Municipality,BANK ST,,GAITHERSBURG,,SAME DIRECTION SIDESWIPE,RAINING,WET,DARK LIGHTS ON,TRAFFIC SIGNAL,N/A,,2C111257-37E2-42D0-A90B-99119F28E14F,No,NO APPARENT INJURY,"N/A, WET",NOT DISTRACTED,MD,2852559F-3253-497F-B312-7E4DB342F250,SUPERFICIAL,PASSENGER CAR,MOVING CONSTANT SPEED,39.140225,-77.22175333,"(39.140225, -77.22175333)"
MCP2917000W,15062146,MONTGOMERY,Injury Crash,12/05/2015 01:03:00 PM,County,RANDOLPH RD,County,HAWKESBURY LA,,N/A,,SAME DIR REAR END,CLEAR,DRY,DAYLIGHT,TRAFFIC SIGNAL,NONE DETECTED,,6CFF2EB6-2FC3-4430-A933-233D1C1BF097,No,SUSPECTED MINOR INJURY,N/A,NOT DISTRACTED,MD,43C46589-0E35-48ED-B2F0-7A9165780961,SUPERFICIAL,"CARGO VAN/LIGHT TRUCK 2 AXLES (OVER 10,000LBS (4,536 KG))",ACCELERATING,39.06651,-77.02245667,"(39.06651, -77.02245667)"
MCP10690009,15031748,MONTGOMERY,Property Damage Crash,06/29/2015 11:14:00 AM,County,MIDDLEBROOK RD,County,CELEBRATION WAY,,N/A,,STRAIGHT MOVEMENT ANGLE,CLEAR,DRY,DAYLIGHT,N/A,NONE DETECTED,,2EB7476E-D2CC-4EF8-9FD6-8A9191D11DF5,No,NO APPARENT INJURY,N/A,NOT DISTRACTED,MD,3994B236-68C3-49D7-97EF-A89DCC5CA00D,DISABLING,PASSENGER CAR,MOVING CONSTANT SPEED,39.18141644,-77.26936698,"(39.18141644, -77.26936698)"
MCP26640033,170501757,Montgomery County Police,Property Damage Crash,04/12/2017 11:30:00 AM,County,BLUERIDGE AVE,Maryland (State),GEORGIA AVE,,N/A,,SAME DIRECTION SIDESWIPE,CLEAR,DRY,DAYLIGHT,TRAFFIC SIGNAL,NONE DETECTED,,E9F65E5E-D4DE-4F9A-8C2C-05B8019881BE,No,NO APPARENT INJURY,N/A,NOT DISTRACTED,MD,36F9FCD8-D077-4582-9B08-D96B3BB35F0E,SUPERFICIAL,PASSENGER CAR,SLOWING OR STOPPING,39.043045,-77.05246,"(39.043045, -77.05246)"
EJ7837001C,16060912,Gaithersburg Police Depar,Property Damage Crash,11/27/2016 12:51:00 PM,Maryland (State),GREAT SENECA HWY,Municipality,SIOUX LA,,GAITHERSBURG,,STRAIGHT MOVEMENT ANGLE,CLEAR,DRY,DAYLIGHT,STOP SIGN,N/A,,5CC86A49-71D7-4B4C-A2DF-C6975E0F83B0,Yes,NO APPARENT INJURY,N/A,NOT DISTRACTED,PA,78FF3A91-5C2C-4D26-BEE0-9F909326123D,DISABLING,(SPORT) UTILITY VEHICLE,ACCELERATING,39.13069483,-77.23997265,"(39.13069483, -77.23997265)"
MCP2422001G,16041143,Montgomery County Police,Injury Crash,08/13/2016 08:54:00 PM,Maryland (State),MUNCASTER MILL RD,County,BOWIE MILL RD,,N/A,,SAME DIR REAR END,CLEAR,DRY,DARK NO LIGHTS,TRAFFIC SIGNAL,N/A,,159805E4-50F2-41CC-B4B8-11004C6A99E0,Yes,NO APPARENT INJURY,N/A,UNKNOWN,MD,329B39FE-6904-436E-9B53-2A43B1E3BD16,SUPERFICIAL,PASSENGER CAR,SLOWING OR STOPPING,39.13334333,-77.12202833,"(39.13334333, -77.12202833)"
MCP25520011,16036407,Montgomery County Police,Property Damage Crash,07/18/2016 05:32:00 PM,,,,,"FIRST FLOOR PARKING GARAGE OF TARGET AT 5700 BOU AVENUE, ROCKVILLE, MD 20852",,,OTHER,CLEAR,,OTHER,N/A,UNKNOWN,,049F136E-6A55-4E82-A106-EE9F97E831F7,Yes,NO APPARENT INJURY,N/A,UNKNOWN,,C689C0DF-D915-4528-A5FC-C5DB4034DEE1,UNKNOWN,PASSENGER CAR,BACKING,39.05681312,-77.11554766,"(39.05681312, -77.11554766)"
MCP2753001V,17003646,Montgomery County Police,Property Damage Crash,01/21/2017 02:49:00 PM,County,CONNECTICUT AVE,County,GRAND PRE RD,,N/A,,SAME DIRECTION SIDESWIPE,CLOUDY,WET,DAYLIGHT,NO CONTROLS,NONE DETECTED,,447DE9DA-FB52-4BB7-9B72-99878D25F79B,No,NO APPARENT INJURY,"N/A, WET",NOT DISTRACTED,MD,5D09305C-9722-4534-BD84-F992980238F9,DISABLING,PASSENGER CAR,MOVING CONSTANT SPEED,39.08855,-77.07252667,"(39.08855, -77.07252667)"
MCP1174001K,16037154,Montgomery County Police,Property Damage Crash,07/22/2016 02:42:00 PM,Maryland (State),WISCONSIN AVE,County,ELM ST,,N/A,,SAME DIRECTION SIDESWIPE,CLEAR,DRY,DAYLIGHT,TRAFFIC SIGNAL,NONE DETECTED,,B15FD031-1A86-4E54-B771-99E1F0226CC5,Yes,NO APPARENT INJURY,N/A,LOOKED BUT DID NOT SEE,MD,B70BDCC3-49FD-46A5-A590-4C3EF72745D1,FUNCTIONAL,PICKUP TRUCK,CHANGING LANES,38.98105833,-77.09248167,"(38.98105833, -77.09248167)"
MCP2780002Z,170507734,Montgomery County Police,Injury Crash,05/14/2017 03:14:00 PM,County,WISTERIA DR,Unknown,WHITE SANDS DR,,N/A,,SINGLE VEHICLE,N/A,DRY,DAYLIGHT,N/A,NONE DETECTED,,77A178DA-2B1B-4F84-9A75-6650ED32D372,Yes,POSSIBLE INJURY,N/A,INATTENTIVE OR LOST IN THOUGHT,MD,DC690D88-CD33-474E-A3D9-DA69EC4E2DF2,DISABLING,PASSENGER CAR,MOVING CONSTANT SPEED,39.16187833,-77.25267,"(39.16187833, -77.25267)"
MCP0036005V,17011237,Montgomery County Police,Property Damage Crash,03/03/2017 06:00:00 AM,Maryland (State),CLARKSBURG RD,Unknown,STRUC #15038,,N/A,,SAME DIR REAR END,WINTRY MIX,ICE,DAWN,NO CONTROLS,NONE DETECTED,,32801DAD-7126-4147-977D-1B33457C0D0D,Yes,NO APPARENT INJURY,"ICY OR SNOW-COVERED, RAIN, SNOW",UNKNOWN,MD,B799438A-9E4D-48F3-AF92-B29CB80F8F80,DISABLING,PASSENGER CAR,MOVING CONSTANT SPEED,39.23169,-77.28500333,"(39.23169, -77.28500333)"
MCP23110027,16018098,Montgomery County Police,Property Damage Crash,04/13/2016 04:20:00 PM,Maryland (State),MUNCASTER MILL RD,County,BOWIE MILL RD,,N/A,,SAME DIR REAR END,CLEAR,DRY,DAYLIGHT,TRAFFIC SIGNAL,N/A,,CB0AB663-ED78-4DB8-88F3-233AC498CEAA,Yes,NO APPARENT INJURY,N/A,NOT DISTRACTED,MD,C1212481-20D4-4C3B-838F-72CCEDE94C1F,SUPERFICIAL,PASSENGER CAR,SLOWING OR STOPPING,39.13348833,-77.12207333,"(39.13348833, -77.12207333)"
MCP1027000L,16049902,Montgomery County Police,Injury Crash,09/28/2016 01:00:00 PM,Maryland (State),NEW HAMPSHIRE AVE,County,NOTLEY RD,,N/A,,SINGLE VEHICLE,N/A,WET,DAYLIGHT,NO CONTROLS,NONE DETECTED,,AD9CD5D5-8FF7-4DEA-A33A-7C3127677DAA,Yes,POSSIBLE INJURY,N/A,UNKNOWN,XX,EF71572C-5A61-4151-99CF-846699DD6AA0,DESTROYED,PASSENGER CAR,MOVING CONSTANT SPEED,39.083967,-77.000555,"(39.083967, -77.000555)"
MCP2472001T,16032909,Montgomery County Police,Property Damage Crash,06/29/2016 02:00:00 PM,,,,,PARKING LOT OF 6003 EXECUTIVE BLVD,,,OTHER,CLEAR,,DAYLIGHT,NO CONTROLS,UNKNOWN,,A23C3903-F52B-45B0-BEF8-F4C86B6DFABA,Yes,NO APPARENT INJURY,N/A,UNKNOWN,,31A0338D-9C37-40E5-AC81-60777B5CBE0F,UNKNOWN,PASSENGER CAR,PARKING,39.05078167,-77.11981,"(39.05078167, -77.11981)"
MCP1022006D,17009352,Montgomery County Police,Injury Crash,02/21/2017 01:30:00 PM,Maryland (State),FREDERICK RD,County,SCENERY DR,,N/A,,STRAIGHT MOVEMENT ANGLE,CLEAR,DRY,DAYLIGHT,NO CONTROLS,NONE DETECTED,,6C1E5B00-D3EA-4B5A-A511-B6F882982BBA,Yes,NO APPARENT INJURY,N/A,NOT DISTRACTED,MD,494B4C57-A2E3-4786-B47F-4ADBC40C628A,DISABLING,(SPORT) UTILITY VEHICLE,MOVING CONSTANT SPEED,39.17546333,-77.23788833,"(39.17546333, -77.23788833)"
MCP1438004B,17012055,Montgomery County Police,Property Damage Crash,03/07/2017 05:54:00 PM,,,,,209 PERRY PKWY  (PARKING LOT),,,OTHER,RAINING,,DUSK,N/A,NONE DETECTED,,08182EEC-F270-4D8F-A9E5-BEDCA987C2C2,No,NO APPARENT INJURY,"N/A, WET",NOT DISTRACTED,MD,936D67B2-7393-4330-955F-7B782895424A,SUPERFICIAL,POLICE VEHICLE/NON EMERGENCY,MOVING CONSTANT SPEED,39.143155,-77.20991333,"(39.143155, -77.20991333)"
MCP29860022,170529068,Montgomery County Police,Property Damage Crash,09/06/2017 09:29:00 PM,County,BRIGGS CHANEY RD,County,OLD COLUMBIA PIKE,,N/A,,STRAIGHT MOVEMENT ANGLE,RAINING,WET,DARK LIGHTS ON,TRAFFIC SIGNAL,NONE DETECTED,,E53869F9-0ECF-4AB5-B126-F8FDFE1EC566,No,NO APPARENT INJURY,"RAIN, SNOW, WET",NOT DISTRACTED,MD,EE2D1272-5A37-4CB4-8D08-0C55ABD466A6,SUPERFICIAL,PASSENGER CAR,MOVING CONSTANT SPEED,39.08432333,-76.95110667,"(39.08432333, -76.95110667)"
MCP1616002M,16056452,Montgomery County Police,Property Damage Crash,11/02/2016 08:54:00 AM,County,SEVEN LOCKS RD,Maryland (State),BRADLEY BLVD,,N/A,,STRAIGHT MOVEMENT ANGLE,CLOUDY,N/A,DAYLIGHT,N/A,NONE DETECTED,,2720646B-21D8-403B-B122-3F1B970A17C2,No,NO APPARENT INJURY,N/A,NOT DISTRACTED,MD,E2109C1A-8D7C-4F0D-B06B-E76BD1A90CF5,DISABLING,PASSENGER CAR,MOVING CONSTANT SPEED,39.01262333,-77.16005,"(39.01262333, -77.16005)"
MCP2978000Z,16012007,MONTGOMERY,Injury Crash,03/10/2016 10:27:00 PM,Maryland (State),FALLS RD,County,WINTERSET DR,,N/A,,SAME DIR REAR END,CLEAR,DRY,DARK LIGHTS ON,NO CONTROLS,NONE DETECTED,,EA1C39B8-C14A-47F0-A3D6-A1D63B25DF9A,No,SUSPECTED MINOR INJURY,N/A,NOT DISTRACTED,VA,9D5B461A-E356-4694-BD7F-9B2F2EAF2AB3,FUNCTIONAL,PASSENGER CAR,STOPPED IN TRAFFIC LANE,39.04786904,-77.19011307,"(39.04786904, -77.19011307)"
MCP2938000T,16023498,Montgomery County Police,Property Damage Crash,05/11/2016 10:58:00 PM,Maryland (State),WILSON LA,County,ARLINGTON RD,,N/A,,SAME DIR REAR END,CLEAR,DRY,DARK LIGHTS ON,TRAFFIC SIGNAL,NONE DETECTED,,00178183-BFBE-439B-BE27-6AC4E36D62D0,No,NO APPARENT INJURY,N/A,NOT DISTRACTED,MD,996CC37F-A1B7-4C19-B834-62E8EE97A321,SUPERFICIAL,PASSENGER CAR,STOPPED IN TRAFFIC LANE,38.9872,-77.09885833,"(38.9872, -77.09885833)"
DD5546000N,16005779,Rockville Police Departme,Property Damage Crash,02/04/2016 07:49:00 AM,,,,,ENTRANCE TO BUS LOOP AT RICAHRD MONTGOMERY HIGH SCHOOL. ON SCHOOL PROPERTY.,,,OPPOSITE DIRECTION SIDESWIPE,CLOUDY,,DAYLIGHT,NO CONTROLS,NONE DETECTED,,25DAD567-40AF-4F29-9C51-14EC93500DC1,Yes,NO APPARENT INJURY,"N/A, WET",NOT DISTRACTED,MD,0EE0CCB5-967D-43F3-8F0F-6A1CDFE94704,SUPERFICIAL,SCHOOL BUS,MAKING LEFT TURN,39.079865,-77.14786833,"(39.079865, -77.14786833)"
MCP2094005Y,16006580,Montgomery County Police,Injury Crash,02/08/2016 04:08:00 PM,Maryland (State),OLD GEORGETOWN RD,Ramp,RAMP 6 FR RAMP 10 (FR IS270) TO MD 187,,N/A,,SAME DIR REAR END,CLOUDY,DRY,DAYLIGHT,YIELD SIGN,NONE DETECTED,,5DA9DBF3-0115-4302-B8FA-8BDB2E528C54,No,POSSIBLE INJURY,N/A,NOT DISTRACTED,MD,93B6B0DE-AD92-4487-807C-EFDCB0C83E76,FUNCTIONAL,VAN,STOPPED IN TRAFFIC LANE,39.03167833,-77.125905,"(39.03167833, -77.125905)"
MCP2784001Q,15034999,MONTGOMERY,Property Damage Crash,07/16/2015 04:13:00 PM,County,OLD COLUMBIA PIKE,County,BRIGGS CHANEY RD,,N/A,,ANGLE MEETS LEFT TURN,CLEAR,DRY,DAYLIGHT,TRAFFIC SIGNAL,NONE DETECTED,,69D5DA23-5D76-4FC3-AD53-74E06BE023A7,No,NO APPARENT INJURY,N/A,NOT DISTRACTED,MD,59CE2F8B-6B65-4E63-8356-2B49FC7F0240,FUNCTIONAL,FIRE VEHICLE/EMERGENCY,MOVING CONSTANT SPEED,39.08425692,-76.95109069,"(39.08425692, -76.95109069)"
MCP30100016,16035044,Montgomery County Police,Property Damage Crash,07/11/2016 09:26:00 AM,County,TUCKERMAN LA,Unknown,GROSVENOR PL,,N/A,,OTHER,CLEAR,DRY,DAYLIGHT,TRAFFIC SIGNAL,NONE DETECTED,,2B4D5580-082A-4EC8-BF81-0AB56A320257,No,NO APPARENT INJURY,N/A,NOT DISTRACTED,MD,09373044-2DE2-409B-8905-2F74B836111D,DISABLING,PASSENGER CAR,MOVING CONSTANT SPEED,39.02915333,-77.10791333,"(39.02915333, -77.10791333)"
MCP29230022,16047518,Montgomery County Police,Property Damage Crash,09/16/2016 08:12:00 AM,,,,,THE SIDE OF 2123 LITTLE SORREL WAY.,,,SINGLE VEHICLE,CLOUDY,,DAYLIGHT,NO CONTROLS,NONE DETECTED,,7C98906F-0D3A-4CA7-89A0-E0735C16DEFC,Yes,NO APPARENT INJURY,N/A,UNKNOWN,MD,3B50A994-62DF-4649-A0B3-016D5AD7208B,DISABLING,PASSENGER CAR,PARKING,39.04612667,-77.049135,"(39.04612667, -77.049135)"
MCP2939000J,15034035,MONTGOMERY,Property Damage Crash,07/11/2015 01:13:00 PM,County,MIDDLEBROOK RD,County,WARING STATION RD,,N/A,,SAME DIR REAR END,CLEAR,DRY,DAYLIGHT,TRAFFIC SIGNAL,NONE DETECTED,,914D81FC-A91E-4EEB-906E-D00BA66B53C3,No,NO APPARENT INJURY,N/A,NOT DISTRACTED,MD,541D544C-3799-403B-BFA7-9A4F0F16BEC0,NO DAMAGE,AMBULANCE/EMERGENCY,SLOWING OR STOPPING,39.175131,-77.25375652,"(39.175131, -77.25375652)"
MCP2436002B,16063709,Montgomery County Police,Property Damage Crash,12/12/2016 09:57:00 AM,US (State),COLESVILLE RD,Maryland (State),UNIVERSITY BLVD E,,N/A,,SAME DIR REAR END,CLOUDY,WET,DAYLIGHT,TRAFFIC SIGNAL,NONE DETECTED,,45C49B69-B26B-4119-9ED9-5D77A54F3CF5,No,NO APPARENT INJURY,"N/A, WET",NOT DISTRACTED,MD,760C4E9C-9E22-45DE-90D6-4B9683A13507,FUNCTIONAL,PASSENGER CAR,STOPPED IN TRAFFIC LANE,39.02002333,-77.01349,"(39.02002333, -77.01349)"
MCP1438002K,16025563,Montgomery County Police,Property Damage Crash,05/23/2016 09:08:00 AM,Maryland (State),MUNCASTER MILL RD,County,BOWIE MILL RD,,N/A,,SAME DIR REAR END,CLEAR,DRY,DAYLIGHT,TRAFFIC SIGNAL,NONE DETECTED,,1D109491-D762-4AC8-9588-05DF397AD87C,No,NO APPARENT INJURY,N/A,NOT DISTRACTED,MD,B1C40206-D8F5-4C74-A154-BB074B63DC13,SUPERFICIAL,VAN,STOPPED IN TRAFFIC LANE,39.1333,-77.122015,"(39.1333, -77.122015)"
MCP9130002V,16062743,Montgomery County Police,Property Damage Crash,12/07/2016 08:17:00 AM,Maryland (State),UNIVERSITY BLVD E,County,SEEK LA,,N/A,,SAME DIR BOTH LEFT TURN,CLOUDY,WET,DAYLIGHT,NO CONTROLS,NONE DETECTED,,229D7A81-F5E1-43F5-AD19-11EBB92C7251,No,NO APPARENT INJURY,"N/A, WET",NOT DISTRACTED,MD,4B57096F-FF06-4750-B7D3-76C03CA17CD9,DISABLING,PASSENGER CAR,MAKING LEFT TURN,38.99726167,-76.99412,"(38.99726167, -76.99412)"
MCP3026001F,170528447,Montgomery County Police,Injury Crash,09/03/2017 07:21:00 AM,Interstate (State),CABIN JOHN PKWY,Government,CLARA BARTON PKWY,,N/A,,SINGLE VEHICLE,CLEAR,WET,DAYLIGHT,NO CONTROLS,NONE DETECTED,,B6AEA795-CA75-4FAA-87F8-CE15BC65D9B5,Yes,SUSPECTED MINOR INJURY,"N/A, WET",NOT DISTRACTED,MD,3A83BD0F-5A9B-42F4-A371-1182E74EBF62,DISABLING,PASSENGER CAR,NEGOTIATING A CURVE,38.97079351,-77.14647353,"(38.97079351, -77.14647353)"
MCP1220003K,16025815,Montgomery County Police,Injury Crash,05/24/2016 03:22:00 PM,Maryland (State),COLESVILLE RD,Maryland (State),EAST WEST HWY,,N/A,,SAME DIR REAR END,CLEAR,DRY,DAYLIGHT,NO CONTROLS,NONE DETECTED,,7F87DFDE-34E0-494E-92BC-E4359F7A6CEF,Yes,NO APPARENT INJURY,N/A,UNKNOWN,US,93CF204B-102B-4C73-A2AC-F6ABE4BD10C6,FUNCTIONAL,PASSENGER CAR,SLOWING OR STOPPING,38.99392228,-77.0314765,"(38.99392228, -77.0314765)"
MCP2627000V,15065324,MONTGOMERY,Property Damage Crash,12/21/2015 05:11:00 PM,,,,,7125 DEMOCRACY BLVD - ROUNDABOUT FOR MACY'S DEPT STORE,,,SAME DIRECTION LEFT TURN,CLEAR,,DARK LIGHTS ON,NO CONTROLS,NONE DETECTED,,24A736BE-BB78-475A-B337-EEE9CF355812,Yes,NO APPARENT INJURY,N/A,LOOKED BUT DID NOT SEE,MD,206534C8-7DD5-4742-B433-4BDB2FFFF1F3,DISABLING,PASSENGER CAR,MAKING LEFT TURN,39.01657333,-77.11975,"(39.01657333, -77.11975)"
MCP28440020,170513690,Montgomery County Police,Property Damage Crash,06/14/2017 06:07:00 PM,Maryland (State),VEIRS MILL RD,County,FERRARA AVE,,N/A,,SAME DIR REAR END,CLEAR,DRY,DAYLIGHT,TRAFFIC SIGNAL,NONE DETECTED,,691150DA-3B09-498A-B776-C9C54D1B805C,Yes,NO APPARENT INJURY,N/A,LOOKED BUT DID NOT SEE,MD,E8441A53-3900-4B4A-9708-322B667D29C9,SUPERFICIAL,PASSENGER CAR,ACCELERATING,39.05308899,-77.07689703,"(39.05308899, -77.07689703)"
MCP1417006H,17004276,Montgomery County Police,Property Damage Crash,01/25/2017 06:40:00 AM,Maryland (State),WOODFIELD RD,County,EAST VILLAGE AVE,,N/A,,SAME DIR REAR END,CLEAR,DRY,DARK NO LIGHTS,NO CONTROLS,NONE DETECTED,,D06BBCD1-565D-46EA-8FE9-0184633356CA,No,NO APPARENT INJURY,N/A,NOT DISTRACTED,MD,F1CA4801-8C99-444C-A5AD-35115F1FFEF0,FUNCTIONAL,PASSENGER CAR,SLOWING OR STOPPING,39.19164909,-77.15221614,"(39.19164909, -77.15221614)"
MCP1575004B,16062358,Montgomery County Police,Property Damage Crash,12/05/2016 07:34:00 AM,County,CRABBS BRANCH WAY,Unknown,MOCCASIN LA,,N/A,,SAME DIRECTION SIDESWIPE,CLEAR,WET,DAYLIGHT,NO CONTROLS,NONE DETECTED,,D335CBC1-97F5-416D-8D72-384F909FB97A,Yes,NO APPARENT INJURY,"N/A, WET",NOT DISTRACTED,MD,3819B28F-BF53-4ACE-B649-92E56C1F7A73,SUPERFICIAL,PASSENGER CAR,CHANGING LANES,39.118685,-77.15691833,"(39.118685, -77.15691833)"
MCP2853002L,16058269,Montgomery County Police,Property Damage Crash,11/11/2016 09:30:00 PM,Maryland (State),NEW HAMPSHIRE AVE,County,NORTHAMPTON DR,,N/A,,SAME DIR REAR END,CLEAR,DRY,DARK LIGHTS ON,N/A,N/A,,9A3886EA-7F1E-4DCF-A4AF-6C3251B2CBC4,No,NO APPARENT INJURY,N/A,NOT DISTRACTED,MD,F32E166A-5F89-4C98-9AC5-8AAC856F1ED9,DISABLING,PASSENGER CAR,SLOWING OR STOPPING,39.00695167,-76.98083667,"(39.00695167, -76.98083667)"