Report Number,Local Case Number,Agency Name,ACRS Report Type,Crash Date/Time,Route Type,Road Name,Cross-Street Type,Cross-Street Name,Off-Road Description,Municipality,Related Non-Motorist,Collision Type,Weather,Surface Condition,Light,Traffic Control,Driver Substance Abuse,Non-Motorist Substance Abuse,Person ID,Driver At Fault,Injury Severity,Circumstance,Driver Distracted By,Drivers License State,Vehicle ID,Vehicle Damage Extent,Vehicle Body Type,Vehicle Movement,Latitude,Longitude,Location
MCP2749000W,15041528,MONTGOMERY,Injury Crash,08/19/2015 04:57:00 PM,Maryland (State),GEORGIA AVE,County,REEDIE DR,,N/A,,ANGLE MEETS LEFT TURN,BLOWING SNOW,DRY,DAYLIGHT,TRAFFIC SIGNAL,NONE DETECTED,,49C18D5A-9905-4F09-87EA-B5F27F3D496F,No,SUSPECTED MINOR INJURY,N/A,NOT DISTRACTED,MD,4EF5B1C2-A29F-4BAC-9AEC-4B9D53035B2D,DISABLING,PASSENGER CAR,MOVING CONSTANT SPEED,39.03852333,-77.05079167,"(39.03852333, -77.05079167)"
EJ7848000M,15052370,GAITHERSBURG,Injury Crash,10/15/2015 03:48:00 PM,Municipality,RUSSELL AVE,Municipality,LAKE FOREST BLVD,,GAITHERSBURG,,SAME DIR REND LEFT TURN,CLEAR,N/A,DAYLIGHT,NO CONTROLS,N/A,,B4695428-8933-485A-8E22-20181A9F5877,Yes,NO APPARENT INJURY,N/A,NOT DISTRACTED,CO,A6BE25C1-AAD6-4709-82EC-79DC6D337103,FUNCTIONAL,(SPORT) UTILITY VEHICLE,MOVING CONSTANT SPEED,39.15112167,-77.20601333,"(39.15112167, -77.20601333)"
MCP29400017,17014787,Montgomery County Police,Injury Crash,03/23/2017 08:23:00 AM,Maryland (State),WISCONSIN AVE,Unknown,ENT TO PARKING GARAGE,,N/A,,SINGLE VEHICLE,N/A,DRY,DAYLIGHT,N/A,NONE DETECTED,,9F4E1E87-DF58-4D12-95AA-B64A78694E68,Yes,POSSIBLE INJURY,N/A,UNKNOWN,MD,B0FA582C-23D7-40F6-8AF2-8C5E16C794F5,DISABLING,PASSENGER CAR,STARTING FROM PARKED,38.96533833,-77.088025,"(38.96533833, -77.088025)"
MCP2231001V,16007982,Montgomery County Police,Injury Crash,02/17/2016 02:20:00 PM,County,TUCKERMAN LA,County,WESTLAKE DR,,N/A,,HEAD ON,CLEAR,DRY,DAYLIGHT,NO CONTROLS,NONE DETECTED,,87CE4504-2C71-463B-ACC6-0A58D4649F68,Yes,SUSPECTED MINOR INJURY,N/A,UNKNOWN,MD,58C1323E-48D2-413E-AF45-0EC965472423,DISABLING,PASSENGER CAR,MOVING CONSTANT SPEED,39.03774,-77.15458667,"(39.03774, -77.15458667)"
MCP28780020,16043476,Montgomery County Police,Injury Crash,08/26/2016 05:21:00 PM,County,SENECA MEADOWS PKWY,County,OBSERVATION DR,,N/A,,SAME DIR REAR END,CLEAR,DRY,DAYLIGHT,TRAFFIC SIGNAL,NONE DETECTED,,5E38E814-4865-4788-969F-1184A399A0EF,Yes,NO APPARENT INJURY,N/A,TEXTING FROM A CELLULAR PHONE,MD,1E9FA020-DD4E-4D1F-94D2-61B4AAA4FC3D,SUPERFICIAL,PASSENGER CAR,MOVING CONSTANT SPEED,39.19784887,-77.25414678,"(39.19784887, -77.25414678)"
MCP2954001Z,16033125,Montgomery County Police,Property Damage Crash,06/30/2016 02:58:00 PM,Interstate (State),CAPITAL BELTWAY,Unknown,EXIT #28,,N/A,,SAME DIRECTION SIDESWIPE,CLEAR,DRY,DAYLIGHT,NO CONTROLS,UNKNOWN,,7D1FE883-AEC2-424B-A053-E1E01FCF05CF,Yes,NO APPARENT INJURY,N/A,UNKNOWN,,60FEE173-96E5-454D-85A4-8281A5C6B725,UNKNOWN,,MOVING CONSTANT SPEED,39.01910346,-76.97659045,"(39.01910346, -76.97659045)"
MCP2750002R,170515713,Montgomery County Police,Property Damage Crash,06/25/2017 04:20:00 PM,,,,,DRIVEWAY OF 11901 GEORGIA AVE,,,SAME DIR REAR END,CLEAR,,DAYLIGHT,NO CONTROLS,UNKNOWN,,886877CA-C644-49A2-A909-6868FDD26586,Yes,NO APPARENT INJURY,N/A,UNKNOWN,,16A846F4-BAE1-4D32-BB4A-317C509ED80E,UNKNOWN,,UNKNOWN,39.05103209,-77.05103382,"(39.05103209, -77.05103382)"
MCP2001000G,16024805,Montgomery County Police,Property Damage Crash,05/19/2016 06:25:00 AM,County,BRIGGS CHANEY RD,County,GATESHEAD MANOR WAY,,N/A,,HEAD ON LEFT TURN,RAINING,WET,DAWN,TRAFFIC SIGNAL,NONE DETECTED,,341D9889-F463-4164-9385-D49B04B323C0,Yes,NO APPARENT INJURY,"N/A, WET",UNKNOWN,MD,74D41405-8F2A-4E5D-8980-70207507CFE7,SUPERFICIAL,PASSENGER CAR,MAKING U TURN,39.07714658,-76.94259346,"(39.07714658, -76.94259346)"
MCP29700025,16064532,Montgomery County Police,Property Damage Crash,12/16/2016 01:41:00 PM,,,,,11160 VEIRS MILL RD (COSTCO PARKING LOT),,,SAME DIR REAR END,CLOUDY,,DAYLIGHT,NO CONTROLS,N/A,,4C67F63D-6DFE-4035-9C8D-AF92D809E9D8,No,NO APPARENT INJURY,N/A,NOT DISTRACTED,MD,D73C972F-B8FA-4BF0-A731-0C3B6E597B74,SUPERFICIAL,SCHOOL BUS,STARTING FROM LANE,39.035295,-77.05575333,"(39.035295, -77.05575333)"
MCP20590041,170510387,Montgomery County Police,Property Damage Crash,05/28/2017 01:27:00 PM,Maryland (State),CONNECTICUT AVE,Maryland (State),PLYERS MILL RD,,N/A,,HEAD ON LEFT TURN,CLOUDY,WET,DAYLIGHT,TRAFFIC SIGNAL,NONE DETECTED,,39966365-1A96-47CE-B013-28BC02CE2E8D,No,NO APPARENT INJURY,"N/A, WET",NOT DISTRACTED,MD,DAEF1C65-FB1F-407A-8CEA-FA05B02A1CAB,FUNCTIONAL,VAN,MOVING CONSTANT SPEED,39.02964667,-77.07563,"(39.02964667, -77.07563)"
MCP2298009K,16046061,Montgomery County Police,Property Damage Crash,09/08/2016 06:53:00 PM,Maryland (State),FREDERICK RD,County,MIDDLEBROOK RD,,N/A,,STRAIGHT MOVEMENT ANGLE,CLEAR,DRY,DAYLIGHT,STOP SIGN,NONE DETECTED,,A1601888-5804-4C65-A3B2-06D7B13C7F99,No,NO APPARENT INJURY,N/A,NOT DISTRACTED,MD,26988939-A7DC-4A13-8523-6A824434106B,FUNCTIONAL,PASSENGER CAR,STOPPED IN TRAFFIC LANE,39.17920833,-77.238335,"(39.17920833, -77.238335)"
MCP2388000R,16002876,Montgomery County Police,Property Damage Crash,01/15/2016 08:49:00 PM,County,E GUDE DR,County,CRABBS BRANCH WAY,,N/A,,SAME DIR REAR END,RAINING,WET,DARK LIGHTS ON,TRAFFIC SIGNAL,NONE DETECTED,,DE51AC74-7A94-4089-9DE7-2AB65C0CB295,Yes,NO APPARENT INJURY,"RAIN, SNOW, WET",NOT DISTRACTED,MD,F03B7509-884B-40E1-A5B5-2F5993B5A520,SUPERFICIAL,VAN,SLOWING OR STOPPING,39.10640667,-77.1529,"(39.10640667, -77.1529)"
MCP1151003M,15054689,MONTGOMERY,Injury Crash,10/28/2015 08:10:00 AM,County,MIDDLEBROOK RD,County,WARING STATION RD,,N/A,,HEAD ON LEFT TURN,RAINING,WET,DAYLIGHT,TRAFFIC SIGNAL,NONE DETECTED,,A7C3EE18-EEAB-4A24-82D2-119E38E4FFB7,Yes,POSSIBLE INJURY,"RAIN, SNOW, WET",NOT DISTRACTED,MD,D7FB453A-78F9-4807-BA18-FAE750641E68,DISABLING,VAN,MAKING LEFT TURN,39.17491167,-77.253325,"(39.17491167, -77.253325)"
MCP23850017,170503833,Montgomery County Police,Property Damage Crash,04/24/2017 05:35:00 AM,Maryland (State),RIDGE RD,County,WACOMOR DR,,N/A,,SINGLE VEHICLE,RAINING,WET,DARK NO LIGHTS,NO CONTROLS,NONE DETECTED,,80F2906E-20E9-46C3-863F-B75BF0830DB1,Yes,NO APPARENT INJURY,"N/A, RAIN, SNOW",NOT DISTRACTED,MD,96627CD3-633A-4BE7-ADA4-1BEBF499F588,DISABLING,PICKUP TRUCK,MOVING CONSTANT SPEED,39.23068333,-77.23692667,"(39.23068333, -77.23692667)"
MCP26310019,170506313,Montgomery County Police,Property Damage Crash,05/06/2017 03:22:00 PM,Government,CLARA BARTON PKWY,Unknown,SPUR FR MAC ARTHUR BLVD,,N/A,,OTHER,RAINING,WET,DAYLIGHT,NO CONTROLS,NONE DETECTED,,766674CC-18F2-4832-B461-375A52DE07E9,No,NO APPARENT INJURY,N/A,NOT DISTRACTED,MD,17D65D49-5C74-4B15-96D2-E60D03A99712,FUNCTIONAL,PASSENGER CAR,NEGOTIATING A CURVE,38.96378667,-77.13638,"(38.96378667, -77.13638)"
MCP2680001V,15055072,MONTGOMERY,Property Damage Crash,10/29/2015 08:52:00 PM,Maryland (State),GEORGIA AVE,US (State),COLESVILLE RD,,N/A,,SAME DIRECTION SIDESWIPE,CLEAR,DRY,DARK LIGHTS ON,TRAFFIC SIGNAL,NONE DETECTED,,4C9F1871-4FE2-486F-BEF3-41ECF59477A2,No,NO APPARENT INJURY,N/A,NOT DISTRACTED,MD,72601B95-941E-443F-AEA0-46F937CA2D46,FUNCTIONAL,TRANSIT BUS,ACCELERATING,38.99535667,-77.02743167,"(38.99535667, -77.02743167)"
MCP2995001M,170505488,Montgomery County Police,Property Damage Crash,05/02/2017 03:45:00 PM,Maryland (State),NORBECK RD,County,BAUER DR,,N/A,,SAME DIR REAR END,CLEAR,DRY,DAYLIGHT,TRAFFIC SIGNAL,UNKNOWN,,EAD44D72-234D-4286-AFA4-1537E0D9771E,Yes,NO APPARENT INJURY,N/A,UNKNOWN,,62BEFB26-D0E4-4169-9BF9-0AECF8EA0FDC,SUPERFICIAL,PASSENGER CAR,SLOWING OR STOPPING,39.09607118,-77.10985065,"(39.09607118, -77.10985065)"
MCP24980011,17515473,Montgomery County Police,Property Damage Crash,06/24/2017 12:17:00 AM,County,GERMANTOWN RD,Unknown,SHAKESPEARE BLVD,,N/A,,OTHER,CLEAR,DRY,DARK LIGHTS ON,NO CONTROLS,ALCOHOL PRESENT,,E8BC46CA-DCE7-402D-A4FE-338BAEB33C0A,Yes,NO APPARENT INJURY,N/A,NOT DISTRACTED,MD,0F4373A9-CCD8-40CB-B97E-70859B657460,DISABLING,PASSENGER CAR,ACCELERATING,39.19282,-77.23991333,"(39.19282, -77.23991333)"
MCP2740001J,15067148,Montgomery County Police,Injury Crash,12/31/2015 04:10:00 PM,Maryland (State),NEW HAMPSHIRE AVE,County,CHALMERS RD,,N/A,,SAME DIR REAR END,CLEAR,N/A,DAYLIGHT,N/A,NONE DETECTED,,7348DE84-F206-4D9D-B16D-A30546E3D889,Yes,NO APPARENT INJURY,N/A,INATTENTIVE OR LOST IN THOUGHT,MD,40A5F48A-37DC-4693-909F-B49C470C3E7B,FUNCTIONAL,PASSENGER CAR,MOVING CONSTANT SPEED,39.02723543,-76.98197365,"(39.02723543, -76.98197365)"
MCP2717006B,16029798,Montgomery County Police,Property Damage Crash,06/13/2016 03:00:00 PM,County,FRANKLIN ST,County,CEDAR LA,,N/A,,OTHER,CLEAR,DRY,DAYLIGHT,STOP SIGN,NONE DETECTED,,F5134BDE-93D2-480B-8119-8A3948E33CA9,Yes,NO APPARENT INJURY,N/A,LOOKED BUT DID NOT SEE,MD,23E2D95D-5D89-4525-9A59-183CB804F616,SUPERFICIAL,SCHOOL BUS,MAKING RIGHT TURN,39.01970833,-77.08664667,"(39.01970833, -77.08664667)"
MCP27280025,16015770,Montgomery County Police,Property Damage Crash,03/31/2016 06:36:00 PM,Maryland (State),NEW HAMPSHIRE AVE,Unknown,MAHAN RD,,N/A,,SAME DIRECTION SIDESWIPE,CLEAR,DRY,DAYLIGHT,OTHER,NONE DETECTED,,8A24FD8B-F9BB-4C33-86A6-A03DFA4F69AF,No,NO APPARENT INJURY,N/A,NOT DISTRACTED,MD,143FFD0A-85AB-45F9-A024-B86050CF2942,SUPERFICIAL,PASSENGER CAR,MOVING CONSTANT SPEED,39.03372783,-76.98617935,"(39.03372783, -76.98617935)"
MCP2231003L,170529726,Montgomery County Police,Property Damage Crash,09/10/2017 02:21:00 PM,Maryland (State),QUINCE ORCHARD RD,Municipality,FIRSTFIELD RD,,GAITHERSBURG,,HEAD ON LEFT TURN,CLEAR,DRY,DAYLIGHT,NO CONTROLS,NONE DETECTED,,F4462567-2A65-43D6-BD7C-C1827D5D0825,Yes,NO APPARENT INJURY,N/A,LOOKED BUT DID NOT SEE,MD,71E47BF2-524B-46F2-BD37-22BA9BE22388,FUNCTIONAL,PASSENGER CAR,MAKING LEFT TURN,39.14390833,-77.220445,"(39.14390833, -77.220445)"
EJ7847001Y,16035677,Gaithersburg Police Depar,Property Damage Crash,07/14/2016 03:55:00 PM,Municipality,RABBITT RD,Municipality,QUINCE ORCHARD BLVD,,GAITHERSBURG,,SAME DIRECTION SIDESWIPE,CLEAR,DRY,DAYLIGHT,NO CONTROLS,NONE DETECTED,,27308439-BB20-4CF2-9805-C87D3F88AE0C,No,NO APPARENT INJURY,N/A,NOT DISTRACTED,MD,43E13770-3863-4883-93DA-144CAECC2B8B,FUNCTIONAL,PASSENGER CAR,MOVING CONSTANT SPEED,39.14067898,-77.23064661,"(39.14067898, -77.23064661)"
EJ78560029,17005406,Gaithersburg Police Depar,Property Damage Crash,01/31/2017 12:57:00 PM,Maryland (State),S FREDERICK RD,Municipality,S SUMMIT AVE,,GAITHERSBURG,,HEAD ON LEFT TURN,CLEAR,DRY,DAYLIGHT,TRAFFIC SIGNAL,N/A,,C974B3F6-78A2-48D7-9937-17988C2DA878,No,NO APPARENT INJURY,N/A,NOT DISTRACTED,MD,94068874-836C-4B76-A57B-08E130CEEAA6,DESTROYED,PASSENGER CAR,MOVING CONSTANT SPEED,39.13769833,-77.19406167,"(39.13769833, -77.19406167)"
MCP29730015,16013837,MONTGOMERY,Injury Crash,03/21/2016 01:30:00 PM,Maryland (State),CONNECTICUT AVE,County,ATHERTON DR,,N/A,,STRAIGHT MOVEMENT ANGLE,CLEAR,N/A,DAYLIGHT,STOP SIGN,NONE DETECTED,,46808905-0854-4373-9C8E-DEC1DF188F15,No,POSSIBLE INJURY,N/A,NOT DISTRACTED,MD,4CC24CB3-B246-4E7D-882B-A4ED287002D4,FUNCTIONAL,PASSENGER CAR,MOVING CONSTANT SPEED,39.0671097,-77.07503825,"(39.0671097, -77.07503825)"
MCP2946000W,15056224,MONTGOMERY,Injury Crash,11/04/2015 04:30:00 PM,Other Public Roadway,ARORA HILLS DR,County,NEWCUT RD,,N/A,,STRAIGHT MOVEMENT ANGLE,CLEAR,DRY,DAYLIGHT,STOP SIGN,NONE DETECTED,,3A7966E9-EADF-47E5-A07A-9075DAEB812F,No,POSSIBLE INJURY,N/A,NOT DISTRACTED,MD,1E8C3C06-02DA-4C42-ACED-5D88BEB3F768,DISABLING,POLICE VEHICLE/NON EMERGENCY,SLOWING OR STOPPING,39.22791,-77.24774,"(39.22791, -77.24774)"
MCP2704000Q,16053458,Montgomery County Police,Property Damage Crash,10/17/2016 11:39:00 PM,Maryland (State),GEORGIA AVE,County,BEL PRE RD,,N/A,,OTHER,CLEAR,N/A,DARK LIGHTS ON,TRAFFIC SIGNAL,NONE DETECTED,,3A60E9DD-524D-41AC-989E-667915079CCA,No,NO APPARENT INJURY,"N/A, V EXHAUST SYSTEM|R OTHER ROAD",NOT DISTRACTED,MD,040A32A3-6568-4288-854F-CAAA1F727D85,SUPERFICIAL,PASSENGER CAR,MAKING LEFT TURN,39.09382667,-77.07928667,"(39.09382667, -77.07928667)"
MCP2588001B,16001950,Montgomery County Police,Property Damage Crash,01/10/2016 01:30:00 PM,,,,,PARKING LOT OF 14101 GEORGIA AVE,,,SINGLE VEHICLE,CLEAR,,DAYLIGHT,N/A,UNKNOWN,,0928740E-8BF6-4DDA-907C-118D0440C917,Yes,NO APPARENT INJURY,N/A,UNKNOWN,,B88F7D33-02F0-44C9-9123-5D0904CA72A6,UNKNOWN,,ACCELERATING,39.08519167,-77.07823833,"(39.08519167, -77.07823833)"
MCP2656001N,17015477,Montgomery County Police,Property Damage Crash,03/26/2017 04:40:00 PM,County,OLD COLUMBIA PIKE,County,NO NAME,,N/A,,OTHER,N/A,DRY,DAYLIGHT,N/A,NONE DETECTED,,19BFB6A9-B6B5-4B9C-95AA-58E9E1DF51E6,No,NO APPARENT INJURY,N/A,NOT DISTRACTED,MD,691D982B-63F8-4EA4-884E-2ED9AECB3951,FUNCTIONAL,PASSENGER CAR,MOVING CONSTANT SPEED,39.05018667,-76.97993167,"(39.05018667, -76.97993167)"
MCP2639001D,16034133,Montgomery County Police,Property Damage Crash,07/06/2016 05:43:00 AM,County,RANDOLPH RD,Maryland (State),GEORGIA AVE,,N/A,,SAME DIR REAR END,CLEAR,DRY,DAWN,TRAFFIC SIGNAL,NONE DETECTED,,17381829-514C-42C4-92F3-CF497796FC9C,No,NO APPARENT INJURY,N/A,NOT DISTRACTED,MD,3E1EDE6F-C3A1-49CA-BE77-A5188407D1DE,SUPERFICIAL,PASSENGER CAR,STOPPED IN TRAFFIC LANE,39.05813833,-77.04939833,"(39.05813833, -77.04939833)"
MCP2739001C,17016072,Montgomery County Police,Injury Crash,03/29/2017 10:07:00 PM,Maryland (State),NEW HAMPSHIRE AVE,County,POWDER MILL RD,,N/A,,SAME DIR REAR END,CLEAR,N/A,DARK LIGHTS ON,TRAFFIC SIGNAL,ALCOHOL PRESENT,,B61B0B2D-A56B-44E5-BC40-BDB8F20E010E,Yes,NO APPARENT INJURY,N/A,UNKNOWN,MD,F0068506-B6FB-470E-92FF-DD3D20F36E09,FUNCTIONAL,PICKUP TRUCK,MOVING CONSTANT SPEED,39.02130667,-76.97682833,"(39.02130667, -76.97682833)"
MCP06720009,15065195,MONTGOMERY,Property Damage Crash,12/20/2015 11:56:00 PM,County,GAME PRESERVE RD,Unknown,R/R #CSX 140 513 J,,N/A,,SINGLE VEHICLE,CLEAR,DRY,DARK NO LIGHTS,NO CONTROLS,UNKNOWN,,79E8DB78-73AA-4798-AA8D-FABB72D57B0C,Yes,NO APPARENT INJURY,N/A,UNKNOWN,,D4143DF3-BB92-4663-80DD-FE1D0DEEEAEA,NO DAMAGE,PASSENGER CAR,MOVING CONSTANT SPEED,39.15579667,-77.23819167,"(39.15579667, -77.23819167)"
EJ7805000C,15058916,GAITHERSBURG,Property Damage Crash,11/18/2015 03:35:00 PM,Municipality,RUSSELL AVE,Municipality,WATKINS MILL RD,,GAITHERSBURG,,OTHER,CLEAR,DRY,DAYLIGHT,STOP SIGN,NONE DETECTED,,F4F62AF8-435C-481F-8C4D-9792EAE06A09,Yes,NO APPARENT INJURY,N/A,NOT DISTRACTED,DC,3951BAAD-2796-421F-A156-8514ABBB61BA,DISABLING,PICKUP TRUCK,MOVING CONSTANT SPEED,39.15969167,-77.21591167,"(39.15969167, -77.21591167)"
MCP91300018,15034205,MONTGOMERY,Injury Crash,07/12/2015 01:29:00 PM,County,ALLEY,County,DOMER AVE,,N/A,PEDESTRIAN,STRAIGHT MOVEMENT ANGLE,CLEAR,DRY,DAYLIGHT,NO CONTROLS,NONE DETECTED,NONE DETECTED,76FA2471-1F9B-4D7C-B90C-867054E0ACE3,Yes,SUSPECTED MINOR INJURY,N/A,UNKNOWN,MD,9CEFED38-6C6A-41D1-9AD1-B9620D37223C,DISABLING,PASSENGER CAR,BACKING,38.99673667,-77.00256333,"(38.99673667, -77.00256333)"
EJ78570012,17009909,Gaithersburg Police Depar,Property Damage Crash,02/23/2017 11:29:00 PM,Municipality,W DEER PARK RD,Municipality,FAIRBANKS BLVD,,GAITHERSBURG,,SAME DIR REAR END,CLEAR,DRY,DARK LIGHTS ON,NO CONTROLS,N/A,,850A6F8D-E232-4E7C-9123-B071A4746286,No,NO APPARENT INJURY,N/A,NOT DISTRACTED,VA,CAE83348-98DA-4D06-B306-A212BE99A701,FUNCTIONAL,PASSENGER CAR,PARKED,39.13052667,-77.19107,"(39.13052667, -77.19107)"
MCP2370002L,16035522,Montgomery County Police,Property Damage Crash,07/13/2016 07:06:00 PM,US (State),GEORGIA AVE,County,BONIFANT ST,,N/A,,SAME DIRECTION SIDESWIPE,CLEAR,DRY,DAYLIGHT,TRAFFIC SIGNAL,NONE DETECTED,,551526AA-0FF7-4570-83F9-C76896EF432B,No,NO APPARENT INJURY,N/A,NOT DISTRACTED,MD,8D4569F2-D493-41B5-8A3B-882D4B815D11,FUNCTIONAL,(SPORT) UTILITY VEHICLE,STOPPED IN TRAFFIC LANE,38.99291667,-77.02682833,"(38.99291667, -77.02682833)"
MCP2689001Z,16033813,Montgomery County Police,Injury Crash,07/04/2016 12:53:00 PM,Maryland (State),NORBECK RD,Municipality,E GUDE DR,,ROCKVILLE,,SINGLE VEHICLE,CLOUDY,DRY,DAYLIGHT,N/A,NONE DETECTED,,B441B13A-20AB-45CB-8DC0-F9604DA20B64,Yes,SUSPECTED MINOR INJURY,N/A,NOT DISTRACTED,MD,5C94B2A7-4010-4D8B-AE7E-1F9EF8A67AA8,FUNCTIONAL,MOTORCYCLE,MOVING CONSTANT SPEED,39.089685,-77.13053,"(39.089685, -77.13053)"
MCP2237000D,16026995,Montgomery County Police,Property Damage Crash,05/30/2016 09:10:00 PM,County,BEL PRE RD,Unknown,ENT TO APARTMENTS,,N/A,,SAME DIR REAR END,CLEAR,DRY,DARK LIGHTS ON,NO CONTROLS,NONE DETECTED,,8B545B7C-C61A-4C40-843E-0F5C58FAE4B3,Yes,NO APPARENT INJURY,N/A,NOT DISTRACTED,MD,0BBA7B9B-D96A-4881-B839-4BD424E330DD,SUPERFICIAL,PASSENGER CAR,MOVING CONSTANT SPEED,39.09134167,-77.06889333,"(39.09134167, -77.06889333)"
MCP29760017,15049295,MONTGOMERY,Injury Crash,10/02/2015 08:01:00 AM,Maryland (State),UNIVERSITY BLVD E,County,E MELBOURNE AVE,,N/A,,SAME DIR REAR END,CLEAR,DRY,DAYLIGHT,NO CONTROLS,NONE DETECTED,,EE24FD21-45CE-4128-94E7-679BF3AA998E,No,POSSIBLE INJURY,N/A,NOT DISTRACTED,MD,919D225E-D552-430F-B202-55BBE4CED743,FUNCTIONAL,PASSENGER CAR,SLOWING OR STOPPING,39.00977216,-76.99967623,"(39.00977216, -76.99967623)"
MCP2937001T,17005867,Montgomery County Police,Property Damage Crash,02/02/2017 11:00:00 PM,Maryland (State),SANDY SPRING RD,County,MCKNEW RD,,N/A,,SAME DIR REAR END,CLEAR,DRY,DARK LIGHTS ON,TRAFFIC SIGNAL,NONE DETECTED,,D5AD2DBE-3681-4015-AEA0-BB9AFBD9DDB4,No,NO APPARENT INJURY,N/A,NOT DISTRACTED,MD,FEE1DD59-4AA2-4BF4-8159-91ABEE2B554F,DISABLING,PASSENGER CAR,STOPPED IN TRAFFIC LANE,39.10633914,-76.91869631,"(39.10633914, -76.91869631)"
EJ7851001R,16054915,Gaithersburg Police Depar,Property Damage Crash,10/25/2016 01:16:00 PM,Municipality,FIRSTFIELD RD,Maryland (State),CLOPPER RD,,N/A,,STRAIGHT MOVEMENT ANGLE,CLEAR,DRY,DAYLIGHT,STOP SIGN,NONE DETECTED,,A0ADF22D-4123-4958-9CE7-CF5E3EAF4B36,No,NO APPARENT INJURY,N/A,NOT DISTRACTED,MD,501C71D5-631A-47DF-BC48-A79C49274475,DISABLING,PASSENGER CAR,MOVING CONSTANT SPEED,39.14493934,-77.22281456,"(39.14493934, -77.22281456)"
MCP2396001M,16047773,Montgomery County Police,Property Damage Crash,09/17/2016 11:10:00 AM,County,ASPEN HILL RD,Maryland (State),CONNECTICUT AVE,,N/A,,STRAIGHT MOVEMENT ANGLE,CLEAR,DRY,DAYLIGHT,NO CONTROLS,NONE DETECTED,,884E42B1-0489-4538-B871-ADB880F8C115,Yes,NO APPARENT INJURY,N/A,LOOKED BUT DID NOT SEE,MD,D075BD4B-99B1-4740-AB65-E9D7C12CF2AE,SUPERFICIAL,(SPORT) UTILITY VEHICLE,OTHER,39.08021775,-77.08032891,"(39.08021775, -77.08032891)"
MCP2720002H,16052941,Montgomery County Police,Property Damage Crash,10/14/2016 09:31:00 PM,County,GLENALLAN AVE,County,RANDOLPH RD,,N/A,,OTHER,CLEAR,DRY,DARK LIGHTS ON,TRAFFIC SIGNAL,NONE DETECTED,,2E488E5C-CCFD-489F-886A-4441FA23964E,No,NO APPARENT INJURY,N/A,NOT DISTRACTED,MD,34295552-A96B-44FD-A3F2-C288174CDFC0,FUNCTIONAL,PASSENGER CAR,MOVING CONSTANT SPEED,39.06127833,-77.04554,"(39.06127833, -77.04554)"
MCP28940019,15057249,MONTGOMERY,Property Damage Crash,11/10/2015 08:15:00 AM,Maryland (State),OLD GEORGETOWN RD,County,LONE OAK DR,,N/A,,SAME DIR REAR END,RAINING,WET,DAYLIGHT,NO CONTROLS,NONE DETECTED,,A18D64E1-FC43-42C9-8954-45A884CF2F2C,Yes,NO APPARENT INJURY,"SLEET, HAIL, FREEZ. RAIN, WET",DISTRACTED BY OUTSIDE PERSON OBJECT OR EVENT,MD,7D154422-D974-4A3F-87AD-37AC35BD07AF,DISABLING,PASSENGER CAR,CHANGING LANES,39.01977,-77.12166333,"(39.01977, -77.12166333)"
MCP2645000K,15052816,MONTGOMERY,Injury Crash,10/17/2015 11:55:00 PM,Maryland (State),GEORGIA AVE,County,BELVEDERE BLVD,,N/A,,STRAIGHT MOVEMENT ANGLE,CLEAR,DRY,DARK LIGHTS ON,NO CONTROLS,NONE DETECTED,,C70B1430-0281-4C7A-8280-B711B6CF16FE,No,SUSPECTED MINOR INJURY,N/A,NOT DISTRACTED,MD,A6747122-5661-49D6-90A5-F841BB28BC78,DESTROYED,PASSENGER CAR,MAKING LEFT TURN,39.01933373,-77.0442009,"(39.01933373, -77.0442009)"
MCP2385000P,16012022,MONTGOMERY,Injury Crash,03/10/2016 11:03:00 PM,Other Public Roadway,ARORA HILLS DR,County,NEWCUT RD,,N/A,OTHER CONVEYANCE,SINGLE VEHICLE,CLEAR,DRY,DARK LIGHTS ON,NO CONTROLS,ALCOHOL CONTRIBUTED,NONE DETECTED,29D97653-3902-4C9D-BC98-06CB80C3ACE6,Yes,NO APPARENT INJURY,N/A,NOT DISTRACTED,MD,74FF67FD-DF17-4C59-B298-0F626199301A,FUNCTIONAL,PASSENGER CAR,MAKING LEFT TURN,39.23046833,-77.248095,"(39.23046833, -77.248095)"
MCP2829001S,15064595,MONTGOMERY,Injury Crash,12/17/2015 10:19:00 PM,Maryland (State),PINEY BRANCH RD,Other Public Roadway,KODIAK DR,,N/A,,SAME DIR REAR END,CLEAR,WET,DARK LIGHTS ON,OTHER,NONE DETECTED,,E05E3CB9-18B3-469F-93DC-EBF76C6F9BC9,No,NO APPARENT INJURY,"V WIPERS|W OTHER ENVIRONMENTAL, WET",NOT DISTRACTED,DC,1841488C-7540-4327-B01C-B0AF67E69C26,FUNCTIONAL,PASSENGER CAR,SLOWING OR STOPPING,38.99973833,-76.993155,"(38.99973833, -76.993155)"
MCP2247001J,17001220,Montgomery County Police,Property Damage Crash,01/07/2017 08:28:00 PM,County,OLD COLUMBIA PIKE,County,HIDDEN VALLEY DR,,N/A,,ANGLE MEETS LEFT TURN,CLEAR,ICE,DARK LIGHTS ON,NO CONTROLS,NONE DETECTED,,F461B8DE-E270-4059-8727-CE6188D632AA,Yes,NO APPARENT INJURY,"ICY OR SNOW-COVERED, V WIPERS|W OTHER ENVIRONMENTAL",LOOKED BUT DID NOT SEE,MD,A826E3D5-B9CA-4791-ADBF-6C9692982F22,FUNCTIONAL,(SPORT) UTILITY VEHICLE,MAKING U TURN,39.07451881,-76.95869207,"(39.07451881, -76.95869207)"