Report Number,Local Case Number,Agency Name,ACRS Report Type,Crash Date/Time,Route Type,Road Name,Cross-Street Type,Cross-Street Name,Off-Road Description,Municipality,Related Non-Motorist,Collision Type,Weather,Surface Condition,Light,Traffic Control,Driver Substance Abuse,Non-Motorist Substance Abuse,Person ID,Driver At Fault,Injury Severity,Circumstance,Driver Distracted By,Drivers License State,Vehicle ID,Vehicle Damage Extent,Vehicle Body Type,Vehicle Movement,Latitude,Longitude,Location
MCP2832001R,15062007,MONTGOMERY,Property Damage Crash,12/04/2015 05:04:00 PM,Maryland (State),EAST WEST HWY,County,GLENGALEN LA,,N/A,,SAME DIRECTION SIDESWIPE,CLEAR,DRY,DARK LIGHTS ON,N/A,NONE DETECTED,,7AE2B1AE-3556-4ECE-AE32-060DB6F97874,Yes,NO APPARENT INJURY,N/A,UNKNOWN,MD,FA8BC57E-4ECA-4B5F-9627-851C1FFB87A4,FUNCTIONAL,PASSENGER CAR,MOVING CONSTANT SPEED,38.99176167,-77.06801167,"(38.99176167, -77.06801167)"
MCP3012000G,16005278,Montgomery County Police,Injury Crash,02/02/2016 07:51:00 AM,County,RANDOLPH RD,County,DEWEY RD,,N/A,,OTHER,CLEAR,ICE,DAYLIGHT,NO CONTROLS,NONE DETECTED,,0FB8735B-FD18-4336-91F7-68735CAE6F4D,No,NO APPARENT INJURY,"ICY OR SNOW-COVERED, N/A",NOT DISTRACTED,MD,DA2674BC-C92A-4AE5-9D57-68F7DBD2221A,FUNCTIONAL,(SPORT) UTILITY VEHICLE,MOVING CONSTANT SPEED,39.05343162,-77.08940282,"(39.05343162, -77.08940282)"
MCP2847000Z,15032141,MONTGOMERY,Injury Crash,07/01/2015 09:40:00 AM,County,CONNECTICUT AVE,Maryland (State),GEORGIA AVE,,N/A,,HEAD ON LEFT TURN,CLEAR,N/A,DAYLIGHT,NO CONTROLS,NONE DETECTED,,2007675E-640C-44AC-A510-B5C791E1863C,Yes,POSSIBLE INJURY,N/A,LOOKED BUT DID NOT SEE,MD,E814CE42-978E-4307-B345-51DAAA18C0CB,DISABLING,PASSENGER CAR,MAKING LEFT TURN,39.08427,-77.07639667,"(39.08427, -77.07639667)"
MCP28400014,17050480,Montgomery County Police,Property Damage Crash,04/27/2017 06:00:00 PM,Maryland (State),NEW HAMPSHIRE AVE,County,SHAW AVE E,,N/A,,SAME DIR REAR END,N/A,N/A,DAYLIGHT,NO CONTROLS,N/A,,A8D1927A-2119-46DF-A5E4-A9AF4A5AC78C,No,NO APPARENT INJURY,N/A,NOT DISTRACTED,MD,2E5B7649-D536-4D4A-8236-BAFCB1DEBE43,SUPERFICIAL,PASSENGER CAR,MOVING CONSTANT SPEED,39.06878816,-77.00289488,"(39.06878816, -77.00289488)"
MCP2497000M,16063748,Montgomery County Police,Property Damage Crash,12/12/2016 12:31:00 PM,Maryland (State),RIVER RD,County,MAIDENS BOWER DR,,N/A,,SAME DIRECTION LEFT TURN,CLOUDY,WET,DAYLIGHT,NO CONTROLS,NONE DETECTED,,9D6F2FD1-A647-424C-817E-313175E93895,No,NO APPARENT INJURY,"N/A, WET",NOT DISTRACTED,MD,5188699D-C89E-4760-AE22-A3990FA79FBB,DISABLING,PASSENGER CAR,MAKING LEFT TURN,39.06359167,-77.29252833,"(39.06359167, -77.29252833)"
MCP30440016,170509416,Montgomery County Police,Injury Crash,05/23/2017 02:27:00 PM,US (State),COLUMBIA PIKE,Unknown,ENT TO BUSINESS,,N/A,,OTHER,CLEAR,DRY,DAYLIGHT,TRAFFIC SIGNAL,NONE DETECTED,,504919BE-90CA-416F-8285-84A3E53AFA86,No,POSSIBLE INJURY,N/A,NOT DISTRACTED,MD,E2B189BE-512E-43DC-B2D8-7DBD56AD32F5,DISABLING,(SPORT) UTILITY VEHICLE,MOVING CONSTANT SPEED,39.0316,-77.00443333,"(39.0316, -77.00443333)"
MCP1022002Y,15037882,MONTGOMERY,Property Damage Crash,07/31/2015 10:31:00 AM,Maryland (State),RIDGE RD,Unknown,ENT TO SHOPPING CENTER,,N/A,,HEAD ON LEFT TURN,CLEAR,DRY,DAYLIGHT,NO CONTROLS,NONE DETECTED,,6AE8C06E-13F2-4A09-9C40-A2045EEFFCBF,Yes,NO APPARENT INJURY,N/A,NOT DISTRACTED,MD,2C4EDDCD-4D89-4674-B974-4CAE480EE711,DISABLING,PASSENGER CAR,MAKING LEFT TURN,39.28552833,-77.20921333,"(39.28552833, -77.20921333)"
MCP24370029,17010027,Montgomery County Police,Injury Crash,02/24/2017 03:54:00 PM,County,RANDOLPH RD,County,BUSHEY DR,,N/A,,STRAIGHT MOVEMENT ANGLE,CLEAR,DRY,DAYLIGHT,STOP SIGN,NONE DETECTED,,E0B8368C-7AD9-4D80-BCC5-D3BC026BC2C1,Yes,SUSPECTED MINOR INJURY,N/A,NOT DISTRACTED,MD,4EF7FAF3-58A7-41AD-A860-F3F5EE91DE29,DISABLING,(SPORT) UTILITY VEHICLE,MAKING LEFT TURN,39.05746167,-77.07802,"(39.05746167, -77.07802)"
MCP2314000C,15050155,MONTGOMERY,Property Damage Crash,10/03/2015 04:30:00 PM,,LINDA VIEW LANE,,LINDSAY HILL TERRACE,,N/A,,OTHER,RAINING,WET,DAYLIGHT,N/A,N/A,,351B6714-B861-4606-902A-37D1AF90942D,Yes,NO APPARENT INJURY,N/A,NOT DISTRACTED,MD,269DCF6B-27EF-4D6F-8211-FC5FBDEA90F9,SUPERFICIAL,POLICE VEHICLE/NON EMERGENCY,BACKING,39.06059121,-77.15967268,"(39.06059121, -77.15967268)"
MCP2946000P,15040009,MONTGOMERY,Property Damage Crash,08/11/2015 03:14:00 PM,County,WATERCRESS CIR,County,SONGBIRD LA,,N/A,,SAME DIR REAR END,CLEAR,DRY,DAYLIGHT,NO CONTROLS,NONE DETECTED,,6184C3B9-4C03-4D66-BB88-97095A186CED,Yes,NO APPARENT INJURY,N/A,UNKNOWN,MD,D0B24CF3-DBF9-4614-A9FA-22A4882577A6,SUPERFICIAL,"CARGO VAN/LIGHT TRUCK 2 AXLES (OVER 10,000LBS (4,536 KG))",STARTING FROM PARKED,39.20478167,-77.247765,"(39.20478167, -77.247765)"
MCP1257000K,15063840,MONTGOMERY,Injury Crash,12/14/2015 01:09:00 PM,Maryland (State),GREAT SENECA HWY,Unknown,COTTAGE GARDEN DR,,N/A,,STRAIGHT MOVEMENT ANGLE,CLOUDY,DRY,DAYLIGHT,TRAFFIC SIGNAL,NONE DETECTED,,87161CDE-922F-4852-9A05-115F11C8228B,Yes,NO APPARENT INJURY,N/A,NOT DISTRACTED,MD,1BF3B365-C6C0-4F2C-923E-A513AF326CF3,DISABLING,PASSENGER CAR,MOVING CONSTANT SPEED,39.15358,-77.27815833,"(39.15358, -77.27815833)"
MCP2162001D,15065328,Montgomery County Police,Property Damage Crash,12/21/2015 05:10:00 PM,County,NORWOOD RD,Maryland (State),NEW HAMPSHIRE AVE,,N/A,,SAME DIR REAR END,CLEAR,DRY,DARK LIGHTS ON,NO CONTROLS,N/A,,496235A6-89A1-4B52-9BFA-C0E48ACD86AD,Yes,NO APPARENT INJURY,N/A,INATTENTIVE OR LOST IN THOUGHT,MD,35693049-A52E-49BA-BB8E-BBCFAC73BD5D,DISABLING,PASSENGER CAR,SLOWING OR STOPPING,39.10750667,-77.00400333,"(39.10750667, -77.00400333)"
MCP2964001K,16031772,Montgomery County Police,Injury Crash,06/23/2016 03:50:00 PM,Maryland (State),CLOPPER RD,Other Public Roadway,ALLSPICE RD,,N/A,,SAME DIR REAR END,CLOUDY,DRY,DAYLIGHT,NO CONTROLS,NONE DETECTED,,F62DAADB-A490-4531-97D5-0F1D629180F0,Yes,SUSPECTED MINOR INJURY,N/A,UNKNOWN,MD,102BC2A0-70BB-42C2-8F06-263413C6E90F,DISABLING,PASSENGER CAR,SLOWING OR STOPPING,39.15542273,-77.26109505,"(39.15542273, -77.26109505)"
MCP2871003N,16060617,Montgomery County Police,Property Damage Crash,11/25/2016 06:47:00 PM,County,FERNWOOD RD,County,ROCKLEDGE DR,,N/A,,SAME DIR REAR END,CLEAR,DRY,DARK NO LIGHTS,TRAFFIC SIGNAL,NONE DETECTED,,01BBA5DE-9651-4940-9C84-F31ECC657BB1,No,NO APPARENT INJURY,N/A,NOT DISTRACTED,MD,31665FA7-E9E3-4C82-B757-9123E2B9082B,FUNCTIONAL,PASSENGER CAR,SLOWING OR STOPPING,39.02620333,-77.13921333,"(39.02620333, -77.13921333)"
MCP3003000L,16047988,Montgomery County Police,Injury Crash,09/18/2016 11:07:00 PM,County,WHEATFIELD DR,County,HARVEST MILLS LA,,N/A,,HEAD ON,CLEAR,DRY,DUSK,NO CONTROLS,NONE DETECTED,,5AB50AF7-EB13-4AF5-BBE7-6326E618FF17,Yes,SUSPECTED MINOR INJURY,N/A,OTHER DISTRACTION,MD,99DC86ED-F3BD-463E-A35B-9DB98BE88E22,DISABLING,PASSENGER CAR,OTHER,39.17076746,-77.23366007,"(39.17076746, -77.23366007)"
MCP0936001H,16013974,MONTGOMERY,Property Damage Crash,03/22/2016 09:02:00 AM,Government,BEACH DR,County,CEDAR LA,,N/A,,STRAIGHT MOVEMENT ANGLE,CLEAR,DRY,DAYLIGHT,TRAFFIC SIGNAL,NONE DETECTED,,D480BEDB-FE3E-4DB6-BB86-1DB92F3B738D,Yes,NO APPARENT INJURY,N/A,NOT DISTRACTED,MD,4C9E523B-536F-4C22-BB91-7A33877FD73F,DISABLING,PASSENGER CAR,MOVING CONSTANT SPEED,39.0144239,-77.09965825,"(39.0144239, -77.09965825)"
DD56060035,16017507,Rockville Police Departme,Property Damage Crash,04/10/2016 12:21:00 PM,,,,,PARKING GARAGE 100 1ST STREET,,,HEAD ON,N/A,,DAYLIGHT,NO CONTROLS,NONE DETECTED,,D2A65C83-C97B-4B96-BBE8-7B56D791A203,No,NO APPARENT INJURY,N/A,NOT DISTRACTED,MD,655A2C45-1BDE-45B0-A03F-B0D25D47EA26,SUPERFICIAL,PASSENGER CAR,SLOWING OR STOPPING,39.0788,-77.13922167,"(39.0788, -77.13922167)"
EJ78560037,170517223,Gaithersburg Police Depar,Property Damage Crash,07/04/2017 05:25:00 AM,Maryland (State),QUINCE ORCHARD RD,Ramp,RAMP 4 FR IS 270 NB TO MD 124 EB,,N/A,,SAME DIR REAR END,CLEAR,DRY,DAWN,FLASHING TRAFFIC SIGNAL,N/A,,19B7150F-B656-4EBB-A0A3-CF7B9CBB73E7,Yes,NO APPARENT INJURY,N/A,UNKNOWN,MD,2BB1B905-EC85-460C-846F-DCACCF39209F,DESTROYED,PASSENGER CAR,MOVING CONSTANT SPEED,39.14972667,-77.21465167,"(39.14972667, -77.21465167)"
MCP2891001W,16007072,Montgomery County Police,Injury Crash,02/11/2016 10:31:00 AM,US (State),GEORGIA AVE,County,ELLSWORTH DR,,N/A,,SAME DIR REAR END,CLEAR,DRY,DAYLIGHT,TRAFFIC SIGNAL,NONE DETECTED,,D0307586-1E31-446F-A6F9-E51E0378202B,Yes,NO APPARENT INJURY,N/A,INATTENTIVE OR LOST IN THOUGHT,MD,B0189884-3E81-4D1B-9DE1-2908D58CEB45,SUPERFICIAL,PASSENGER CAR,SLOWING OR STOPPING,38.995221,-77.02733919,"(38.995221, -77.02733919)"
EJ7833000V,15040784,GAITHERSBURG,Property Damage Crash,08/15/2015 04:02:00 PM,Municipality,W DEER PARK RD,Municipality,SUNNYSIDE CT,,GAITHERSBURG,,SAME DIRECTION LEFT TURN,CLEAR,DRY,DAYLIGHT,NO CONTROLS,NONE DETECTED,,113ACE9B-9429-47BF-9169-45F2A0A54477,No,NO APPARENT INJURY,N/A,NOT DISTRACTED,MD,05558E07-838C-487C-8356-77F46AC6AB3C,DISABLING,PASSENGER CAR,MOVING CONSTANT SPEED,39.13201333,-77.20215833,"(39.13201333, -77.20215833)"
MCP29400016,17011768,Montgomery County Police,Property Damage Crash,03/06/2017 09:30:00 AM,Maryland (State),EAST WEST HWY,County,ELLINGSON DR,,N/A,,SAME DIRECTION SIDESWIPE,CLEAR,DRY,DAYLIGHT,N/A,NONE DETECTED,,65E1ADD5-C50A-4CF2-9425-AC36B4530891,Unknown,NO APPARENT INJURY,N/A,NOT DISTRACTED,MD,3174D752-25C6-48B1-9852-CF6B54200636,SUPERFICIAL,VAN,MOVING CONSTANT SPEED,38.99246093,-77.05554396,"(38.99246093, -77.05554396)"
MCP9130003P,170522522,Montgomery County Police,Property Damage Crash,08/02/2017 01:16:00 PM,Maryland (State),NEW HAMPSHIRE AVE,County,CHALMERS RD,,N/A,,SAME DIR REAR END,N/A,DRY,DAYLIGHT,TRAFFIC SIGNAL,NONE DETECTED,,A49C0F56-83D7-4EF1-A8C0-3F16B70AEE02,Yes,NO APPARENT INJURY,"N/A, ROAD UNDER CONSTRUCTION/MAINTENANCE",DISTRACTED BY OUTSIDE PERSON OBJECT OR EVENT,MD,7FCB0430-ED39-4405-A2E0-AA013301F010,FUNCTIONAL,(SPORT) UTILITY VEHICLE,MOVING CONSTANT SPEED,39.03030333,-76.98359833,"(39.03030333, -76.98359833)"
MCP2753001X,17006115,Montgomery County Police,Injury Crash,02/04/2017 09:26:00 AM,County,CONNECTICUT AVE,County,BEL PRE RD,,N/A,,ANGLE MEETS LEFT HEAD ON,N/A,DRY,DAYLIGHT,STOP SIGN,NONE DETECTED,,76142E32-3FED-4BCF-9944-E2D7B5282C83,Yes,NO APPARENT INJURY,N/A,LOOKED BUT DID NOT SEE,MD,955955B1-B637-4041-A9E9-0FFC3072DA8F,FUNCTIONAL,PASSENGER CAR,MAKING LEFT TURN,39.05814,-77.04847667,"(39.05814, -77.04847667)"
MCP1519000D,15037518,MONTGOMERY,Injury Crash,07/29/2015 01:07:00 PM,County,E GUDE DR,County,DOVER RD,,N/A,,SAME DIR REAR END,RAINING,WET,DAYLIGHT,TRAFFIC SIGNAL,NONE DETECTED,,3954F253-6E3B-4D2B-A4E6-33CE477D3868,Yes,NO APPARENT INJURY,"N/A, WET",UNKNOWN,MD,E3F45244-B483-4E62-BA31-F5B9920E64E4,DISABLING,PASSENGER CAR,SLOWING OR STOPPING,39.09990961,-77.13953733,"(39.09990961, -77.13953733)"
MCP2667002Y,16045514,Montgomery County Police,Property Damage Crash,09/06/2016 11:01:00 AM,Maryland (State),FREDERICK RD,Maryland (State),MONTGOMERY VILLAGE AVE,,N/A,,SAME DIRECTION SIDESWIPE,CLEAR,DRY,DAYLIGHT,NO CONTROLS,NONE DETECTED,,F0F1BD3C-3D7B-46C6-B07C-132C8BC70D3D,No,NO APPARENT INJURY,N/A,NOT DISTRACTED,MD,6EA5215E-0E78-49B6-B3FA-B959FD500330,DISABLING,PASSENGER CAR,SLOWING OR STOPPING,39.15286667,-77.21264667,"(39.15286667, -77.21264667)"
MCP27970018,16054331,Montgomery County Police,Property Damage Crash,10/21/2016 09:53:00 PM,Maryland (State),UNIVERSITY BLVD W,County,AMHERST AVE,,N/A,,SAME DIR REAR END,CLEAR,DRY,DARK LIGHTS ON,NO CONTROLS,ALCOHOL PRESENT,,212FCAAB-526E-473E-9ECE-E66A45C5B0E7,Yes,NO APPARENT INJURY,N/A,OTHER DISTRACTION,MD,FD79E578-104D-4776-9679-05A57003ABD7,SUPERFICIAL,PASSENGER CAR,MOVING CONSTANT SPEED,39.04121,-77.04859,"(39.04121, -77.04859)"
EJ7826001G,17005559,Gaithersburg Police Depar,Injury Crash,02/01/2017 08:56:00 AM,Interstate (State),EISENHOWER MEMORIAL HWY,Ramp,RAMP 8 FR IS 270 SB TO MD 124 WB,,N/A,,SAME DIR REAR END,CLOUDY,DRY,DAYLIGHT,N/A,N/A,,9840DBA6-53FF-4138-9C92-A168F748846B,No,NO APPARENT INJURY,N/A,NOT DISTRACTED,MD,9A69CC3B-4B3D-4295-A2EC-429A72A2F032,FUNCTIONAL,PASSENGER CAR,STOPPED IN TRAFFIC LANE,39.16034,-77.23175833,"(39.16034, -77.23175833)"
MCP1202001M,16043791,Montgomery County Police,Injury Crash,08/28/2016 09:07:00 AM,Maryland (State),RIVER RD,County,NEVIS RD,,N/A,,STRAIGHT MOVEMENT ANGLE,CLEAR,DRY,DAYLIGHT,TRAFFIC SIGNAL,NONE DETECTED,,F613784C-558D-41DB-AE7B-2A686D27A5FE,Yes,POSSIBLE INJURY,N/A,NOT DISTRACTED,MD,E7CBE7CA-FE47-4D93-ACEA-D28C2472F415,DISABLING,OTHER,ACCELERATING,38.98611167,-77.14326167,"(38.98611167, -77.14326167)"
MCP29040034,170501110,Montgomery County Police,Property Damage Crash,04/08/2017 04:38:00 PM,Maryland (State),PINEY BRANCH RD,County,CARROLL AVE,,N/A,,STRAIGHT MOVEMENT ANGLE,N/A,DRY,DAYLIGHT,NO CONTROLS,NONE DETECTED,,FEFE445A-982E-4184-914B-4A26411762BD,No,NO APPARENT INJURY,N/A,NOT DISTRACTED,DC,90A0C37E-EE47-43A1-915B-74D8BB4BDC71,DISABLING,MOTORCYCLE,SLOWING OR STOPPING,39.00133167,-76.98816167,"(39.00133167, -76.98816167)"
DD55270016,17012264,Rockville Police Departme,Property Damage Crash,03/08/2017 05:41:00 PM,Maryland (State),VEIRS MILL RD,Maryland (State),DODGE ST,,N/A,,SAME DIR REAR END,CLEAR,DRY,DAYLIGHT,NO CONTROLS,NONE DETECTED,,FBCB1037-9E2C-44EF-BA16-802A4B984704,No,NO APPARENT INJURY,N/A,NOT DISTRACTED,MD,57C31A4C-21D1-4EBC-8323-1CFEEF82B754,DISABLING,PASSENGER CAR,STOPPED IN TRAFFIC LANE,39.080802,-77.143059,"(39.080802, -77.143059)"
MCP2239000K,16048055,Montgomery County Police,Property Damage Crash,09/19/2016 09:23:00 AM,County,S GLEN RD,County,GLEN RD,,N/A,,OPPOSITE DIR BOTH LEFT TURN,CLOUDY,WET,DAYLIGHT,NO CONTROLS,NONE DETECTED,,063FD2F1-D1F4-457D-9AF5-C07BEDC6C5A5,No,NO APPARENT INJURY,"RAIN, SNOW, WET",NOT DISTRACTED,DC,8645B78D-1C56-43A7-B12E-40E8A524232C,SUPERFICIAL,PASSENGER CAR,SLOWING OR STOPPING,39.04822,-77.226218,"(39.04822, -77.226218)"
MCP2314000D,15052790,MONTGOMERY,Injury Crash,10/17/2015 07:10:00 PM,County,WHITES FERRY RD,County,WASCHE RD,,N/A,,STRAIGHT MOVEMENT ANGLE,CLOUDY,DRY,DARK NO LIGHTS,STOP SIGN,ALCOHOL CONTRIBUTED,,AB915993-9777-49E4-925B-1A52B52A28D9,Yes,SUSPECTED MINOR INJURY,N/A,NOT DISTRACTED,VA,BBB555D8-AD0E-4188-AC33-3CC1C4AAE30A,DISABLING,(SPORT) UTILITY VEHICLE,SLOWING OR STOPPING,39.15871718,-77.45219707,"(39.15871718, -77.45219707)"
MCP2247000Z,15056849,MONTGOMERY,Property Damage Crash,11/07/2015 06:39:00 PM,US (State),COLUMBIA PIKE,County,BLACKBURN RD,,N/A,,SAME DIR REAR END,CLEAR,DRY,DARK LIGHTS ON,TRAFFIC SIGNAL,UNKNOWN,,98FF6D1B-B0AD-41B7-89E2-0A0D4CE19818,Yes,NO APPARENT INJURY,N/A,UNKNOWN,MD,5D2DDE18-2F01-4F92-A04D-6431A2E7620C,SUPERFICIAL,PASSENGER CAR,SLOWING OR STOPPING,39.10413289,-76.93305954,"(39.10413289, -76.93305954)"
MCP2853000T,15006818,Montgomery County Police,Property Damage Crash,02/10/2015 07:41:00 PM,,,,,Parking spaces in fron of 8735 Flower Avenue,,,SAME DIR REAR END,CLEAR,,DARK LIGHTS ON,NO CONTROLS,N/A,,3D9F8648-BF5E-442E-916A-E6A86AA5197F,Yes,NO APPARENT INJURY,N/A,NOT DISTRACTED,MD,005BAAA6-CF10-40F8-913C-85E494AE3813,NO DAMAGE,PASSENGER CAR,PARKED,39.00005921,-77.00399995,"(39.00005921, -77.00399995)"
EJ7856001D,16024701,Gaithersburg Police Depar,Property Damage Crash,05/18/2016 01:53:00 PM,Maryland (State),FREDERICK RD,Municipality,ODENDHAL AVE,,GAITHERSBURG,,SAME DIR REAR END,CLEAR,DRY,DAYLIGHT,NO CONTROLS,N/A,,31DBD6E2-AF45-4D00-9EC3-EF856BCBE262,No,NO APPARENT INJURY,N/A,NOT DISTRACTED,CA,B31F29DD-8FEA-484F-A061-2AC5D818229C,SUPERFICIAL,PASSENGER CAR,STOPPED IN TRAFFIC LANE,39.14950667,-77.20681833,"(39.14950667, -77.20681833)"
MCP2964001N,16037188,Montgomery County Police,Injury Crash,07/22/2016 06:03:00 PM,Maryland (State),FREDERICK RD,County,SHAKESPEARE BLVD,,N/A,,SAME DIR REAR END,CLOUDY,DRY,DAYLIGHT,NO CONTROLS,NONE DETECTED,,3AC14E14-DD90-44A2-925F-538499D350CD,Yes,SUSPECTED MINOR INJURY,N/A,OTHER DISTRACTION,MD,5BAA0A05-7356-42EB-B3B3-51677DD1ED26,SUPERFICIAL,PASSENGER CAR,SLOWING OR STOPPING,39.19843192,-77.24500582,"(39.19843192, -77.24500582)"
MCP2386001F,170510419,Montgomery County Police,Injury Crash,05/28/2017 04:22:00 PM,Maryland (State),NEW HAMPSHIRE AVE,County,POWDER MILL RD,,N/A,,SAME DIR REAR END,CLOUDY,WET,DAYLIGHT,TRAFFIC SIGNAL,NONE DETECTED,,35E9D04E-6872-458F-A57D-1C94ACC7A750,Yes,NO APPARENT INJURY,"N/A, WET",NOT DISTRACTED,MD,D50AD40E-BFC9-43F2-A308-10AE36466883,FUNCTIONAL,PASSENGER CAR,MOVING CONSTANT SPEED,39.0222803,-76.97736561,"(39.0222803, -76.97736561)"
MCP2046003F,15005459,Montgomery County Police,Property Damage Crash,02/03/2015 12:09:00 PM,County,CALVERTON BLVD,County,GRACEFIELD RD,,N/A,,STRAIGHT MOVEMENT ANGLE,CLEAR,DRY,DAYLIGHT,STOP SIGN,NONE DETECTED,,22E277EE-51FD-4355-9AD7-ABE718EBCB73,Yes,NO APPARENT INJURY,N/A,NOT DISTRACTED,MD,43752ED3-D0F0-443D-A577-D64783A2779F,DISABLING,PASSENGER CAR,STARTING FROM LANE,39.05707333,-76.95093667,"(39.05707333, -76.95093667)"
MCP137800B2,16032902,Montgomery County Police,Property Damage Crash,06/29/2016 01:47:00 PM,County,SHADY GROVE RD,County,EPSILON DR,,N/A,,STRAIGHT MOVEMENT ANGLE,CLEAR,DRY,DAYLIGHT,TRAFFIC SIGNAL,NONE DETECTED,,BF13ADEE-F55A-4AC5-A42D-AA95130C931C,No,NO APPARENT INJURY,N/A,NOT DISTRACTED,MD,2DB75D9E-6E43-4B27-8E23-5954011239F5,SUPERFICIAL,PASSENGER CAR,STOPPED IN TRAFFIC LANE,39.13839,-77.15385833,"(39.13839, -77.15385833)"
MCP14650019,15008862,Montgomery County Police,Property Damage Crash,02/24/2015 08:42:00 AM,,,,,PARKING LOT OF 14919 SHADY GROVE RD,,,STRAIGHT MOVEMENT ANGLE,CLEAR,,DAYLIGHT,NO CONTROLS,NONE DETECTED,,13D54F62-9BE3-4017-A45F-8CA2C1F4FE5F,No,NO APPARENT INJURY,"N/A, VISION OBSTRUCTION (INCL. BLINDED BY SUN)",NOT DISTRACTED,VA,C076513B-1A24-4EF2-A09A-5F4118BDBFBF,FUNCTIONAL,(SPORT) UTILITY VEHICLE,STOPPED IN TRAFFIC LANE,39.097225,-77.19372,"(39.097225, -77.19372)"
MCP2902001B,16036171,Montgomery County Police,Injury Crash,07/17/2016 07:52:00 AM,County,BLUNT RD,Maryland (State),FREDERICK RD,,N/A,,SINGLE VEHICLE,N/A,WET,DAYLIGHT,NO CONTROLS,NONE DETECTED,,D8EADA36-0FF9-46E3-B0D0-C835A1954FFA,Unknown,SUSPECTED MINOR INJURY,"N/A, WET",UNKNOWN,MD,1820D5B5-F502-476F-9995-1B97E3A07F9E,DISABLING,"OTHER LIGHT TRUCKS (10,000LBS (4,536KG) OR LESS)",STARTING FROM PARKED,39.18704667,-77.23010833,"(39.18704667, -77.23010833)"
MCP28240012,15003916,Montgomery County Police,Property Damage Crash,01/24/2015 06:47:00 PM,County,TRAVILAH RD,County,GLEN RD,,N/A,,HEAD ON,CLEAR,DRY,DARK NO LIGHTS,NO CONTROLS,N/A,,2BD0896D-6CDB-49A3-B4D8-087258E672DB,No,NO APPARENT INJURY,N/A,NOT DISTRACTED,MD,40BD196B-481B-4C48-9234-0D940D72E8B0,DISABLING,PASSENGER CAR,MOVING CONSTANT SPEED,39.07015167,-77.26245333,"(39.07015167, -77.26245333)"
MCP3022000K,170504765,Montgomery County Police,Property Damage Crash,04/28/2017 04:14:00 PM,Maryland (State),GERMANTOWN RD,Maryland (State),FREDERICK RD,,N/A,,SAME DIR REND RIGHT TURN,CLEAR,DRY,DAYLIGHT,TRAFFIC SIGNAL,N/A,,1AA3B1B4-A4D2-49A5-B779-CC0D7B5548A2,Yes,NO APPARENT INJURY,N/A,NOT DISTRACTED,MD,AA1CD39D-CBA4-4183-AC5A-180524C9D94A,NO DAMAGE,SCHOOL BUS,MAKING RIGHT TURN,39.19238,-77.24205,"(39.19238, -77.24205)"
DD5610001C,15052879,ROCKVILLE,Property Damage Crash,10/18/2015 02:09:00 PM,Maryland (State),ROCKVILLE PIKE,Municipality,TWINBROOK PKWY,,ROCKVILLE,,SAME DIRECTION RIGHT TURN,CLEAR,DRY,DAYLIGHT,N/A,N/A,,81156D1A-F4C5-4A6C-B610-E04C1DE08858,Yes,NO APPARENT INJURY,N/A,UNKNOWN,MD,3BF8977F-6E25-419E-8BA6-5F6203871274,FUNCTIONAL,PASSENGER CAR,CHANGING LANES,39.05829867,-77.1207545,"(39.05829867, -77.1207545)"
MCP9133001C,17013231,Montgomery County Police,Injury Crash,03/14/2017 07:57:00 AM,Maryland (State),FREDERICK RD,County,BRINK RD,,N/A,,OPPOSITE DIRECTION SIDESWIPE,SNOW,SNOW,DAYLIGHT,N/A,NONE DETECTED,,B9CC3920-621C-4389-9AE0-2B83CE2773C0,No,NO APPARENT INJURY,"ICY OR SNOW-COVERED, RAIN, SNOW",NOT DISTRACTED,MD,9004F7F3-10D8-47BC-AFAA-693F4DB89967,DISABLING,(SPORT) UTILITY VEHICLE,MOVING CONSTANT SPEED,39.214375,-77.25001333,"(39.214375, -77.25001333)"
EJ7855000P,15057969,GAITHERSBURG,Property Damage Crash,11/13/2015 02:50:00 PM,Municipality,RUSSELL AVE,Maryland (State),MONTGOMERY VILLAGE AVE,,N/A,,HEAD ON LEFT TURN,CLEAR,DRY,DAYLIGHT,TRAFFIC SIGNAL,NONE DETECTED,,0D97CCE1-039B-49FF-99A4-DAAC697D78B4,Yes,NO APPARENT INJURY,N/A,NOT DISTRACTED,MD,D751C8A1-04B9-4DF6-93A5-B040F97D2943,SUPERFICIAL,PASSENGER CAR,MAKING LEFT TURN,39.15445333,-77.20911833,"(39.15445333, -77.20911833)"
MCP1301000Q,16059981,Montgomery County Police,Fatal Crash,11/21/2016 07:49:00 PM,County,AIRPARK RD,County,ANTARES DR,,N/A,,HEAD ON,CLEAR,DRY,DARK LIGHTS ON,N/A,NONE DETECTED,,36B0998D-2EF0-4704-B5C4-39DEA6F9F97A,No,NO APPARENT INJURY,N/A,NOT DISTRACTED,MD,0FE6F010-41AB-48D9-8FED-7C8D187EB8AF,DISABLING,PASSENGER CAR,MOVING CONSTANT SPEED,39.16424087,-77.14968681,"(39.16424087, -77.14968681)"