Report Number,Local Case Number,Agency Name,ACRS Report Type,Crash Date/Time,Route Type,Road Name,Cross-Street Type,Cross-Street Name,Off-Road Description,Municipality,Related Non-Motorist,Collision Type,Weather,Surface Condition,Light,Traffic Control,Driver Substance Abuse,Non-Motorist Substance Abuse,Person ID,Driver At Fault,Injury Severity,Circumstance,Driver Distracted By,Drivers License State,Vehicle ID,Vehicle Damage Extent,Vehicle Body Type,Vehicle Movement,Latitude,Longitude,Location
MCP10200027,17011255,Montgomery County Police,Property Damage Crash,03/03/2017 08:39:00 AM,County,PECAN GROVE LA,County,BUSH HILL TERR,,N/A,,SINGLE VEHICLE,CLEAR,WET,DAYLIGHT,NO CONTROLS,NONE DETECTED,,E39735F8-787A-4980-A81E-020E86FDD82F,Yes,NO APPARENT INJURY,N/A,NOT DISTRACTED,MD,7976045D-3C59-4BD0-94EC-275F241194E1,DISABLING,VAN,ACCELERATING,39.2501,-77.19931667,"(39.2501, -77.19931667)"
MCP26880020,16016197,Montgomery County Police,Property Damage Crash,04/03/2016 12:07:00 AM,Maryland (State),NEW HAMPSHIRE AVE,County,POWDER MILL RD,,N/A,,SAME DIR REAR END,CLEAR,DRY,DARK LIGHTS ON,TRAFFIC SIGNAL,NONE DETECTED,,8A2E51B6-1CC6-4A75-B842-84630AAB2DB8,No,NO APPARENT INJURY,N/A,NOT DISTRACTED,MD,39B30CA4-0506-457C-A7BD-C2DAC5691C42,FUNCTIONAL,PASSENGER CAR,STOPPED IN TRAFFIC LANE,39.022223,-76.97754264,"(39.022223, -76.97754264)"
MCP1015000G,15035695,MONTGOMERY,Property Damage Crash,07/20/2015 12:05:00 PM,Maryland (State),FREDERICK RD,County,BOLAND FARM RD,,N/A,,SAME DIR REAR END,CLEAR,DRY,DAYLIGHT,NO CONTROLS,NONE DETECTED,,F169BCCC-D799-4B88-ACF8-E11D5F0C021B,Yes,NO APPARENT INJURY,N/A,NOT DISTRACTED,MD,581DA492-DC4E-46C9-ABE5-99F62C513B3F,DISABLING,(SPORT) UTILITY VEHICLE,SLOWING OR STOPPING,39.19528167,-77.24454667,"(39.19528167, -77.24454667)"
MCP2425004C,15004652,Montgomery County Police,Property Damage Crash,01/29/2015 10:45:00 AM,Maryland (State),GEORGIA AVE,County,TILTON DR,,N/A,,SAME DIRECTION SIDESWIPE,CLEAR,DRY,N/A,NO CONTROLS,NONE DETECTED,,18EDC0E2-E409-4A9D-8EC7-E1F27440E18C,Yes,NO APPARENT INJURY,N/A,NOT DISTRACTED,MD,D8AA68ED-A53B-4807-8EFB-D507A660C7E7,NO DAMAGE,(SPORT) UTILITY VEHICLE,MAKING LEFT TURN,39.018465,-77.04317167,"(39.018465, -77.04317167)"
MCP2934002N,170521616,Montgomery County Police,Property Damage Crash,07/28/2017 07:55:00 AM,Maryland (State),OLD GEORGETOWN RD,County,LINCOLN ST,,N/A,,HEAD ON LEFT TURN,CLOUDY,DRY,DAYLIGHT,TRAFFIC SIGNAL,NONE DETECTED,,55A1F9ED-6274-4B1A-8009-BAABE12D13DF,Yes,NO APPARENT INJURY,N/A,LOOKED BUT DID NOT SEE,MD,2C1EAE38-C4B6-41D6-9B02-C05D9B098D71,DISABLING,PASSENGER CAR,MAKING LEFT TURN,38.9980525,-77.1093095,"(38.9980525, -77.1093095)"
MCP2771000Y,17016126,Montgomery County Police,Property Damage Crash,03/30/2017 10:12:00 AM,County,EMORY GROVE RD,Maryland (State),WOODFIELD RD,,N/A,,OTHER,CLEAR,DRY,DAYLIGHT,TRAFFIC SIGNAL,NONE DETECTED,,D7AD017E-51FE-4022-8EB1-355799F6F3EA,No,NO APPARENT INJURY,N/A,NOT DISTRACTED,MD,9C4E4625-AD3D-4ADD-AAC3-32E396ADB06C,FUNCTIONAL,PASSENGER CAR,STOPPED IN TRAFFIC LANE,39.15205636,-77.17231259,"(39.15205636, -77.17231259)"
MCP2894002B,16031971,Montgomery County Police,Property Damage Crash,06/24/2016 01:37:00 PM,Other Public Roadway,MONTROSE PKWY,County,E JEFFERSON ST,,N/A,,SAME DIRECTION SIDESWIPE,CLEAR,DRY,DAYLIGHT,NO CONTROLS,NONE DETECTED,,05D5557A-5252-413F-B66D-E2005DDAF7FE,Yes,NO APPARENT INJURY,N/A,LOOKED BUT DID NOT SEE,MD,D869E0C3-8848-464B-A71C-04CDC1132E22,DISABLING,PASSENGER CAR,CHANGING LANES,39.05119833,-77.12254667,"(39.05119833, -77.12254667)"
MCP1500000R,15046337,MONTGOMERY,Property Damage Crash,09/14/2015 03:08:00 PM,US (State),COLUMBIA PIKE,Ramp,RAMP 4 FR US 29 NB TO CHERRY HILL RD EB,,N/A,,SAME DIR REAR END,CLEAR,DRY,DAYLIGHT,NO CONTROLS,NONE DETECTED,,57896EB8-3734-431B-9F83-1F23394BF49E,No,NO APPARENT INJURY,N/A,NOT DISTRACTED,VA,BA3B2D71-0CD7-4F8F-B7E0-5D7C0F3E9274,FUNCTIONAL,PASSENGER CAR,MOVING CONSTANT SPEED,39.05978667,-76.96519833,"(39.05978667, -76.96519833)"
MCP3026000S,170508627,Montgomery County Police,Property Damage Crash,05/19/2017 08:55:00 AM,Maryland (State),RIVER RD,County,ROYAL DOMINION DR,,N/A,,SAME DIR REAR END,CLEAR,DRY,DAYLIGHT,TRAFFIC SIGNAL,NONE DETECTED,,5824A3CD-2A9F-4BD7-9F6A-6DC0607139C5,Yes,NO APPARENT INJURY,N/A,NOT DISTRACTED,MD,83B50F44-A171-4F59-9150-07ACFB58717C,SUPERFICIAL,PASSENGER CAR,SLOWING OR STOPPING,38.98897941,-77.14890897,"(38.98897941, -77.14890897)"
MCP2684000T,16026006,Montgomery County Police,Property Damage Crash,05/25/2016 02:50:00 PM,County,CRYSTAL ROCK DR,County,CENTURY BLVD,,N/A,,SAME DIR REAR END,N/A,DRY,DAYLIGHT,TRAFFIC SIGNAL,NONE DETECTED,,957335B4-A606-4C1B-B3A3-7481B3465CD0,Yes,NO APPARENT INJURY,N/A,INATTENTIVE OR LOST IN THOUGHT,MD,F19EC967-EE52-462A-B39E-9C572D9DAB14,SUPERFICIAL,PASSENGER CAR,MOVING CONSTANT SPEED,39.18294665,-77.26360559,"(39.18294665, -77.26360559)"
MCP2813001N,15065319,MONTGOMERY,Property Damage Crash,12/21/2015 05:00:00 PM,Maryland (State),UNIVERSITY BLVD W,County,ELKIN ST,,N/A,,STRAIGHT MOVEMENT ANGLE,CLEAR,DRY,DARK LIGHTS ON,NO CONTROLS,N/A,,0B393FA8-CDFD-4D3C-8822-5A751867D208,Yes,NO APPARENT INJURY,N/A,LOOKED BUT DID NOT SEE,TX,E87EDB4D-C5C5-473E-A9BC-FBFEB62BFA14,SUPERFICIAL,PASSENGER CAR,MAKING LEFT TURN,39.04175167,-77.05026333,"(39.04175167, -77.05026333)"
MCP2617000Z,15049336,MONTGOMERY,Injury Crash,09/29/2015 12:06:00 PM,Maryland (State),OLD GEORGETOWN RD,County,RYLAND DR,,N/A,,SAME DIR REND RIGHT TURN,CLOUDY,DRY,DAYLIGHT,TRAFFIC SIGNAL,NONE DETECTED,,76B10402-882B-42C9-B21E-DC8D50809A30,Yes,NO APPARENT INJURY,N/A,UNKNOWN,MD,429F2BC0-A4F8-4467-A306-6E062BDC8AE7,FUNCTIONAL,PASSENGER CAR,MOVING CONSTANT SPEED,39.01305667,-77.11748333,"(39.01305667, -77.11748333)"
MCP2314000Q,17012669,Montgomery County Police,Property Damage Crash,03/10/2017 02:51:00 PM,County,LONGDRAFT RD,Maryland (State),CLOPPER RD,,N/A,,SAME DIRECTION RIGHT TURN,CLEAR,DRY,DAYLIGHT,TRAFFIC SIGNAL,NONE DETECTED,,8FD05E0D-C021-413B-A0E5-0B315EF2EA9F,No,NO APPARENT INJURY,N/A,NOT DISTRACTED,MD,9B930BEE-3247-42A8-8FBE-0AAC426CA4E2,SUPERFICIAL,(SPORT) UTILITY VEHICLE,STARTING FROM LANE,39.14852167,-77.23784167,"(39.14852167, -77.23784167)"
MCP2290000T,170517775,Montgomery County Police,Property Damage Crash,07/07/2017 09:29:00 AM,Municipality,W GUDE DR,Other Public Roadway,W GUDE DR,,N/A,,SAME DIRECTION SIDESWIPE,N/A,DRY,DAYLIGHT,NO CONTROLS,NONE DETECTED,,95963EFD-B8EA-4F92-A6D8-08410659963F,Yes,NO APPARENT INJURY,N/A,LOOKED BUT DID NOT SEE,MD,D8968867-5295-45BD-A392-3945EC1E62B2,DISABLING,PASSENGER CAR,MAKING LEFT TURN,39.10670233,-77.16201833,"(39.10670233, -77.16201833)"
MCP2717006V,16038023,Montgomery County Police,Injury Crash,07/27/2016 03:10:00 PM,Maryland (State),METROPOLITAN AVE,County,EDGEWOOD RD,,N/A,,SAME DIR REAR END,CLEAR,DRY,DAYLIGHT,NO CONTROLS,NONE DETECTED,,2B84781E-6B3B-4D8C-92A4-2D76058F4BF9,No,SUSPECTED MINOR INJURY,N/A,NOT DISTRACTED,MD,14EFF5C1-5A0C-45BA-B62A-73BE3496F5C3,DISABLING,PASSENGER CAR,SLOWING OR STOPPING,39.02386667,-77.067915,"(39.02386667, -77.067915)"
MCP29340014,15054671,MONTGOMERY,Property Damage Crash,10/27/2015 01:55:00 PM,,,,,Parking lot of Whole Foods located at 5269 River Rd,,,SAME DIRECTION SIDESWIPE,CLEAR,,DAYLIGHT,NO CONTROLS,NONE DETECTED,,B97BA82A-4CA0-4F63-B59C-7F5D35ABDAF5,Yes,NO APPARENT INJURY,N/A,LOOKED BUT DID NOT SEE,VA,406C7703-9B49-4A70-8496-B2B5F47B0AA9,FUNCTIONAL,PASSENGER CAR,BACKING,38.96486051,-77.10380495,"(38.96486051, -77.10380495)"
MCP2398001G,170504282,Montgomery County Police,Property Damage Crash,04/26/2017 09:27:00 AM,County,WASHINGTON GROVE LA,County,MIDCOUNTY HWY,,N/A,,SAME DIR REAR END,CLOUDY,DRY,DAYLIGHT,TRAFFIC SIGNAL,NONE DETECTED,,2F2F6A52-1962-486C-B21B-BD97843E71F8,Yes,NO APPARENT INJURY,N/A,UNKNOWN,MD,5BA42D3A-E4B8-4E0B-9C73-C39797FC146C,SUPERFICIAL,PASSENGER CAR,ACCELERATING,39.148035,-77.16872,"(39.148035, -77.16872)"
MCP2746000X,15038913,MONTGOMERY,Property Damage Crash,08/05/2015 05:58:00 PM,Maryland (State),GEORGIA AVE,County,ROSSMOOR BLVD,,N/A,,SAME DIR REAR END,CLEAR,DRY,DAYLIGHT,NO CONTROLS,NONE DETECTED,,DD07AE59-6EEE-4BF7-931C-1B6F4A6CF9A0,No,NO APPARENT INJURY,N/A,NOT DISTRACTED,MD,1E4F7D2D-672B-4C9D-91C2-9B978330D7A6,FUNCTIONAL,PASSENGER CAR,SLOWING OR STOPPING,39.10528333,-77.07641667,"(39.10528333, -77.07641667)"
MCP9369000J,16048234,Montgomery County Police,Property Damage Crash,09/20/2016 04:22:00 AM,County,CRABBS BRANCH WAY,County,REDLAND RD,,N/A,,SAME DIR REAR END,CLEAR,N/A,DARK LIGHTS ON,TRAFFIC SIGNAL,N/A,,0C428062-80D2-41AA-B7C3-6716723E78D0,No,NO APPARENT INJURY,N/A,NOT DISTRACTED,MD,308FA0EC-52C9-4B14-8E45-9D357B109056,SUPERFICIAL,PASSENGER CAR,STOPPED IN TRAFFIC LANE,39.12089333,-77.15813333,"(39.12089333, -77.15813333)"
MCP20160013,16033266,Montgomery County Police,Property Damage Crash,07/01/2016 08:15:00 AM,County,RANDOLPH RD,County,PARKLAWN DR,,N/A,,STRAIGHT MOVEMENT ANGLE,CLEAR,N/A,DAYLIGHT,NO CONTROLS,NONE DETECTED,,11369F07-FB73-4378-8485-3B74E3B76BDE,No,NO APPARENT INJURY,N/A,NOT DISTRACTED,MD,E0995F52-9C75-4E9E-A7F4-0D9984A49310,DISABLING,PASSENGER CAR,MOVING CONSTANT SPEED,39.053535,-77.10606667,"(39.053535, -77.10606667)"
MCP2967000Q,15046717,MONTGOMERY,Property Damage Crash,09/15/2015 03:46:00 PM,County,NEVIS RD,County,RIVER RD,,N/A,,SAME DIR REAR END,CLEAR,DRY,DAYLIGHT,TRAFFIC SIGNAL,NONE DETECTED,,CE9924DC-689B-475D-9318-6EA293D3F503,No,NO APPARENT INJURY,N/A,NOT DISTRACTED,MD,1B8F390B-5213-40CC-9404-59ECCCB33C55,DISABLING,PASSENGER CAR,SLOWING OR STOPPING,38.98621833,-77.14338333,"(38.98621833, -77.14338333)"
MCP0539002B,17013496,Montgomery County Police,Injury Crash,03/16/2017 08:10:00 AM,County,RANDOLPH RD,County,DEWEY RD,,N/A,,STRAIGHT MOVEMENT ANGLE,CLEAR,DRY,DAYLIGHT,TRAFFIC SIGNAL,NONE DETECTED,,1915887C-5C74-4C31-B966-DEE6EA9FDE68,Yes,NO APPARENT INJURY,N/A,NOT DISTRACTED,MD,BCFF8AEC-19E1-41FC-B773-16ACB2DC1FBB,DISABLING,PASSENGER CAR,MOVING CONSTANT SPEED,39.05311167,-77.08956833,"(39.05311167, -77.08956833)"
MCP3006001S,17002736,Montgomery County Police,Property Damage Crash,01/16/2017 01:06:00 PM,County,KERWIN RD,County,GILMOURE DR,,N/A,,STRAIGHT MOVEMENT ANGLE,CLOUDY,DRY,DAYLIGHT,STOP SIGN,NONE DETECTED,,E2AB4558-D350-4C76-B8F1-F114161EEBB6,No,NO APPARENT INJURY,N/A,NOT DISTRACTED,MD,9F8A8BA9-7F6B-4819-87C7-C4E63F1DC614,DISABLING,PICKUP TRUCK,MOVING CONSTANT SPEED,39.02766167,-77.02165,"(39.02766167, -77.02165)"
MCP2664000X,15006765,Montgomery County Police,Injury Crash,02/10/2015 02:23:00 PM,Maryland (State),UNIVERSITY BLVD W,Maryland (State),GEORGIA AVE,,N/A,,SAME DIR REAR END,CLOUDY,DRY,DAYLIGHT,TRAFFIC SIGNAL,NONE DETECTED,,290675B4-DA68-49AC-9583-4A3B9BB46249,Yes,NO APPARENT INJURY,N/A,NOT DISTRACTED,MD,525178C1-3997-4319-8BE9-95A3F89D5424,FUNCTIONAL,PASSENGER CAR,STOPPED IN TRAFFIC LANE,39.0415449,-77.05184739,"(39.0415449, -77.05184739)"
MCP2765002H,16027907,Montgomery County Police,Injury Crash,06/03/2016 11:30:00 PM,,,,,"PARKING LOT OF CVS, 700 BLK OF RT 355",,,STRAIGHT MOVEMENT ANGLE,CLEAR,,DARK LIGHTS ON,NO CONTROLS,NONE DETECTED,,E73F905E-BE6D-4666-A98F-072466E1749F,Yes,NO APPARENT INJURY,N/A,UNKNOWN,MD,976020F4-FD35-4451-8DF3-9D4AAE218E12,DISABLING,PASSENGER CAR,MOVING CONSTANT SPEED,39.07697167,-77.14072167,"(39.07697167, -77.14072167)"
MCP2094005Z,16006601,Montgomery County Police,Injury Crash,02/08/2016 05:07:00 PM,Maryland (State),WISCONSIN AVE,County,BATTERY LA,,N/A,,HEAD ON LEFT TURN,CLOUDY,DRY,DAYLIGHT,TRAFFIC SIGNAL,NONE DETECTED,,2D772C61-001C-440F-9EE1-00E9BB912398,No,POSSIBLE INJURY,N/A,NOT DISTRACTED,MD,325E0BCF-E3F4-4E79-A0EA-CE104E10A50D,DESTROYED,PASSENGER CAR,MAKING LEFT TURN,38.99283,-77.09622833,"(38.99283, -77.09622833)"
EJ78600012,170527118,Gaithersburg Police Depar,Property Damage Crash,08/27/2017 04:49:00 AM,Maryland (State),QUINCE ORCHARD RD,Maryland (State),W DIAMOND AVE,,N/A,,STRAIGHT MOVEMENT ANGLE,CLEAR,DRY,DARK LIGHTS ON,TRAFFIC SIGNAL,NONE DETECTED,,5A5476AB-C503-4601-87AB-ED5E670BF2BC,Unknown,NO APPARENT INJURY,N/A,NOT DISTRACTED,MD,44AA5E81-3A66-430F-8917-ED454BC41117,DISABLING,PASSENGER CAR,ACCELERATING,39.142535,-77.22165333,"(39.142535, -77.22165333)"
MCP3059000F,170526861,Montgomery County Police,Property Damage Crash,08/25/2017 06:42:00 PM,,,,,PARKING LOT OF 2407 PRICE AVE,,,OTHER,CLEAR,,DAYLIGHT,N/A,UNKNOWN,,6B55B5C4-2FC4-487A-8FA0-CBFA9A718F19,Yes,NO APPARENT INJURY,N/A,UNKNOWN,MD,BD30033B-10B2-4C56-8439-2F0C362F48F4,FUNCTIONAL,PASSENGER CAR,PARKING,39.03747667,-77.053865,"(39.03747667, -77.053865)"
MCP2981000Q,16041790,Montgomery County Police,Property Damage Crash,08/17/2016 06:02:00 PM,Maryland (State),RIVER RD,Government,LITTLE FALLS PKWY,,N/A,,SAME DIR REAR END,CLEAR,DRY,DAYLIGHT,TRAFFIC SIGNAL,NONE DETECTED,,7CF99B97-8188-4BBF-8420-7F3CEBC697E1,No,NO APPARENT INJURY,N/A,NOT DISTRACTED,VA,82A84EF1-0288-4EF4-97A9-BACF352DC2F5,FUNCTIONAL,(SPORT) UTILITY VEHICLE,STOPPED IN TRAFFIC LANE,38.96212833,-77.09928,"(38.96212833, -77.09928)"
EJ7844000D,15051800,GAITHERSBURG,Property Damage Crash,10/12/2015 07:02:00 PM,Maryland (State),W DIAMOND AVE,Municipality,BUREAU DR,,GAITHERSBURG,,SAME DIR REAR END,CLEAR,DRY,DUSK,N/A,UNKNOWN,,B809D392-5490-47AB-8E24-32BC06E9DACC,Yes,NO APPARENT INJURY,N/A,UNKNOWN,,ADDC4775-CF3C-4832-A212-2177A4F4A7FC,UNKNOWN,(SPORT) UTILITY VEHICLE,UNKNOWN,39.14197167,-77.21801333,"(39.14197167, -77.21801333)"
MCP2816000W,15000585,Montgomery County Police,Property Damage Crash,01/04/2015 03:33:00 PM,County,SHADY GROVE RD,County,DARNESTOWN RD,,N/A,,STRAIGHT MOVEMENT ANGLE,CLEAR,WET,DAYLIGHT,TRAFFIC SIGNAL,NONE DETECTED,,42DE6B85-DEAD-4DFD-902C-3BA9A47BDCDF,Yes,NO APPARENT INJURY,"N/A, WET",INATTENTIVE OR LOST IN THOUGHT,MD,5BDD40E6-161C-46F1-9A08-7B0AF3C6F942,FUNCTIONAL,PASSENGER CAR,MOVING CONSTANT SPEED,39.09297167,-77.19672667,"(39.09297167, -77.19672667)"
DD55080020,16036583,Rockville Police Departme,Injury Crash,07/19/2016 05:55:00 PM,Maryland (State),VEIRS MILL RD,Municipality,WOODBURN RD,,ROCKVILLE,,SAME DIR REAR END,CLEAR,DRY,DAYLIGHT,NO CONTROLS,NONE DETECTED,,39EC8523-8A80-4CC8-9EE0-A6917ADC2FFE,Yes,NO APPARENT INJURY,N/A,UNKNOWN,MD,528B34F4-2E7E-4A96-8175-AAD53CFA66A7,DISABLING,PASSENGER CAR,SLOWING OR STOPPING,39.0791,-77.13413333,"(39.0791, -77.13413333)"
MCP1221003D,170512631,Montgomery County Police,Injury Crash,06/09/2017 07:50:00 AM,County,WATKINS MILL RD,County,CLUB LAKE RD,,N/A,,SAME DIR REAR END,CLEAR,DRY,DAYLIGHT,NO CONTROLS,NONE DETECTED,,7678795A-A0F8-4102-8334-CB6574636A13,Yes,NO APPARENT INJURY,N/A,UNKNOWN,MD,AAA87E8F-C517-4F07-90D6-EE2B492B1ADE,DISABLING,(SPORT) UTILITY VEHICLE,SLOWING OR STOPPING,39.17692833,-77.20981333,"(39.17692833, -77.20981333)"
MCP2799001S,16035926,Montgomery County Police,Property Damage Crash,07/15/2016 06:00:00 PM,County,NORWOOD RD,County,NORBECK RD,,N/A,,STRAIGHT MOVEMENT ANGLE,CLEAR,DRY,DAYLIGHT,TRAFFIC SIGNAL,NONE DETECTED,,0E8CA45A-71CC-4433-9570-9DB3833F5491,No,NO APPARENT INJURY,N/A,NOT DISTRACTED,MD,476EEC0C-9724-4A04-91FE-748F7952F1B9,DISABLING,PASSENGER CAR,MOVING CONSTANT SPEED,39.11061,-76.98979833,"(39.11061, -76.98979833)"
MCP29650009,15027567,MONTGOMERY,Property Damage Crash,06/07/2015 11:35:00 AM,County,STRATHMORE AVE,Unknown,ROAD END,,N/A,,SAME DIR REND RIGHT TURN,CLEAR,DRY,DAYLIGHT,YIELD SIGN,NONE DETECTED,,C835EBFF-E330-45A5-A17A-BA0AFEF2A836,Yes,NO APPARENT INJURY,N/A,UNKNOWN,MD,B8B5A689-77B2-4F0D-9565-465357407E85,DISABLING,PASSENGER CAR,MAKING RIGHT TURN,39.03510167,-77.10682833,"(39.03510167, -77.10682833)"
MCP1251000H,15037093,MONTGOMERY,Property Damage Crash,07/27/2015 02:36:00 PM,County,PERSIMMON TREE RD,County,BRONSON DR,,N/A,,OTHER,CLOUDY,DRY,DAYLIGHT,NO CONTROLS,UNKNOWN,,DA72307D-8F7E-498A-AF90-BEE3D9D1E83D,Yes,NO APPARENT INJURY,N/A,UNKNOWN,,AD2C21D9-DB35-475C-A99F-FE24C9716A17,UNKNOWN,"OTHER LIGHT TRUCKS (10,000LBS (4,536KG) OR LESS)",MOVING CONSTANT SPEED,39.002305,-77.19778667,"(39.002305, -77.19778667)"
MCP2898001N,16049014,Montgomery County Police,Injury Crash,09/23/2016 06:52:00 PM,Interstate (State),EISENHOWER MEMORIAL HWY,Maryland (State),CLARKSBURG RD,,N/A,,SAME DIR REND LEFT TURN,BLOWING SNOW,DRY,DAYLIGHT,NO CONTROLS,N/A,,847EC896-A4F3-4514-B132-0CC64AF27D13,No,NO APPARENT INJURY,N/A,NOT DISTRACTED,PA,81BE8919-FFD2-4B83-B96B-B871B3E99BD6,FUNCTIONAL,PASSENGER CAR,MOVING CONSTANT SPEED,39.22703667,-77.28210167,"(39.22703667, -77.28210167)"
MCP10480016,16001983,Montgomery County Police,Injury Crash,01/11/2016 04:31:00 PM,Municipality,TOWER OAKS BLVD,Municipality,PRESERVE PKWY,,ROCKVILLE,,SAME DIR REAR END,CLEAR,DRY,DAYLIGHT,N/A,NONE DETECTED,,24EE615A-0716-46C3-A416-9580C1755E10,Yes,NO APPARENT INJURY,N/A,NOT DISTRACTED,MD,A9084765-287A-4FB4-BC7C-D7065750FD47,SUPERFICIAL,N/A,MOVING CONSTANT SPEED,39.06097167,-77.154885,"(39.06097167, -77.154885)"
MCP11190027,16011848,MONTGOMERY,Injury Crash,03/10/2016 08:29:00 AM,Maryland (State),VEIRS MILL RD,County,ARBUTUS AVE,,N/A,,OTHER,CLOUDY,DRY,DAYLIGHT,STOP SIGN,NONE DETECTED,,CB89653A-1205-40E7-8659-D2E64F52076C,Yes,NO APPARENT INJURY,N/A,NOT DISTRACTED,MD,9F6B6955-FB43-44A9-B501-B1719081C415,DISABLING,PASSENGER CAR,MAKING RIGHT TURN,39.06685667,-77.100725,"(39.06685667, -77.100725)"
MCP30100015,16033508,Montgomery County Police,Property Damage Crash,07/02/2016 11:00:00 AM,,,,,SAFEWAY PARKING LOT ON SANGAMORE RD,,,SAME DIRECTION SIDESWIPE,N/A,,DAYLIGHT,NO CONTROLS,UNKNOWN,,8971A46A-5C39-42C6-BAC0-2E656E3823F6,Yes,NO APPARENT INJURY,N/A,UNKNOWN,,A4C054D6-B54E-4FEF-8636-0EBADE83A290,UNKNOWN,PASSENGER CAR,BACKING,38.95035833,-77.11887167,"(38.95035833, -77.11887167)"
MCP2789002G,16018623,Montgomery County Police,Injury Crash,04/16/2016 04:40:00 AM,County,OLD COLUMBIA PIKE,County,TAGORE CT,,N/A,,SINGLE VEHICLE,N/A,DRY,DARK LIGHTS ON,NO CONTROLS,N/A,,12F9E2BC-1D99-4384-BB97-9105A84B9A1B,Yes,SUSPECTED MINOR INJURY,N/A,NOT DISTRACTED,MD,D78BB5E9-DA90-4F15-9903-0AD27B90B389,FUNCTIONAL,PASSENGER CAR,OTHER,39.10424,-76.93876333,"(39.10424, -76.93876333)"
MCP23580029,16052660,Montgomery County Police,Property Damage Crash,10/13/2016 02:48:00 PM,Maryland (State),RIVER RD,County,BRADLEY BLVD,,N/A,,SAME DIR REAR END,CLEAR,DRY,DAYLIGHT,TRAFFIC SIGNAL,NONE DETECTED,,644A6EF1-A71B-4F87-A4CB-EA5E226E2595,No,NO APPARENT INJURY,N/A,NOT DISTRACTED,MD,EA28C450-1431-4A52-BAAB-A1A97D66D8C6,FUNCTIONAL,PASSENGER CAR,STOPPED IN TRAFFIC LANE,39.00222167,-77.181185,"(39.00222167, -77.181185)"
MCP20080027,16020114,Montgomery County Police,Injury Crash,04/23/2016 11:10:00 PM,Maryland (State),CONNECTICUT AVE,County,JONES BRIDGE RD,,N/A,,SAME DIR REAR END,N/A,DRY,DARK LIGHTS ON,N/A,UNKNOWN,,408BF8AF-B77B-407A-BB39-192F85416CA6,No,NO APPARENT INJURY,N/A,UNKNOWN,MD,57AAC873-9CBE-4ECC-86AB-8866ABE41781,SUPERFICIAL,(SPORT) UTILITY VEHICLE,UNKNOWN,38.99861667,-77.07700667,"(38.99861667, -77.07700667)"
MCP2959001M,16028947,Montgomery County Police,Injury Crash,06/09/2016 08:29:00 AM,County,KEMP MILL RD,County,FULHAM ST,,N/A,,SAME DIR REAR END,CLEAR,DRY,DAYLIGHT,NO CONTROLS,NONE DETECTED,,CB380E0A-EFD8-42F3-B993-DD7B83E5A8BF,Yes,NO APPARENT INJURY,N/A,LOOKED BUT DID NOT SEE,MD,BD0522A1-2EFF-4092-AA8D-ED90549D3239,DISABLING,PASSENGER CAR,MOVING CONSTANT SPEED,39.047865,-77.02683833,"(39.047865, -77.02683833)"
MCP2466001M,16057122,Montgomery County Police,Injury Crash,11/05/2016 04:07:00 PM,County,FIRESTONE DR,County,CALLOWAY CT,,N/A,,SINGLE VEHICLE,CLEAR,DRY,DAYLIGHT,NO CONTROLS,ALCOHOL PRESENT,,FEDDFF15-4F1C-42E4-913A-AE9CC838EF8A,Yes,POSSIBLE INJURY,N/A,UNKNOWN,MD,3F30922C-E902-420F-98F3-9E4E96663DD0,DESTROYED,PASSENGER CAR,NEGOTIATING A CURVE,39.12669786,-77.00776577,"(39.12669786, -77.00776577)"
EJ7833001R,16001396,Gaithersburg Police Depar,Injury Crash,01/08/2016 03:22:00 PM,Maryland (State),FREDERICK RD,Municipality,LAKE FOREST BLVD,,GAITHERSBURG,,STRAIGHT MOVEMENT ANGLE,CLOUDY,WET,DAYLIGHT,TRAFFIC SIGNAL,NONE DETECTED,,0DC177E9-BC17-45A0-9698-2A75A0D12EA4,Yes,SUSPECTED MINOR INJURY,"N/A, WET",DISTRACTED BY OUTSIDE PERSON OBJECT OR EVENT,MD,DAB02F29-6D6F-482F-8FB0-36D7A370C981,DISABLING,PASSENGER CAR,ENTERING TRAFFIC LANE,39.15049167,-77.20930833,"(39.15049167, -77.20930833)"
MCP2954003B,170509407,Montgomery County Police,Property Damage Crash,05/23/2017 01:41:00 PM,Maryland (State),PINEY BRANCH RD,County,BARRON ST,,N/A,,SAME DIRECTION SIDESWIPE,CLOUDY,DRY,DAYLIGHT,NO CONTROLS,NONE DETECTED,,8C4ECFE3-C6FF-4BAB-8AB3-D7FBED39DB7B,No,NO APPARENT INJURY,N/A,NOT DISTRACTED,MD,7A102966-3497-4C6C-A375-A2FA2D729D8A,SUPERFICIAL,TRANSIT BUS,STARTING FROM PARKED,38.99942241,-76.99627116,"(38.99942241, -76.99627116)"
MCP2611001F,16039662,Montgomery County Police,Property Damage Crash,08/05/2016 03:00:00 PM,,,,,"PARKING LOT OF
11700 OLD COLUMBIA PIKE",,,HEAD ON,N/A,,DAYLIGHT,NO CONTROLS,N/A,,4AE352D2-D60D-4867-943B-03DF1F90B45D,Yes,NO APPARENT INJURY,N/A,LOOKED BUT DID NOT SEE,MD,C2876CD1-4896-40A1-9BB7-0C5D2338A1A2,DISABLING,PASSENGER CAR,MOVING CONSTANT SPEED,39.04906054,-76.98024631,"(39.04906054, -76.98024631)"