Report Number,Local Case Number,Agency Name,ACRS Report Type,Crash Date/Time,Route Type,Road Name,Cross-Street Type,Cross-Street Name,Off-Road Description,Municipality,Related Non-Motorist,Collision Type,Weather,Surface Condition,Light,Traffic Control,Driver Substance Abuse,Non-Motorist Substance Abuse,Person ID,Driver At Fault,Injury Severity,Circumstance,Driver Distracted By,Drivers License State,Vehicle ID,Vehicle Damage Extent,Vehicle Body Type,Vehicle Movement,Latitude,Longitude,Location
MCP2347000M,16047364,Montgomery County Police,Injury Crash,09/15/2016 02:03:00 PM,County,BROADBIRCH DR,County,CHERRY HILL RD,,N/A,,HEAD ON LEFT TURN,CLEAR,DRY,DAYLIGHT,NO CONTROLS,NONE DETECTED,,6F42F8A4-E339-4134-9946-9B61FE433D3E,No,NO APPARENT INJURY,"N/A, VISION OBSTRUCTION (INCL. BLINDED BY SUN)",NOT DISTRACTED,MD,3C1BF42E-29F3-4938-943C-C3F8DE30BE5E,OTHER,PASSENGER CAR,OTHER,39.05570923,-76.95554852,"(39.05570923, -76.95554852)"
DD56180006,16023332,Rockville Police Departme,Injury Crash,05/11/2016 09:54:00 AM,County,TWINBROOK PKWY,Maryland (State),VEIRS MILL RD,,N/A,,STRAIGHT MOVEMENT ANGLE,RAINING,WET,DAYLIGHT,TRAFFIC SIGNAL,NONE DETECTED,,C527A793-5F87-451C-B2DA-D1F352A558D1,Yes,NO APPARENT INJURY,"RAIN, SNOW, WET",OTHER DISTRACTION,MD,562CFADE-682C-433B-9F0B-22B19BD9C7CD,FUNCTIONAL,PICKUP TRUCK,ACCELERATING,39.082365,-77.148965,"(39.082365, -77.148965)"
MCP2832002Z,170521956,Montgomery County Police,Property Damage Crash,07/30/2017 12:49:00 PM,Maryland (State),16TH ST,Maryland (State),EAST WEST HWY,,N/A,,SAME DIRECTION SIDESWIPE,CLEAR,DRY,DAYLIGHT,TRAFFIC SIGNAL,NONE DETECTED,,382AA4A4-3AF3-4756-B830-BE3C81C59D45,Yes,NO APPARENT INJURY,N/A,NOT DISTRACTED,MD,6FA48528-AAC2-4A3E-81A3-1E8EA4615CDE,DISABLING,PASSENGER CAR,CHANGING LANES,38.993685,-77.03627,"(38.993685, -77.03627)"
MCP2512001K,15056825,MONTGOMERY,Injury Crash,11/07/2015 06:40:00 PM,,,,,Parking lot of 16541 S Frederick Ave,,PEDESTRIAN,OTHER,CLOUDY,,DARK LIGHTS ON,NO CONTROLS,NONE DETECTED,NONE DETECTED,424BA357-62B2-47B9-AABF-FF102DA95C95,Yes,NO APPARENT INJURY,N/A,NOT DISTRACTED,MD,7E6F3DE3-7DAA-403C-B7FD-9560A41D8545,NO DAMAGE,PASSENGER CAR,BACKING,39.12707,-77.18435,"(39.12707, -77.18435)"
MCP24690009,15001342,Montgomery County Police,Property Damage Crash,01/09/2015 07:54:00 AM,County,KARA LA,County,CANNON RD,,N/A,,HEAD ON,SNOW,SNOW,DAYLIGHT,N/A,NONE DETECTED,,D082371C-B4C5-429B-ACA1-DD1F1D5AA647,No,NO APPARENT INJURY,"ICY OR SNOW-COVERED, RAIN, SNOW",NOT DISTRACTED,MD,BF5106B5-3303-4327-96E7-62BFED5F46D2,DISABLING,PASSENGER CAR,MOVING CONSTANT SPEED,39.08277,-76.94851333,"(39.08277, -76.94851333)"
MCP28700017,16001197,Montgomery County Police,Injury Crash,01/07/2016 04:43:00 PM,US (State),COLESVILLE RD,County,ROWEN RD,,N/A,,SAME DIR REAR END,CLEAR,DRY,DAYLIGHT,NO CONTROLS,NONE DETECTED,,5D1FBF61-5238-4A4D-9F6E-FE414A14AA32,No,SUSPECTED MINOR INJURY,N/A,NOT DISTRACTED,MD,21D6615E-9309-4466-91A9-38C713D78381,FUNCTIONAL,PASSENGER CAR,STOPPED IN TRAFFIC LANE,39.00333167,-77.024015,"(39.00333167, -77.024015)"
MCP28610029,16054618,Montgomery County Police,Injury Crash,10/23/2016 07:49:00 PM,Maryland (State),RIVER RD,County,DURHAM DR,,N/A,,OTHER,N/A,DRY,DARK LIGHTS ON,NO CONTROLS,NONE DETECTED,,1E2A916D-F626-41C0-A3F9-86DFBC711F37,No,POSSIBLE INJURY,N/A,NOT DISTRACTED,MD,4FDA8240-149D-4A49-B76A-B0F705B3A38F,DESTROYED,PASSENGER CAR,MOVING CONSTANT SPEED,39.00504091,-77.18794584,"(39.00504091, -77.18794584)"
MCP30370016,170522347,Montgomery County Police,Property Damage Crash,08/01/2017 04:48:00 PM,Maryland (State),RIDGE RD,County,PREAKNESS DR,,N/A,,SAME DIR REAR END,CLEAR,DRY,DAYLIGHT,NO CONTROLS,NONE DETECTED,,8D4E6D8E-6722-41CA-9900-24B3B14822CD,No,NO APPARENT INJURY,N/A,NOT DISTRACTED,MD,FE2D4F89-FD13-4854-B6B4-2762F424AA61,FUNCTIONAL,PASSENGER CAR,SLOWING OR STOPPING,39.25978851,-77.22354412,"(39.25978851, -77.22354412)"
DD56050034,17001820,Rockville Police Departme,Property Damage Crash,01/11/2017 01:32:00 PM,Municipality,W GUDE DR,Maryland (State),FREDERICK RD,,N/A,,SAME DIR REAR END,CLEAR,DRY,DAYLIGHT,TRAFFIC SIGNAL,NONE DETECTED,,73906E51-A11D-4319-A554-5D62E4A81013,No,NO APPARENT INJURY,N/A,NOT DISTRACTED,MD,C0BD3BF5-8046-4BF7-B4B8-3CA851892DCE,FUNCTIONAL,PASSENGER CAR,STOPPED IN TRAFFIC LANE,39.10661167,-77.16196833,"(39.10661167, -77.16196833)"
MCP0936002D,170523130,Montgomery County Police,Property Damage Crash,08/05/2017 06:19:00 AM,County,JONES MILL RD,County,BLACK CHESTNUT LA,,N/A,,SINGLE VEHICLE,N/A,DRY,DARK LIGHTS ON,N/A,N/A,,8B3DE3DF-1DDD-45E6-8B44-D0A4708706D3,Yes,NO APPARENT INJURY,N/A,OTHER DISTRACTION,MD,E36C1B73-28CE-4175-8C05-483F8B30FA45,DISABLING,PASSENGER CAR,MOVING CONSTANT SPEED,39.001495,-77.06466167,"(39.001495, -77.06466167)"
MCP2875002W,170523584,Montgomery County Police,Property Damage Crash,08/08/2017 02:34:00 AM,Maryland (State),BARNESVILLE RD,Unknown,SPUR FR MD 117 TO MD 117,,N/A,,SINGLE VEHICLE,RAINING,WET,DARK LIGHTS ON,NO CONTROLS,ALCOHOL PRESENT,,A858E1CB-9E79-4281-A311-BDCD9F7671A3,Yes,NO APPARENT INJURY,"RAIN, SNOW, WET",INATTENTIVE OR LOST IN THOUGHT,MD,CCBE354F-2E5A-4894-A996-640CA8B7ECE0,DESTROYED,PASSENGER CAR,MOVING CONSTANT SPEED,39.18483,-77.31312333,"(39.18483, -77.31312333)"
MCP1148001C,16041214,Montgomery County Police,Property Damage Crash,08/14/2016 11:26:00 AM,County,SEVEN LOCKS RD,Maryland (State),RIVER RD,,N/A,,SAME DIRECTION LEFT TURN,CLEAR,DRY,DAYLIGHT,TRAFFIC SIGNAL,NONE DETECTED,,8C386E86-D227-427D-A859-F2CB8FDE79E4,Yes,NO APPARENT INJURY,N/A,NOT DISTRACTED,MD,F2D71DD8-34D7-44F3-B260-D9CCED00DB34,SUPERFICIAL,PASSENGER CAR,MOVING CONSTANT SPEED,38.99203,-77.16100833,"(38.99203, -77.16100833)"
DD5611001C,16020727,Rockville Police Departme,Injury Crash,04/27/2016 01:43:00 PM,Maryland (State),W MONTGOMERY AVE,Ramp,RAMP 5 FR IS 270 SB TO MD 28 EB,,N/A,,SAME DIR REAR END,CLEAR,DRY,DAYLIGHT,TRAFFIC SIGNAL,NONE DETECTED,,1F0E91CE-5079-4CCA-9F34-CCC317A33777,Yes,NO APPARENT INJURY,N/A,NOT DISTRACTED,MD,C0329EF1-D1E2-4E4C-BD52-7523C5E2CDC1,DISABLING,PASSENGER CAR,MOVING CONSTANT SPEED,39.0874035,-77.17622833,"(39.0874035, -77.17622833)"
MCP28850017,15037443,MONTGOMERY,Property Damage Crash,07/29/2015 07:08:00 AM,Maryland (State),CONNECTICUT AVE,County,DELANO ST,,N/A,,SAME DIR REAR END,CLEAR,DRY,DAYLIGHT,NO CONTROLS,NONE DETECTED,,A93D8F64-4412-4619-8CA4-31F48C53F683,No,NO APPARENT INJURY,N/A,NOT DISTRACTED,MD,22F2C446-635B-4064-9D51-4CA552080573,FUNCTIONAL,PASSENGER CAR,STOPPED IN TRAFFIC LANE,39.05617333,-77.07385833,"(39.05617333, -77.07385833)"
DD56010024,16051547,Rockville Police Departme,Injury Crash,10/07/2016 09:05:00 AM,Maryland (State),VEIRS MILL RD,Maryland (State),ROCKVILLE PIKE,,N/A,,SAME DIR REAR END,CLEAR,DRY,DAYLIGHT,YIELD SIGN,N/A,,CC46FEE4-B4B3-4434-BF0F-D27C7E62EA18,No,POSSIBLE INJURY,N/A,NOT DISTRACTED,MD,E3E81C02-433E-45EA-920A-0589D1C1AED4,FUNCTIONAL,PASSENGER CAR,STOPPED IN TRAFFIC LANE,39.0816295,-77.14565083,"(39.0816295, -77.14565083)"
MCP1022003G,15055916,MONTGOMERY,Injury Crash,11/03/2015 07:54:00 AM,Maryland (State),FREDERICK RD,County,RUNNING BROOK DR,,N/A,,STRAIGHT MOVEMENT ANGLE,CLEAR,DRY,DAYLIGHT,STOP SIGN,NONE DETECTED,,9B2A0566-8612-43B1-8ECD-A89E0E568B44,No,SUSPECTED MINOR INJURY,"N/A, VISION OBSTRUCTION (INCL. BLINDED BY SUN)",NOT DISTRACTED,MD,A3114EB8-B11F-44EE-8EFE-7207DE2FFA97,DISABLING,PASSENGER CAR,MOVING CONSTANT SPEED,39.22518,-77.26273,"(39.22518, -77.26273)"
MCP2849000Y,15006274,Montgomery County Police,Property Damage Crash,02/07/2015 02:37:00 PM,Maryland (State),NEW HAMPSHIRE AVE,County,BAY HILL LA,,N/A,,HEAD ON LEFT TURN,CLOUDY,DRY,DAYLIGHT,NO CONTROLS,NONE DETECTED,,275DD242-4243-47A7-A038-F4D5D345696F,No,NO APPARENT INJURY,N/A,NOT DISTRACTED,MD,F7DE7011-9535-4B52-94D5-B86E49561310,DESTROYED,PASSENGER CAR,MOVING CONSTANT SPEED,39.12638,-76.98998333,"(39.12638, -76.98998333)"
MCP91060016,16061222,Montgomery County Police,Property Damage Crash,11/29/2016 12:28:00 PM,County,GERMANTOWN RD,Unknown,ROUNDABOUT,,N/A,,SINGLE VEHICLE,RAINING,WET,DAYLIGHT,YIELD SIGN,NONE DETECTED,,5EC71017-C26B-41F8-8B64-497F804EA45C,Yes,NO APPARENT INJURY,"RAIN, SNOW, WET",NOT DISTRACTED,MD,170E8B7B-1DAD-4AE0-AC8D-35A2079D2A63,DISABLING,PASSENGER CAR,MOVING CONSTANT SPEED,39.19046,-77.22498333,"(39.19046, -77.22498333)"
MCP2563000G,16058929,Montgomery County Police,Fatal Crash,11/15/2016 05:59:00 PM,County,OLD COLUMBIA PIKE,County,BRIGGS CHANEY RD,,N/A,,HEAD ON LEFT TURN,CLEAR,DRY,DARK LIGHTS ON,TRAFFIC SIGNAL,UNKNOWN,,44E35715-2D80-4870-95EC-7E5FA00F6AD1,Unknown,FATAL INJURY,N/A,UNKNOWN,MD,0A260F7C-A446-4F0A-B141-CEC761E28D5D,DESTROYED,MOTORCYCLE,UNKNOWN,39.08433187,-76.95105314,"(39.08433187, -76.95105314)"
MCP3003001M,170521200,Montgomery County Police,Property Damage Crash,07/26/2017 07:26:00 AM,Maryland (State),CLARKSBURG RD,Ramp,RAMP 5 FR RAMP 8 (FR IS270) TO MD 121 EB,,N/A,,SAME DIR REAR END,CLEAR,DRY,DAYLIGHT,TRAFFIC SIGNAL,NONE DETECTED,,10A7D128-FB48-4577-8DB1-1DFAE638AD53,Yes,NO APPARENT INJURY,N/A,EATING OR DRINKING,MD,743CB6AB-0374-4A4A-A8A0-2D480FA95F06,FUNCTIONAL,PASSENGER CAR,MOVING CONSTANT SPEED,39.23517167,-77.28301167,"(39.23517167, -77.28301167)"
MCP23940027,16041833,Montgomery County Police,Property Damage Crash,08/17/2016 10:39:00 PM,Maryland (State),VEIRS MILL RD,Municipality,ATLANTIC AVE,,ROCKVILLE,,STRAIGHT MOVEMENT ANGLE,RAINING,WET,DARK LIGHTS ON,STOP SIGN,NONE DETECTED,,70136566-3F22-4BF1-BB86-DB9DF51F210A,Yes,NO APPARENT INJURY,"RAIN, SNOW, WET",NOT DISTRACTED,MD,01CA3ECD-5B1C-450A-9D74-0287C8345526,FUNCTIONAL,PASSENGER CAR,ACCELERATING,39.062775,-77.12248833,"(39.062775, -77.12248833)"
MCP2799001Y,16047166,Montgomery County Police,Injury Crash,09/14/2016 04:47:00 PM,Maryland (State),ASHTON RD,County,MINK HOLLOW RD,,N/A,,SAME DIR REAR END,CLEAR,DRY,DAYLIGHT,NO CONTROLS,NONE DETECTED,,6EB5D206-5D53-404B-9F5C-C3DFDBD28D66,No,POSSIBLE INJURY,N/A,NOT DISTRACTED,MD,9034CD06-9E45-492D-B18B-6314050B799A,DISABLING,PASSENGER CAR,STOPPED IN TRAFFIC LANE,39.15559743,-76.99947238,"(39.15559743, -76.99947238)"
MCP26670015,15044908,MONTGOMERY,Property Damage Crash,09/06/2015 07:27:00 AM,County,EAST VILLAGE AVE,County,LEWISBERRY DR,,N/A,,SAME DIRECTION SIDESWIPE,CLEAR,DRY,DAYLIGHT,NO CONTROLS,NONE DETECTED,,05228273-305F-4771-B556-EC4D4AA280C1,Yes,NO APPARENT INJURY,N/A,EATING OR DRINKING,MD,E72617A6-9EDC-46DF-87CF-97FA3F029048,DISABLING,PASSENGER CAR,MOVING CONSTANT SPEED,39.18490095,-77.17560768,"(39.18490095, -77.17560768)"
DD5594002G,16055787,Rockville Police Departme,Injury Crash,10/29/2016 06:11:00 AM,Maryland (State),W MONTGOMERY AVE,Municipality,HURLEY AVE,,ROCKVILLE,,STRAIGHT MOVEMENT ANGLE,CLEAR,DRY,DUSK,N/A,NONE DETECTED,,69FBA908-F7AA-41A3-AD61-5A685A3AFB81,No,POSSIBLE INJURY,N/A,NOT DISTRACTED,MD,BFB157C0-7489-4741-84DC-657E949CDE06,FUNCTIONAL,PASSENGER CAR,MOVING CONSTANT SPEED,39.08665324,-77.1752429,"(39.08665324, -77.1752429)"
MCP28630013,15056307,MONTGOMERY,Property Damage Crash,11/05/2015 07:01:00 AM,County,BRINK RD,County,GOSHEN RD,,N/A,,OPPOSITE DIR BOTH LEFT TURN,RAINING,WET,DAWN,N/A,NONE DETECTED,,A74CA638-ED28-47EC-B12B-CC192D2A171D,No,NO APPARENT INJURY,"RAIN, SNOW, WET",NOT DISTRACTED,MD,B9AB6419-B93E-4032-A98B-BDA54FBEC66F,DISABLING,PICKUP TRUCK,MOVING CONSTANT SPEED,39.205705,-77.18617167,"(39.205705, -77.18617167)"
MCP3048001J,170527740,Montgomery County Police,Property Damage Crash,08/30/2017 11:30:00 AM,Municipality,N PARK AVE,Municipality,SHOEMAKER FARM LA,,FRIENDSHIP HEIGHTS,,OTHER,CLEAR,DRY,DAYLIGHT,NO CONTROLS,NONE DETECTED,,ED6BEAE9-4C1F-47FC-8EEC-BA13BEBBD979,Yes,NO APPARENT INJURY,N/A,LOOKED BUT DID NOT SEE,VA,EDBE9D28-34EF-499F-9626-4F0544BF763D,FUNCTIONAL,PASSENGER CAR,BACKING,38.96334333,-77.09052,"(38.96334333, -77.09052)"
MCP2848001Z,15052854,MONTGOMERY,Injury Crash,10/18/2015 09:55:00 AM,Maryland (State),MASSACHUSETTS AVE,County,NEWPORT AVE,,N/A,BICYCLIST,STRAIGHT MOVEMENT ANGLE,CLEAR,DRY,DAYLIGHT,NO CONTROLS,NONE DETECTED,NONE DETECTED,93D3BF3A-1CAF-43C8-9273-A00A2F747E5D,Yes,NO APPARENT INJURY,N/A,LOOKED BUT DID NOT SEE,MD,79A80E2D-FDC2-4B7E-A80A-E9F2108220C9,FUNCTIONAL,PASSENGER CAR,MAKING LEFT TURN,38.9599,-77.10786167,"(38.9599, -77.10786167)"
MCP2615001Q,17015672,Montgomery County Police,Injury Crash,03/27/2017 08:14:00 PM,County,FAIRLAND RD,County,COLEFAIR DR,,N/A,,HEAD ON,CLEAR,DRY,DARK LIGHTS ON,NO CONTROLS,NONE DETECTED,,AEE2397F-E762-45DB-9ED0-2A4FB1B9CC54,Yes,POSSIBLE INJURY,N/A,NOT DISTRACTED,MD,429B5F95-03E7-4708-A55C-EDD3781D0AB7,DESTROYED,PASSENGER CAR,MOVING CONSTANT SPEED,39.07717,-76.96804667,"(39.07717, -76.96804667)"
MCP06170016,17001557,Montgomery County Police,Injury Crash,01/10/2017 06:13:00 AM,Maryland (State),NEW HAMPSHIRE AVE,Maryland (State),SPENCERVILLE RD,,N/A,,STRAIGHT MOVEMENT ANGLE,CLEAR,DRY,DARK LIGHTS ON,TRAFFIC SIGNAL,NONE DETECTED,,C5D5CECC-705F-40A2-93E6-D380B81CF63C,No,SUSPECTED MINOR INJURY,N/A,NOT DISTRACTED,MD,7672A986-25F5-4C32-B2E2-5DA2EE7DE49F,DISABLING,PASSENGER CAR,MOVING CONSTANT SPEED,39.121045,-76.988885,"(39.121045, -76.988885)"
MCP1378007Z,15049775,MONTGOMERY,Property Damage Crash,10/01/2015 02:38:00 PM,County,RAILROAD ST,Municipality,RIDGE RD,,WASHINGTON GROVE,,OPPOSITE DIRECTION SIDESWIPE,RAINING,WET,DAYLIGHT,NO CONTROLS,NONE DETECTED,,A31A5453-60F0-4630-893C-E37E499A5FB0,No,NO APPARENT INJURY,"RAIN, SNOW, WET",NOT DISTRACTED,MD,177CAD86-2735-458B-A721-1C6F52AC55BD,FUNCTIONAL,PICKUP TRUCK,SLOWING OR STOPPING,39.13509103,-77.17490494,"(39.13509103, -77.17490494)"
MCP2952002Y,17001584,Montgomery County Police,Injury Crash,01/10/2017 09:14:00 AM,US (State),COLESVILLE RD,County,SPRING ST,,N/A,,SAME DIRECTION LEFT TURN,CLOUDY,DRY,DAYLIGHT,TRAFFIC SIGNAL,NONE DETECTED,,C8A6E37B-7397-439B-BDDA-8BF9B6BA7812,No,NO APPARENT INJURY,N/A,NOT DISTRACTED,MD,4F05CD27-651D-4093-9E7C-C27452AB96A6,FUNCTIONAL,PASSENGER CAR,MOVING CONSTANT SPEED,38.99906909,-77.02615231,"(38.99906909, -77.02615231)"
MCP2786001S,170523239,Montgomery County Police,Property Damage Crash,08/05/2017 09:38:00 PM,Maryland (State),GEORGIA AVE,County,COLUMBIA BLVD,,N/A,,SAME DIRECTION SIDESWIPE,CLEAR,DRY,DARK LIGHTS ON,NO CONTROLS,NONE DETECTED,,30D0FEDE-8D23-4F8C-B5F2-0F20B8E6C6A8,Yes,NO APPARENT INJURY,N/A,NOT DISTRACTED,MD,02F95245-E0BF-4651-A7BD-D1D0A30426FE,SUPERFICIAL,PASSENGER CAR,MOVING CONSTANT SPEED,39.00794167,-77.04016667,"(39.00794167, -77.04016667)"
MCP30120025,170506025,Montgomery County Police,Property Damage Crash,05/05/2017 09:14:00 AM,County,RANDOLPH RD,County,HAWKESBURY LA,,N/A,,HEAD ON LEFT TURN,RAINING,WET,DAYLIGHT,NO CONTROLS,NONE DETECTED,,00306EAE-8088-4251-9B6F-0679974933A3,No,NO APPARENT INJURY,"RAIN, SNOW, WET",NOT DISTRACTED,MD,662F80A7-5E5A-4987-80F1-44D87980BFB4,FUNCTIONAL,VAN,MOVING CONSTANT SPEED,39.06688,-77.01986667,"(39.06688, -77.01986667)"
MCP25650037,16053416,Montgomery County Police,Injury Crash,10/17/2016 08:10:00 PM,Maryland (State),ROCKVILLE PIKE,County,EDSON LA,,N/A,,STRAIGHT MOVEMENT ANGLE,CLEAR,DRY,DARK LIGHTS ON,TRAFFIC SIGNAL,NONE DETECTED,,8563551D-5B70-4093-8248-E0DF4DEC8B21,No,POSSIBLE INJURY,N/A,NOT DISTRACTED,MD,AFE84FCD-2032-43A4-81DE-947F0570ECF5,DESTROYED,PASSENGER CAR,MOVING CONSTANT SPEED,39.04034672,-77.10973129,"(39.04034672, -77.10973129)"
MCP2889000M,15008851,Montgomery County Police,Property Damage Crash,02/24/2015 08:12:00 AM,Maryland (State),LAYHILL RD,County,BEL PRE RD,,N/A,,SAME DIR REAR END,CLEAR,DRY,DAYLIGHT,TRAFFIC SIGNAL,NONE DETECTED,,0978BC2F-F3F5-4EEC-A78A-D1D8BB04B192,Yes,NO APPARENT INJURY,N/A,UNKNOWN,VA,AECBE6B6-D46E-40F6-9CEA-2CA9BCF5C77D,FUNCTIONAL,PASSENGER CAR,SLOWING OR STOPPING,39.09164167,-77.04507167,"(39.09164167, -77.04507167)"
MCP3011001S,170508914,Montgomery County Police,Property Damage Crash,05/19/2017 11:00:00 AM,,,,,PARKING LOT OF 11564 ROCKVILLE PIKE,,,OTHER,CLEAR,,DAYLIGHT,NO CONTROLS,NONE DETECTED,,B27B8431-4F9C-4D1B-BEE8-D9719C3AE3D3,No,NO APPARENT INJURY,N/A,NOT DISTRACTED,MD,8ABE8584-7984-4A0A-BDAD-0130E672DE78,SUPERFICIAL,PASSENGER CAR,PARKED,39.0467,-77.113495,"(39.0467, -77.113495)"
MCP2896000N,15007595,Montgomery County Police,Property Damage Crash,02/15/2015 09:23:00 AM,Interstate (State),EISENHOWER MEMORIAL HWY,Maryland (State),OLD GEORGETOWN RD,,N/A,,SAME DIR REAR END,SEVERE WINDS,ICE,DAYLIGHT,NO CONTROLS,N/A,,B65856B5-F0B5-41B9-ABEC-DFF42627A412,Yes,NO APPARENT INJURY,"ICY OR SNOW-COVERED, RAIN, SNOW",NOT DISTRACTED,MD,192231DF-142F-48AA-9FB4-A5178CE25BF0,DISABLING,PASSENGER CAR,MOVING CONSTANT SPEED,39.03063589,-77.12681293,"(39.03063589, -77.12681293)"
MCP2766002R,16033208,Montgomery County Police,Property Damage Crash,06/30/2016 09:30:00 PM,County,E RANDOLPH RD,Maryland (State),NEW HAMPSHIRE AVE,,N/A,,OTHER,CLEAR,DRY,DARK LIGHTS ON,TRAFFIC SIGNAL,NONE DETECTED,,3D2AE327-B901-43D2-AB4C-A061E2B4EF00,Yes,NO APPARENT INJURY,N/A,OTHER DISTRACTION,MD,3743CDA7-DAA5-4ACA-B9DB-C7DB0AAF167A,FUNCTIONAL,MOTORCYCLE,ACCELERATING,39.07565988,-77.00236917,"(39.07565988, -77.00236917)"
EJ7856000F,15031201,GAITHERSBURG,Property Damage Crash,06/25/2015 12:30:00 PM,,,,,"Parking lot of the Home Depot, located at15740 Shady Grove Road, Gaithersburg, MD 20877",,,SINGLE VEHICLE,CLEAR,,DAYLIGHT,N/A,N/A,,6A276A09-D27C-473F-BF01-2E1CA8E9961F,Yes,NO APPARENT INJURY,N/A,UNKNOWN,MD,ECF1E464-B6F3-45F0-BA9C-E1A99E8F8CA1,UNKNOWN,PICKUP TRUCK,MOVING CONSTANT SPEED,39.11509167,-77.18600167,"(39.11509167, -77.18600167)"
MCP2726001R,170501747,Montgomery County Police,Property Damage Crash,04/12/2017 10:14:00 AM,County,SEVEN LOCKS RD,County,MONTROSE RD,,N/A,,SAME DIR REAR END,N/A,DRY,DAYLIGHT,NO CONTROLS,ILLEGAL DRUG PRESENT,,79C46A1C-C3C9-47C5-B410-70A08350C054,Yes,NO APPARENT INJURY,N/A,LOOKED BUT DID NOT SEE,MD,8629851E-E958-4228-A968-9398B5D7646D,SUPERFICIAL,PASSENGER CAR,BACKING,39.05750877,-77.16128871,"(39.05750877, -77.16128871)"
MCP2771000Z,170501335,Montgomery County Police,Property Damage Crash,04/10/2017 01:45:00 AM,,,,,LEVEL ONE OF PARKING GARAGE ATTACHED TO LOCATION AT 9811 WASHINGTONIAN BLVD,,,OTHER,N/A,,DARK LIGHTS ON,N/A,UNKNOWN,,6D682B42-04AA-4999-A753-402A2FFB780D,Yes,NO APPARENT INJURY,N/A,UNKNOWN,,A79A537F-62A8-46E4-BC6D-88E23594F8E1,UNKNOWN,PASSENGER CAR,BACKING,39.116245,-77.20435667,"(39.116245, -77.20435667)"
MCP15800075,17013260,Montgomery County Police,Property Damage Crash,03/14/2017 12:59:00 PM,,,,,"PARKING LOT OF RIDGEVIEW M. S.

16600 RAVEN ROCK WAY
 
GAITHERSBURG, MD 20878",,,OTHER,SNOW,,DAYLIGHT,N/A,NONE DETECTED,,A810AA1B-502D-41CB-943F-7A791A780CBF,Yes,NO APPARENT INJURY,"N/A, RAIN, SNOW",UNKNOWN,MD,8CE09B6E-523F-4ACC-8B1E-082040BCCB95,SUPERFICIAL,"CARGO VAN/LIGHT TRUCK 2 AXLES (OVER 10,000LBS (4,536 KG))",BACKING,39.12719724,-77.24869251,"(39.12719724, -77.24869251)"
DD5546000D,15035771,ROCKVILLE,Injury Crash,07/20/2015 06:44:00 PM,County,MONTROSE RD,Municipality,TOWER OAKS BLVD,,ROCKVILLE,,HEAD ON LEFT TURN,CLEAR,DRY,DAYLIGHT,TRAFFIC SIGNAL,NONE DETECTED,,4A3EB255-55D0-4DCB-AF10-596990F54765,No,NO APPARENT INJURY,N/A,NOT DISTRACTED,MD,3ED045D4-E5D3-4618-9DFB-CCFA5A5CB880,DISABLING,PASSENGER CAR,MAKING LEFT TURN,39.05566833,-77.14932,"(39.05566833, -77.14932)"
MCP2425005D,15037442,MONTGOMERY,Injury Crash,07/29/2015 07:02:00 AM,County,LOCKWOOD DR,Unknown,ENT TO BUSINESS,,N/A,,STRAIGHT MOVEMENT ANGLE,CLOUDY,DRY,DAYLIGHT,NO CONTROLS,NONE DETECTED,,E4D66A89-69CC-4CB8-8F81-9F1372EBE524,Yes,NO APPARENT INJURY,N/A,NOT DISTRACTED,MD,B569C25C-1D85-4BA1-92AF-7B7F78EE1C93,FUNCTIONAL,PASSENGER CAR,MAKING LEFT TURN,39.04119667,-76.98727833,"(39.04119667, -76.98727833)"
MCP2594002F,170504051,Montgomery County Police,Injury Crash,04/25/2017 07:58:00 AM,Maryland (State),OLNEY SANDY SPRING RD,County,SPARTAN RD,,N/A,,SAME DIR REAR END,RAINING,WET,DAYLIGHT,TRAFFIC SIGNAL,NONE DETECTED,,AFDA0A62-3492-423B-BD15-CCD47E4C24DF,No,NO APPARENT INJURY,"RAIN, SNOW, WET",NOT DISTRACTED,MD,BF3BC831-8D24-4EE1-9A1F-EA6B30DF88B0,DISABLING,PASSENGER CAR,STOPPED IN TRAFFIC LANE,39.1510365,-77.06226717,"(39.1510365, -77.06226717)"
EJ7747002X,170511296,Gaithersburg Police Depar,Injury Crash,06/02/2017 11:09:00 AM,Maryland (State),QUINCE ORCHARD RD,Unknown,ENT TO PARK & RIDE,,N/A,,SAME DIR REAR END,CLEAR,DRY,DAYLIGHT,TRAFFIC SIGNAL,UNKNOWN,,5D653E05-9CA3-4D58-8ADA-4684E5472292,Yes,NO APPARENT INJURY,N/A,UNKNOWN,,7540CA78-7757-4C02-B3D6-1A4A59C51F3B,SUPERFICIAL,,SLOWING OR STOPPING,39.14774333,-77.21804167,"(39.14774333, -77.21804167)"
MCP2683002K,170508577,Montgomery County Police,Injury Crash,05/18/2017 09:00:00 PM,Maryland (State),MONTGOMERY VILLAGE AVE,Unknown,SPUR FR LOST KNIFE RD,,N/A,,SAME DIR REAR END,CLEAR,DRY,DARK LIGHTS ON,YIELD SIGN,NONE DETECTED,,EB973C3C-0A34-4262-AE44-E95163958EB5,No,NO APPARENT INJURY,N/A,NOT DISTRACTED,WV,134E31B0-9C95-405B-97E6-D313FF9775C4,SUPERFICIAL,PASSENGER CAR,MAKING RIGHT TURN,39.17678167,-77.17718833,"(39.17678167, -77.17718833)"