Report Number,Local Case Number,Agency Name,ACRS Report Type,Crash Date/Time,Route Type,Road Name,Cross-Street Type,Cross-Street Name,Off-Road Description,Municipality,Related Non-Motorist,Collision Type,Weather,Surface Condition,Light,Traffic Control,Driver Substance Abuse,Non-Motorist Substance Abuse,Person ID,Driver At Fault,Injury Severity,Circumstance,Driver Distracted By,Drivers License State,Vehicle ID,Vehicle Damage Extent,Vehicle Body Type,Vehicle Movement,Latitude,Longitude,Location
MCP2503000L,15058036,MONTGOMERY,Property Damage Crash,11/13/2015 11:30:00 AM,,,,,parking lot of 11160 VEIRS MILL RD (COSTCO),,,OTHER,CLEAR,,DAYLIGHT,NO CONTROLS,UNKNOWN,,5D497D16-C8FC-4ADF-BA1D-8A2D6835D610,Yes,NO APPARENT INJURY,N/A,UNKNOWN,,7B7CC904-673C-4244-9992-90825AFB3E25,SUPERFICIAL,N/A,ACCELERATING,39.038174,-77.052609,"(39.038174, -77.052609)"
MCP2857001F,16040979,Montgomery County Police,Property Damage Crash,08/12/2016 07:25:00 PM,Maryland (State),FREDERICK RD,Maryland (State),MONTGOMERY VILLAGE AVE,,N/A,,SAME DIR REAR END,CLEAR,DRY,DAYLIGHT,YIELD SIGN,NONE DETECTED,,926FECEB-9A72-4226-B5CF-CF6935D340B9,Yes,NO APPARENT INJURY,N/A,INATTENTIVE OR LOST IN THOUGHT,MD,43F984F0-BA46-4EF7-B4E1-DD1AC36E17AB,SUPERFICIAL,"CARGO VAN/LIGHT TRUCK 2 AXLES (OVER 10,000LBS (4,536 KG))",SLOWING OR STOPPING,39.15276333,-77.21224333,"(39.15276333, -77.21224333)"
MCP2894001G,15063353,MONTGOMERY,Injury Crash,12/11/2015 03:10:00 PM,Maryland (State),CONNECTICUT AVE,Municipality,KNOWLES AVE,,KENSINGTON,,SAME DIR REAR END,CLEAR,DRY,DAYLIGHT,N/A,NONE DETECTED,,C1C5ED8D-B256-4D16-BE2C-1CAC91A34803,No,POSSIBLE INJURY,N/A,NOT DISTRACTED,MD,E25BDC5F-C2DA-462D-BDD0-67E67BF955AE,FUNCTIONAL,PASSENGER CAR,SLOWING OR STOPPING,39.02820225,-77.07645178,"(39.02820225, -77.07645178)"
MCP20470013,17016107,Montgomery County Police,Property Damage Crash,03/30/2017 08:21:00 AM,County,CRABBS BRANCH WAY,County,E GUDE DR,,N/A,,SAME DIR REAR END,CLEAR,DRY,N/A,N/A,NONE DETECTED,,13C96641-AA9B-4EB1-9A3E-BC58EBC7B417,Yes,NO APPARENT INJURY,N/A,NOT DISTRACTED,MD,DF39B56E-14C7-478F-8A78-375BA76CF5F7,DISABLING,PASSENGER CAR,STARTING FROM LANE,39.10732167,-77.15232333,"(39.10732167, -77.15232333)"
MCP28610019,15051099,MONTGOMERY,Property Damage Crash,10/08/2015 07:41:00 PM,,,,,parking lot of the Safeway located at 10104 River Road,,,OTHER,CLEAR,,DARK LIGHTS ON,NO CONTROLS,NONE DETECTED,,723B6BDD-F970-4BC3-968B-918674E275B6,No,NO APPARENT INJURY,N/A,NOT DISTRACTED,MD,563AA9BB-3AD2-4D29-AE2D-A600B172FB45,SUPERFICIAL,PASSENGER CAR,PARKED,39.01695805,-77.20837355,"(39.01695805, -77.20837355)"
MCP2039001J,16018390,Montgomery County Police,Property Damage Crash,04/15/2016 06:12:00 AM,Maryland (State),CONNECTICUT AVE,County,KAYSON ST,,N/A,OTHER,STRAIGHT MOVEMENT ANGLE,CLEAR,DRY,DARK NO LIGHTS,STOP SIGN,N/A,N/A,FAF10DBE-3486-4008-A44D-EDE68ABBA0B7,No,NO APPARENT INJURY,N/A,NOT DISTRACTED,MD,A4D4D4F4-750D-41FA-AAF7-58C3F6F2A746,DISABLING,PASSENGER CAR,MOVING CONSTANT SPEED,39.06792499,-77.07523137,"(39.06792499, -77.07523137)"
MCP2177000D,15007951,Montgomery County Police,Property Damage Crash,02/18/2015 08:28:00 AM,Maryland (State),FREDERICK RD,Municipality,W GUDE DR,,ROCKVILLE,,SAME DIR REAR END,CLEAR,DRY,DAYLIGHT,TRAFFIC SIGNAL,NONE DETECTED,,4045EC1B-7449-4832-89BF-385C35E5CB6E,No,NO APPARENT INJURY,N/A,NOT DISTRACTED,MD,A6745113-3E65-4832-A16D-CD35FEDF2153,SUPERFICIAL,(SPORT) UTILITY VEHICLE,SLOWING OR STOPPING,39.108555,-77.15974167,"(39.108555, -77.15974167)"
MCP2694001T,15047708,MONTGOMERY,Property Damage Crash,09/20/2015 07:00:00 PM,Maryland (State),CONNECTICUT AVE,County,JONES BRIDGE RD,,N/A,,SAME DIR REAR END,CLEAR,DRY,DUSK,TRAFFIC SIGNAL,NONE DETECTED,,611EC253-9D1A-4806-9CDA-8F5A917308E8,Yes,NO APPARENT INJURY,N/A,OTHER DISTRACTION,VA,213D4905-036A-4B58-A414-22B384257034,SUPERFICIAL,(SPORT) UTILITY VEHICLE,SLOWING OR STOPPING,38.998505,-77.07692833,"(38.998505, -77.07692833)"
MCP9379000M,15051190,MONTGOMERY,Property Damage Crash,10/09/2015 09:04:00 AM,County,SHADY GROVE RD,Municipality,CHOKE CHERRY RD,,ROCKVILLE,,OPPOSITE DIR BOTH LEFT TURN,CLEAR,DRY,DAYLIGHT,TRAFFIC SIGNAL,N/A,,04B75F32-67EC-4F9C-947D-4F5176106DD5,Yes,NO APPARENT INJURY,N/A,NOT DISTRACTED,MD,33F1209A-BA3D-4DB6-A2A5-6E103681BB37,FUNCTIONAL,PASSENGER CAR,MAKING LEFT TURN,39.11559833,-77.18558167,"(39.11559833, -77.18558167)"
MCP91300032,17015960,Montgomery County Police,Property Damage Crash,03/29/2017 12:52:00 PM,Maryland (State),NEW HAMPSHIRE AVE,County,NORTHWEST DR,,N/A,,SAME DIRECTION SIDESWIPE,CLEAR,DRY,DAYLIGHT,TRAFFIC SIGNAL,NONE DETECTED,,79698AD4-9A04-4D72-85CC-7D738E68B6A2,No,NO APPARENT INJURY,N/A,NOT DISTRACTED,MD,545CDD1A-0DF2-4862-A209-E73F6D995CD7,DISABLING,PASSENGER CAR,MOVING CONSTANT SPEED,39.036815,-76.989605,"(39.036815, -76.989605)"
MCP2425005W,15055922,MONTGOMERY,Property Damage Crash,11/03/2015 08:32:00 AM,US (State),COLESVILLE RD,County,LANARK WAY,,N/A,,STRAIGHT MOVEMENT ANGLE,CLEAR,DRY,DAYLIGHT,STOP SIGN,NONE DETECTED,,1FDF8706-C38A-4662-B205-18A2D7D02D1D,No,NO APPARENT INJURY,N/A,NOT DISTRACTED,MD,C40A16CE-B3FE-4CC9-8107-27DEA4E1A239,DISABLING,PASSENGER CAR,MOVING CONSTANT SPEED,39.01857333,-77.014355,"(39.01857333, -77.014355)"
MCP2788000Y,16049232,Montgomery County Police,Property Damage Crash,09/24/2016 09:29:00 PM,County,NAIRN RD,County,BLUERIDGE AVE,,N/A,,OPPOSITE DIRECTION SIDESWIPE,CLEAR,DRY,DARK LIGHTS ON,N/A,NONE DETECTED,,CC884E1E-6786-47D3-9A2E-38CFB19A42EA,No,NO APPARENT INJURY,N/A,NOT DISTRACTED,MD,5F523B5B-F7E1-4EC9-87E4-93F6DA06058C,FUNCTIONAL,PASSENGER CAR,MOVING CONSTANT SPEED,39.044795,-77.04334833,"(39.044795, -77.04334833)"
MCP2805001G,15040816,MONTGOMERY,Property Damage Crash,08/15/2015 07:15:00 PM,County,QUAIL VALLEY BLVD,County,BLUEBIRD TERR,,N/A,,HEAD ON,CLEAR,DRY,DAYLIGHT,NO CONTROLS,COMBINATION CONTRIBUTED,,C7F76059-0C7C-4364-B78C-5C0257A8442D,Yes,NO APPARENT INJURY,"DEBRIS OR OBSTRUCTION, N/A",UNKNOWN,MD,69C4191E-3B29-4BF9-901D-9240ADAE7224,DISABLING,PICKUP TRUCK,MOVING CONSTANT SPEED,39.16330833,-77.19057167,"(39.16330833, -77.19057167)"
MCP2717005R,16023837,Montgomery County Police,Property Damage Crash,05/13/2016 05:00:00 PM,Maryland (State),OLD GEORGETOWN RD,County,CORDELL AVE,,N/A,,STRAIGHT MOVEMENT ANGLE,CLEAR,DRY,DAYLIGHT,STOP SIGN,NONE DETECTED,,F92E7BEF-C13E-4F2A-A80C-59EC6DFD57D8,Yes,NO APPARENT INJURY,N/A,LOOKED BUT DID NOT SEE,MD,729DBA44-4574-42D4-A483-DDA6184328EB,DISABLING,PASSENGER CAR,MOVING CONSTANT SPEED,38.98803167,-77.099545,"(38.98803167, -77.099545)"
MCP93010010,16044882,Montgomery County Police,Property Damage Crash,09/02/2016 01:30:00 PM,Maryland (State),GREAT SENECA HWY,Unknown,CROSSOVER,,N/A,,SINGLE VEHICLE,N/A,N/A,DAYLIGHT,N/A,NONE DETECTED,,39A2A4EC-0A3C-44B1-887B-B034F0164394,Yes,NO APPARENT INJURY,N/A,NOT DISTRACTED,MD,04E198A4-CB2D-4CEC-BD2A-339E473CB66D,DISABLING,PASSENGER CAR,MOVING CONSTANT SPEED,39.15062,-77.27752,"(39.15062, -77.27752)"
MCP2846002W,170507197,Montgomery County Police,Injury Crash,05/11/2017 10:36:00 AM,Maryland (State),CONNECTICUT AVE,County,RANDOLPH RD,,N/A,,SAME DIR REAR END,RAINING,WET,DAYLIGHT,NO CONTROLS,NONE DETECTED,,A57CC00C-88F8-4A2F-BEB9-79B93A3E594C,Yes,NO APPARENT INJURY,"RAIN, SNOW, WET",LOOKED BUT DID NOT SEE,NJ,F4F98F6C-6B80-43A8-B386-F600B5C6CA02,SUPERFICIAL,PASSENGER CAR,SLOWING OR STOPPING,39.05836833,-77.04838333,"(39.05836833, -77.04838333)"
MCP2867002S,16049915,Montgomery County Police,Injury Crash,09/28/2016 02:30:00 PM,Maryland (State),NEW HAMPSHIRE AVE,County,POWDER MILL RD,,N/A,,HEAD ON,RAINING,WET,DAYLIGHT,N/A,NONE DETECTED,,32B111BE-C0E2-4168-885C-5F0B83B6BDF9,Yes,POSSIBLE INJURY,N/A,OTHER DISTRACTION,MD,7BEDED30-D0B9-4359-B51D-436A3CE08F9A,SUPERFICIAL,PASSENGER CAR,SLOWING OR STOPPING,39.02243034,-76.97747156,"(39.02243034, -76.97747156)"
MCP15630038,17012685,Montgomery County Police,Injury Crash,03/10/2017 05:32:00 PM,Maryland (State),BRADLEY LA,Municipality,MAPLE AVE,,CHEVY CHASE #4,,STRAIGHT MOVEMENT ANGLE,N/A,DRY,DUSK,NO CONTROLS,NONE DETECTED,,AA22EFE6-6E2D-4A86-BD23-1E8EF5F366B0,No,POSSIBLE INJURY,N/A,NOT DISTRACTED,MD,E0791DA0-F7CC-4389-BAE3-D2E2F88BC1B8,DISABLING,PASSENGER CAR,MOVING CONSTANT SPEED,38.97683333,-77.08202333,"(38.97683333, -77.08202333)"
MCP2736001R,15001480,Montgomery County Police,Property Damage Crash,01/09/2015 10:12:00 PM,Maryland (State),ROCKVILLE PIKE,County,EDSON LA,,N/A,,SAME DIR REAR END,CLEAR,DRY,DARK LIGHTS ON,TRAFFIC SIGNAL,NONE DETECTED,,99A42DDB-7437-464E-A3E6-8999674D046F,No,NO APPARENT INJURY,N/A,NOT DISTRACTED,MD,57C262CB-5AA0-4484-8A8E-A9A6B29C577E,FUNCTIONAL,PASSENGER CAR,STOPPED IN TRAFFIC LANE,39.04061167,-77.10997667,"(39.04061167, -77.10997667)"
EJ7837001F,16064155,Gaithersburg Police Depar,Property Damage Crash,12/14/2016 12:30:00 PM,Municipality,RIO BLVD,Municipality,WASHINGTONIAN BLVD,,GAITHERSBURG,,SAME DIRECTION SIDESWIPE,CLEAR,DRY,DAYLIGHT,NO CONTROLS,N/A,,EC8D3448-79E4-4442-87B4-311317450EAE,Yes,NO APPARENT INJURY,N/A,NOT DISTRACTED,MD,F7781BB8-2FE3-4F02-8B65-F740471E72AD,SUPERFICIAL,"CARGO VAN/LIGHT TRUCK 2 AXLES (OVER 10,000LBS (4,536 KG))",MOVING CONSTANT SPEED,39.1176357,-77.2006917,"(39.1176357, -77.2006917)"
MCP1580005S,16024307,Montgomery County Police,Property Damage Crash,05/16/2016 01:38:00 PM,Maryland (State),QUINCE ORCHARD RD,Maryland (State),GREAT SENECA HWY,,N/A,,SAME DIR REAR END,CLEAR,DRY,DAYLIGHT,TRAFFIC SIGNAL,NONE DETECTED,,149CBBE0-F76B-4EDC-9B5E-2CE4C8504F30,Yes,NO APPARENT INJURY,N/A,UNKNOWN,MD,9EAD0A7C-B12B-408C-9A20-3DE87EEB8FAC,DISABLING,PASSENGER CAR,UNKNOWN,39.12888167,-77.23682,"(39.12888167, -77.23682)"
DD5605002F,16030178,Rockville Police Departme,Property Damage Crash,06/15/2016 08:06:00 AM,Maryland (State),HUNGERFORD DR,Municipality,E MIDDLE LA,,ROCKVILLE,,SINGLE VEHICLE,RAINING,WET,DAYLIGHT,TRAFFIC SIGNAL,NONE DETECTED,,3F5B82D3-7E7B-4FA7-856B-6296450F1371,Yes,NO APPARENT INJURY,"SLEET, HAIL, FREEZ. RAIN, WET",INATTENTIVE OR LOST IN THOUGHT,MD,A86E856C-EFB4-4157-8EFE-40E6C6430DEA,DISABLING,PASSENGER CAR,MOVING CONSTANT SPEED,39.08575667,-77.14879,"(39.08575667, -77.14879)"
MCP28480028,15057721,MONTGOMERY,Property Damage Crash,11/12/2015 12:51:00 PM,,,,,Parking Lot of Montgomery Mal- (closest to Westlake Terrace),,,STRAIGHT MOVEMENT ANGLE,RAINING,,DAYLIGHT,NO CONTROLS,N/A,,E2252981-5BEE-43F5-ABB2-BA71183768E4,Yes,NO APPARENT INJURY,"RAIN, SNOW, WET",TALKING OR LISTENING TO CELLULAR PHONE,MD,59B00757-9443-4F9A-9E7F-9408D999A5A9,FUNCTIONAL,PICKUP TRUCK,PASSING,38.98665833,-77.09077167,"(38.98665833, -77.09077167)"
MCP2932000V,16021956,Montgomery County Police,Property Damage Crash,05/03/2016 11:24:00 PM,US (State),COLESVILLE RD,County,FENTON ST,,N/A,,OTHER,RAINING,WET,DARK LIGHTS ON,NO CONTROLS,NONE DETECTED,,4D5ECBB7-2C25-4C2E-8AEE-98D2162F8E10,No,NO APPARENT INJURY,"N/A, WET",NOT DISTRACTED,DC,CBABBF30-E36B-4656-9551-C469342D898C,DISABLING,PASSENGER CAR,SLOWING OR STOPPING,38.99799,-77.02690333,"(38.99799, -77.02690333)"
EJ78260013,16006492,Gaithersburg Police Depar,Property Damage Crash,02/08/2016 07:54:00 AM,Maryland (State),CLOPPER RD,Unknown,ENT TO SHOPPING CENTER,,N/A,,SAME DIR REAR END,CLEAR,DRY,DAYLIGHT,TRAFFIC SIGNAL,N/A,,CF617046-5DE8-4359-BD83-E87A33A0B19A,No,NO APPARENT INJURY,"N/A, VISION OBSTRUCTION (INCL. BLINDED BY SUN)",NOT DISTRACTED,MD,0CCAAA78-2C6A-4AC4-BE3F-3C1BBCBAAF30,FUNCTIONAL,PASSENGER CAR,SLOWING OR STOPPING,39.14310167,-77.22250833,"(39.14310167, -77.22250833)"
MCP2615001J,16066020,Montgomery County Police,Injury Crash,12/23/2016 04:54:00 PM,County,OLD COLUMBIA PIKE,County,STEWART LA,,N/A,,OTHER,CLEAR,DRY,DARK LIGHTS ON,STOP SIGN,NONE DETECTED,,D4736552-36CA-4BCC-8099-CBC38CFFB7F9,Unknown,NO APPARENT INJURY,N/A,NOT DISTRACTED,MD,2CE445FE-A39B-4C5D-AF1D-921535B81B4B,SUPERFICIAL,PASSENGER CAR,MAKING RIGHT TURN,39.046255,-76.98672,"(39.046255, -76.98672)"
MCP20800008,15032913,MONTGOMERY,Property Damage Crash,06/26/2015 02:00:00 PM,,,,,"parking lot, 13711 Connecticut Ave.",,,HEAD ON LEFT TURN,CLEAR,,DAYLIGHT,NO CONTROLS,UNKNOWN,,79A928DF-A56D-4ECA-9120-B94E0FAB9009,Yes,NO APPARENT INJURY,N/A,UNKNOWN,MD,6E10C100-9F99-4434-8591-9190E97839CD,SUPERFICIAL,PASSENGER CAR,MAKING LEFT TURN,39.0792579,-77.08013713,"(39.0792579, -77.08013713)"
MCP2664002Y,17012580,Montgomery County Police,Injury Crash,03/09/2017 11:40:00 PM,County,ANDREW ST,Maryland (State),VEIRS MILL RD,,N/A,PEDESTRIAN,OTHER,UNKNOWN,UNKNOWN,UNKNOWN,NO CONTROLS,UNKNOWN,NONE DETECTED,1A5F6D55-0BDB-46B2-896D-237A8BF49F7D,Yes,NO APPARENT INJURY,N/A,UNKNOWN,,9D4AF163-E760-4E72-A62F-E9B49B31E5A2,UNKNOWN,PASSENGER CAR,MAKING RIGHT TURN,39.05023,-77.07168833,"(39.05023, -77.07168833)"
MCP2737002L,170525790,Montgomery County Police,Property Damage Crash,08/19/2017 11:15:00 PM,Maryland (State),NEW HAMPSHIRE AVE,County,BRIGHTON KNOLLS DR,,N/A,,SINGLE VEHICLE,CLOUDY,WET,DARK -- UNKNOWN LIGHTING,NO CONTROLS,ALCOHOL PRESENT,,700D1383-4A87-435E-8C5C-8DBDEBDB0245,Yes,NO APPARENT INJURY,"N/A, WET",UNKNOWN,MD,D0A092A5-4D0C-48EA-B7B0-01EA42E9C4D0,DISABLING,PICKUP TRUCK,SLOWING OR STOPPING,39.18833,-77.02426,"(39.18833, -77.02426)"
MCP0487000J,15035567,MONTGOMERY,Injury Crash,07/19/2015 12:23:00 PM,County,MIDCOUNTY HWY,County,WASHINGTON GROVE LA,,N/A,PEDESTRIAN,OTHER,CLEAR,DRY,DAYLIGHT,TRAFFIC SIGNAL,NONE DETECTED,NONE DETECTED,6B730D8B-1D0A-4597-BF3C-6038604471B5,No,NO APPARENT INJURY,N/A,LOOKED BUT DID NOT SEE,MD,E59B82A8-D3E5-45E3-A20B-5B9020F70AB3,SUPERFICIAL,PASSENGER CAR,STARTING FROM LANE,39.147685,-77.16892667,"(39.147685, -77.16892667)"
MCP2617002J,16050108,Montgomery County Police,Injury Crash,09/29/2016 02:57:00 PM,Maryland (State),ROCKVILLE PIKE,County,TUCKERMAN LA,,N/A,,SAME DIR REAR END,RAINING,WET,DAYLIGHT,NO CONTROLS,NONE DETECTED,,3B9A7730-A630-482D-A413-09650377B9CC,Yes,NO APPARENT INJURY,"RAIN, SNOW, WET",UNKNOWN,MD,34BB9E0A-6317-42BE-AC70-A6F810529A77,SUPERFICIAL,PASSENGER CAR,MOVING CONSTANT SPEED,39.02564167,-77.10342833,"(39.02564167, -77.10342833)"
MCP2882001L,16002014,Montgomery County Police,Injury Crash,01/11/2016 07:57:00 PM,County,OBSERVATION DR,County,SHAKESPEARE BLVD,,N/A,,HEAD ON LEFT TURN,CLEAR,DRY,DARK LIGHTS ON,TRAFFIC SIGNAL,NONE DETECTED,,FB833D88-EEDD-4EDF-8F9D-07FB12D9A351,Yes,SUSPECTED MINOR INJURY,N/A,UNKNOWN,MD,9AF8CAE4-A8A9-44E8-8956-5709F8FF524E,DESTROYED,PASSENGER CAR,MAKING LEFT TURN,39.1978,-77.253925,"(39.1978, -77.253925)"
MCP28750029,16058099,Montgomery County Police,Property Damage Crash,11/10/2016 09:59:00 PM,County,WATERS LANDING DR,County,FATHER HURLEY BLVD,,N/A,,STRAIGHT MOVEMENT ANGLE,CLEAR,DRY,DARK LIGHTS ON,TRAFFIC SIGNAL,ALCOHOL PRESENT,,ACE48138-6E84-4E18-A5AF-8B98951B0439,Yes,NO APPARENT INJURY,N/A,UNKNOWN,MD,65BDBB84-7551-4103-9D2C-15957F503E9D,FUNCTIONAL,(SPORT) UTILITY VEHICLE,MAKING RIGHT TURN,39.19178667,-77.27220833,"(39.19178667, -77.27220833)"
DD5605000Y,15006304,Rockville Police Departme,Injury Crash,02/07/2015 06:48:00 PM,Municipality,ROLLINS AVE,Municipality,E JEFFERSON ST,,ROCKVILLE,,SAME DIR REAR END,CLEAR,DRY,DARK LIGHTS ON,OTHER,NONE DETECTED,,9828FC85-039E-4A46-8594-367BF9DBB9BA,No,NO APPARENT INJURY,N/A,NOT DISTRACTED,NY,2718AEFA-6F46-4EA1-84CF-5F3D9B1F6075,FUNCTIONAL,PASSENGER CAR,STOPPED IN TRAFFIC LANE,39.057135,-77.12601667,"(39.057135, -77.12601667)"
MCP2824001N,15055256,MONTGOMERY,Injury Crash,10/30/2015 07:00:00 PM,Maryland (State),RIVER RD,County,SWAINS LOCK RD,,N/A,,STRAIGHT MOVEMENT ANGLE,CLEAR,DRY,DARK NO LIGHTS,NO CONTROLS,N/A,,D7861D16-DEAB-4921-A1C2-0E5CD586CF65,No,SUSPECTED MINOR INJURY,N/A,NOT DISTRACTED,MD,9370C5F4-1DF5-4D72-AB1D-786D87D92623,DISABLING,PASSENGER CAR,MOVING CONSTANT SPEED,39.03506833,-77.24052167,"(39.03506833, -77.24052167)"
MCP2107000S,16037437,Montgomery County Police,Property Damage Crash,07/24/2016 07:11:00 AM,,,,,PARKING LOT OF 20329 BEACONFIELD TER,,,SINGLE VEHICLE,CLEAR,,DAYLIGHT,NO CONTROLS,NONE DETECTED,,AB60407E-C067-47D7-8819-423A7EAD4866,Yes,NO APPARENT INJURY,N/A,NOT DISTRACTED,MD,51CB9BE0-90E9-4984-A356-A15B33CAB969,DISABLING,PASSENGER CAR,MOVING CONSTANT SPEED,39.19125333,-77.271915,"(39.19125333, -77.271915)"
MCP1022007M,170520338,Montgomery County Police,Injury Crash,07/21/2017 11:47:00 AM,Maryland (State),RIDGE RD,County,KINGS VALLEY RD,,N/A,,SINGLE VEHICLE,CLEAR,DRY,DAYLIGHT,NO CONTROLS,NONE DETECTED,,08BEDD52-90E3-4DD8-B61C-BD6F6B64EB3B,Yes,POSSIBLE INJURY,N/A,NOT DISTRACTED,MD,06C830BE-B4BA-447E-9DCB-4B1CCDECCB3D,DISABLING,VAN,MOVING CONSTANT SPEED,39.25271833,-77.23076167,"(39.25271833, -77.23076167)"
DD5594002N,16062799,Rockville Police Departme,Injury Crash,12/07/2016 12:46:00 PM,Maryland (State),FALLS RD,Municipality,WOOTTON PKWY,,ROCKVILLE,,SAME DIR REAR END,CLEAR,DRY,DAYLIGHT,TRAFFIC SIGNAL,NONE DETECTED,,946A6FE8-57A6-4955-A561-7366E1DBBD41,Yes,NO APPARENT INJURY,N/A,UNKNOWN,MD,37549988-AF7C-4104-9986-B150241E4E8A,FUNCTIONAL,PASSENGER CAR,MOVING CONSTANT SPEED,39.07028167,-77.16947167,"(39.07028167, -77.16947167)"
MCP2757001M,170508026,Montgomery County Police,Property Damage Crash,05/16/2017 05:37:00 AM,County,RANDOLPH RD,County,GLENALLAN AVE,,N/A,,STRAIGHT MOVEMENT ANGLE,CLEAR,DRY,DAWN,FLASHING TRAFFIC SIGNAL,NONE DETECTED,,BEB0581D-23D2-42D7-9886-135CC06AEDBC,Yes,NO APPARENT INJURY,N/A,UNKNOWN,MD,A2DCACFD-FDE8-4A6D-AABC-E8863ADD7E27,FUNCTIONAL,PICKUP TRUCK,STARTING FROM LANE,39.06041667,-77.04498833,"(39.06041667, -77.04498833)"
MCP2799002S,170505700,Montgomery County Police,Property Damage Crash,05/03/2017 04:09:00 PM,Maryland (State),OLNEY SANDY SPRING RD,County,MEETING HOUSE RD,,N/A,,SAME DIR REAR END,CLEAR,DRY,DAYLIGHT,N/A,NONE DETECTED,,20AAC18B-B520-4601-8E60-33CE06F1F40B,No,NO APPARENT INJURY,N/A,NOT DISTRACTED,MD,1E31168C-4D6F-460D-96D0-61F1F56097E6,FUNCTIONAL,PASSENGER CAR,STOPPED IN TRAFFIC LANE,39.14947833,-77.02574167,"(39.14947833, -77.02574167)"
EJ77800006,16066309,Gaithersburg Police Depar,Property Damage Crash,12/25/2016 03:39:00 PM,County,MUDDY BRANCH RD,County,DIAMONDBACK DR,,N/A,,STRAIGHT MOVEMENT ANGLE,CLEAR,DRY,DAYLIGHT,TRAFFIC SIGNAL,N/A,,2EE282EB-49BE-4474-93BC-0B77BFC604C0,Yes,NO APPARENT INJURY,N/A,UNKNOWN,MD,796148DE-739F-4235-9DD6-7FEA8151F9B1,FUNCTIONAL,OTHER,MAKING RIGHT TURN,39.11575833,-77.21592667,"(39.11575833, -77.21592667)"
MCP2603000C,16034536,Montgomery County Police,Injury Crash,07/08/2016 09:17:00 AM,County,SNOUFFERS SCHOOL RD,Maryland (State),WOODFIELD RD,,N/A,,HEAD ON LEFT TURN,CLEAR,DRY,DAYLIGHT,N/A,N/A,,C8C42732-2B13-4AFC-ADE3-905DD4D29701,No,NO APPARENT INJURY,N/A,NOT DISTRACTED,MD,A5759452-C1D3-470E-88D7-939ED909EC29,DISABLING,PICKUP TRUCK,MOVING CONSTANT SPEED,39.15900333,-77.160445,"(39.15900333, -77.160445)"
MCP26510018,170516949,Montgomery County Police,Property Damage Crash,07/02/2017 12:55:00 PM,Maryland (State),PINEY BRANCH RD,County,BARRON ST,,N/A,,SAME DIRECTION RIGHT TURN,CLEAR,DRY,DAYLIGHT,N/A,NONE DETECTED,,6167CF12-380E-4BC4-ABD0-EB0611B970AB,Yes,NO APPARENT INJURY,N/A,NOT DISTRACTED,MD,7B72848E-270B-4AF2-B12A-C7DF5FFD06D4,FUNCTIONAL,PASSENGER CAR,ACCELERATING,38.99895167,-76.99766167,"(38.99895167, -76.99766167)"
MCP27670023,16055372,Montgomery County Police,Property Damage Crash,10/27/2016 07:31:00 PM,County,AMHERST AVE,County,BLUERIDGE AVE,,N/A,,SINGLE VEHICLE,CLEAR,DRY,DARK LIGHTS ON,NO CONTROLS,NONE DETECTED,,ADD33144-D756-4FC9-AE56-5E7DD443A6C4,No,NO APPARENT INJURY,"N/A, PHYSICAL OBSTRUCTION(S), RUTS, HOLES, BUMPS",NOT DISTRACTED,MD,585562AD-F4D2-42A9-B8C0-EA0C15646104,DISABLING,PASSENGER CAR,MOVING CONSTANT SPEED,39.04311667,-77.04791333,"(39.04311667, -77.04791333)"
MCP2992000Q,16034619,Montgomery County Police,Property Damage Crash,07/08/2016 04:34:00 PM,Maryland (State),NORBECK RD,County,NADINE DR,,N/A,,SAME DIR REAR END,CLEAR,N/A,DAYLIGHT,NO CONTROLS,NONE DETECTED,,28FAC2B9-A6BE-429C-AE53-88D51713EAAF,No,NO APPARENT INJURY,N/A,NOT DISTRACTED,VA,E7BA0557-3096-470E-BC18-0416918BED7D,SUPERFICIAL,(SPORT) UTILITY VEHICLE,SLOWING OR STOPPING,39.09803667,-77.10430333,"(39.09803667, -77.10430333)"
MCP2766002T,16051047,Montgomery County Police,Property Damage Crash,10/04/2016 08:08:00 PM,,,,,PARKING LOT OF 3800 INTERNATIONAL DRIVE,,,STRAIGHT MOVEMENT ANGLE,CLEAR,,DARK LIGHTS ON,NO CONTROLS,ALCOHOL PRESENT,,4D63284D-080B-450C-B7CB-607AD04E7573,Yes,NO APPARENT INJURY,N/A,INATTENTIVE OR LOST IN THOUGHT,MD,19FAD25F-D3C9-42B1-9DED-944BD5BCC027,SUPERFICIAL,PICKUP TRUCK,SLOWING OR STOPPING,39.10274833,-77.07556667,"(39.10274833, -77.07556667)"
MCP2843000S,16023503,Montgomery County Police,Property Damage Crash,05/11/2016 11:20:00 PM,,,,,PARKING LOT - 620 PROFESSIONAL,,,OPPOSITE DIRECTION SIDESWIPE,RAINING,,DARK NO LIGHTS,N/A,N/A,,449CC6F6-0E8D-45DF-AC8E-13AECC26FE31,No,NO APPARENT INJURY,N/A,DISTRACTED BY OUTSIDE PERSON OBJECT OR EVENT,MD,3B88470A-20AD-40B3-8156-8141B5533147,NO DAMAGE,POLICE VEHICLE/EMERGENCY,STARTING FROM PARKED,39.15875046,-77.22704172,"(39.15875046, -77.22704172)"