Report Number,Local Case Number,Agency Name,ACRS Report Type,Crash Date/Time,Route Type,Road Name,Cross-Street Type,Cross-Street Name,Off-Road Description,Municipality,Related Non-Motorist,Collision Type,Weather,Surface Condition,Light,Traffic Control,Driver Substance Abuse,Non-Motorist Substance Abuse,Person ID,Driver At Fault,Injury Severity,Circumstance,Driver Distracted By,Drivers License State,Vehicle ID,Vehicle Damage Extent,Vehicle Body Type,Vehicle Movement,Latitude,Longitude,Location
MCP9442000P,17005356,Montgomery County Police,Property Damage Crash,01/31/2017 08:35:00 AM,County,REDLAND RD,County,ROSLYN AVE,,N/A,,SAME DIR REAR END,CLEAR,DRY,DAYLIGHT,NO CONTROLS,NONE DETECTED,,A9CF7C0F-4C02-4FE7-9956-9A829ED22DC5,Yes,NO APPARENT INJURY,N/A,NOT DISTRACTED,MD,43CD4B07-4310-420A-B04D-36A1D2B9CFB0,DISABLING,PASSENGER CAR,SLOWING OR STOPPING,39.142885,-77.14411667,"(39.142885, -77.14411667)"
MCP1580006S,16062730,Montgomery County Police,Injury Crash,12/07/2016 06:21:00 AM,Maryland (State),W DIAMOND AVE,Municipality,BUREAU DR,,GAITHERSBURG,,HEAD ON LEFT TURN,CLOUDY,WET,DARK LIGHTS ON,TRAFFIC SIGNAL,NONE DETECTED,,2D540800-3D9E-4D9C-BEF1-68A12D13CE69,No,NO APPARENT INJURY,"N/A, WET",NOT DISTRACTED,MD,4AA7CA35-D176-4FD9-B4DC-C114D7366510,DISABLING,PICKUP TRUCK,MOVING CONSTANT SPEED,39.14140833,-77.21767667,"(39.14140833, -77.21767667)"
MCP2311002F,16034191,Montgomery County Police,Property Damage Crash,07/06/2016 12:56:00 PM,Maryland (State),WOODFIELD RD,Maryland (State),MUNCASTER MILL RD,,N/A,,HEAD ON LEFT TURN,CLEAR,DRY,DAYLIGHT,TRAFFIC SIGNAL,N/A,,60450BF4-EA9B-44BB-9F17-B4A6DF40EECF,Yes,NO APPARENT INJURY,N/A,NOT DISTRACTED,MD,8E6EA835-40FC-4769-B6A9-8519B34A7B96,DISABLING,PASSENGER CAR,MAKING LEFT TURN,39.15901,-77.16045667,"(39.15901, -77.16045667)"
MCP3004000D,16008115,Montgomery County Police,Property Damage Crash,02/18/2016 09:30:00 AM,Maryland (State),ROCKLEDGE BLVD,Ramp,RAMP 3 FR RAMP 6 (FR IS270) TO MD 187B,,N/A,,SAME DIR REAR END,CLEAR,DRY,DAYLIGHT,N/A,NONE DETECTED,,6C4CB37F-0A6B-4358-B30A-64200DEAD937,Yes,NO APPARENT INJURY,N/A,UNKNOWN,MD,E8A4C0D1-8AEE-4473-BFBE-98989BED945F,DISABLING,PASSENGER CAR,SLOWING OR STOPPING,39.03225168,-77.1368055,"(39.03225168, -77.1368055)"
MCP2507001C,170512338,Montgomery County Police,Property Damage Crash,06/07/2017 05:34:00 AM,County,FAIRLAND RD,County,OLD COLUMBIA PIKE,,N/A,,OTHER,N/A,DRY,N/A,TRAFFIC SIGNAL,N/A,,5B079F29-4893-457E-BC71-73C71645A053,No,NO APPARENT INJURY,N/A,NOT DISTRACTED,MD,1EBA0DBE-F70D-49A2-B53F-AF4BBEC63DE1,FUNCTIONAL,PASSENGER CAR,STOPPED IN TRAFFIC LANE,39.07591667,-76.95799333,"(39.07591667, -76.95799333)"
MCP2968001Q,170522571,Montgomery County Police,Injury Crash,08/02/2017 04:47:00 PM,County,DUFIEF MILL RD,County,DUFIEF DR,,N/A,,UNKNOWN,CLEAR,DRY,DAYLIGHT,STOP SIGN,N/A,,6F52C57F-1365-49E7-9EBB-78ACA6870211,No,NO APPARENT INJURY,N/A,NOT DISTRACTED,MD,60A465BC-8A87-4BF1-84FB-1368FB3B8D89,FUNCTIONAL,PASSENGER CAR,MOVING CONSTANT SPEED,39.09783795,-77.22849615,"(39.09783795, -77.22849615)"
MCP27360047,17002620,Montgomery County Police,Property Damage Crash,01/15/2017 04:02:00 PM,Maryland (State),WISCONSIN AVE,County,CORDELL AVE,,N/A,,SAME DIR REAR END,CLEAR,DRY,DAYLIGHT,TRAFFIC SIGNAL,NONE DETECTED,,54BDC69B-97AC-4203-9D1B-B7033C194AE3,Yes,NO APPARENT INJURY,N/A,NOT DISTRACTED,MD,420506E8-02CE-4A19-96E0-322DEB550067,DISABLING,PICKUP TRUCK,MOVING CONSTANT SPEED,38.99124267,-77.09529,"(38.99124267, -77.09529)"
MCP2875001K,16001224,Montgomery County Police,Property Damage Crash,01/07/2016 07:25:00 PM,Other Public Roadway,MATENY RD,Unknown,GLEN WILLOW WAY,,N/A,,OTHER,N/A,DRY,DARK LIGHTS ON,NO CONTROLS,NONE DETECTED,,892D489F-9428-40D9-8408-0F8CD3EEFF59,Yes,NO APPARENT INJURY,N/A,NOT DISTRACTED,MD,DA629DF4-78A6-48BB-943B-B975EF12AB17,DISABLING,VAN,MOVING CONSTANT SPEED,39.16237167,-77.26997833,"(39.16237167, -77.26997833)"
MCP2937001N,16012312,MONTGOMERY,Property Damage Crash,03/12/2016 03:08:00 PM,,,,,DRIVE THRU OF STARBUCKS,,,SAME DIR REAR END,CLEAR,,DAYLIGHT,NO CONTROLS,NONE DETECTED,,A0DE52DA-2F4E-4361-9DB3-04022C826FC0,No,NO APPARENT INJURY,N/A,NOT DISTRACTED,MD,E28881E8-CD8C-4C14-B792-050DD3C215BE,FUNCTIONAL,PICKUP TRUCK,PARKED,39.11320167,-76.931005,"(39.11320167, -76.931005)"
MCP29340020,16056062,Montgomery County Police,Property Damage Crash,10/17/2016 11:30:00 AM,County,MACARTHUR BLVD,County,WALHONDING RD,,N/A,,SAME DIR REAR END,N/A,DRY,DAYLIGHT,NO CONTROLS,NONE DETECTED,,138A27BD-D69A-44DB-9DA8-5FCD874192C1,Yes,NO APPARENT INJURY,N/A,LOOKED BUT DID NOT SEE,MD,6C5B5AE7-5460-4020-B86E-DD12CF439780,FUNCTIONAL,POLICE VEHICLE/NON EMERGENCY,BACKING,38.95867464,-77.13096097,"(38.95867464, -77.13096097)"
MCP23730006,16045826,Montgomery County Police,Property Damage Crash,09/07/2016 04:24:00 PM,Maryland (State),CLOPPER RD,Municipality,FIRSTFIELD RD,,GAITHERSBURG,,SAME DIR REAR END,CLEAR,DRY,DAYLIGHT,TRAFFIC SIGNAL,N/A,,8B1695E1-A02A-4440-BB67-2AE0FA6D014F,Yes,NO APPARENT INJURY,N/A,INATTENTIVE OR LOST IN THOUGHT,MD,8E4EAD4F-7760-4418-98D6-7256FEA0947C,FUNCTIONAL,ALL TERRAIN VEHICLE (ATV),ACCELERATING,39.14980833,-77.23443833,"(39.14980833, -77.23443833)"
MCP1048002L,170504157,Montgomery County Police,Property Damage Crash,04/25/2017 04:36:00 PM,County,PARKLAWN DR,County,TWINBROOK PKWY,,N/A,,SAME DIRECTION RIGHT TURN,RAINING,WET,DAYLIGHT,OTHER,NONE DETECTED,,BDA09E22-C30D-40CB-B38F-5EC6B854D927,Yes,NO APPARENT INJURY,N/A,UNKNOWN,MD,E4966956-74E9-40BD-A076-73DDB9C8B716,SUPERFICIAL,PASSENGER CAR,STARTING FROM LANE,39.06149333,-77.11615667,"(39.06149333, -77.11615667)"
MCP2008002L,16042941,Montgomery County Police,Property Damage Crash,08/24/2016 12:19:00 AM,Maryland (State),VEIRS MILL RD,Unknown,SPUR TO MD 193,,N/A,,SAME DIRECTION RIGHT TURN,CLEAR,DRY,DARK LIGHTS ON,N/A,NONE DETECTED,,08997CEE-1A82-4133-A0E4-479B16236A29,No,NO APPARENT INJURY,N/A,NOT DISTRACTED,MD,021AF021-B070-4D24-BE99-ECDA0D6AE75E,FUNCTIONAL,POLICE VEHICLE/NON EMERGENCY,MOVING CONSTANT SPEED,39.04006167,-77.05643333,"(39.04006167, -77.05643333)"
MCP29280014,16018205,Montgomery County Police,Property Damage Crash,04/14/2016 05:30:00 AM,Maryland (State),GEORGIA AVE,US (State),COLESVILLE RD,,N/A,,STRAIGHT MOVEMENT ANGLE,CLEAR,DRY,DARK LIGHTS ON,TRAFFIC SIGNAL,NONE DETECTED,,47A2EC46-5CB6-4FDF-BE4C-535A6B3004F4,No,NO APPARENT INJURY,N/A,NOT DISTRACTED,MD,B89E6A40-0DCF-40CD-9B70-118BC2CAD692,DISABLING,PASSENGER CAR,ACCELERATING,38.99609028,-77.02815056,"(38.99609028, -77.02815056)"
MCP3020000M,170510918,Montgomery County Police,Property Damage Crash,05/31/2017 03:43:00 PM,Maryland (State),NORBECK RD,Unknown,NORBECK BLVD,,N/A,,STRAIGHT MOVEMENT ANGLE,CLEAR,DRY,DAYLIGHT,TRAFFIC SIGNAL,NONE DETECTED,,39C535E9-C341-490B-A81E-16D45BFE61BD,No,NO APPARENT INJURY,N/A,NOT DISTRACTED,MD,D20548D1-E00E-480F-9EBE-14ED57E13826,FUNCTIONAL,PASSENGER CAR,MAKING LEFT TURN,39.11253167,-77.07026167,"(39.11253167, -77.07026167)"
MCP27650017,15006974,Montgomery County Police,Property Damage Crash,02/11/2015 03:51:00 PM,,,,,"5th Floor parking garage at 9636 Gudelsky Dr, Rockville (Shady Grove University)",,,OTHER,N/A,,DAYLIGHT,NO CONTROLS,UNKNOWN,,B97638CD-2CE0-42B9-83F9-95E093CAA6E7,Yes,NO APPARENT INJURY,N/A,UNKNOWN,MD,0C47D4F3-01E6-45B7-98E4-E857AF085674,SUPERFICIAL,PASSENGER CAR,PARKING,39.09555333,-77.20152167,"(39.09555333, -77.20152167)"
MCP10150012,170523617,Montgomery County Police,Injury Crash,08/08/2017 10:55:00 AM,County,MIDDLEBROOK RD,Maryland (State),GERMANTOWN RD,,N/A,,SAME DIR REAR END,CLOUDY,DRY,DAYLIGHT,TRAFFIC SIGNAL,NONE DETECTED,,C6B0DCA3-5DD4-4CCF-A395-61329A802D02,Yes,SUSPECTED MINOR INJURY,N/A,NOT DISTRACTED,MD,78ACEBAE-E7BB-428A-B199-C2BBFF65D365,DISABLING,PASSENGER CAR,MOVING CONSTANT SPEED,39.17941167,-77.268105,"(39.17941167, -77.268105)"
MCP22460013,16031611,Montgomery County Police,Property Damage Crash,06/22/2016 06:19:00 PM,US (State),COLESVILLE RD,County,LEIGHTON AVE,,N/A,,SAME DIR REAR END,CLEAR,DRY,DAYLIGHT,NO CONTROLS,NONE DETECTED,,91A3FEDD-0763-4A25-848D-F7C11D65852C,No,NO APPARENT INJURY,N/A,NOT DISTRACTED,MD,D5B8CE6C-8B38-4C2B-ABA9-FD5FB5DF26D0,FUNCTIONAL,PASSENGER CAR,SLOWING OR STOPPING,39.01075833,-77.01719333,"(39.01075833, -77.01719333)"
MCP1550001M,15061804,MONTGOMERY,Property Damage Crash,12/03/2015 06:49:00 PM,Maryland (State),UNIVERSITY BLVD W,County,LEXINGTON ST,,N/A,,STRAIGHT MOVEMENT ANGLE,CLEAR,DRY,DARK LIGHTS ON,TRAFFIC SIGNAL,NONE DETECTED,,CB925F19-B34E-4D0A-B44B-7CE16123E172,Yes,NO APPARENT INJURY,N/A,NOT DISTRACTED,MD,1524A384-4D65-4006-B160-FEC34ED62AFD,DISABLING,PASSENGER CAR,MOVING CONSTANT SPEED,39.03374333,-77.07239333,"(39.03374333, -77.07239333)"
MCP1119003H,17012156,Montgomery County Police,Property Damage Crash,03/08/2017 08:52:00 AM,County,LIVINGSTON ST,County,SHERATON ST,,N/A,,STRAIGHT MOVEMENT ANGLE,N/A,DRY,DAYLIGHT,STOP SIGN,NONE DETECTED,,F54F5792-BF62-4530-B318-83C3CDE45B65,No,NO APPARENT INJURY,N/A,NOT DISTRACTED,MD,4A4B52B5-519F-475E-A894-862896E820FA,DISABLING,PASSENGER CAR,MOVING CONSTANT SPEED,39.05923567,-77.05505933,"(39.05923567, -77.05505933)"
MCP0899000X,15060155,MONTGOMERY,Property Damage Crash,11/24/2015 07:02:00 PM,Maryland (State),WISCONSIN AVE,County,WOODMONT AVE,,N/A,,HEAD ON LEFT TURN,CLEAR,DRY,DARK LIGHTS ON,TRAFFIC SIGNAL,NONE DETECTED,,EF2DE8AD-5AB3-4673-AFA2-593D9E008ED8,Yes,NO APPARENT INJURY,N/A,LOOKED BUT DID NOT SEE,DC,18742F45-91F0-40F6-B4C1-DA8058F9186B,DISABLING,PASSENGER CAR,MAKING LEFT TURN,38.98018167,-77.09168333,"(38.98018167, -77.09168333)"
MCP2764001J,17015391,Montgomery County Police,Property Damage Crash,03/26/2017 03:23:00 AM,County,ARCOLA AVE,County,PARKER AVE,,N/A,,STRAIGHT MOVEMENT ANGLE,CLEAR,DRY,DARK LIGHTS ON,NO CONTROLS,N/A,,85C24C4D-0BE3-427E-85C1-C46EEE010FDB,Yes,NO APPARENT INJURY,N/A,NOT DISTRACTED,MD,E356BEAC-AB5A-4EB6-8B64-F67F7DF6D374,SUPERFICIAL,PASSENGER CAR,SLOWING OR STOPPING,39.04894701,-77.0571278,"(39.04894701, -77.0571278)"
MCP2436001X,16041344,Montgomery County Police,Property Damage Crash,08/15/2016 12:18:00 PM,Maryland (State),UNIVERSITY BLVD E,Ramp,RAMP 4 FR MD 193 NB TO IS 495 EB,,N/A,,SAME DIR REAR END,CLEAR,DRY,DAYLIGHT,TRAFFIC SIGNAL,NONE DETECTED,,554B016F-F9B0-4DA1-9D88-832F66D3F419,Yes,NO APPARENT INJURY,N/A,UNKNOWN,MD,245DD283-4927-407F-A3B8-BAADE676B2BF,FUNCTIONAL,PASSENGER CAR,MOVING CONSTANT SPEED,39.01550167,-77.00513167,"(39.01550167, -77.00513167)"
MCP3063000C,170525630,Montgomery County Police,Property Damage Crash,08/19/2017 12:00:00 AM,,,,,PARKING LOT IN FRONT OF 13873 CASTLE BLVD,,,SAME DIRECTION SIDESWIPE,CLEAR,,DARK LIGHTS ON,N/A,UNKNOWN,,EA34A574-5CA2-4CB3-BFF4-2126F4D09682,Yes,NO APPARENT INJURY,N/A,UNKNOWN,MD,D72B95C6-B833-4FD6-86D0-62EC23ACB702,FUNCTIONAL,PASSENGER CAR,BACKING,39.082235,-76.94267,"(39.082235, -76.94267)"
MCP2667001H,15061587,MONTGOMERY,Property Damage Crash,12/02/2015 05:51:00 PM,County,MIDCOUNTY HWY,County,SHADY GROVE RD,,N/A,,SINGLE VEHICLE,RAINING,WET,DARK LIGHTS ON,TRAFFIC SIGNAL,NONE DETECTED,,947CCFF8-F193-4520-BA4D-C3983CA5F93A,Yes,NO APPARENT INJURY,"RAIN, SNOW, WET",LOOKED BUT DID NOT SEE,MD,A563273F-A7CF-4759-971C-56CE7D744BC1,DISABLING,(SPORT) UTILITY VEHICLE,MOVING CONSTANT SPEED,39.14112833,-77.15200424,"(39.14112833, -77.15200424)"
MCP2948000H,15046941,MONTGOMERY,Injury Crash,09/16/2015 04:58:00 PM,County,WINDHAM LA,Maryland (State),GEORGIA AVE,,N/A,,STRAIGHT MOVEMENT ANGLE,CLEAR,DRY,DAYLIGHT,TRAFFIC SIGNAL,NONE DETECTED,,AB8B6639-C5C8-4BAE-B195-A474720C7FB6,No,NO APPARENT INJURY,N/A,NOT DISTRACTED,DC,BC2BBAD5-9D6C-472F-B1D4-C8F888723FDB,DISABLING,PASSENGER CAR,MOVING CONSTANT SPEED,39.03191667,-77.04832167,"(39.03191667, -77.04832167)"
DD55290013,16000580,Rockville Police Departme,Property Damage Crash,01/04/2016 02:41:00 PM,Maryland (State),HUNGERFORD DR,Municipality,MANNAKEE ST,,ROCKVILLE,,SAME DIR REAR END,CLEAR,DRY,DAYLIGHT,TRAFFIC SIGNAL,NONE DETECTED,,551F80AA-FFC5-4DB5-9BD2-8481989411C7,Yes,NO APPARENT INJURY,N/A,NOT DISTRACTED,MD,7C84A2C8-97AA-49DB-9995-D74928ACD57E,SUPERFICIAL,PASSENGER CAR,SLOWING OR STOPPING,39.09692167,-77.15342,"(39.09692167, -77.15342)"
MCP2728003Q,170517311,Montgomery County Police,Property Damage Crash,07/04/2017 09:32:00 PM,County,LOCKWOOD DR,Unknown,ENT TO WHITE OAK PROFESSIONAL BUILDING,,N/A,,STRAIGHT MOVEMENT ANGLE,N/A,DRY,DARK LIGHTS ON,NO CONTROLS,NONE DETECTED,,5758A66E-B065-45FC-BB96-B45F617536FE,Yes,NO APPARENT INJURY,N/A,LOOKED BUT DID NOT SEE,VA,9C4972D2-40E9-4066-88A2-7A49070DB9C6,DISABLING,PASSENGER CAR,MAKING LEFT TURN,39.038955,-76.992165,"(39.038955, -76.992165)"
MCP2851001S,16026287,Montgomery County Police,Property Damage Crash,05/26/2016 08:23:00 AM,Maryland (State),GERMANTOWN RD,County,MIDDLEBROOK RD,,N/A,,STRAIGHT MOVEMENT ANGLE,CLEAR,DRY,DAYLIGHT,TRAFFIC SIGNAL,NONE DETECTED,,B37084D7-49EE-4CC1-9B4F-7B68D91CE9F9,Yes,NO APPARENT INJURY,N/A,OTHER DISTRACTION,SC,7B97ACE6-0FF1-4E60-B7E9-A31CDB70C031,SUPERFICIAL,PASSENGER CAR,MOVING CONSTANT SPEED,39.17884661,-77.26729631,"(39.17884661, -77.26729631)"
MCP2867002M,16040015,Montgomery County Police,Property Damage Crash,08/07/2016 01:40:00 PM,,,,,"PARKING LOT OF 51 UNIVERSITY BLVD E, SILVER SPRING, MARYLAND 20901",,,SINGLE VEHICLE,N/A,,N/A,N/A,NONE DETECTED,,E459FD19-8962-4A7E-ACB9-D911439C5335,Yes,NO APPARENT INJURY,N/A,NOT DISTRACTED,MD,03DAB367-82CF-4F43-B9F1-3EC349938F7D,FUNCTIONAL,PASSENGER CAR,STARTING FROM PARKED,39.23280167,-77.2437,"(39.23280167, -77.2437)"
MCP1580006L,16061203,Montgomery County Police,Property Damage Crash,11/29/2016 10:35:00 AM,County,EAST VILLAGE AVE,County,FULKS FARM RD,,N/A,,SINGLE VEHICLE,RAINING,WET,DAYLIGHT,NO CONTROLS,NONE DETECTED,,24903273-0ED4-4FE8-8AEF-BF463801B59B,Yes,NO APPARENT INJURY,"V WIPERS|W OTHER ENVIRONMENTAL, WET",NOT DISTRACTED,MD,4E75A467-C2D7-444E-B13B-8CE96AE85A09,DISABLING,"OTHER LIGHT TRUCKS (10,000LBS (4,536KG) OR LESS)",SKIDDING,39.18781833,-77.17792167,"(39.18781833, -77.17792167)"
DD5614000B,16005632,Rockville Police Departme,Injury Crash,02/03/2016 11:07:00 AM,Maryland (State),VEIRS MILL RD,Municipality,BROADWOOD DR,,ROCKVILLE,,SAME DIR REAR END,RAINING,WET,DAYLIGHT,NO CONTROLS,NONE DETECTED,,ADA84E6E-478C-44B4-9150-95EF1483013F,Yes,POSSIBLE INJURY,"RAIN, SNOW, WET",INATTENTIVE OR LOST IN THOUGHT,MD,BC7DAE34-AD4C-458C-A8E1-2C2E30DA7356,FUNCTIONAL,PASSENGER CAR,SLOWING OR STOPPING,39.07757551,-77.12525725,"(39.07757551, -77.12525725)"
MCP2877001X,15059301,MONTGOMERY,Property Damage Crash,11/20/2015 01:30:00 PM,US (State),GEORGIA AVE,County,ELLSWORTH DR,,N/A,,SAME DIRECTION SIDESWIPE,CLEAR,DRY,DAYLIGHT,NO CONTROLS,NONE DETECTED,,3846D778-D02B-40E4-AE37-2830EE0C1F5B,Yes,NO APPARENT INJURY,N/A,NOT DISTRACTED,MD,793222ED-3D58-45C6-B1A8-252285DAB6F9,DISABLING,PASSENGER CAR,STARTING FROM PARKED,38.99505632,-77.02694893,"(38.99505632, -77.02694893)"
MCP2565001D,15005923,Montgomery County Police,Property Damage Crash,02/05/2015 04:50:00 PM,Maryland (State),RIVER RD,County,SARATOGA AVE,,N/A,,SAME DIR REAR END,CLEAR,DRY,DAYLIGHT,NO CONTROLS,NONE DETECTED,,E8C082FB-B6DF-474B-AA8F-D55ACEE456B8,Yes,NO APPARENT INJURY,N/A,EATING OR DRINKING,TN,D396A954-58C8-4023-9525-4A22E0B74DDF,DISABLING,PASSENGER CAR,MOVING CONSTANT SPEED,38.95966333,-77.09595333,"(38.95966333, -77.09595333)"
MCP1417002M,15007081,Montgomery County Police,Injury Crash,02/12/2015 09:11:00 AM,Maryland (State),WOODFIELD RD,County,LINDBERGH DR,,N/A,,SAME DIR REAR END,CLEAR,DRY,DAYLIGHT,NO CONTROLS,NONE DETECTED,,08C5AA9B-3B29-45A8-AA6D-7DC233D3D928,No,SUSPECTED MINOR INJURY,N/A,NOT DISTRACTED,MD,5B5C8EDA-9486-4F76-90DF-CB3E7DACE417,DISABLING,PASSENGER CAR,MOVING CONSTANT SPEED,39.16152899,-77.1586132,"(39.16152899, -77.1586132)"
MCP2986001F,17006450,Montgomery County Police,Property Damage Crash,01/30/2017 02:05:00 PM,Maryland (State),16TH ST,County,SECOND AVE,,N/A,,STRAIGHT MOVEMENT ANGLE,CLEAR,DRY,DAYLIGHT,N/A,NONE DETECTED,,88BDB32B-7E9B-4487-8CA4-5CC97D5CBAF6,No,NO APPARENT INJURY,N/A,NOT DISTRACTED,MD,3BB2D787-3A05-40AE-8F76-A23A9E503802,SUPERFICIAL,PASSENGER CAR,MOVING CONSTANT SPEED,38.99800807,-77.03855753,"(38.99800807, -77.03855753)"
MCP28300025,16024098,Montgomery County Police,Injury Crash,05/15/2016 07:51:00 AM,County,EDNOR RD,County,CLEAR CREEK DR,,N/A,,SINGLE VEHICLE,CLEAR,DRY,DAYLIGHT,NO CONTROLS,ALCOHOL PRESENT,,1800D219-2936-43A7-84AD-81C2E96256FA,Yes,POSSIBLE INJURY,N/A,OTHER ELECTRONIC DEVICE (NAVIGATIONAL PALM PILOT),MD,BDA26426-D23E-4CBF-9CC9-E661C2775D43,DISABLING,PASSENGER CAR,MOVING CONSTANT SPEED,39.13867167,-76.98615667,"(39.13867167, -76.98615667)"
MCP9312000C,15050508,MONTGOMERY,Property Damage Crash,10/05/2015 08:03:00 PM,Maryland (State),ROCKVILLE PIKE,County,POOKS HILL RD,,N/A,,SAME DIR REAR END,N/A,DRY,DARK LIGHTS ON,TRAFFIC SIGNAL,NONE DETECTED,,906E9CEE-5F09-4242-8020-B69A69D0A9CD,Yes,NO APPARENT INJURY,N/A,NOT DISTRACTED,MD,575CA9A3-E807-4C5C-8D50-FC0B36344D94,SUPERFICIAL,POLICE VEHICLE/NON EMERGENCY,SLOWING OR STOPPING,39.01491573,-77.09964752,"(39.01491573, -77.09964752)"
MCP2008002F,16036970,Montgomery County Police,Property Damage Crash,07/21/2016 04:46:00 PM,County,WILLARD AVE,Municipality,N PARK AVE,,FRIENDSHIP HEIGHTS,,SAME DIR REAR END,CLEAR,DRY,DAYLIGHT,N/A,UNKNOWN,,47A176C9-44D3-43D4-ABFE-6FCCB101A17F,Yes,NO APPARENT INJURY,N/A,UNKNOWN,VA,22F666BE-8E42-4FB7-8C85-64F47B68E98B,UNKNOWN,PICKUP TRUCK,STARTING FROM PARKED,38.96281333,-77.09263833,"(38.96281333, -77.09263833)"
MCP2967001G,16037707,Montgomery County Police,Property Damage Crash,07/25/2016 08:44:00 PM,County,COACHWAY DR,County,ASHLEY DR,,N/A,,SAME DIRECTION SIDESWIPE,CLEAR,DRY,DARK LIGHTS ON,STOP SIGN,N/A,,65E4D338-DE39-4F70-8412-F55CD8F040CE,Yes,NO APPARENT INJURY,N/A,LOOKED BUT DID NOT SEE,MD,B2C6704C-4BA2-413A-9C9A-C9B5CB2A5213,DISABLING,PASSENGER CAR,ACCELERATING,39.05151167,-77.09217333,"(39.05151167, -77.09217333)"
EJ7818000D,17003161,Gaithersburg Police Depar,Property Damage Crash,01/18/2017 06:24:00 PM,Municipality,RUSSELL AVE,Municipality,ODENDHAL AVE,,GAITHERSBURG,,SAME DIR REAR END,CLEAR,DRY,DARK LIGHTS ON,TRAFFIC SIGNAL,ILLEGAL DRUG PRESENT,,23659364-DBF8-438F-93E1-E1C7ACB55A82,Yes,NO APPARENT INJURY,N/A,UNKNOWN,MD,8A1050C0-6FAC-4546-ABA7-283DAAC148EB,SUPERFICIAL,PASSENGER CAR,MOVING CONSTANT SPEED,39.15068833,-77.204425,"(39.15068833, -77.204425)"
MCP2814001B,17016292,Montgomery County Police,Property Damage Crash,03/31/2017 01:40:00 AM,Maryland (State),MUNCASTER MILL RD,Government,MEADOWSIDE LA,,N/A,,SINGLE VEHICLE,CLEAR,DRY,DARK NO LIGHTS,NO CONTROLS,UNKNOWN,,FACF8E60-5AB0-4964-A435-5C83BFB8AE0D,Yes,NO APPARENT INJURY,N/A,UNKNOWN,,B161A13A-2060-414E-B2AF-8A818BB8D35E,DESTROYED,PASSENGER CAR,MOVING CONSTANT SPEED,39.1181795,-77.1028305,"(39.1181795, -77.1028305)"
MCP2910000Z,15000431,Montgomery County Police,Property Damage Crash,01/03/2015 02:51:00 PM,US (State),COLESVILLE RD,County,FRANKLIN AVE,,N/A,,SAME DIR REAR END,RAINING,WET,DAYLIGHT,TRAFFIC SIGNAL,NONE DETECTED,,A210C7EA-A873-4CBB-88D9-C321F3DDFF87,No,NO APPARENT INJURY,"SLEET, HAIL, FREEZ. RAIN, WET",NOT DISTRACTED,MD,3E497FD0-43AE-444F-87BF-B1D38E43DBF3,FUNCTIONAL,PASSENGER CAR,STOPPED IN TRAFFIC LANE,39.00902167,-77.01836667,"(39.00902167, -77.01836667)"
MCP2991000W,16036664,Montgomery County Police,Injury Crash,07/20/2016 08:05:00 AM,Maryland (State),GEORGIA AVE,County,SUNSHINE CT,,N/A,,SAME DIR REAR END,CLEAR,DRY,DAYLIGHT,NO CONTROLS,NONE DETECTED,,682F115C-CE91-4259-B635-E96D0D5FFCBA,Yes,NO APPARENT INJURY,N/A,OTHER ELECTRONIC DEVICE (NAVIGATIONAL PALM PILOT),PA,D87E77F7-D448-4CBB-8432-D7ABDF5CE3E8,DISABLING,"OTHER LIGHT TRUCKS (10,000LBS (4,536KG) OR LESS)",MOVING CONSTANT SPEED,39.224585,-77.05894167,"(39.224585, -77.05894167)"
MCP2231002K,16058668,Montgomery County Police,Property Damage Crash,11/14/2016 02:51:00 PM,Maryland (State),ROCKVILLE PIKE,County,LOCUST HILL RD,,N/A,,SAME DIR REAR END,CLOUDY,DRY,DAYLIGHT,NO CONTROLS,NONE DETECTED,,69F32518-1A30-44B4-90E1-8CED29238514,No,NO APPARENT INJURY,N/A,NOT DISTRACTED,MD,3DA0E625-71BE-474A-8B66-9638AB624291,DISABLING,PASSENGER CAR,SLOWING OR STOPPING,39.008835,-77.09755667,"(39.008835, -77.09755667)"
MCP2782001V,16058339,Montgomery County Police,Injury Crash,11/12/2016 10:03:00 AM,Maryland (State),VEIRS MILL RD,County,RANDOLPH RD,,N/A,,STRAIGHT MOVEMENT ANGLE,CLEAR,DRY,DAYLIGHT,TRAFFIC SIGNAL,NONE DETECTED,,2A75ED55-0EE2-4299-AFC8-2BA4202220F3,No,NO APPARENT INJURY,N/A,NOT DISTRACTED,MD,9F10EDB1-217C-40D3-8DCA-37E8BA8F1589,DISABLING,(SPORT) UTILITY VEHICLE,MAKING LEFT TURN,39.056135,-77.08246667,"(39.056135, -77.08246667)"
MCP2975001M,170505565,Montgomery County Police,Injury Crash,05/02/2017 09:30:00 PM,Maryland (State),GEORGIA AVE,County,ASPEN HILL RD,,N/A,,HEAD ON LEFT TURN,CLEAR,DRY,DARK LIGHTS ON,TRAFFIC SIGNAL,NONE DETECTED,,80AAEE91-EB39-4A43-9657-2B5A0862C2F4,Yes,POSSIBLE INJURY,N/A,UNKNOWN,MD,55408923-2FE5-465C-8BC9-3A79B0E93BD3,DISABLING,PASSENGER CAR,MOVING CONSTANT SPEED,39.08075667,-77.07532833,"(39.08075667, -77.07532833)"