Report Number,Local Case Number,Agency Name,ACRS Report Type,Crash Date/Time,Route Type,Road Name,Cross-Street Type,Cross-Street Name,Off-Road Description,Municipality,Related Non-Motorist,Collision Type,Weather,Surface Condition,Light,Traffic Control,Driver Substance Abuse,Non-Motorist Substance Abuse,Person ID,Driver At Fault,Injury Severity,Circumstance,Driver Distracted By,Drivers License State,Vehicle ID,Vehicle Damage Extent,Vehicle Body Type,Vehicle Movement,Latitude,Longitude,Location
MCP2785000X,15056314,MONTGOMERY,Injury Crash,11/05/2015 08:01:00 AM,,,,,"Parking lot of White Oak Shopping Center, 11211 New Hampshire Ave",,,STRAIGHT MOVEMENT ANGLE,CLOUDY,,DAWN,STOP SIGN,N/A,,B1A2B0DC-DDC7-4934-BC29-A99F668E7CE8,Yes,NO APPARENT INJURY,"N/A, WET",LOOKED BUT DID NOT SEE,MD,964537D6-900F-4862-86AC-009A3B498BF7,FUNCTIONAL,PICKUP TRUCK,ACCELERATING,39.109775,-76.91044,"(39.109775, -76.91044)"
EJ78180006,15040945,GAITHERSBURG,Injury Crash,08/16/2015 04:56:00 PM,Maryland (State),QUINCE ORCHARD RD,Municipality,KENTLANDS BLVD,,GAITHERSBURG,,SAME DIR REAR END,CLEAR,DRY,DAYLIGHT,TRAFFIC SIGNAL,NONE DETECTED,,03491D92-AE4F-4F60-9D1F-EF801E80B99C,Yes,POSSIBLE INJURY,N/A,UNKNOWN,MD,604A51DC-43CE-4A70-BC86-A2587CF2D75C,DISABLING,PASSENGER CAR,MOVING CONSTANT SPEED,39.12648833,-77.24371167,"(39.12648833, -77.24371167)"
MCP2897001D,170518359,Montgomery County Police,Injury Crash,07/10/2017 08:39:00 PM,Maryland (State),FREDERICK RD,County,SHAKESPEARE BLVD,,N/A,,SAME DIRECTION LEFT TURN,CLEAR,DRY,DARK NO LIGHTS,NO CONTROLS,NONE DETECTED,,34769481-0334-42CC-8776-2F3CF652DE59,No,NO APPARENT INJURY,N/A,NOT DISTRACTED,MD,47B74B09-3AF6-4C5E-9103-10F7CC09775B,FUNCTIONAL,OTHER,MOVING CONSTANT SPEED,39.19562833,-77.24457167,"(39.19562833, -77.24457167)"
EJ7833002P,17014957,Gaithersburg Police Depar,Injury Crash,03/23/2017 09:21:00 PM,Municipality,MAIN ST,Unknown,ENT TO BUSINESS,,N/A,,SAME DIR REAR END,CLEAR,DRY,DARK LIGHTS ON,NO CONTROLS,NONE DETECTED,,9C13FCDF-EEAF-4D33-A6CC-AEB46F22B8A7,Yes,POSSIBLE INJURY,N/A,BY MOVING OBJECT IN VEHICLE,MD,2A089313-BB00-47CE-BDD7-706C1435876E,DESTROYED,PASSENGER CAR,MOVING CONSTANT SPEED,39.115985,-77.237605,"(39.115985, -77.237605)"
MCP24550019,16052676,Montgomery County Police,Injury Crash,10/13/2016 04:17:00 PM,Maryland (State),FALLS RD,County,TUCKERMAN LA,,N/A,,OPPOSITE DIRECTION SIDESWIPE,CLEAR,DRY,DAYLIGHT,N/A,N/A,,CF8527FC-2F23-4815-A424-9D7550C79F26,Yes,NO APPARENT INJURY,N/A,UNKNOWN,MD,C1DB3DB6-2428-403C-8B87-108EAE56C2A8,DISABLING,(SPORT) UTILITY VEHICLE,MOVING CONSTANT SPEED,39.051222,-77.187425,"(39.051222, -77.187425)"
MCP2667001R,15063782,MONTGOMERY,Injury Crash,12/14/2015 08:02:00 AM,County,AIRPARK RD,Maryland (State),MUNCASTER MILL RD,,N/A,,HEAD ON,CLEAR,WET,DUSK,NO CONTROLS,NONE DETECTED,,B3FBA61B-E01F-4DF3-9423-27A5F819A6A1,No,NO APPARENT INJURY,"N/A, WET",NOT DISTRACTED,MD,6E27A953-B09B-42B0-8DAB-145F293A7410,DISABLING,"CARGO VAN/LIGHT TRUCK 2 AXLES (OVER 10,000LBS (4,536 KG))",MOVING CONSTANT SPEED,39.15396833,-77.14161667,"(39.15396833, -77.14161667)"
MCP2963000Y,16066155,Montgomery County Police,Property Damage Crash,12/24/2016 10:31:00 AM,US (State),COLESVILLE RD,County,FENTON ST,,N/A,,SAME DIR REAR END,RAINING,WET,DAYLIGHT,TRAFFIC SIGNAL,NONE DETECTED,,13B181CB-6FDB-42AB-A7E8-018155186649,Yes,NO APPARENT INJURY,"N/A, WET",INATTENTIVE OR LOST IN THOUGHT,MD,F5EF9FC5-F2B7-4D1D-BECB-E23F21A995A1,FUNCTIONAL,PASSENGER CAR,ACCELERATING,38.99805,-77.026965,"(38.99805, -77.026965)"
MCP2535000J,15053663,MONTGOMERY,Property Damage Crash,10/22/2015 06:09:00 PM,Maryland (State),GEORGIA AVE,Maryland (State),UNIVERSITY BLVD W,,N/A,,SAME DIR REND LEFT TURN,CLEAR,DRY,DAYLIGHT,TRAFFIC SIGNAL,NONE DETECTED,,B065CC39-3328-4D44-B029-ED1F9E2D3C3C,Yes,NO APPARENT INJURY,N/A,NOT DISTRACTED,VA,04B3F9C5-581E-4466-B71E-6EDF44E9883C,FUNCTIONAL,PICKUP TRUCK,MOVING CONSTANT SPEED,39.04140833,-77.05200833,"(39.04140833, -77.05200833)"
EJ7777000W,17006137,Gaithersburg Police Depar,Injury Crash,02/04/2017 11:30:00 AM,Maryland (State),FREDERICK RD,Municipality,S WESTLAND DR,,GAITHERSBURG,,SAME DIR REAR END,CLEAR,DRY,DAYLIGHT,TRAFFIC SIGNAL,NONE DETECTED,,B35ECF2E-C601-4A3A-A92E-D293BFB84270,No,SUSPECTED MINOR INJURY,N/A,NOT DISTRACTED,MD,4671FA00-AD75-4639-BF96-75698D2A1E04,DISABLING,(SPORT) UTILITY VEHICLE,STOPPED IN TRAFFIC LANE,39.12609833,-77.183105,"(39.12609833, -77.183105)"
MCP2455000Q,15007729,Montgomery County Police,Injury Crash,02/16/2015 12:57:00 PM,,,,,PARKING LOT OF 850 E GUDE DR,,,STRAIGHT MOVEMENT ANGLE,CLEAR,,DAYLIGHT,N/A,N/A,,39422A12-5B31-4D54-913F-94138E51228F,Yes,NO APPARENT INJURY,N/A,UNKNOWN,WV,DF359FA4-7CA7-4F71-9E1D-6AD004B9479C,FUNCTIONAL,POLICE VEHICLE/EMERGENCY,BACKING,39.100247,-77.139749,"(39.100247, -77.139749)"
MCP27770035,16063275,Montgomery County Police,Property Damage Crash,12/09/2016 06:05:00 PM,Maryland (State),WISCONSIN AVE,County,STANFORD ST,,N/A,,SAME DIR REAR END,CLEAR,DRY,DARK LIGHTS ON,NO CONTROLS,UNKNOWN,,69BC053C-09F9-4F2C-AC27-EB95CA738F95,Yes,NO APPARENT INJURY,N/A,UNKNOWN,,648D08F1-4CDB-4A81-BEDE-C1BBB93ECABD,UNKNOWN,PASSENGER CAR,MOVING CONSTANT SPEED,38.97849,-77.091394,"(38.97849, -77.091394)"
MCP2776001W,170514638,Montgomery County Police,Property Damage Crash,06/19/2017 10:09:00 PM,County,BRIGGS CHANEY RD,County,GOOD HOPE RD,,N/A,,STRAIGHT MOVEMENT ANGLE,CLEAR,DRY,DARK NO LIGHTS,TRAFFIC SIGNAL,NONE DETECTED,,18C0315E-856C-465E-A844-CCEBDD118B27,Yes,NO APPARENT INJURY,N/A,NOT DISTRACTED,MD,A33368BE-B6E5-4DBD-9C7A-06605FEE2273,FUNCTIONAL,PASSENGER CAR,SLOWING OR STOPPING,39.10227333,-76.98209333,"(39.10227333, -76.98209333)"
DD5611000F,15043921,ROCKVILLE,Property Damage Crash,09/01/2015 11:54:00 AM,Municipality,COLLEGE PKWY,Municipality,YALE PL,,ROCKVILLE,,SAME DIR REAR END,CLEAR,DRY,DAYLIGHT,NO CONTROLS,NONE DETECTED,,CF4506CA-3F01-4498-8FDB-32651C972CC2,Yes,NO APPARENT INJURY,N/A,INATTENTIVE OR LOST IN THOUGHT,MD,AC5B813A-D92F-4666-AA48-95C8CA155C85,DISABLING,PASSENGER CAR,MOVING CONSTANT SPEED,39.10170802,-77.16048002,"(39.10170802, -77.16048002)"
MCP28130022,16009800,Montgomery County Police,Property Damage Crash,02/27/2016 04:38:00 PM,Maryland (State),GEORGIA AVE,Other Public Roadway,GEORGIAN WOODS PL,,N/A,,SAME DIR REAR END,CLEAR,DRY,DAYLIGHT,NO CONTROLS,N/A,,F4A93CAF-2BD8-423E-A3A5-04D19E85E655,No,NO APPARENT INJURY,N/A,NOT DISTRACTED,MD,EBB3D05F-F8A5-4FE9-A55A-D3A20BD2481F,SUPERFICIAL,PASSENGER CAR,SLOWING OR STOPPING,39.05589,-77.04950167,"(39.05589, -77.04950167)"
MCP1393000T,16021346,Montgomery County Police,Property Damage Crash,04/30/2016 07:41:00 AM,Maryland (State),RIDGE RD,County,BRINK RD,,N/A,,SAME DIRECTION LEFT TURN,CLOUDY,DRY,DAYLIGHT,OTHER,N/A,,C83639DC-9610-4817-8A62-AFE9F2B43602,Unknown,NO APPARENT INJURY,N/A,NOT DISTRACTED,MD,51DDFB61-35C8-4830-9A7E-BFFF41EB1ADE,SUPERFICIAL,(SPORT) UTILITY VEHICLE,MOVING CONSTANT SPEED,39.21113,-77.23920333,"(39.21113, -77.23920333)"
MCP1233001D,16065525,Montgomery County Police,Property Damage Crash,12/21/2016 06:18:00 PM,Maryland (State),CONNECTICUT AVE,Ramp,RAMP 4 FR MD 185 NB TO IS 495 EB,,N/A,,SAME DIR REAR END,CLEAR,DRY,DARK NO LIGHTS,NO CONTROLS,NONE DETECTED,,E09915ED-0B74-455E-B06D-7CE08C4E57F1,No,NO APPARENT INJURY,N/A,NOT DISTRACTED,NJ,C5CF76D8-A140-4EB7-8B80-54D0E4A57EE1,DISABLING,PASSENGER CAR,SLOWING OR STOPPING,39.00239667,-77.07711167,"(39.00239667, -77.07711167)"
MCP2422001G,16041143,Montgomery County Police,Injury Crash,08/13/2016 08:54:00 PM,Maryland (State),MUNCASTER MILL RD,County,BOWIE MILL RD,,N/A,,SAME DIR REAR END,CLEAR,DRY,DARK NO LIGHTS,TRAFFIC SIGNAL,N/A,,7F046FD5-7B07-4047-AD6A-BE57C6F228A7,No,POSSIBLE INJURY,N/A,UNKNOWN,MD,3CE70FA7-C2C1-41EA-ACF0-8FCFE65337C5,SUPERFICIAL,OTHER,STOPPED IN TRAFFIC LANE,39.13334333,-77.12202833,"(39.13334333, -77.12202833)"
MCP26010008,15053267,MONTGOMERY,Property Damage Crash,10/20/2015 05:13:00 PM,Maryland (State),16TH ST,Maryland (State),COLESVILLE RD,,N/A,,SAME DIR REAR END,CLEAR,DRY,DAYLIGHT,NO CONTROLS,NONE DETECTED,,D60FF92A-291F-468B-837D-79DB600F50AF,Yes,NO APPARENT INJURY,N/A,NOT DISTRACTED,MD,312083A9-2898-4661-83CD-182494DDD9D0,SUPERFICIAL,PASSENGER CAR,MOVING CONSTANT SPEED,38.99255474,-77.03621864,"(38.99255474, -77.03621864)"
MCP3050000S,170506056,Montgomery County Police,Property Damage Crash,05/05/2017 12:58:00 PM,County,JEFFRY ST,Maryland (State),CONNECTICUT AVE,,N/A,,SAME DIR REAR END,CLEAR,WET,DAYLIGHT,STOP SIGN,NONE DETECTED,,DF07241A-D3EB-4388-87E5-6BFC1C3DF3ED,Yes,NO APPARENT INJURY,N/A,EATING OR DRINKING,MD,6EB4CA67-21F7-4E31-9094-EEC0D985F25D,FUNCTIONAL,VAN,MAKING RIGHT TURN,39.06575815,-77.07447633,"(39.06575815, -77.07447633)"
MCP2927001H,16058379,Montgomery County Police,Property Damage Crash,11/12/2016 04:05:00 PM,Maryland (State),UNIVERSITY BLVD E,US (State),COLESVILLE RD,,N/A,,SAME DIRECTION LEFT TURN,CLEAR,DRY,DAYLIGHT,NO CONTROLS,NONE DETECTED,,0832254B-38A9-4F56-8367-E481C3D59F84,Yes,NO APPARENT INJURY,N/A,LOOKED BUT DID NOT SEE,MD,6EADD770-0AAA-49C3-8054-48552626367E,DISABLING,PASSENGER CAR,MAKING LEFT TURN,39.01921703,-77.01216459,"(39.01921703, -77.01216459)"
MCP137800BW,16044490,Montgomery County Police,Injury Crash,08/31/2016 07:03:00 PM,Maryland (State),WOODFIELD RD,County,EMORY GROVE RD,,N/A,,SAME DIR REAR END,CLEAR,DRY,DAYLIGHT,NO CONTROLS,NONE DETECTED,,A09C23CD-9687-40EA-86AC-07F694FC63CE,Yes,POSSIBLE INJURY,N/A,NOT DISTRACTED,MD,DF8513CE-9F71-4C7A-ABEF-F62FF08CF87B,DISABLING,(SPORT) UTILITY VEHICLE,SLOWING OR STOPPING,39.15356849,-77.17015207,"(39.15356849, -77.17015207)"
MCP2952001C,15062498,MONTGOMERY,Injury Crash,12/07/2015 02:51:00 PM,Ramp,RAMP 6 FR IS 495 EB TO MD 650 SB,Maryland (State),NEW HAMPSHIRE AVE,,N/A,,SAME DIR REAR END,CLEAR,DRY,DAYLIGHT,YIELD SIGN,NONE DETECTED,,7D6ADC1C-46BC-4863-8BEB-2062514EA075,No,POSSIBLE INJURY,N/A,UNKNOWN,MD,90D9D6F6-1154-4324-AB62-CAEC813A043F,SUPERFICIAL,PASSENGER CAR,STOPPED IN TRAFFIC LANE,39.01716667,-76.97718167,"(39.01716667, -76.97718167)"
MCP94420011,170524606,Montgomery County Police,Property Damage Crash,08/13/2017 10:44:00 AM,County,MONTGOMERY VILLAGE AVE,County,WALKERS CHOICE RD,,N/A,,SINGLE VEHICLE,CLEAR,DRY,DAYLIGHT,NO CONTROLS,NONE DETECTED,,2A83BDC8-47CD-4E17-A224-C2712B165ED2,Yes,NO APPARENT INJURY,N/A,NOT DISTRACTED,MD,CE9E4F6A-76AB-4A54-B415-7103B6277E3C,DISABLING,OTHER,MOVING CONSTANT SPEED,39.16560667,-77.20491833,"(39.16560667, -77.20491833)"
MCP29870014,16052832,Montgomery County Police,Property Damage Crash,10/14/2016 01:01:00 PM,Maryland (State),UNIVERSITY BLVD E,Interstate (State),CAPITAL BELTWAY,,N/A,,SAME DIRECTION SIDESWIPE,CLEAR,DRY,DAYLIGHT,NO CONTROLS,NONE DETECTED,,D8AD428A-ADCB-410D-A1F4-EA5005812CDB,Yes,NO APPARENT INJURY,N/A,INATTENTIVE OR LOST IN THOUGHT,MD,F380B458-6F4D-4556-8F7E-FA3CF987A596,FUNCTIONAL,PASSENGER CAR,MOVING CONSTANT SPEED,39.01391833,-77.00427,"(39.01391833, -77.00427)"
MCP2859002H,16035616,Montgomery County Police,Property Damage Crash,07/14/2016 10:55:00 AM,Maryland (State),DARNESTOWN RD,County,MUDDY BRANCH RD,,N/A,,HEAD ON LEFT TURN,CLEAR,DRY,DAYLIGHT,TRAFFIC SIGNAL,NONE DETECTED,,1A171AC1-3C58-4DD2-AA2E-32EA8D34B5B8,No,NO APPARENT INJURY,N/A,NOT DISTRACTED,MD,23AB351E-239F-4703-A670-30E5428938C6,DISABLING,PASSENGER CAR,MOVING CONSTANT SPEED,39.10293167,-77.22052333,"(39.10293167, -77.22052333)"
MCP2679000V,15037023,MONTGOMERY,Injury Crash,07/27/2015 05:44:00 AM,Maryland (State),GEORGIA AVE,Ramp,RAMP 4 FR MD 97 NB TO IS 495 EB,,N/A,,SAME DIR REAR END,RAINING,WET,DARK LIGHTS ON,NO CONTROLS,NONE DETECTED,,B8E4AD4C-E4C1-4388-93BC-C0F64F308227,Yes,POSSIBLE INJURY,"RAIN, SNOW, WET",NOT DISTRACTED,DC,3DDFD700-6FF8-419D-A3EC-EF601D6DD263,FUNCTIONAL,PASSENGER CAR,SLOWING OR STOPPING,38.99052167,-77.02723,"(38.99052167, -77.02723)"
MCP2212001Q,16023109,Montgomery County Police,Property Damage Crash,05/10/2016 05:49:00 AM,US (State),COLUMBIA PIKE,Other Public Roadway,TECH RD,,N/A,,SAME DIR REAR END,CLEAR,DRY,DAWN,TRAFFIC SIGNAL,NONE DETECTED,,2F585BD6-22DC-4E44-8B30-5918ABF9FE09,No,NO APPARENT INJURY,N/A,NOT DISTRACTED,MD,0FA53B1C-87AF-4D49-AFBB-7CD322505C6A,FUNCTIONAL,PASSENGER CAR,STOPPED IN TRAFFIC LANE,39.05893333,-76.96718833,"(39.05893333, -76.96718833)"
MCP2695000G,16021996,Montgomery County Police,Property Damage Crash,05/04/2016 09:40:00 AM,,,,,"PARKING LOT OF 15101 BAUER DR, ROCKVILLE, MD",,,ANGLE MEETS LEFT TURN,CLEAR,,DAYLIGHT,N/A,N/A,,72D7D4D0-766C-4998-AC8D-F50A66107106,Yes,NO APPARENT INJURY,N/A,DISTRACTED BY OUTSIDE PERSON OBJECT OR EVENT,MD,9083D319-BFD4-4E62-A4C6-A4B73390DA6B,SUPERFICIAL,SCHOOL BUS,MAKING LEFT TURN,39.10252395,-77.1055913,"(39.10252395, -77.1055913)"
MCP2950000J,15044045,MONTGOMERY,Property Damage Crash,09/02/2015 01:01:00 AM,County,GRASSY KNOLL TERR,County,MID COUNTY HWY,,N/A,,OTHER,CLEAR,DRY,DARK LIGHTS ON,NO CONTROLS,ILLEGAL DRUG PRESENT,,2642B5B6-5545-4AEB-A2A0-C1139CE4BE4B,Yes,NO APPARENT INJURY,N/A,NOT DISTRACTED,MD,4CB9D584-B08B-4260-828D-45A3225BDC5D,SUPERFICIAL,PASSENGER CAR,MAKING U TURN,39.17767167,-77.22483,"(39.17767167, -77.22483)"
MCP27880014,17008964,Montgomery County Police,Property Damage Crash,02/19/2017 03:13:00 AM,County,MAPLE VIEW DR,County,NEWPORT MILL RD,,N/A,,SINGLE VEHICLE,RAINING,WET,DARK LIGHTS ON,NO CONTROLS,N/A,,160FC36B-EFC0-46D9-BBB8-289381ED52D7,Yes,NO APPARENT INJURY,N/A,UNKNOWN,MD,7713C05E-DBC8-4F7E-8D59-BD314390039A,SUPERFICIAL,FARM VEHICLE,MOVING CONSTANT SPEED,39.04011167,-77.05229833,"(39.04011167, -77.05229833)"
MCP22870003,15064571,MONTGOMERY,Property Damage Crash,12/17/2015 08:39:00 PM,County,BEL PRE RD,County,ARCTIC AVE,,N/A,,SINGLE VEHICLE,RAINING,WET,DARK -- UNKNOWN LIGHTING,STOP SIGN,NONE DETECTED,,22B2A575-6A7F-4CC4-927B-2C6DD0764810,Yes,NO APPARENT INJURY,"RAIN, SNOW, WET",NOT DISTRACTED,MD,2C5DC10F-FE18-4F35-A9BA-B686E0ADA6BD,DISABLING,PASSENGER CAR,SLOWING OR STOPPING,39.09491333,-77.09116833,"(39.09491333, -77.09116833)"
MCP20760004,15001233,Montgomery County Police,Property Damage Crash,01/08/2015 02:47:00 PM,County,BRIGGS CHANEY RD,County,CASTLE BLVD,,N/A,,SAME DIR BOTH LEFT TURN,CLEAR,DRY,DAYLIGHT,TRAFFIC SIGNAL,NONE DETECTED,,F1DEF4B2-84B2-4832-A0B5-DAB4223E86A2,No,NO APPARENT INJURY,N/A,NOT DISTRACTED,MD,7F56498F-0F31-486A-91FC-AA69BEF82B4A,NO DAMAGE,OTHER BUS,MAKING LEFT TURN,39.07849833,-76.94382167,"(39.07849833, -76.94382167)"
MCP1438000S,15049339,MONTGOMERY,Property Damage Crash,09/29/2015 12:12:00 PM,Municipality,KENTLANDS BLVD,Maryland (State),GREAT SENECA HWY,,N/A,,SAME DIRECTION RIGHT TURN,CLOUDY,DRY,DAYLIGHT,TRAFFIC SIGNAL,NONE DETECTED,,137B8103-A06F-495D-AABD-BC52F33D2BD5,No,NO APPARENT INJURY,"N/A, ROAD UNDER CONSTRUCTION/MAINTENANCE",NOT DISTRACTED,MD,ECD104D2-16A6-430C-9111-CDB13552C90D,SUPERFICIAL,TRANSIT BUS,MAKING RIGHT TURN,39.12356333,-77.23219,"(39.12356333, -77.23219)"
MCP1465001P,15054751,MONTGOMERY,Injury Crash,10/28/2015 11:51:00 AM,Maryland (State),FREDERICK RD,County,REDLAND RD,,N/A,,OTHER,RAINING,WET,DAYLIGHT,N/A,NONE DETECTED,,7781240A-0F9C-45DA-BAA2-B01287C8D0C1,Yes,SUSPECTED MINOR INJURY,"RAIN, SNOW, WET",UNKNOWN,MD,E34567DB-002E-4E54-968C-1C0B3D3FF3DC,DISABLING,PASSENGER CAR,OTHER,39.11528667,-77.16549333,"(39.11528667, -77.16549333)"
MCP2797000X,15066447,MONTGOMERY,Property Damage Crash,12/27/2015 07:16:00 PM,Maryland (State),VEIRS MILL RD,County,REEDIE DR,,N/A,,OTHER,RAINING,WET,DUSK,NO CONTROLS,NONE DETECTED,,3B02A2DA-104E-487B-8375-D699BECFA23E,Unknown,NO APPARENT INJURY,"N/A, WET",LOOKED BUT DID NOT SEE,DC,702F7DA0-0510-4AEE-8F66-8CFABD4E5FEA,SUPERFICIAL,STATION WAGON,CHANGING LANES,39.03838333,-77.05295167,"(39.03838333, -77.05295167)"
MCP3000000D,16003796,Montgomery County Police,Property Damage Crash,01/21/2016 10:09:00 AM,Maryland (State),FREDERICK RD,County,BRINK RD,,N/A,,SAME DIR REAR END,CLEAR,ICE,DAYLIGHT,NO CONTROLS,NONE DETECTED,,9887296F-6773-4D7F-9A7F-D587E9880D08,Yes,NO APPARENT INJURY,"ICY OR SNOW-COVERED, RAIN, SNOW",UNKNOWN,MD,4CAD41B7-F880-4421-B87D-9C38B43C78BC,DISABLING,PASSENGER CAR,MOVING CONSTANT SPEED,39.21378833,-77.24927667,"(39.21378833, -77.24927667)"
MCP2094006C,16022945,Montgomery County Police,Injury Crash,05/09/2016 08:46:00 AM,Maryland (State),ROCKVILLE PIKE,County,NICHOLSON LA,,N/A,,SAME DIRECTION RIGHT TURN,CLEAR,DRY,DAYLIGHT,N/A,NONE DETECTED,,5EDAB894-0204-46BC-B838-6DA21E9EB437,No,SUSPECTED SERIOUS INJURY,N/A,NOT DISTRACTED,MD,C48C0B29-17C7-445D-B067-F193B7E61F06,DISABLING,PASSENGER CAR,MOVING CONSTANT SPEED,39.04452333,-77.11175833,"(39.04452333, -77.11175833)"
DD5621000D,17005756,Rockville Police Departme,Property Damage Crash,02/02/2017 11:34:00 AM,Municipality,N STONESTREET AVE,Municipality,LINCOLN AVE,,ROCKVILLE,,OTHER,CLEAR,DRY,DAYLIGHT,NO CONTROLS,NONE DETECTED,,86842A34-66EC-45CB-949C-681C2F5D8931,Yes,NO APPARENT INJURY,N/A,LOOKED BUT DID NOT SEE,MD,624330AB-2DB1-4C39-9CDC-803AA2EB29DE,SUPERFICIAL,(SPORT) UTILITY VEHICLE,BACKING,39.0925325,-77.15004083,"(39.0925325, -77.15004083)"
MCP1604000W,170501224,Montgomery County Police,Injury Crash,04/09/2017 10:38:00 AM,Maryland (State),MUNCASTER MILL RD,County,OLDE MILL RUN,,N/A,,SAME DIR REAR END,CLEAR,DRY,DAYLIGHT,NO CONTROLS,NONE DETECTED,,E16CEA1C-4798-436F-A7FC-EDF02749FEA9,Yes,POSSIBLE INJURY,N/A,UNKNOWN,MD,E6DF83C1-8F9A-49E0-A37E-BE0EFA1C63B6,FUNCTIONAL,PASSENGER CAR,MOVING CONSTANT SPEED,39.13996595,-77.13409916,"(39.13996595, -77.13409916)"
MCP2791002M,16036738,Montgomery County Police,Property Damage Crash,07/20/2016 03:44:00 PM,,NATIONAL DRIVE,,SANDY SPRING ROAD,,N/A,,STRAIGHT MOVEMENT ANGLE,CLEAR,DRY,DAYLIGHT,STOP SIGN,NONE DETECTED,,3275BBC6-6146-45CB-BC80-30727D3665B9,No,NO APPARENT INJURY,N/A,NOT DISTRACTED,MD,784F369C-3656-4DA1-98B7-289A87893490,SUPERFICIAL,PASSENGER CAR,MOVING CONSTANT SPEED,39.11226667,-76.93031833,"(39.11226667, -76.93031833)"
MCP3057000B,170528451,Montgomery County Police,Property Damage Crash,09/03/2017 08:00:00 AM,County,FATHER HURLEY BLVD,Interstate (State),EISENHOWER MEMORIAL HWY,,N/A,,SINGLE VEHICLE,CLOUDY,WET,DAYLIGHT,TRAFFIC SIGNAL,NONE DETECTED,,3FA1F908-05EB-4A50-8438-CCC6A7E46492,Yes,NO APPARENT INJURY,"N/A, WET",NOT DISTRACTED,MD,76FA649A-F6CC-415F-8A4D-840CB2EC3D42,DISABLING,PICKUP TRUCK,SLOWING OR STOPPING,39.19693667,-77.264885,"(39.19693667, -77.264885)"
MCP2855001B,16027813,Montgomery County Police,Property Damage Crash,06/03/2016 04:30:00 PM,County,CRABBS BRANCH WAY,Unknown,INDIAN HILLS DR,,N/A,,SINGLE VEHICLE,RAINING,WET,DAYLIGHT,N/A,NONE DETECTED,,2EF0C3C8-42DD-4D28-89DD-A6D5E009B986,Yes,NO APPARENT INJURY,"RAIN, SNOW, WET",LOOKED BUT DID NOT SEE,MD,303788F4-DAE8-42DC-ADB2-72B2DCE0D931,SUPERFICIAL,SCHOOL BUS,BACKING,39.116455,-77.15636,"(39.116455, -77.15636)"
EJ7829001M,15052208,GAITHERSBURG,Property Damage Crash,10/14/2015 05:46:00 PM,Maryland (State),QUINCE ORCHARD RD,Ramp,RAMP 8 FR IS 270 SB TO MD 124 WB,,N/A,,SAME DIRECTION SIDESWIPE,CLEAR,DRY,DAYLIGHT,NO CONTROLS,NONE DETECTED,,18471A9D-20F9-4D79-B801-BA2AE5C5D445,Yes,NO APPARENT INJURY,N/A,NOT DISTRACTED,MD,B0254A79-65E0-4C23-8DBC-027B143F0E21,SUPERFICIAL,"OTHER LIGHT TRUCKS (10,000LBS (4,536KG) OR LESS)",CHANGING LANES,39.147595,-77.21869,"(39.147595, -77.21869)"
MCP1554001B,16018522,Montgomery County Police,Property Damage Crash,04/15/2016 06:29:00 PM,Maryland (State),FREDERICK RD,Municipality,WATKINS POND BLVD,,ROCKVILLE,,SAME DIR REAR END,CLEAR,DRY,DAYLIGHT,TRAFFIC SIGNAL,NONE DETECTED,,69C8ED32-9DF3-4A98-921B-068727BFEB43,Yes,NO APPARENT INJURY,N/A,EATING OR DRINKING,MD,22BAC72A-9D74-45EA-A060-F3781AD2C940,SUPERFICIAL,PASSENGER CAR,STARTING FROM LANE,39.11217667,-77.16212667,"(39.11217667, -77.16212667)"
MCP2723000M,15032170,MONTGOMERY,Property Damage Crash,07/01/2015 12:36:00 PM,,,,,"parking lot, 2801 Olney Sandy Spring Road, Olney MD 20832",,,SAME DIRECTION SIDESWIPE,CLEAR,,DAYLIGHT,NO CONTROLS,UNKNOWN,,22669945-9A37-4FA1-9A65-50F8CC2C6296,Yes,NO APPARENT INJURY,N/A,NOT DISTRACTED,MD,A63B44B9-2806-4AC5-A8B4-577BD879F9F1,FUNCTIONAL,PASSENGER CAR,MOVING CONSTANT SPEED,39.15039755,-77.0580411,"(39.15039755, -77.0580411)"
MCP1580004D,15051706,MONTGOMERY,Injury Crash,10/12/2015 11:38:00 AM,Municipality,FIRSTFIELD RD,Municipality,QUINCE ORCHARD BLVD,,GAITHERSBURG,,STRAIGHT MOVEMENT ANGLE,CLEAR,DRY,DAYLIGHT,NO CONTROLS,NONE DETECTED,,28207895-F983-4509-A7D9-6C6974E47F76,No,SUSPECTED MINOR INJURY,N/A,NOT DISTRACTED,MD,2A1BA946-F1CE-4C07-A014-2FA86FE707D0,DISABLING,PASSENGER CAR,MOVING CONSTANT SPEED,39.13729833,-77.22608333,"(39.13729833, -77.22608333)"
MCP28810017,15055914,MONTGOMERY,Injury Crash,11/03/2015 08:07:00 AM,Maryland (State),GERMANTOWN RD,County,CRYSTAL ROCK DR,,N/A,,ANGLE MEETS LEFT TURN,N/A,DRY,DAYLIGHT,TRAFFIC SIGNAL,NONE DETECTED,,A280611D-B6E4-4018-853E-992A4FFA7D5C,Yes,POSSIBLE INJURY,N/A,LOOKED BUT DID NOT SEE,MD,DBF54757-EEEE-4C9C-B346-C41009E62772,DISABLING,PASSENGER CAR,ACCELERATING,39.18494167,-77.260465,"(39.18494167, -77.260465)"