Report Number,Local Case Number,Agency Name,ACRS Report Type,Crash Date/Time,Route Type,Road Name,Cross-Street Type,Cross-Street Name,Off-Road Description,Municipality,Related Non-Motorist,Collision Type,Weather,Surface Condition,Light,Traffic Control,Driver Substance Abuse,Non-Motorist Substance Abuse,Person ID,Driver At Fault,Injury Severity,Circumstance,Driver Distracted By,Drivers License State,Vehicle ID,Vehicle Damage Extent,Vehicle Body Type,Vehicle Movement,Latitude,Longitude,Location
MCP1580003P,15034407,MONTGOMERY,Property Damage Crash,07/13/2015 02:46:00 PM,Maryland (State),WOODFIELD RD,County,FLOWER HILL WAY,,N/A,,SAME DIR REAR END,CLEAR,DRY,DAYLIGHT,TRAFFIC SIGNAL,NONE DETECTED,,274D4B7A-56E3-45F7-B90E-9807D8A4C16D,No,NO APPARENT INJURY,N/A,NOT DISTRACTED,MD,D3A5E01E-B6F8-4E65-957D-E7F3CE833268,DISABLING,PASSENGER CAR,SLOWING OR STOPPING,39.15696167,-77.16446333,"(39.15696167, -77.16446333)"
MCP2897000D,15008779,Montgomery County Police,Property Damage Crash,02/23/2015 04:02:00 PM,County,SHADY GROVE RD,County,CRABBS BRANCH WAY,,N/A,,SAME DIRECTION LEFT TURN,CLEAR,N/A,DAYLIGHT,N/A,NONE DETECTED,,0D7D2075-99A2-4161-BFC4-892B6E9FCF85,No,NO APPARENT INJURY,N/A,NOT DISTRACTED,MD,E53C4C41-ECFA-41F4-95C1-DAE64584DA5F,SUPERFICIAL,PASSENGER CAR,STOPPED IN TRAFFIC LANE,39.1235767,-77.17635334,"(39.1235767, -77.17635334)"
MCP9417001V,170507387,Montgomery County Police,Property Damage Crash,05/12/2017 12:10:00 PM,County,EXECUTIVE BLVD,Maryland (State),ROCKVILLE PIKE,,N/A,,OTHER,CLOUDY,DRY,DAYLIGHT,NO CONTROLS,NONE DETECTED,,6FD2616E-2F38-4EBE-8016-4371A016799B,No,NO APPARENT INJURY,N/A,NOT DISTRACTED,US,53976836-1EB2-4998-AC5E-ADDFE9B49451,SUPERFICIAL,PASSENGER CAR,STOPPED IN TRAFFIC LANE,39.04317167,-77.11173167,"(39.04317167, -77.11173167)"
MCP27860010,16025507,Montgomery County Police,Property Damage Crash,05/22/2016 09:58:00 PM,Maryland (State),GEORGIA AVE,Maryland (State),FOREST GLEN RD,,N/A,,SAME DIR REAR END,RAINING,WET,DARK LIGHTS ON,N/A,NONE DETECTED,,EF90D3C3-0E4E-4918-B043-D62501304650,Yes,NO APPARENT INJURY,"RAIN, SNOW, WET",NOT DISTRACTED,MD,CDEDFFCB-4E71-4DFD-B6FB-2C542E1193D2,DISABLING,PASSENGER CAR,MOVING CONSTANT SPEED,39.01683833,-77.04325833,"(39.01683833, -77.04325833)"
MCP20810007,16010719,MONTGOMERY,Property Damage Crash,03/03/2016 08:17:00 PM,,,,,"PARKING LOT OF 2201 RANDOLPH ROAD 
( SHOPPERS FOOD WAREHOUSE )",,,SAME DIR REAR END,SNOW,,DARK LIGHTS ON,N/A,NONE DETECTED,,87124B72-8B26-4236-A612-DC0A60932674,Yes,NO APPARENT INJURY,N/A,UNKNOWN,MD,D90615A5-46E0-4CAD-9996-A36115C3644D,SUPERFICIAL,PASSENGER CAR,BACKING,39.01563367,-77.04270154,"(39.01563367, -77.04270154)"
MCP27890025,16003655,Montgomery County Police,Property Damage Crash,01/20/2016 04:19:00 PM,Maryland (State),GEORGIA AVE,County,FLORA LA,,N/A,,STRAIGHT MOVEMENT ANGLE,CLEAR,DRY,DAYLIGHT,NO CONTROLS,N/A,,8F9D7CC6-1A30-4B24-8CB2-036C9DDBEBD3,No,NO APPARENT INJURY,N/A,NOT DISTRACTED,MD,04530996-8BD7-4F7B-B111-F22652B9DAFA,DESTROYED,PASSENGER CAR,MOVING CONSTANT SPEED,39.01073667,-77.04144833,"(39.01073667, -77.04144833)"
MCP3050000R,170505076,Montgomery County Police,Injury Crash,04/30/2017 12:55:00 PM,County,BUSHEY DR,County,WELLER RD,,N/A,,STRAIGHT MOVEMENT ANGLE,CLEAR,DRY,DAYLIGHT,STOP SIGN,NONE DETECTED,,3C5300E2-CEC2-4365-8372-247E672F91A7,Yes,NO APPARENT INJURY,N/A,UNKNOWN,MD,F4A1E7AB-CE20-47D3-B0CC-C9E8862B8F3A,FUNCTIONAL,PASSENGER CAR,MOVING CONSTANT SPEED,39.06266969,-77.07863644,"(39.06266969, -77.07863644)"
EJ78330038,170513270,Gaithersburg Police Depar,Property Damage Crash,06/12/2017 06:05:00 PM,County,SAM EIG HWY,Maryland (State),GREAT SENECA HWY,,N/A,,SAME DIR REAR END,CLEAR,DRY,DAYLIGHT,NO CONTROLS,NONE DETECTED,,0D05B029-2AAD-403C-8A4C-28B112DBC65E,Yes,NO APPARENT INJURY,N/A,INATTENTIVE OR LOST IN THOUGHT,MD,C68BFD8F-A1CD-4AEE-8362-046004F325EE,DISABLING,PASSENGER CAR,MOVING CONSTANT SPEED,39.11059833,-77.21149667,"(39.11059833, -77.21149667)"
MCP20940056,15034985,MONTGOMERY,Injury Crash,07/16/2015 03:17:00 PM,Maryland (State),ROCKVILLE PIKE,Unknown,SOUTHWOOD DR,,N/A,,STRAIGHT MOVEMENT ANGLE,CLEAR,DRY,DAYLIGHT,TRAFFIC SIGNAL,NONE DETECTED,,1BEC328D-681C-4536-BB5D-3967514F5DA4,Yes,POSSIBLE INJURY,N/A,LOOKED BUT DID NOT SEE,VA,A72BFCAE-481F-4814-B78B-BA0BDFDA6269,FUNCTIONAL,PASSENGER CAR,MAKING LEFT TURN,38.999535,-77.09663833,"(38.999535, -77.09663833)"
MCP06850031,170509960,Montgomery County Police,Property Damage Crash,05/26/2017 07:52:00 AM,,,,,SCHOOL BUS PARKING LOT 16651 CRABBS BRANCH WAY,,,OTHER,CLEAR,,DAYLIGHT,N/A,NONE DETECTED,,5FDBD0EB-2ADB-4362-A9E4-A97EB81EACF8,Yes,NO APPARENT INJURY,N/A,OTHER DISTRACTION,MD,B678F61B-1CC4-4869-817A-80757801C079,SUPERFICIAL,SCHOOL BUS,BACKING,39.12801833,-77.16503167,"(39.12801833, -77.16503167)"
MCP26670024,16000740,Montgomery County Police,Injury Crash,01/05/2016 10:40:00 AM,Maryland (State),QUINCE ORCHARD RD,Unknown,SPUR TO MD 355,,N/A,,SAME DIR REAR END,CLEAR,DRY,DAYLIGHT,YIELD SIGN,NONE DETECTED,,3E794CAD-D39E-43F5-AAAE-F3D1E6C089D0,No,SUSPECTED MINOR INJURY,N/A,NOT DISTRACTED,MD,C5324D83-A9F9-4D95-B6A5-1F1E6ABBF12B,FUNCTIONAL,PASSENGER CAR,STOPPED IN TRAFFIC LANE,39.150825,-77.211255,"(39.150825, -77.211255)"
MCP1181000C,15066285,MONTGOMERY,Injury Crash,12/26/2015 06:20:00 PM,Maryland (State),CLARKSBURG RD,Maryland (State),FREDERICK RD,,N/A,,SINGLE VEHICLE,RAINING,WET,DARK LIGHTS ON,NO CONTROLS,NONE DETECTED,,BDDDE9DC-83F8-419E-A5A2-CBF8149E0179,Yes,SUSPECTED MINOR INJURY,"N/A, WET",INATTENTIVE OR LOST IN THOUGHT,MD,3CC363E9-627B-4C1E-B087-83A1E432FE3A,DISABLING,PASSENGER CAR,MOVING CONSTANT SPEED,39.260395,-77.27942333,"(39.260395, -77.27942333)"
MCP21460005,15006949,Montgomery County Police,Property Damage Crash,02/11/2015 02:21:00 PM,Maryland (State),UNIVERSITY BLVD W,Unknown,ENT TO NORTHWOOD HIGH SCHOOL,,N/A,,SAME DIRECTION RIGHT TURN,CLEAR,DRY,DAYLIGHT,N/A,NONE DETECTED,,8F50F26B-1FE7-4B13-A962-FA7F0EA7D1D6,No,NO APPARENT INJURY,N/A,NOT DISTRACTED,MD,F9A04D92-61D5-4679-B882-33B355E04F42,FUNCTIONAL,TRANSIT BUS,OTHER,39.05794,-77.048645,"(39.05794, -77.048645)"
MCP2116002N,15049768,MONTGOMERY,Property Damage Crash,10/01/2015 01:59:00 PM,County,W WILLARD RD,Unknown,STRUC #M0158 HORSEPEN BRANCH,,N/A,,OPPOSITE DIRECTION SIDESWIPE,RAINING,WET,DAYLIGHT,N/A,N/A,,3918B9F4-9037-4365-9183-571C9725F411,Yes,NO APPARENT INJURY,"RAIN, SNOW, WET",NOT DISTRACTED,MD,556F2B6B-C172-4B0A-A80A-0D4F51A5EFF8,SUPERFICIAL,"OTHER LIGHT TRUCKS (10,000LBS (4,536KG) OR LESS)",MOVING CONSTANT SPEED,39.09847833,-77.41790333,"(39.09847833, -77.41790333)"
MCP2693001M,16056771,Montgomery County Police,Property Damage Crash,11/03/2016 05:00:00 PM,County,PARKLAND DR,County,CALDWELL ST,,N/A,,SAME DIRECTION SIDESWIPE,CLEAR,DRY,DUSK,N/A,UNKNOWN,,957AADD3-806B-4A46-9120-797F4582BC6E,Yes,NO APPARENT INJURY,N/A,UNKNOWN,MD,DD85ABD5-A7C1-4328-8340-0FEE0AC4BB17,SUPERFICIAL,PASSENGER CAR,OTHER,39.06395,-77.090215,"(39.06395, -77.090215)"
DD56100023,16055305,Rockville Police Departme,Injury Crash,10/27/2016 02:02:00 PM,Municipality,GRANDIN AVE,Municipality,WOODLAND RD,,ROCKVILLE,OTHER,SINGLE VEHICLE,RAINING,WET,DAYLIGHT,NO CONTROLS,N/A,N/A,25F435E9-CF3C-4965-A30B-A34771483957,Yes,POSSIBLE INJURY,"N/A, WET",UNKNOWN,MD,E6868A7A-6E85-4EA3-BA15-DB0D8FC22377,DISABLING,PASSENGER CAR,BACKING,39.08715617,-77.14474717,"(39.08715617, -77.14474717)"
MCP2393000G,15059024,MONTGOMERY,Property Damage Crash,11/19/2015 07:53:00 AM,Maryland (State),COLESVILLE RD,Maryland (State),EAST WEST HWY,,N/A,,SAME DIRECTION LEFT TURN,RAINING,WET,DAYLIGHT,TRAFFIC SIGNAL,NONE DETECTED,,01E30558-50EF-4FD7-9AE1-B4BEAFF0FC39,Yes,NO APPARENT INJURY,"N/A, WET",NOT DISTRACTED,DE,3C95ECE0-92F7-4483-8F2E-7D32676029CC,DISABLING,PASSENGER CAR,MAKING LEFT TURN,38.99368046,-77.03222752,"(38.99368046, -77.03222752)"
MCP2933001F,17011167,Montgomery County Police,Property Damage Crash,01/10/2017 10:30:00 PM,,,,,ANYTIME FITNESS GYM PARKING LOT,,,OTHER,UNKNOWN,,DARK LIGHTS ON,N/A,UNKNOWN,,6028D2F6-D2CF-4C01-8453-137C44DBF889,Yes,NO APPARENT INJURY,N/A,UNKNOWN,,3A061445-AB78-44D9-8E6F-3B550640F7F5,UNKNOWN,PASSENGER CAR,BACKING,39.03110678,-77.08461642,"(39.03110678, -77.08461642)"
MCP2667002M,16005620,Montgomery County Police,Property Damage Crash,02/03/2016 10:06:00 AM,County,THOMAS FARM RD,County,MARSTON LA,,N/A,,STRAIGHT MOVEMENT ANGLE,CLOUDY,WET,DAYLIGHT,N/A,NONE DETECTED,,F1B0C2E3-234D-4E36-9F36-95DCF824EABC,No,NO APPARENT INJURY,"N/A, WET",NOT DISTRACTED,MD,C2E3DABD-1755-46B9-908C-0C541427E9CC,FUNCTIONAL,PASSENGER CAR,MOVING CONSTANT SPEED,39.1738,-77.19660167,"(39.1738, -77.19660167)"
MCP1417007M,170514898,Montgomery County Police,Injury Crash,06/21/2017 09:29:00 AM,County,SNOUFFERS SCHOOL RD,County,MOONEY DR,,N/A,,SAME DIRECTION SIDESWIPE,N/A,DRY,DAYLIGHT,OTHER,NONE DETECTED,,0985482F-8D3E-4AB2-B502-987B63627E73,Yes,NO APPARENT INJURY,"N/A, ROAD UNDER CONSTRUCTION/MAINTENANCE",UNKNOWN,MD,ED0317A2-79DB-4CA9-8E15-22C1EB50C45E,FUNCTIONAL,(SPORT) UTILITY VEHICLE,CHANGING LANES,39.1624243,-77.16570832,"(39.1624243, -77.16570832)"
EJ7833000T,15040429,GAITHERSBURG,Property Damage Crash,08/13/2015 06:44:00 PM,,,,,"IN REAR PARKING LOT OF 404 MAIN STREET GAITHERSBURG, MD 20878.",,,STRAIGHT MOVEMENT ANGLE,CLEAR,,DAYLIGHT,NO CONTROLS,NONE DETECTED,,0F1070DA-AAFC-4117-B35E-F8FB6F91F46C,No,NO APPARENT INJURY,N/A,NOT DISTRACTED,MD,846354D5-DA5D-42CF-BEF3-BB5D86C6361D,SUPERFICIAL,PASSENGER CAR,MOVING CONSTANT SPEED,39.12192242,-77.23847866,"(39.12192242, -77.23847866)"
MCP1210000Q,15055437,MONTGOMERY,Property Damage Crash,10/31/2015 05:35:00 PM,,,,,109 E. DIAMOND AVENUE,,,OTHER,CLEAR,,DAYLIGHT,N/A,NONE DETECTED,,1465BCD1-B461-4F8A-BC9A-D41ACC242700,Yes,NO APPARENT INJURY,N/A,NOT DISTRACTED,MD,657E1C4A-8045-419F-815F-C339DBE7B534,SUPERFICIAL,PICKUP TRUCK,PARKING,39.14175333,-77.19541333,"(39.14175333, -77.19541333)"
MCP2665000N,15000934,Montgomery County Police,Property Damage Crash,01/06/2015 03:20:00 PM,County,NEBEL ST,County,MARINELLI RD,,N/A,,SAME DIR REND RIGHT TURN,CLEAR,WET,DAYLIGHT,STOP SIGN,N/A,,AB8D5CD0-128C-4838-A74A-ECD2CE7AB769,No,NO APPARENT INJURY,"N/A, WET",NOT DISTRACTED,MD,F19D3FDA-F009-4B21-AF31-89271ABCD6D9,NO DAMAGE,TRANSIT BUS,MAKING RIGHT TURN,39.04776,-77.105685,"(39.04776, -77.105685)"
MCP229800B2,16052874,Montgomery County Police,Property Damage Crash,10/14/2016 04:23:00 PM,Maryland (State),RIDGE RD,County,SKYLARK RD,,N/A,,ANGLE MEETS LEFT HEAD ON,CLEAR,DRY,DAYLIGHT,TRAFFIC SIGNAL,NONE DETECTED,,E61755F8-B85E-4DED-A9CA-EBB8F592D846,No,NO APPARENT INJURY,N/A,NOT DISTRACTED,MD,4D6064B9-F761-46AF-A18A-077CC53C4495,FUNCTIONAL,(SPORT) UTILITY VEHICLE,MAKING LEFT TURN,39.23300833,-77.237685,"(39.23300833, -77.237685)"
MCP2718002D,16061136,Montgomery County Police,Property Damage Crash,11/28/2016 09:03:00 PM,Maryland (State),ROCKVILLE PIKE,Unknown,ENT TO FEDERAL PLAZA S.C.,,N/A,,OTHER,CLEAR,DRY,DARK LIGHTS ON,TRAFFIC SIGNAL,N/A,,B8355DB3-F7ED-44FA-A7F2-D6FBA169A59E,No,NO APPARENT INJURY,N/A,UNKNOWN,MD,9D0FDC97-E624-4FE0-AD2D-0611FA8F085E,DISABLING,PASSENGER CAR,MOVING CONSTANT SPEED,39.057265,-77.120155,"(39.057265, -77.120155)"
MCP1334002P,15036252,MONTGOMERY,Property Damage Crash,07/23/2015 08:27:00 AM,Maryland (State),MONTGOMERY VILLAGE AVE,Unknown,SPUR FR LOST KNIFE RD,,N/A,,SAME DIR REAR END,CLEAR,DRY,DAYLIGHT,TRAFFIC SIGNAL,NONE DETECTED,,0456C690-A3C0-40A1-8CD1-D17135CABA64,No,NO APPARENT INJURY,N/A,NOT DISTRACTED,MD,CD308CD6-C6DC-45EA-BCB2-44B7E03D48C6,FUNCTIONAL,VAN,STOPPED IN TRAFFIC LANE,39.15838441,-77.20376551,"(39.15838441, -77.20376551)"
MCP2962000X,17001086,Montgomery County Police,Property Damage Crash,01/06/2017 09:15:00 PM,,,,,PARKING LOT OF NORDSTROMS AT MONTGOMERY MALL,,,OTHER,N/A,,DARK LIGHTS ON,N/A,UNKNOWN,,E383EE42-F5A0-4A9C-A05C-0748364D5C93,Yes,NO APPARENT INJURY,N/A,UNKNOWN,XX,9EBC9CD8-D3A0-471D-8300-9E7155F061E9,SUPERFICIAL,PASSENGER CAR,BACKING,39.02298254,-77.14553475,"(39.02298254, -77.14553475)"
MCP20080021,16014512,MONTGOMERY,Injury Crash,03/24/2016 03:16:00 PM,County,WESTLAKE DR,County,TUCKERMAN LA,,N/A,,SAME DIRECTION RIGHT TURN,CLEAR,DRY,DAYLIGHT,N/A,NONE DETECTED,,6059BA19-7DAD-4F09-ACA3-843C38DAA2F5,Yes,NO APPARENT INJURY,N/A,NOT DISTRACTED,DC,2EE680B9-FCAF-497F-B381-2CAE02FE42C8,DISABLING,PASSENGER CAR,MAKING RIGHT TURN,39.03470333,-77.14704167,"(39.03470333, -77.14704167)"
DD5593001Z,16008848,Rockville Police Departme,Injury Crash,02/22/2016 11:37:00 AM,,,,,51 MANNAKEE ST (MONTGOMERY COLLEGE) IN PARKING LOT IN FRONT OF SECURITY BUILDING,,,SAME DIRECTION SIDESWIPE,CLEAR,,DAYLIGHT,NO CONTROLS,N/A,,54E3F42B-8CEC-4A76-8440-25642D4EEDE9,No,NO APPARENT INJURY,N/A,NOT DISTRACTED,MD,3442ED1A-B036-4ABA-A469-88B73F0643F2,SUPERFICIAL,OTHER BUS,PARKED,39.09761167,-77.15823667,"(39.09761167, -77.15823667)"
MCP25970017,15006970,Montgomery County Police,Property Damage Crash,02/11/2015 04:03:00 PM,,,,,parking lot behind 8110 Georgia Ave,,,OTHER,CLEAR,,DAYLIGHT,NO CONTROLS,NONE DETECTED,,0362882F-D85D-42D1-B53F-A6178D97FDA8,Yes,NO APPARENT INJURY,N/A,NOT DISTRACTED,VA,AA9DC7DA-8E4B-45DC-943B-14C11F84F4EC,SUPERFICIAL,FIRE VEHICLE/NON EMERGENCY,MOVING CONSTANT SPEED,38.99098287,-77.02730298,"(38.99098287, -77.02730298)"
MCP10220066,17005164,Montgomery County Police,Property Damage Crash,01/30/2017 07:27:00 AM,Maryland (State),WOODFIELD RD,County,PLEASANT VIEW LA,,N/A,,STRAIGHT MOVEMENT ANGLE,CLEAR,DRY,DAYLIGHT,NO CONTROLS,NONE DETECTED,,134A62D4-1E4A-4C03-8228-6A855FC21BAB,No,NO APPARENT INJURY,N/A,NOT DISTRACTED,MD,F36272B4-D72C-4A0A-A6F0-EF0258747DD5,DISABLING,PASSENGER CAR,MOVING CONSTANT SPEED,39.24676167,-77.19068833,"(39.24676167, -77.19068833)"
MCP1064003C,15047825,MONTGOMERY,Injury Crash,09/21/2015 12:29:00 PM,Maryland (State),UNIVERSITY BLVD E,County,E FRANKLIN AVE,,N/A,,SAME DIRECTION LEFT TURN,CLOUDY,DRY,DAYLIGHT,TRAFFIC SIGNAL,N/A,,61EC2324-B2EA-47CD-98C8-951314AC3CBF,No,NO APPARENT INJURY,N/A,NOT DISTRACTED,NY,6A9F32B4-40A6-4431-9970-6344E86BEFD0,FUNCTIONAL,POLICE VEHICLE/NON EMERGENCY,MOVING CONSTANT SPEED,39.01235833,-77.00254167,"(39.01235833, -77.00254167)"
MCP2798001T,16027180,Montgomery County Police,Property Damage Crash,05/31/2016 04:39:00 PM,County,BLACKBURN RD,Unknown,CUL DE SAC,,N/A,,OPPOSITE DIRECTION SIDESWIPE,CLEAR,DRY,DAYLIGHT,NO CONTROLS,NONE DETECTED,,57252C97-A5E3-4DC6-AB70-E47328D4BF74,No,NO APPARENT INJURY,N/A,NOT DISTRACTED,MD,D1C298B0-F023-4945-AFB4-7A732B8F6519,FUNCTIONAL,PASSENGER CAR,STOPPED IN TRAFFIC LANE,39.10358548,-76.93029821,"(39.10358548, -76.93029821)"
DD56110013,16004529,Rockville Police Departme,Property Damage Crash,01/28/2016 10:21:00 AM,County,GLEN MILL RD,County,DARNESTOWN RD,,N/A,,OTHER,SNOW,WET,DAYLIGHT,TRAFFIC SIGNAL,NONE DETECTED,,8FD55EDB-A1AC-453D-8048-ED2F28891E6D,Yes,NO APPARENT INJURY,"N/A, RAIN, SNOW",NOT DISTRACTED,MD,EE2A1175-2D2D-448C-AAEA-A033C718FE91,NO DAMAGE,OTHER,OTHER,39.09249833,-77.19433333,"(39.09249833, -77.19433333)"
MCP2893001L,15049794,MONTGOMERY,Property Damage Crash,10/01/2015 04:10:00 PM,County,SENECA MEADOWS PKWY,County,OBSERVATION DR,,N/A,,SINGLE VEHICLE,RAINING,WET,DAYLIGHT,NO CONTROLS,NONE DETECTED,,D8F28246-78A4-4965-8ACD-DF77DE9ED9BC,Yes,NO APPARENT INJURY,"RAIN, SNOW, WET",NOT DISTRACTED,MD,FA03E191-5741-4CE8-BA5E-2B738DBB456F,DESTROYED,PASSENGER CAR,MOVING CONSTANT SPEED,39.19841333,-77.25657667,"(39.19841333, -77.25657667)"
MCP27670021,16050114,Montgomery County Police,Injury Crash,09/29/2016 03:37:00 PM,Maryland (State),GEORGIA AVE,County,EVANS DR,,N/A,,STRAIGHT MOVEMENT ANGLE,RAINING,WET,DAYLIGHT,STOP SIGN,NONE DETECTED,,41C27183-54F6-4243-A507-1C6849B0CFCC,Yes,NO APPARENT INJURY,"RAIN, SNOW, WET",LOOKED BUT DID NOT SEE,MD,89A5EADB-3328-4E79-AEFA-0F4F67E9B2D1,DISABLING,PASSENGER CAR,ACCELERATING,39.026725,-77.04672,"(39.026725, -77.04672)"
DD5611002G,17016011,Rockville Police Departme,Property Damage Crash,03/29/2017 04:40:00 PM,Maryland (State),ROCKVILLE PIKE,Municipality,HALPINE RD,,ROCKVILLE,,HEAD ON LEFT TURN,CLEAR,DRY,DAYLIGHT,TRAFFIC SIGNAL,NONE DETECTED,,C276EDA7-A7E6-4377-BF04-6C258E353066,Yes,NO APPARENT INJURY,N/A,NOT DISTRACTED,MD,DC120250-F32E-496F-9AAF-DB612D6B05F0,DISABLING,PASSENGER CAR,MAKING LEFT TURN,39.06173167,-77.12417667,"(39.06173167, -77.12417667)"
MCP2749000X,15041911,MONTGOMERY,Property Damage Crash,08/21/2015 04:13:00 PM,Maryland (State),GEORGIA AVE,County,ARCOLA AVE,,N/A,,SAME DIR REAR END,CLEAR,DRY,DAYLIGHT,TRAFFIC SIGNAL,NONE DETECTED,,7C68C29B-D1F7-43F4-8A95-20C3B171D4A6,No,NO APPARENT INJURY,N/A,NOT DISTRACTED,MD,6771A31A-FB87-427A-B29C-D725DDD903FB,DISABLING,PASSENGER CAR,SLOWING OR STOPPING,39.04696,-77.05204667,"(39.04696, -77.05204667)"
DD5502001L,15049253,ROCKVILLE,Injury Crash,09/28/2015 08:35:00 PM,Maryland (State),VEIRS MILL RD,Maryland (State),ROCKVILLE PIKE,,N/A,,SAME DIR REAR END,CLEAR,DRY,DARK LIGHTS ON,TRAFFIC SIGNAL,N/A,,617358B4-6239-4A6F-8DFE-EB24B81A4194,No,SUSPECTED MINOR INJURY,N/A,NOT DISTRACTED,MD,C9CFE390-C6A2-44C8-A007-06E4E3F88D81,FUNCTIONAL,POLICE VEHICLE/NON EMERGENCY,STOPPED IN TRAFFIC LANE,39.08136833,-77.14491,"(39.08136833, -77.14491)"
MCP15630032,16060358,Montgomery County Police,Property Damage Crash,11/22/2016 07:00:00 PM,Interstate (State),CAPITAL BELTWAY,Maryland (State),CONNECTICUT AVE,,N/A,,SAME DIR REAR END,CLEAR,DRY,DARK NO LIGHTS,NO CONTROLS,UNKNOWN,,C6BEBCA4-F9C7-4E32-99A5-8FFAB02AB60D,No,NO APPARENT INJURY,N/A,NOT DISTRACTED,MD,8C625AF6-BC1C-4266-880F-7A2D1AA60926,FUNCTIONAL,PASSENGER CAR,STOPPED IN TRAFFIC LANE,39.00614559,-77.08439112,"(39.00614559, -77.08439112)"
MCP1022004H,16016401,Montgomery County Police,Injury Crash,04/04/2016 12:46:00 PM,County,AIRCRAFT DR,Maryland (State),GERMANTOWN RD,,N/A,,SAME DIR REAR END,CLEAR,DRY,DAYLIGHT,TRAFFIC SIGNAL,NONE DETECTED,,77963BE8-0584-4842-9BFE-DC98C5D8ADA4,No,NO APPARENT INJURY,N/A,NOT DISTRACTED,MD,ED6F1DC9-4529-4D04-B89C-867D9CD2CA38,SUPERFICIAL,(SPORT) UTILITY VEHICLE,STOPPED IN TRAFFIC LANE,39.18234167,-77.260495,"(39.18234167, -77.260495)"
MCP2394001F,15049409,MONTGOMERY,Property Damage Crash,09/29/2015 05:20:00 PM,County,NEEDWOOD RD,County,EQUESTRIAN LA,,N/A,,SINGLE VEHICLE,RAINING,WET,DAYLIGHT,N/A,NONE DETECTED,,61CF155B-8350-4521-AB81-CC10D91C2E66,Yes,NO APPARENT INJURY,"RAIN, SNOW, WET",NOT DISTRACTED,MD,544BFCF7-0F03-4612-B001-5FFE54B84B6B,DISABLING,PASSENGER CAR,MOVING CONSTANT SPEED,39.124265,-77.13452333,"(39.124265, -77.13452333)"
MCP29660010,15046148,MONTGOMERY,Injury Crash,09/12/2015 10:58:00 AM,County,GLENALLAN AVE,County,RANDOLPH RD,,N/A,,SAME DIR REAR END,RAINING,WET,DAYLIGHT,NO CONTROLS,NONE DETECTED,,9DB28256-C0BC-4813-820B-B4A1F5F5307E,No,SUSPECTED MINOR INJURY,"RAIN, SNOW, WET",NOT DISTRACTED,MD,45A7D615-DE82-46A7-819B-216F1AF23597,NO DAMAGE,PASSENGER CAR,SLOWING OR STOPPING,39.06093833,-77.04537833,"(39.06093833, -77.04537833)"
MCP1366003V,15062012,MONTGOMERY,Property Damage Crash,12/04/2015 05:04:00 PM,,,,,"MONTGOMERY COUNTY SCHOOL BUS DEPOT
16651 CRABBS BRANCH WAY
ROCKVILLE, MD 20855",,,OTHER,CLEAR,,DUSK,N/A,NONE DETECTED,,501EFC2A-94E4-4FBB-9927-3F2F9577FBC2,Yes,NO APPARENT INJURY,N/A,LOOKED BUT DID NOT SEE,MD,202F558E-534B-4BA8-BE03-195B405B841F,FUNCTIONAL,PASSENGER CAR,BACKING,39.1269309,-77.16410637,"(39.1269309, -77.16410637)"
MCP2134000X,16066547,Montgomery County Police,Fatal Crash,12/27/2016 11:21:00 AM,US (State),COLUMBIA PIKE,County,STEWART LA,,N/A,,HEAD ON LEFT TURN,CLEAR,DRY,DAYLIGHT,TRAFFIC SIGNAL,N/A,,C499C7C3-389B-42DC-989F-237B517C54AD,Unknown,NO APPARENT INJURY,N/A,NOT DISTRACTED,DC,18337686-B97E-4E63-95FC-E13A4D125544,DESTROYED,VAN,CHANGING LANES,39.04644421,-76.98685527,"(39.04644421, -76.98685527)"
MCP27230028,17015275,Montgomery County Police,Property Damage Crash,03/25/2017 01:13:00 PM,Maryland (State),NEW HAMPSHIRE AVE,County,E RANDOLPH RD,,N/A,,STRAIGHT MOVEMENT ANGLE,CLEAR,DRY,DAYLIGHT,FLASHING TRAFFIC SIGNAL,N/A,,838E9F95-7590-4A71-92FC-CDA72C0D250C,No,NO APPARENT INJURY,N/A,NOT DISTRACTED,DC,4B11C069-0D11-4D66-84C4-7CAA5A13D7BD,DISABLING,PASSENGER CAR,MOVING CONSTANT SPEED,39.07571,-77.00166167,"(39.07571, -77.00166167)"
MCP2444000P,15002393,Montgomery County Police,Injury Crash,01/15/2015 04:08:00 PM,County,PARKLAWN DR,County,RANDOLPH RD,,N/A,,SAME DIR REAR END,CLEAR,DRY,DAYLIGHT,NO CONTROLS,NONE DETECTED,,4EE3A40A-08C4-497A-9E04-0D672AE52D8D,Yes,NO APPARENT INJURY,N/A,NOT DISTRACTED,MD,21A68C4C-6232-40A7-AA13-E73BE904710E,NO DAMAGE,PASSENGER CAR,SLOWING OR STOPPING,39.19022167,-77.272925,"(39.19022167, -77.272925)"
MCP20870010,17013048,Montgomery County Police,Injury Crash,03/13/2017 06:42:00 AM,County,NORWOOD RD,Maryland (State),NEW HAMPSHIRE AVE,,N/A,,HEAD ON LEFT TURN,N/A,DRY,DARK LIGHTS ON,TRAFFIC SIGNAL,NONE DETECTED,,B89604E1-E6FF-4FDC-B8B6-AEC4BC25357A,No,POSSIBLE INJURY,N/A,NOT DISTRACTED,MD,3860B1EF-BEC9-4FD0-A5D3-65AAB8745AD9,DISABLING,VAN,MOVING CONSTANT SPEED,39.10608167,-77.00138167,"(39.10608167, -77.00138167)"