Report Number,Local Case Number,Agency Name,ACRS Report Type,Crash Date/Time,Route Type,Road Name,Cross-Street Type,Cross-Street Name,Off-Road Description,Municipality,Related Non-Motorist,Collision Type,Weather,Surface Condition,Light,Traffic Control,Driver Substance Abuse,Non-Motorist Substance Abuse,Person ID,Driver At Fault,Injury Severity,Circumstance,Driver Distracted By,Drivers License State,Vehicle ID,Vehicle Damage Extent,Vehicle Body Type,Vehicle Movement,Latitude,Longitude,Location
MCP1438003X,17000742,Montgomery County Police,Property Damage Crash,01/05/2017 08:30:00 AM,County,OMEGA DR,Maryland (State),KEY WEST AVE,,N/A,,ANGLE MEETS LEFT HEAD ON,CLOUDY,DRY,DAYLIGHT,NO CONTROLS,NONE DETECTED,,0ED613C2-5152-4AF8-8131-EC85750524B2,No,NO APPARENT INJURY,N/A,NOT DISTRACTED,FL,5CFB92C3-8E33-42BE-8FF7-B41B60809435,DISABLING,PASSENGER CAR,MOVING CONSTANT SPEED,39.106335,-77.19609,"(39.106335, -77.19609)"
DD55020034,170507273,Rockville Police Departme,Injury Crash,05/11/2017 05:54:00 PM,Maryland (State),VEIRS MILL RD,Municipality,EDMONSTON DR,,ROCKVILLE,,SAME DIR REAR END,RAINING,WET,DAYLIGHT,NO CONTROLS,NONE DETECTED,,D59065F4-A36F-4CE1-99FA-9F9311FDC850,Yes,NO APPARENT INJURY,"RAIN, SNOW, WET",NOT DISTRACTED,MD,FA39319B-04FB-4CD4-91CE-F575D926C8DA,FUNCTIONAL,VAN,MOVING CONSTANT SPEED,39.07887,-77.13326,"(39.07887, -77.13326)"
MCP27170073,16041769,Montgomery County Police,Property Damage Crash,08/17/2016 03:50:00 PM,Maryland (State),BRADLEY BLVD,County,ABERDEEN RD,,N/A,,ANGLE MEETS LEFT TURN,CLEAR,DRY,DAYLIGHT,STOP SIGN,UNKNOWN,,63E7B3DA-4254-4040-BB60-8C94119C099E,No,NO APPARENT INJURY,N/A,NOT DISTRACTED,,344E03D1-2203-4B78-9807-9A5E03375F6A,UNKNOWN,PASSENGER CAR,MOVING CONSTANT SPEED,38.99128833,-77.11786833,"(38.99128833, -77.11786833)"
MCP28670033,16061028,Montgomery County Police,Property Damage Crash,11/28/2016 08:38:00 AM,,,,,"PARKING LOT IN FRONT OF 1706 HAMPSHIRE GREEN LANE, SILVER SPRING, MARYLAND 20903",,,OTHER,N/A,,DAYLIGHT,N/A,NONE DETECTED,,04CDD57B-CF01-4C4D-ABDA-986B2D171E69,No,NO APPARENT INJURY,N/A,NOT DISTRACTED,MD,EEFAE463-6CDC-46F8-A3C5-99A4DB225BCC,SUPERFICIAL,VAN,PARKED,39.01575767,-76.97578311,"(39.01575767, -76.97578311)"
MCP3011000L,16009441,Montgomery County Police,Property Damage Crash,02/25/2016 03:43:00 PM,Interstate (State),CAPITAL BELTWAY,Maryland (State),CONNECTICUT AVE,,N/A,,SAME DIRECTION SIDESWIPE,CLEAR,DRY,DAYLIGHT,OTHER,NONE DETECTED,,7A9B07EA-91C8-404F-9F67-A54239779BFE,Yes,NO APPARENT INJURY,N/A,NOT DISTRACTED,MD,2AEF19EE-D505-4348-BE28-95E75374FD66,SUPERFICIAL,SCHOOL BUS,MOVING CONSTANT SPEED,39.00956667,-77.08860333,"(39.00956667, -77.08860333)"
MCP27960035,16017136,Montgomery County Police,Property Damage Crash,04/08/2016 11:33:00 AM,Maryland (State),CONNECTICUT AVE,County,ASPEN HILL RD,,N/A,,SAME DIR REAR END,CLEAR,DRY,DAYLIGHT,N/A,NONE DETECTED,,76EE7152-9865-4F12-B36B-0AF00CDB3BBB,Yes,NO APPARENT INJURY,N/A,UNKNOWN,MD,69AA8C12-751C-4DA0-B6CE-6EC70A502BEE,FUNCTIONAL,PICKUP TRUCK,MOVING CONSTANT SPEED,39.079735,-77.08058833,"(39.079735, -77.08058833)"
MCP137800FN,17000607,Montgomery County Police,Injury Crash,01/04/2017 03:25:00 PM,Maryland (State),S FREDERICK RD,Municipality,EDUCATION BLVD,,GAITHERSBURG,PEDESTRIAN,SINGLE VEHICLE,CLEAR,DRY,DAYLIGHT,TRAFFIC SIGNAL,NONE DETECTED,NONE DETECTED,BE4F7CF7-727B-47E8-8893-B066E493259D,Yes,NO APPARENT INJURY,N/A,LOOKED BUT DID NOT SEE,MD,36A7D69A-63B8-4A3F-9D67-4B15B03B54EB,NO DAMAGE,(SPORT) UTILITY VEHICLE,MAKING RIGHT TURN,39.135705,-77.19216167,"(39.135705, -77.19216167)"
MCP1151003K,15052969,MONTGOMERY,Property Damage Crash,10/19/2015 08:08:00 AM,County,SNOWDEN FARM PKWY,County,STRINGTOWN RD,,N/A,,STRAIGHT MOVEMENT ANGLE,CLEAR,DRY,DAYLIGHT,STOP SIGN,NONE DETECTED,,01BA07DF-1FC4-4BCA-A971-5CAAFB4D73BA,Yes,NO APPARENT INJURY,"N/A, VISION OBSTRUCTION (INCL. BLINDED BY SUN)",LOOKED BUT DID NOT SEE,MD,2D09DE80-7F2D-4C12-9D27-24CCA8201F9A,DISABLING,PASSENGER CAR,MOVING CONSTANT SPEED,39.24507082,-77.2651881,"(39.24507082, -77.2651881)"
MCP2369000Q,16021585,Montgomery County Police,Injury Crash,05/02/2016 09:38:00 AM,County,PLUM ORCHARD DR,County,BROADBIRCH DR,,N/A,,ANGLE MEETS RIGHT TURN,CLOUDY,WET,DAYLIGHT,STOP SIGN,NONE DETECTED,,89E3D7B2-BEC4-4004-A117-5CD6F4E4D1CA,Yes,NO APPARENT INJURY,"N/A, WET",LOOKED BUT DID NOT SEE,MD,6A70C214-EDF8-4641-85E9-A921D888A944,FUNCTIONAL,PASSENGER CAR,MAKING RIGHT TURN,39.055855,-76.95728667,"(39.055855, -76.95728667)"
MCP1417006K,17005393,Montgomery County Police,Property Damage Crash,01/31/2017 11:54:00 AM,Maryland (State),FREDERICK RD,Municipality,CHRISTOPHER AVE,,GAITHERSBURG,,SAME DIR REAR END,CLEAR,DRY,DAYLIGHT,NO CONTROLS,NONE DETECTED,,31CDC125-0DD9-4748-B4CD-2009517EC960,No,NO APPARENT INJURY,N/A,NOT DISTRACTED,MD,7311DE0D-D2FA-4EA6-AD7D-2C2664A98CCC,FUNCTIONAL,PASSENGER CAR,STOPPED IN TRAFFIC LANE,39.15629419,-77.21681982,"(39.15629419, -77.21681982)"
MCP10480023,16021115,Montgomery County Police,Property Damage Crash,04/29/2016 12:30:00 PM,County,SHADY GROVE RD,County,TRAVILLE  GATEWAY DR,,N/A,PEDESTRIAN,SINGLE VEHICLE,CLEAR,DRY,DAYLIGHT,NO CONTROLS,NONE DETECTED,NONE DETECTED,CE5830EE-2E8B-42DE-8863-FDEADC30EF30,Yes,NO APPARENT INJURY,N/A,UNKNOWN,MD,818DE01B-C7E1-4284-880A-F72429220735,NO DAMAGE,PASSENGER CAR,MOVING CONSTANT SPEED,39.09212429,-77.20683396,"(39.09212429, -77.20683396)"
MCP9312000L,17050858,Montgomery County Police,Property Damage Crash,04/29/2017 12:12:00 AM,County,GOSHEN RD,County,BRAMBLE BUSH DR,,N/A,,STRAIGHT MOVEMENT ANGLE,CLEAR,DRY,DARK NO LIGHTS,NO CONTROLS,NONE DETECTED,,D9E4C4A3-8F95-45FD-85C0-415E49E4A97F,Yes,NO APPARENT INJURY,N/A,LOOKED BUT DID NOT SEE,UT,E5CC09A2-29F6-457B-A9CE-270FF8D29600,FUNCTIONAL,PASSENGER CAR,MAKING U TURN,39.18101167,-77.188825,"(39.18101167, -77.188825)"
DD5574000F,16015545,Rockville Police Departme,Property Damage Crash,03/30/2016 01:00:00 PM,Municipality,MEADOW HALL DR,Municipality,MCAULIFFE DR,,ROCKVILLE,,SINGLE VEHICLE,N/A,DRY,DAYLIGHT,NO CONTROLS,N/A,,F37FE3E2-639F-4FD8-9CBF-4AA9825D376B,Yes,NO APPARENT INJURY,N/A,NOT DISTRACTED,MD,FE461BA8-A52B-4429-AB55-7DDB718A7B08,SUPERFICIAL,"CARGO VAN/LIGHT TRUCK 2 AXLES (OVER 10,000LBS (4,536 KG))",MOVING CONSTANT SPEED,39.074815,-77.11359167,"(39.074815, -77.11359167)"
MCP2951000Q,15055148,MONTGOMERY,Injury Crash,10/30/2015 09:43:00 AM,Maryland (State),VEIRS MILL RD,County,VALLEYWOOD DR,,N/A,,STRAIGHT MOVEMENT ANGLE,CLEAR,DRY,N/A,NO CONTROLS,NONE DETECTED,,C5C79178-2CAC-4D24-9515-52B03D78916F,No,POSSIBLE INJURY,N/A,NOT DISTRACTED,MD,A69E49E1-A161-4209-8893-8D6E06BB27B7,DISABLING,PASSENGER CAR,MOVING CONSTANT SPEED,39.04954167,-77.0708,"(39.04954167, -77.0708)"
MCP28470011,15052680,MONTGOMERY,Property Damage Crash,10/17/2015 03:40:00 AM,County,VALLEYWOOD DR,County,WELLER RD,,N/A,,OTHER,CLEAR,DRY,DARK NO LIGHTS,NO CONTROLS,ALCOHOL CONTRIBUTED,,B1CCDA3C-A708-46AF-8128-03C03D2B7051,Yes,NO APPARENT INJURY,N/A,NOT DISTRACTED,MD,FA54A734-446C-4530-AAED-2205932CF977,DISABLING,PASSENGER CAR,MOVING CONSTANT SPEED,39.06453,-77.06444333,"(39.06453, -77.06444333)"
MCP2989000J,16034089,Montgomery County Police,Property Damage Crash,07/05/2016 09:27:00 PM,Maryland (State),NEW HAMPSHIRE AVE,County,OAKLAWN DR,,N/A,,SAME DIR REAR END,CLEAR,DRY,DARK LIGHTS ON,NO CONTROLS,NONE DETECTED,,93E55262-268E-49C0-8A70-A46872731D44,Yes,NO APPARENT INJURY,N/A,NOT DISTRACTED,MD,A3E841C1-E3A5-46DC-BC46-7918092F4E84,DISABLING,PASSENGER CAR,MOVING CONSTANT SPEED,39.02614,-76.98101833,"(39.02614, -76.98101833)"
DD56150002,15032754,ROCKVILLE,Injury Crash,07/05/2015 01:12:00 AM,Maryland (State),VEIRS MILL RD,Municipality,ATLANTIC AVE,,N/A,,STRAIGHT MOVEMENT ANGLE,CLEAR,DRY,DARK LIGHTS ON,NO CONTROLS,ALCOHOL CONTRIBUTED,,65FAC527-EA50-41D7-A66F-CB966C18EFF9,Yes,POSSIBLE INJURY,N/A,NOT DISTRACTED,MD,E48A57F9-FEBC-404F-946B-31C3445C077B,DESTROYED,PASSENGER CAR,MAKING LEFT TURN,39.075474,-77.1176265,"(39.075474, -77.1176265)"
MCP2773001R,16018521,Montgomery County Police,Injury Crash,04/15/2016 07:06:00 PM,,,,,PARKING LOT OF 8472 PINEY BRANCH ROAD,,,OTHER,CLEAR,,DAYLIGHT,NO CONTROLS,NONE DETECTED,,53167175-0B75-42D9-95E4-8F5DE6C06C24,No,NO APPARENT INJURY,N/A,NOT DISTRACTED,MD,033838FC-C458-458C-9586-2FE489C02A94,SUPERFICIAL,PASSENGER CAR,SLOWING OR STOPPING,39.19840167,-77.26233,"(39.19840167, -77.26233)"
MCP29470018,15060598,MONTGOMERY,Property Damage Crash,11/27/2015 12:23:00 PM,Maryland (State),GEORGIA AVE,County,ASPEN HILL RD,,N/A,,SAME DIR REAR END,CLEAR,DRY,DAYLIGHT,TRAFFIC SIGNAL,NONE DETECTED,,BC675ACD-67A5-4A71-8DB5-935BFCD450FD,Yes,NO APPARENT INJURY,N/A,INATTENTIVE OR LOST IN THOUGHT,MD,B0509A71-F75F-4A1D-A165-6DFC4ADCADF0,FUNCTIONAL,"MEDIUM/HEAVY TRUCKS 3 AXLES (OVER 10,000LBS (4,536KG))",SLOWING OR STOPPING,39.08043167,-77.07503,"(39.08043167, -77.07503)"
MCP27360042,16059248,Montgomery County Police,Property Damage Crash,11/17/2016 01:20:00 PM,Maryland (State),MONTGOMERY AVE,County,PEARL ST,,N/A,,SAME DIRECTION SIDESWIPE,CLEAR,DRY,DAYLIGHT,NO CONTROLS,NONE DETECTED,,04CF322E-C07F-4D01-96B4-E27AE2DE9DE2,Yes,NO APPARENT INJURY,N/A,NOT DISTRACTED,MD,52553A05-D94B-46C0-A828-59AA7233E09F,SUPERFICIAL,POLICE VEHICLE/EMERGENCY,MOVING CONSTANT SPEED,38.98402577,-77.09125221,"(38.98402577, -77.09125221)"
MCP2723001Y,16048695,Montgomery County Police,Property Damage Crash,09/22/2016 09:49:00 AM,County,CASHELL RD,County,EMORY LA,,N/A,,OPPOSITE DIRECTION SIDESWIPE,CLEAR,DRY,DAYLIGHT,TRAFFIC SIGNAL,N/A,,14C68455-AA66-4477-89EB-2219DE530D7F,No,NO APPARENT INJURY,N/A,NOT DISTRACTED,MD,BACF40B6-131C-4A89-966D-18EAB973D44D,DISABLING,PICKUP TRUCK,MOVING CONSTANT SPEED,39.14968667,-77.01302833,"(39.14968667, -77.01302833)"
MCP30070018,17006607,Montgomery County Police,Property Damage Crash,02/07/2017 08:27:00 AM,County,BEL PRE RD,County,CONNECTICUT AVE,,N/A,,HEAD ON LEFT TURN,CLEAR,DRY,DAYLIGHT,TRAFFIC SIGNAL,N/A,,07EA7055-E71A-40CF-A78E-0EDC35A41D25,No,NO APPARENT INJURY,N/A,NOT DISTRACTED,MD,2BE4B5DC-E40D-4BB6-8F29-8193851DFF56,DISABLING,PASSENGER CAR,MOVING CONSTANT SPEED,39.09186199,-77.07038596,"(39.09186199, -77.07038596)"
MCP2559000Z,16031301,Montgomery County Police,Property Damage Crash,06/21/2016 07:45:00 AM,County,SHADY GROVE RD,County,BRIARDALE RD,,N/A,,SAME DIR REAR END,CLEAR,DRY,DAYLIGHT,NO CONTROLS,NONE DETECTED,,0E69BECB-6440-4934-9677-3B2D574CA26B,Yes,NO APPARENT INJURY,N/A,UNKNOWN,MD,89F208B1-BC7A-4CA7-8AAE-CB43A86E9DA8,FUNCTIONAL,PASSENGER CAR,SLOWING OR STOPPING,39.13303236,-77.15905711,"(39.13303236, -77.15905711)"
MCP2588001Y,16055048,Montgomery County Police,Property Damage Crash,10/26/2016 08:19:00 AM,,,,,PRIVATE TRAVEL LANE IN FRONT OF 13975 CONNECTICUT AVE,,,STRAIGHT MOVEMENT ANGLE,CLEAR,,DAYLIGHT,NO CONTROLS,NONE DETECTED,,07C7A42E-7BF4-4283-A139-B04D013098BC,No,NO APPARENT INJURY,"N/A, NON-HIGHWAY WORK",NOT DISTRACTED,MD,603BEFF8-D0CB-4391-964E-7A6C59B56AE4,FUNCTIONAL,PASSENGER CAR,ACCELERATING,39.08067,-77.08089167,"(39.08067, -77.08089167)"
EJ7855000K,15043397,GAITHERSBURG,Property Damage Crash,08/29/2015 10:15:00 AM,Maryland (State),QUINCE ORCHARD RD,Ramp,RAMP 8 FR IS 270 SB TO MD 124 WB,,N/A,,SAME DIR REAR END,CLEAR,DRY,DAYLIGHT,TRAFFIC SIGNAL,NONE DETECTED,,D3688C89-6359-4643-8CF5-5031A3AC979F,No,NO APPARENT INJURY,N/A,NOT DISTRACTED,MD,744A71D1-69FF-4A02-AB09-918E355CD2F8,SUPERFICIAL,POLICE VEHICLE/NON EMERGENCY,STARTING FROM LANE,39.14800667,-77.21824167,"(39.14800667, -77.21824167)"
MCP0833000K,17005978,Montgomery County Police,Injury Crash,02/03/2017 04:19:00 PM,Maryland (State),GEORGIA AVE,County,BATCHELLORS FOREST RD,,N/A,,SAME DIR REAR END,CLOUDY,DRY,DAYLIGHT,TRAFFIC SIGNAL,NONE DETECTED,,7F3EB9E6-F1C0-4728-91F3-CFE31FFF2116,No,POSSIBLE INJURY,N/A,NOT DISTRACTED,MD,1813A511-2F13-4666-8293-007BBF017BD7,FUNCTIONAL,(SPORT) UTILITY VEHICLE,SLOWING OR STOPPING,39.12266333,-77.07332,"(39.12266333, -77.07332)"
MCP2871001Y,15040196,MONTGOMERY,Property Damage Crash,08/12/2015 03:52:00 PM,Maryland (State),OLD GEORGETOWN RD,County,GREENTREE RD,,N/A,,SAME DIR REAR END,CLEAR,DRY,DAYLIGHT,TRAFFIC SIGNAL,NONE DETECTED,,6B997673-E2AF-4CD4-8C9E-4CCD3F5C9A20,Yes,NO APPARENT INJURY,N/A,NOT DISTRACTED,MD,D3242361-85A1-4A4C-AD3C-95E0E7BD358F,DISABLING,PASSENGER CAR,MOVING CONSTANT SPEED,38.99980167,-77.10945167,"(38.99980167, -77.10945167)"
MCP2891002K,16041096,Montgomery County Police,Property Damage Crash,08/13/2016 12:49:00 PM,Maryland (State),GEORGIA AVE,Maryland (State),FOREST GLEN RD,,N/A,,SAME DIR REAR END,CLEAR,DRY,DAYLIGHT,N/A,UNKNOWN,,24BC75B5-71B8-481D-9B36-708D2BC8E162,Yes,NO APPARENT INJURY,N/A,UNKNOWN,,12226C97-0A69-4212-A2C8-1B4C514BBBC7,FUNCTIONAL,PASSENGER CAR,MOVING CONSTANT SPEED,39.01577226,-77.04280481,"(39.01577226, -77.04280481)"
MCP29690020,16022976,Montgomery County Police,Property Damage Crash,05/09/2016 12:03:00 PM,,,,,11160 VEIRS MILL RD AT WHEATON PLZ ENTERANCE CUT AND WHEATON PLZ RING ROAD CUT,,,STRAIGHT MOVEMENT ANGLE,RAINING,,DAYLIGHT,STOP SIGN,NONE DETECTED,,C4C201E6-961A-4F25-A433-1BD06D6D588B,Yes,NO APPARENT INJURY,N/A,UNKNOWN,MD,E8BE8F9E-1714-4078-B3AD-62B514DBC4BF,FUNCTIONAL,PASSENGER CAR,STARTING FROM LANE,39.03845667,-77.05646667,"(39.03845667, -77.05646667)"
EJ78350005,16058584,Gaithersburg Police Depar,Property Damage Crash,11/13/2016 11:51:00 PM,Maryland (State),GREAT SENECA HWY,Municipality,LAKELANDS DR,,GAITHERSBURG,,SINGLE VEHICLE,CLEAR,DRY,DARK LIGHTS ON,NO CONTROLS,N/A,,73F6A344-AD8E-46BE-8A45-F9EC1D5C8E54,Yes,NO APPARENT INJURY,"ANIMAL, N/A",UNKNOWN,MD,36EC7AE6-A375-4F38-8BBF-3EB42CF27E1E,DISABLING,PASSENGER CAR,MOVING CONSTANT SPEED,39.119305,-77.22376167,"(39.119305, -77.22376167)"
MCP2788000M,15042001,MONTGOMERY,Property Damage Crash,08/21/2015 11:54:00 PM,County,BEL PRE RD,County,CONNECTICUT AVE,,N/A,,STRAIGHT MOVEMENT ANGLE,CLEAR,DRY,DARK LIGHTS ON,STOP SIGN,N/A,,2EFE75AB-3D95-41A0-BC76-E055253F35A6,Yes,NO APPARENT INJURY,N/A,LOOKED BUT DID NOT SEE,MD,97F7FCA2-B53F-4914-A6A7-EBC15C80CA63,DISABLING,PASSENGER CAR,MAKING LEFT TURN,39.09304333,-77.07274833,"(39.09304333, -77.07274833)"
MCP2959001F,16011129,MONTGOMERY,Injury Crash,03/06/2016 06:30:00 AM,Maryland (State),NEW HAMPSHIRE AVE,County,GOOD HOPE RD,,N/A,,SINGLE VEHICLE,CLEAR,WET,DUSK,NO CONTROLS,NONE DETECTED,,1529FFA7-DE49-44B1-A3D3-0ED18C55CA4C,No,SUSPECTED MINOR INJURY,"N/A, WET",NOT DISTRACTED,MD,2F77A7EC-C505-4ECF-AE17-8DEFB7268B8A,DISABLING,PASSENGER CAR,MOVING CONSTANT SPEED,39.09610333,-77.00110667,"(39.09610333, -77.00110667)"
MCP1035000J,170518099,Montgomery County Police,Property Damage Crash,07/09/2017 05:45:00 AM,County,MT NEBO RD,County,RIVER RD (AHEAD),,N/A,,SINGLE VEHICLE,CLOUDY,DRY,DARK NO LIGHTS,NO CONTROLS,N/A,,99EFB196-B849-4F8B-8BAB-C553D828E4F0,No,NO APPARENT INJURY,N/A,NOT DISTRACTED,MD,B993E342-5701-4BEC-9EE4-53D353CD737B,SUPERFICIAL,POLICE VEHICLE/NON EMERGENCY,MOVING CONSTANT SPEED,39.09561322,-77.44462252,"(39.09561322, -77.44462252)"
MCP2475001F,16057314,Montgomery County Police,Property Damage Crash,11/06/2016 09:22:00 PM,County,AVENEL RD,County,COTTRELL TERR,,N/A,,OTHER,CLEAR,DRY,DARK LIGHTS ON,N/A,ALCOHOL PRESENT,,F5C5E8AC-85F5-467A-A2FF-484F4EBEA4F8,Yes,NO APPARENT INJURY,N/A,UNKNOWN,MD,7727C64F-D2D9-4980-9055-E17C67949113,SUPERFICIAL,PASSENGER CAR,MOVING CONSTANT SPEED,39.015355,-76.97815833,"(39.015355, -76.97815833)"
MCP2737001N,16021198,Montgomery County Police,Property Damage Crash,04/29/2016 11:07:00 PM,Maryland (State),DR BIRD RD,Maryland (State),OLNEY SANDY SPRING RD,,N/A,,OTHER,CLOUDY,DRY,DARK LIGHTS ON,TRAFFIC SIGNAL,ALCOHOL PRESENT,,5708E5A1-3B18-437D-B4B5-F487142215D1,Yes,NO APPARENT INJURY,N/A,UNKNOWN,MD,F6AE31A1-6642-4840-824A-68AD881C2BA0,SUPERFICIAL,PASSENGER CAR,BACKING,39.14412494,-77.04352364,"(39.14412494, -77.04352364)"
MCP2754000D,15056030,MONTGOMERY,Property Damage Crash,11/03/2015 05:36:00 PM,Maryland (State),NEW HAMPSHIRE AVE,County,NORTHAMPTON DR,,N/A,,OTHER,CLEAR,DRY,DUSK,TRAFFIC SIGNAL,UNKNOWN,,CF625A94-27ED-47DC-A207-09726AACC23B,Yes,NO APPARENT INJURY,N/A,UNKNOWN,MD,BA908042-8965-48ED-BFB0-EE89957E26BA,SUPERFICIAL,PASSENGER CAR,BACKING,39.00415667,-76.98117667,"(39.00415667, -76.98117667)"
MCP2335000P,16022767,Montgomery County Police,Injury Crash,05/08/2016 01:45:00 AM,Maryland (State),GREAT SENECA HWY,County,WISTERIA DR,,N/A,,STRAIGHT MOVEMENT ANGLE,CLEAR,WET,DARK LIGHTS ON,FLASHING TRAFFIC SIGNAL,NONE DETECTED,,9B94AE3F-0AFA-4A02-9BB4-83C050FD300F,Yes,NO APPARENT INJURY,N/A,NOT DISTRACTED,MD,3EFE3B13-EE10-4E96-99BF-9546FD90817D,DESTROYED,PASSENGER CAR,MOVING CONSTANT SPEED,39.17138,-77.26259333,"(39.17138, -77.26259333)"
MCP3012001K,16065179,Montgomery County Police,Property Damage Crash,12/20/2016 07:51:00 AM,Maryland (State),GEORGIA AVE,Maryland (State),UNIVERSITY BLVD W,,N/A,,SAME DIR REAR END,CLEAR,DRY,DAYLIGHT,NO CONTROLS,NONE DETECTED,,BF45AF94-3731-472D-A659-2A625E8592E9,Yes,NO APPARENT INJURY,N/A,NOT DISTRACTED,MD,626FCEC3-3865-4800-942C-F7A721F0D1A0,NO DAMAGE,SCHOOL BUS,MOVING CONSTANT SPEED,39.04190291,-77.05193371,"(39.04190291, -77.05193371)"
MCP3004000N,16035514,Montgomery County Police,Property Damage Crash,07/13/2016 05:44:00 PM,County,OAKLYN DR,County,FALLS RD,,N/A,,HEAD ON LEFT TURN,CLEAR,DRY,DAYLIGHT,TRAFFIC SIGNAL,NONE DETECTED,,6AE6C3CA-D229-4659-9E67-9D3BD17C1989,No,NO APPARENT INJURY,N/A,NOT DISTRACTED,MD,6106138E-D981-49FB-918D-CC46C8F65C15,DISABLING,PASSENGER CAR,MOVING CONSTANT SPEED,39.0092063,-77.2204113,"(39.0092063, -77.2204113)"
MCP1417003L,15034333,MONTGOMERY,Injury Crash,07/13/2015 08:35:00 AM,County,SHADY GROVE RD,County,OAKMONT AVE,,N/A,,HEAD ON LEFT TURN,CLEAR,DRY,DAYLIGHT,TRAFFIC SIGNAL,NONE DETECTED,,BD49481E-1F72-43DE-B407-7A69BB0E1D8D,Yes,SUSPECTED MINOR INJURY,N/A,UNKNOWN,MD,D4527452-1474-463C-9000-F8D89ED92F3F,DISABLING,PASSENGER CAR,MAKING LEFT TURN,39.12678941,-77.17362285,"(39.12678941, -77.17362285)"
MCP27020012,15056667,Montgomery County Police,Property Damage Crash,11/06/2015 09:02:00 PM,Maryland (State),COLESVILLE RD,Maryland (State),EAST WEST HWY,,N/A,,SAME DIRECTION SIDESWIPE,RAINING,WET,DUSK,TRAFFIC SIGNAL,NONE DETECTED,,335D67A3-9DF4-4C82-9A85-720ECF8DF27B,Yes,NO APPARENT INJURY,"N/A, WET",NOT DISTRACTED,MD,A4102DEA-22D6-4527-9899-F9BC27E66ACD,FUNCTIONAL,PASSENGER CAR,ACCELERATING,38.99318833,-77.03287,"(38.99318833, -77.03287)"
MCP0617000V,16034151,Montgomery County Police,Property Damage Crash,07/06/2016 09:28:00 AM,Maryland (State),LAYHILL RD,Unknown,CROSSOVER,,N/A,,SAME DIR REAR END,CLEAR,DRY,DAYLIGHT,NO CONTROLS,NONE DETECTED,,D309FBAE-FA09-41A5-85B9-755846D47CCB,Yes,NO APPARENT INJURY,N/A,NOT DISTRACTED,MD,12BBBA02-FB1C-4DA1-9F9D-E11A0FEB88AA,DISABLING,(SPORT) UTILITY VEHICLE,MOVING CONSTANT SPEED,39.07721333,-77.04614667,"(39.07721333, -77.04614667)"
MCP1501000G,15003562,Montgomery County Police,Injury Crash,01/22/2015 02:25:00 PM,County,FATHER HURLEY BLVD,County,WISTERIA DR,,N/A,,SAME DIR REAR END,CLEAR,DRY,DAYLIGHT,TRAFFIC SIGNAL,N/A,,8A8EB34F-3BE9-47CF-910F-6EBBE96B696E,No,NO APPARENT INJURY,N/A,NOT DISTRACTED,MD,A7ED2FEC-29DB-460E-BB87-DB62600ADCE5,FUNCTIONAL,PASSENGER CAR,STOPPED IN TRAFFIC LANE,39.18141644,-77.27621198,"(39.18141644, -77.27621198)"
MCP2984000Q,16033267,Montgomery County Police,Property Damage Crash,07/12/2016 08:30:00 AM,Maryland (State),GERMANTOWN RD,County,MIDDLEBROOK RD,,N/A,,SAME DIR REAR END,CLOUDY,DRY,DAYLIGHT,TRAFFIC SIGNAL,NONE DETECTED,,ECEBB9AA-660A-4E87-9693-9E7EB98D2D07,No,NO APPARENT INJURY,N/A,NOT DISTRACTED,MD,101EDC09-BC0C-4767-9953-B824FF471A68,SUPERFICIAL,PASSENGER CAR,SLOWING OR STOPPING,39.177895,-77.26858667,"(39.177895, -77.26858667)"
MCP2615001G,16061984,Montgomery County Police,Injury Crash,12/02/2016 09:03:00 PM,US (State),COLUMBIA PIKE,County,GREENCASTLE RD,,N/A,,STRAIGHT MOVEMENT ANGLE,N/A,DRY,DARK LIGHTS ON,TRAFFIC SIGNAL,NONE DETECTED,,190EACA4-494B-4496-A9D2-4BBCF8C6EAC2,No,NO APPARENT INJURY,N/A,NOT DISTRACTED,MD,96A9C4AF-71CD-49C8-BAF0-AAB9B6EDCEA3,DISABLING,PASSENGER CAR,MOVING CONSTANT SPEED,39.09562051,-76.9381316,"(39.09562051, -76.9381316)"
MCP2987001J,17001378,Montgomery County Police,Property Damage Crash,01/09/2017 08:16:00 AM,Maryland (State),NEW HAMPSHIRE AVE,County,DILSTON RD,,N/A,,SAME DIR REAR END,CLEAR,DRY,DAYLIGHT,TRAFFIC SIGNAL,NONE DETECTED,,8B11199B-BF5E-48EB-A554-BDB7F900B213,No,NO APPARENT INJURY,N/A,NOT DISTRACTED,MD,1E503434-DC7A-4FA6-B359-FDBF896512DB,SUPERFICIAL,PASSENGER CAR,SLOWING OR STOPPING,39.01167186,-76.97904065,"(39.01167186, -76.97904065)"
MCP10640056,16062758,Montgomery County Police,Property Damage Crash,12/07/2016 08:38:00 AM,Maryland (State),UNIVERSITY BLVD E,Maryland (State),PINEY BRANCH RD,,N/A,,SAME DIR REAR END,CLOUDY,DRY,DAYLIGHT,TRAFFIC SIGNAL,N/A,,A1F88DCE-1951-4AC5-8A70-1ACC7B90CC97,No,NO APPARENT INJURY,N/A,NOT DISTRACTED,XX,FE98EF03-C017-4AFD-97E5-77AED33FC21B,NO DAMAGE,PASSENGER CAR,STOPPED IN TRAFFIC LANE,38.998575,-76.99479667,"(38.998575, -76.99479667)"