Report Number,Local Case Number,Agency Name,ACRS Report Type,Crash Date/Time,Route Type,Road Name,Cross-Street Type,Cross-Street Name,Off-Road Description,Municipality,Related Non-Motorist,Collision Type,Weather,Surface Condition,Light,Traffic Control,Driver Substance Abuse,Non-Motorist Substance Abuse,Person ID,Driver At Fault,Injury Severity,Circumstance,Driver Distracted By,Drivers License State,Vehicle ID,Vehicle Damage Extent,Vehicle Body Type,Vehicle Movement,Latitude,Longitude,Location
MCP94160001,15005009,Montgomery County Police,Property Damage Crash,01/31/2015 11:52:00 AM,,,,,Parking lot of 830 Muddy Branch Road,,,OTHER,CLEAR,,DAYLIGHT,N/A,NONE DETECTED,,CE9949E1-C116-487F-97CE-665ED738CF58,Yes,NO APPARENT INJURY,N/A,NOT DISTRACTED,MD,E39D084A-F044-491F-A1C4-404B53921F96,SUPERFICIAL,(SPORT) UTILITY VEHICLE,BACKING,39.11529167,-77.21757167,"(39.11529167, -77.21757167)"
MCP3035000X,17015078,Montgomery County Police,Injury Crash,03/24/2017 02:22:00 PM,Maryland (State),QUINCE ORCHARD RD,Ramp,RAMP 7 FR MD 124 WB TO IS 270 SB,,N/A,,SAME DIR REAR END,CLEAR,DRY,DAYLIGHT,N/A,NONE DETECTED,,E26BD531-4EA6-4625-8496-D3B58A788FE4,Yes,POSSIBLE INJURY,N/A,INATTENTIVE OR LOST IN THOUGHT,MD,AE45B3A0-7076-483F-910E-8F38BFBB9DCD,DISABLING,"OTHER LIGHT TRUCKS (10,000LBS (4,536KG) OR LESS)",SLOWING OR STOPPING,39.14798988,-77.21823603,"(39.14798988, -77.21823603)"
MCP2927001V,170512545,Montgomery County Police,Property Damage Crash,06/08/2017 06:34:00 PM,County,DALE DR,County,WATSON RD,,N/A,,STRAIGHT MOVEMENT ANGLE,N/A,DRY,N/A,STOP SIGN,NONE DETECTED,,0716DDE6-FAB9-49A6-8E4B-8B3DF18BEFA6,No,NO APPARENT INJURY,N/A,NOT DISTRACTED,MD,260C33D3-1429-4D89-88C1-AEB64A64F218,DISABLING,PASSENGER CAR,MOVING CONSTANT SPEED,39.0061852,-77.02502847,"(39.0061852, -77.02502847)"
MCP0113000X,16041907,Montgomery County Police,Property Damage Crash,08/18/2016 11:19:00 AM,Maryland (State),MONTGOMERY AVE,County,PEARL ST,,N/A,,SAME DIRECTION RIGHT TURN,CLEAR,DRY,DAYLIGHT,NO CONTROLS,NONE DETECTED,,0A4E3A40-C5A6-4DAA-9DAC-992128BFAE33,No,NO APPARENT INJURY,N/A,NOT DISTRACTED,MD,E932A45B-0936-4E5E-953E-07CD29F15BD8,SUPERFICIAL,TRANSIT BUS,STARTING FROM LANE,38.98361667,-77.09299167,"(38.98361667, -77.09299167)"
MCP2952001V,16023758,Montgomery County Police,Property Damage Crash,05/13/2016 10:30:00 AM,County,WAYNE AVE,County,CEDAR ST,,N/A,,ANGLE MEETS RIGHT TURN,RAINING,WET,DAYLIGHT,TRAFFIC SIGNAL,NONE DETECTED,,87200D63-589F-4C92-8118-E739A479B204,No,NO APPARENT INJURY,"RAIN, SNOW, WET",NOT DISTRACTED,MD,A2D7F64B-F35D-4E61-BF7D-3D7B7F412B4D,DISABLING,PASSENGER CAR,STOPPED IN TRAFFIC LANE,38.99700167,-77.02201667,"(38.99700167, -77.02201667)"
EJ78550017,16041377,Gaithersburg Police Depar,Injury Crash,08/15/2016 02:30:00 PM,Maryland (State),S FREDERICK RD,Municipality,E DEER PARK DR,,GAITHERSBURG,,SAME DIR REAR END,CLEAR,DRY,DAYLIGHT,TRAFFIC SIGNAL,NONE DETECTED,,329722D4-1208-4D02-8961-AB1A07780890,No,SUSPECTED MINOR INJURY,N/A,NOT DISTRACTED,MD,CF1ECE32-8DA1-4213-90B3-CA2A92CE2F77,SUPERFICIAL,PASSENGER CAR,STOPPED IN TRAFFIC LANE,39.13177833,-77.18846167,"(39.13177833, -77.18846167)"
MCP2870001R,16044279,Montgomery County Police,Property Damage Crash,08/30/2016 07:48:00 PM,US (State),COLUMBIA PIKE,County,BURNT MILLS AVE,,N/A,,STRAIGHT MOVEMENT ANGLE,CLEAR,DRY,DUSK,TRAFFIC SIGNAL,NONE DETECTED,,F6B1A44C-59C0-4E6C-9798-8DA4BE04942E,Yes,NO APPARENT INJURY,N/A,NOT DISTRACTED,MD,CA3372A5-C642-4D5F-BCCF-ADEC4FC1A0C5,FUNCTIONAL,PASSENGER CAR,ACCELERATING,39.036225,-76.999955,"(39.036225, -76.999955)"
MCP14170057,16024471,Montgomery County Police,Property Damage Crash,05/17/2016 11:29:00 AM,Maryland (State),FREDERICK RD,Municipality,CHRISTOPHER AVE,,GAITHERSBURG,,SAME DIRECTION SIDESWIPE,RAINING,WET,DAYLIGHT,NO CONTROLS,NONE DETECTED,,52364341-B00E-4008-B9A7-B801C224149E,No,NO APPARENT INJURY,"RAIN, SNOW, WET",NOT DISTRACTED,MD,92D45C93-A8FC-40B3-A081-D5C0EB30A2BB,FUNCTIONAL,PASSENGER CAR,MOVING CONSTANT SPEED,39.15488195,-77.21510991,"(39.15488195, -77.21510991)"
MCP2513000B,16035581,Montgomery County Police,Injury Crash,07/14/2016 12:31:00 AM,US (State),COLESVILLE RD,County,DALE DR,,N/A,,STRAIGHT MOVEMENT ANGLE,CLEAR,DRY,DARK LIGHTS ON,FLASHING TRAFFIC SIGNAL,NONE DETECTED,,2C754AE2-40CA-4090-8AF6-946E2270BF89,No,NO APPARENT INJURY,N/A,NOT DISTRACTED,MD,A1ADB99C-F290-4606-A9DA-0D43CAC53734,DISABLING,PASSENGER CAR,MOVING CONSTANT SPEED,39.04721167,-76.98982667,"(39.04721167, -76.98982667)"
MCP2339002M,17515902,Montgomery County Police,Property Damage Crash,06/26/2017 08:23:00 PM,Maryland (State),ROCKVILLE PIKE,Ramp,RAMP 4 FR MD 355 NB TO MONTROSE PKWY,,N/A,,SAME DIR REAR END,N/A,DRY,DAYLIGHT,NO CONTROLS,NONE DETECTED,,2ED3590E-B9F3-49E3-A2A9-6817EDAD9DCB,No,NO APPARENT INJURY,N/A,NOT DISTRACTED,MD,67098630-C82A-40E3-9EE4-2F2552006777,FUNCTIONAL,PASSENGER CAR,MOVING CONSTANT SPEED,39.054796,-77.118007,"(39.054796, -77.118007)"
MCP2826000T,15057388,MONTGOMERY,Property Damage Crash,11/10/2015 05:25:00 PM,County,EASTWOOD AVE,County,SOUTHWOOD AVE,,N/A,,SAME DIR REAR END,RAINING,WET,DARK LIGHTS ON,YIELD SIGN,NONE DETECTED,,522733CE-C6BE-44D3-BC9F-A2C3F52CB4C8,No,NO APPARENT INJURY,"RAIN, SNOW, WET",NOT DISTRACTED,MD,1044514C-7E13-40CD-B991-8850C82D87CA,SUPERFICIAL,PASSENGER CAR,STOPPED IN TRAFFIC LANE,39.02613525,-77.01130629,"(39.02613525, -77.01130629)"
MCP2973000D,15038148,MONTGOMERY,Injury Crash,08/01/2015 07:00:00 PM,Maryland (State),UNIVERSITY BLVD W,County,KERWIN RD,,N/A,,SAME DIR REAR END,CLEAR,DRY,DAYLIGHT,N/A,N/A,,F9F13541-CCA6-480E-AB1F-054B4BFA28DA,No,NO APPARENT INJURY,N/A,NOT DISTRACTED,MD,16DD8B6A-6CEB-4103-B514-49D7BBBA289D,FUNCTIONAL,PASSENGER CAR,STOPPED IN TRAFFIC LANE,39.027815,-77.02025833,"(39.027815, -77.02025833)"
MCP28950018,16057042,Montgomery County Police,Property Damage Crash,11/05/2016 02:24:00 AM,County,APPLEDOWRE WAY,Maryland (State),FREDERICK RD,,N/A,,SINGLE VEHICLE,N/A,DRY,DARK LIGHTS ON,NO CONTROLS,ALCOHOL PRESENT,,5A9557E7-417B-446C-9697-00135B8E2742,Yes,NO APPARENT INJURY,N/A,NOT DISTRACTED,MD,8F8D8736-02C8-42E3-ACDB-7C10B63D84F4,DISABLING,PASSENGER CAR,MOVING CONSTANT SPEED,39.185725,-77.23912333,"(39.185725, -77.23912333)"
MCP20590034,16057232,Montgomery County Police,Property Damage Crash,11/06/2016 10:31:00 AM,County,CEDAR LA,Maryland (State),ROCKVILLE PIKE,,N/A,,SAME DIRECTION SIDESWIPE,CLEAR,DRY,DAYLIGHT,TRAFFIC SIGNAL,UNKNOWN,,631A0AEC-020D-4D9B-B178-926FFFC25B87,Yes,NO APPARENT INJURY,N/A,UNKNOWN,,09EB8E29-A225-43D9-A91F-09F9BFD173D1,UNKNOWN,PASSENGER CAR,CHANGING LANES,39.00668334,-77.09682047,"(39.00668334, -77.09682047)"
MCP28460015,15043722,MONTGOMERY,Injury Crash,08/31/2015 01:39:00 PM,Maryland (State),UNIVERSITY BLVD W,County,ELKIN ST,,N/A,,HEAD ON LEFT TURN,CLEAR,DRY,DAYLIGHT,NO CONTROLS,NONE DETECTED,,D22CB1CC-164F-4D5F-AB7A-E0698FA11607,No,POSSIBLE INJURY,N/A,NOT DISTRACTED,MD,7FE92CCA-AB42-4D17-B051-794683251507,DISABLING,PASSENGER CAR,MOVING CONSTANT SPEED,39.041705,-77.05028667,"(39.041705, -77.05028667)"
MCP27840031,17005468,Montgomery County Police,Property Damage Crash,01/31/2017 06:31:00 PM,Maryland (State),LAYHILL RD,Maryland (State),INTERCOUNTY CONNECTOR,,N/A,,HEAD ON LEFT TURN,CLEAR,DRY,DARK LIGHTS ON,TRAFFIC SIGNAL,NONE DETECTED,,99BFE749-90BE-4C1C-8D2E-3258BBAAAD20,Yes,NO APPARENT INJURY,N/A,UNKNOWN,MD,CBC9C3CA-774D-40BE-9B6B-AF9C57889F0F,DISABLING,PASSENGER CAR,MAKING LEFT TURN,39.098745,-77.04268167,"(39.098745, -77.04268167)"
MCP2859001C,15041803,MONTGOMERY,Property Damage Crash,08/21/2015 06:12:00 AM,County,SHADY GROVE RD,County,BRIARDALE RD,,N/A,,SAME DIR REAR END,CLEAR,WET,DARK LIGHTS ON,TRAFFIC SIGNAL,NONE DETECTED,,FC237CF6-5430-4C18-82C1-273FAE167F5F,Yes,NO APPARENT INJURY,N/A,INATTENTIVE OR LOST IN THOUGHT,MD,706CB0EE-A2A2-487A-92FE-3BC0786BC6E1,DISABLING,PASSENGER CAR,SLOWING OR STOPPING,39.134975,-77.157225,"(39.134975, -77.157225)"
HA2389000K,16000478,Maryland-National Capital,Property Damage Crash,04/23/2016 11:12:00 AM,County,KINGSTEAD RD,County,OAK DR,,N/A,,SINGLE VEHICLE,CLOUDY,WET,N/A,N/A,N/A,,F684DCDC-BD76-4879-838C-871299626297,Yes,NO APPARENT INJURY,N/A,UNKNOWN,MD,5BD00D92-5D4D-4479-955E-F12D6BE015B3,SUPERFICIAL,POLICE VEHICLE/EMERGENCY,SLOWING OR STOPPING,39.26838591,-77.23435879,"(39.26838591, -77.23435879)"
MCP28720012,15041121,MONTGOMERY,Property Damage Crash,08/17/2015 03:20:00 PM,County,CRABBS BRANCH WAY,Unknown,ENT TO THE GROVE SHOPPING CENTER,,N/A,,SAME DIRECTION LEFT TURN,CLEAR,DRY,DAYLIGHT,NO CONTROLS,NONE DETECTED,,AE1073A0-2C09-4012-8067-93A81993FD41,Yes,NO APPARENT INJURY,N/A,LOOKED BUT DID NOT SEE,MD,C7B3EC4A-CB36-4A70-967D-C5D2E27BBA66,FUNCTIONAL,PASSENGER CAR,MAKING U TURN,39.13016011,-77.16811895,"(39.13016011, -77.16811895)"
MCP2942002D,17005651,Montgomery County Police,Property Damage Crash,02/01/2017 06:17:00 PM,Government,BEACH DR,Maryland (State),EAST WEST HWY,,N/A,,HEAD ON,CLEAR,DRY,DARK LIGHTS ON,TRAFFIC SIGNAL,NONE DETECTED,,A57AC97B-F92D-4886-B470-711756DA44B3,No,NO APPARENT INJURY,N/A,NOT DISTRACTED,DC,0B326742-1765-4F7C-91E0-83ED167F0AB8,DISABLING,(SPORT) UTILITY VEHICLE,MOVING CONSTANT SPEED,38.9927315,-77.06342067,"(38.9927315, -77.06342067)"
MCP29590014,15059690,MONTGOMERY,Injury Crash,11/22/2015 01:15:00 PM,Maryland (State),NORWOOD RD,County,EXCALIBER LA,,N/A,,SAME DIR REAR END,CLEAR,DRY,DAYLIGHT,NO CONTROLS,NONE DETECTED,,2C015101-FB82-42F9-B3FC-EFA94DE99933,No,SUSPECTED MINOR INJURY,N/A,NOT DISTRACTED,MD,566CF1C8-8595-4631-9AA2-E30903814E95,SUPERFICIAL,PASSENGER CAR,STOPPED IN TRAFFIC LANE,39.13416833,-77.03095167,"(39.13416833, -77.03095167)"
MCP10200010,15046827,MONTGOMERY,Injury Crash,09/16/2015 06:31:00 AM,Maryland (State),RIDGE RD,County,TRALEE TERR,,N/A,,STRAIGHT MOVEMENT ANGLE,CLEAR,DRY,DAWN,STOP SIGN,NONE DETECTED,,433F333F-AC93-4655-8632-4CFE840809A4,Yes,NO APPARENT INJURY,N/A,NOT DISTRACTED,MD,8E67559F-92CA-4050-8C7E-91093308D54F,SUPERFICIAL,(SPORT) UTILITY VEHICLE,STARTING FROM LANE,39.27094833,-77.216445,"(39.27094833, -77.216445)"
MCP9106000P,15066111,MONTGOMERY,Property Damage Crash,12/25/2015 10:06:00 AM,County,WATERS LANDING DR,County,WYNNFIELD DR,,N/A,,SAME DIRECTION RIGHT TURN,CLOUDY,WET,DAYLIGHT,N/A,NONE DETECTED,,032F82E7-6302-4C43-985B-0E04FDAFF07E,Yes,NO APPARENT INJURY,"N/A, WET",NOT DISTRACTED,MD,537EDBB0-902F-463B-8C3F-409C1144D272,SUPERFICIAL,TRANSIT BUS,MOVING CONSTANT SPEED,39.191415,-77.28106333,"(39.191415, -77.28106333)"
DD55080032,17001406,Rockville Police Departme,Property Damage Crash,01/09/2017 10:25:00 AM,Maryland (State),FIRST ST,Municipality,BALTIMORE RD,,ROCKVILLE,,SAME DIRECTION SIDESWIPE,CLEAR,DRY,DAYLIGHT,NO CONTROLS,NONE DETECTED,,02182BDE-3068-4D46-BFB8-02AEE3652812,No,NO APPARENT INJURY,N/A,NOT DISTRACTED,MD,4C085426-405C-4EA0-876C-9747AACF14E0,FUNCTIONAL,PASSENGER CAR,MOVING CONSTANT SPEED,39.08438,-77.13643333,"(39.08438, -77.13643333)"
MCP2853002H,16055948,Montgomery County Police,Property Damage Crash,10/30/2016 06:52:00 AM,County,BRADDOCK RD,County,OAKVIEW DR,,N/A,,SINGLE VEHICLE,RAINING,WET,DARK LIGHTS ON,NO CONTROLS,N/A,,CAFB4053-1E5E-4666-8D68-5FDE91EC9FDA,Yes,NO APPARENT INJURY,"RAIN, SNOW, WET",NOT DISTRACTED,MD,D67DE7DE-2D48-4B1E-AC98-42D2ED7884E7,FUNCTIONAL,PASSENGER CAR,BACKING,39.01583167,-76.98145667,"(39.01583167, -76.98145667)"
MCP2866001Z,15063887,MONTGOMERY,Property Damage Crash,12/14/2015 05:22:00 PM,County,LYTTONSVILLE RD,County,ROSS RD,,N/A,,STRAIGHT MOVEMENT ANGLE,RAINING,WET,DARK LIGHTS ON,NO CONTROLS,NONE DETECTED,,8DD40800-7FAC-42FB-96E8-E297E229E44D,Yes,NO APPARENT INJURY,"N/A, RAIN, SNOW",UNKNOWN,MD,193DA43D-822B-4F9E-945A-4C200F4E49FD,FUNCTIONAL,PASSENGER CAR,ACCELERATING,38.99540833,-77.05415167,"(38.99540833, -77.05415167)"
MCP21670008,15006116,Montgomery County Police,Injury Crash,02/06/2015 06:41:00 PM,County,OAKLYN DR,County,FALLS RD,,N/A,,SINGLE VEHICLE,CLEAR,DRY,DARK LIGHTS ON,N/A,NONE DETECTED,,56465760-0314-45EB-AAD7-887FB780E398,Yes,SUSPECTED MINOR INJURY,N/A,NOT DISTRACTED,MD,F3523A6F-4E78-4AED-B670-81C9CE871334,DESTROYED,(SPORT) UTILITY VEHICLE,MOVING CONSTANT SPEED,39.00618167,-77.21697667,"(39.00618167, -77.21697667)"
MCP2754000H,16002829,Montgomery County Police,Property Damage Crash,01/15/2016 05:03:00 PM,County,FLOWER AVE,County,ARLISS ST,,N/A,,HEAD ON LEFT TURN,CLEAR,DRY,DAYLIGHT,STOP SIGN,NONE DETECTED,,C055046E-3EA2-4C02-B981-05507F5178A2,No,NO APPARENT INJURY,N/A,NOT DISTRACTED,VA,F6315723-04BF-4C1F-AA0B-5157DDFCA74B,SUPERFICIAL,TRANSIT BUS,MOVING CONSTANT SPEED,39.00042667,-77.00417667,"(39.00042667, -77.00417667)"
MCP2745001D,16011094,MONTGOMERY,Injury Crash,03/05/2016 11:32:00 PM,County,SHADY GROVE RD,County,EPSILON DR,,N/A,,HEAD ON LEFT TURN,N/A,DRY,DARK LIGHTS ON,TRAFFIC SIGNAL,NONE DETECTED,,B11F61B9-02EA-4BA0-BBD5-3722A9C7F198,Yes,POSSIBLE INJURY,N/A,NOT DISTRACTED,MD,E9E554DA-5D8D-427F-AA26-5F7D88A981B7,DISABLING,PASSENGER CAR,MAKING LEFT TURN,39.13834833,-77.15374,"(39.13834833, -77.15374)"
MCP29860017,16063585,Montgomery County Police,Injury Crash,12/11/2016 12:47:00 PM,Maryland (State),GEORGIA AVE,Maryland (State),FOREST GLEN RD,,N/A,,STRAIGHT MOVEMENT ANGLE,CLEAR,DRY,DAYLIGHT,TRAFFIC SIGNAL,NONE DETECTED,,0844C747-9594-4C3A-9749-D74B7D49546E,Yes,NO APPARENT INJURY,N/A,LOOKED BUT DID NOT SEE,VA,CA699731-8743-4ED6-B9C0-4A83DA39473B,DISABLING,PASSENGER CAR,MAKING LEFT TURN,39.01577167,-77.042545,"(39.01577167, -77.042545)"
DD5615003F,170509074,Rockville Police Departme,Injury Crash,05/21/2017 05:08:00 PM,Maryland (State),VEIRS MILL RD,Municipality,ARDENNES AVE,,ROCKVILLE,,STRAIGHT MOVEMENT ANGLE,CLOUDY,DRY,DAYLIGHT,NO CONTROLS,NONE DETECTED,,0587E605-34E2-4483-AA8F-9750DFDAA548,No,POSSIBLE INJURY,N/A,NOT DISTRACTED,MD,6C2CC107-642C-4D5F-ACBC-2090EE937909,DISABLING,PASSENGER CAR,MOVING CONSTANT SPEED,39.07622667,-77.120115,"(39.07622667, -77.120115)"
MCP2776001H,16050002,Montgomery County Police,Injury Crash,09/28/2016 09:34:00 PM,County,RANDOLPH RD,County,KEMP MILL RD,,N/A,,SAME DIR REAR END,RAINING,WET,DARK LIGHTS ON,TRAFFIC SIGNAL,NONE DETECTED,,DEAD8BE9-E83F-4AA5-ABF5-618DF5634C11,Yes,SUSPECTED MINOR INJURY,"RAIN, SNOW, WET",UNKNOWN,MD,CFC9720A-FD83-4812-A8D5-673D756FEBE5,DISABLING,PASSENGER CAR,SLOWING OR STOPPING,39.06652667,-77.03071,"(39.06652667, -77.03071)"
MCP2740002P,17012289,Montgomery County Police,Property Damage Crash,03/08/2017 08:18:00 PM,County,MERRIMAC DR,Maryland (State),UNIVERSITY BLVD E,,N/A,,STRAIGHT MOVEMENT ANGLE,CLEAR,DRY,DARK LIGHTS ON,STOP SIGN,NONE DETECTED,,972C643A-8B90-4405-9F73-5357DDE71D41,No,NO APPARENT INJURY,N/A,NOT DISTRACTED,MD,85150224-B6D5-4047-B6C8-297B0BC440D2,DISABLING,PASSENGER CAR,MOVING CONSTANT SPEED,38.992815,-76.99129333,"(38.992815, -76.99129333)"
MCP2469000M,15060969,MONTGOMERY,Property Damage Crash,11/29/2015 02:14:00 PM,County,CHERRY HILL RD,County,BROADBIRCH DR,,N/A,,HEAD ON LEFT TURN,RAINING,WET,DAYLIGHT,TRAFFIC SIGNAL,NONE DETECTED,,49BF4A64-C74D-4828-8256-A610255BD695,No,NO APPARENT INJURY,"RAIN, SNOW, WET",NOT DISTRACTED,MD,45DCF86F-8C13-47C2-A698-267E0BC58326,FUNCTIONAL,PASSENGER CAR,MOVING CONSTANT SPEED,39.05609039,-76.95433885,"(39.05609039, -76.95433885)"
MCP2260000Y,15056612,MONTGOMERY,Injury Crash,11/06/2015 05:40:00 PM,Maryland (State),NORBECK RD,Municipality,E GUDE DR,,ROCKVILLE,,SAME DIR REAR END,N/A,WET,DARK LIGHTS ON,N/A,N/A,,69859F29-A975-457B-A3B9-85F4A8D5C033,No,SUSPECTED MINOR INJURY,"N/A, RAIN, SNOW",NOT DISTRACTED,MD,2EE0151E-6C70-4FF0-A88B-D3A0A8220086,FUNCTIONAL,PASSENGER CAR,STOPPED IN TRAFFIC LANE,39.10622333,-77.15288,"(39.10622333, -77.15288)"
MCP2592000C,15047517,MONTGOMERY,Injury Crash,09/19/2015 10:53:00 AM,County,LOST KNIFE RD,Maryland (State),MONTGOMERY VILLAGE AVE,,N/A,,SAME DIR REAR END,CLEAR,DRY,DAYLIGHT,N/A,NONE DETECTED,,4DFF0E8B-034D-4208-9B81-F54F777530FB,No,POSSIBLE INJURY,N/A,NOT DISTRACTED,MD,F269DB0E-9E4A-4897-BA57-F950C73075D1,DISABLING,VAN,STOPPED IN TRAFFIC LANE,39.15757,-77.203745,"(39.15757, -77.203745)"
MCP1382002L,15061256,MONTGOMERY,Property Damage Crash,12/01/2015 07:05:00 AM,County,E WAYNE AVE,County,FLOWER AVE,,N/A,,SAME DIR REAR END,RAINING,WET,DAWN,NO CONTROLS,NONE DETECTED,,D6D039DD-CB36-465C-BA03-95BA4E105777,Yes,NO APPARENT INJURY,N/A,NOT DISTRACTED,MD,116802E5-BCF6-4128-812A-197CF494A56F,NO DAMAGE,SCHOOL BUS,MOVING CONSTANT SPEED,39.00272333,-77.00627833,"(39.00272333, -77.00627833)"
DD5620000X,170500843,Rockville Police Departme,Property Damage Crash,04/07/2017 08:12:00 AM,Maryland (State),HUNGERFORD DR,Municipality,MANNAKEE ST,,ROCKVILLE,,STRAIGHT MOVEMENT ANGLE,CLEAR,DRY,DAYLIGHT,TRAFFIC SIGNAL,NONE DETECTED,,201927A8-5A04-4C98-BC19-1D7A7CFC773A,Yes,NO APPARENT INJURY,N/A,NOT DISTRACTED,MD,FB70713A-AC03-42CE-BB46-ED55F26B23A0,SUPERFICIAL,TRANSIT BUS,MAKING LEFT TURN,39.09638867,-77.15492033,"(39.09638867, -77.15492033)"
MCP2612001D,16030483,Montgomery County Police,Injury Crash,06/16/2016 04:17:00 PM,County,BEL PRE RD,County,HOMECREST RD,,N/A,,SAME DIR REAR END,CLEAR,DRY,DAYLIGHT,NO CONTROLS,NONE DETECTED,,986BF52A-233F-4327-B461-063EE0A43403,No,NO APPARENT INJURY,N/A,NOT DISTRACTED,MD,A544BB47-81A0-4F1E-8D2F-815DA86C90F2,FUNCTIONAL,PASSENGER CAR,STOPPED IN TRAFFIC LANE,39.091305,-77.06527167,"(39.091305, -77.06527167)"
MCP1334002X,15042994,MONTGOMERY,Property Damage Crash,08/27/2015 11:57:00 AM,Maryland (State),QUINCE ORCHARD RD,Municipality,FIRSTFIELD RD,,GAITHERSBURG,,SAME DIR REAR END,CLEAR,DRY,DAYLIGHT,TRAFFIC SIGNAL,NONE DETECTED,,34382BA3-BE44-420D-809F-596CD57D0FBC,Yes,NO APPARENT INJURY,N/A,NOT DISTRACTED,MD,55EDDEE5-BE34-42D7-B290-4816EE4725D1,DISABLING,(SPORT) UTILITY VEHICLE,MOVING CONSTANT SPEED,39.14525969,-77.22004786,"(39.14525969, -77.22004786)"
MCP24750016,16041598,Montgomery County Police,Property Damage Crash,08/16/2016 04:30:00 PM,,,,,PARKING LOT OF 106 UNIVERSITY BLVD W,,,OTHER,N/A,,DAYLIGHT,N/A,UNKNOWN,,EBF30489-F01A-413A-8BD5-2A3BB2F7E1F4,Yes,NO APPARENT INJURY,N/A,UNKNOWN,,03BCFA66-361F-464A-8412-3818BB83CF07,FUNCTIONAL,PASSENGER CAR,PARKING,39.01821167,-77.013755,"(39.01821167, -77.013755)"
MCP2932000K,15047939,MONTGOMERY,Property Damage Crash,09/22/2015 12:49:00 AM,Maryland (State),CHERRY HILL RD,Ramp,RAMP 3 FR CHERRY HILL RD WB TO RAMP 2,,N/A,,SINGLE VEHICLE,RAINING,WET,DARK LIGHTS ON,N/A,ALCOHOL PRESENT,,CDFF87F7-3C04-490D-B995-7949C1B7CE5F,Yes,NO APPARENT INJURY,"RAIN, SNOW, WET",NOT DISTRACTED,MD,7E07306A-1890-4377-A23A-7E59B93967A4,DISABLING,PASSENGER CAR,ACCELERATING,39.06228833,-76.96357,"(39.06228833, -76.96357)"
MCP2396000V,15048464,MONTGOMERY,Injury Crash,09/24/2015 02:52:00 PM,Maryland (State),GEORGIA AVE,Unknown,ENT TO BUSINESS,,N/A,,STRAIGHT MOVEMENT ANGLE,CLEAR,DRY,DAYLIGHT,NO CONTROLS,NONE DETECTED,,991BE3E2-7201-44DC-9DC1-8C31A08B56B4,No,NO APPARENT INJURY,N/A,NOT DISTRACTED,MD,26B9E6E2-E5B6-4480-844D-4E528031D576,FUNCTIONAL,PICKUP TRUCK,STOPPED IN TRAFFIC LANE,39.08509595,-77.07860827,"(39.08509595, -77.07860827)"
MCP26890025,16044386,Montgomery County Police,Injury Crash,08/31/2016 10:12:00 AM,Maryland (State),VEIRS MILL RD,Municipality,VEIRS MILL SERV RD,,ROCKVILLE,,SAME DIRECTION LEFT TURN,CLEAR,DRY,DAYLIGHT,NO CONTROLS,NONE DETECTED,,36CC8B68-BDFB-4BFF-87B7-BD0F81C55E91,No,NO APPARENT INJURY,N/A,NOT DISTRACTED,MD,F098BDD7-53F2-435E-B406-DDC6EAA34DFF,SUPERFICIAL,"CARGO VAN/LIGHT TRUCK 2 AXLES (OVER 10,000LBS (4,536 KG))",MOVING CONSTANT SPEED,39.075915,-77.11833,"(39.075915, -77.11833)"
MCP2904001T,16007998,Montgomery County Police,Injury Crash,02/17/2016 04:01:00 PM,Maryland (State),UNIVERSITY BLVD E,County,LANGLEY DR,,N/A,,SAME DIR REAR END,CLEAR,DRY,DAYLIGHT,NO CONTROLS,NONE DETECTED,,5499E74A-1EC0-4D12-AE38-42FA8E6BEDDB,No,POSSIBLE INJURY,N/A,NOT DISTRACTED,MD,6DC78098-7887-4E9A-9EE1-1C3204A440FC,SUPERFICIAL,PASSENGER CAR,MOVING CONSTANT SPEED,39.00149167,-76.99477833,"(39.00149167, -76.99477833)"
EJ7847001W,16030084,Gaithersburg Police Depar,Property Damage Crash,06/14/2016 06:06:00 PM,,,,,"PARKING LOT OF 321 N. SUMMIT AVENUE, GAITHERSBURG",,,OTHER,CLEAR,,DAYLIGHT,NO CONTROLS,NONE DETECTED,,D5B6D41E-5516-4E4B-890B-67D56260A505,No,NO APPARENT INJURY,N/A,NOT DISTRACTED,MD,707577AA-7C95-470B-A4D9-8DB326FD2EDA,SUPERFICIAL,PASSENGER CAR,STOPPED IN TRAFFIC LANE,39.14860833,-77.17683833,"(39.14860833, -77.17683833)"
MCP2516000M,15062639,MONTGOMERY,Property Damage Crash,12/08/2015 10:07:00 AM,,,,,"2207 Bel Pre Rd. Silver Spring Md 20906
 McDonald's Parking lot.",,,OTHER,CLEAR,,DAYLIGHT,N/A,N/A,,81F7190A-2FA3-4E80-9429-894651B93EA0,No,NO APPARENT INJURY,N/A,NOT DISTRACTED,MD,DD577798-7AFE-4591-8474-A5C1C8997CC2,SUPERFICIAL,PASSENGER CAR,STOPPED IN TRAFFIC LANE,39.09093768,-77.04681337,"(39.09093768, -77.04681337)"