Report Number,Local Case Number,Agency Name,ACRS Report Type,Crash Date/Time,Route Type,Road Name,Cross-Street Type,Cross-Street Name,Off-Road Description,Municipality,Related Non-Motorist,Collision Type,Weather,Surface Condition,Light,Traffic Control,Driver Substance Abuse,Non-Motorist Substance Abuse,Person ID,Driver At Fault,Injury Severity,Circumstance,Driver Distracted By,Drivers License State,Vehicle ID,Vehicle Damage Extent,Vehicle Body Type,Vehicle Movement,Latitude,Longitude,Location
MCP30630009,170524584,Montgomery County Police,Injury Crash,08/13/2017 04:05:00 AM,Maryland (State),OLD COLUMBIA PIKE,Maryland (State),E RANDOLPH RD,,N/A,,STRAIGHT MOVEMENT ANGLE,CLEAR,DRY,DARK LIGHTS ON,TRAFFIC SIGNAL,NONE DETECTED,,6FB46130-328C-4586-87ED-E255814B814D,Yes,POSSIBLE INJURY,N/A,NOT DISTRACTED,MD,75380B6F-359A-4A5A-A3D9-3C53CF1B49DC,DISABLING,PASSENGER CAR,MOVING CONSTANT SPEED,39.06341848,-76.96589381,"(39.06341848, -76.96589381)"
MCP2951001V,16046273,Montgomery County Police,Injury Crash,09/09/2016 07:09:00 PM,Maryland (State),NORBECK RD,County,BARN RIDGE DR,,N/A,,OPPOSITE DIR BOTH LEFT TURN,CLEAR,DRY,DAYLIGHT,NO CONTROLS,NONE DETECTED,,83463D93-49DD-4DF7-A573-D26F6B6178A4,No,POSSIBLE INJURY,N/A,NOT DISTRACTED,MD,27051195-8279-4B44-A1E4-E7158C450B4C,DESTROYED,OTHER,MOVING CONSTANT SPEED,39.11970833,-77.04192167,"(39.11970833, -77.04192167)"
MCP2666001N,17000073,Montgomery County Police,Property Damage Crash,01/01/2017 05:08:00 AM,Maryland (State),NEW HAMPSHIRE AVE,County,VALLEY BROOK DR,,N/A,,SAME DIR REAR END,CLEAR,DRY,DARK LIGHTS ON,NO CONTROLS,ALCOHOL PRESENT,,D710B5EC-BA61-4134-85D7-D4490FD02210,Yes,NO APPARENT INJURY,N/A,UNKNOWN,MD,DC5B6CA6-BEBD-4CFA-B414-50BACA96934A,SUPERFICIAL,PASSENGER CAR,MOVING CONSTANT SPEED,39.059005,-76.99756167,"(39.059005, -76.99756167)"
DD5595002C,16010412,Rockville Police Departme,Property Damage Crash,03/02/2016 09:52:00 AM,County,DARNESTOWN RD,Maryland (State),W MONTGOMERY AVE,,N/A,,SAME DIR REAR END,CLOUDY,DRY,DAYLIGHT,TRAFFIC SIGNAL,NONE DETECTED,,564C9227-0C48-4228-84CA-CAED654C950C,No,NO APPARENT INJURY,N/A,NOT DISTRACTED,MD,39822963-FABB-4B32-8535-BD8924C441FE,FUNCTIONAL,PASSENGER CAR,STOPPED IN TRAFFIC LANE,39.09271733,-77.18292983,"(39.09271733, -77.18292983)"
MCP1563003Y,170520920,Montgomery County Police,Property Damage Crash,07/24/2017 05:31:00 PM,Maryland (State),BROOKVILLE RD,Maryland (State),EAST WEST HWY,,N/A,,SAME DIR REAR END,CLOUDY,DRY,DAYLIGHT,STOP SIGN,NONE DETECTED,,2ACE66D5-461C-4219-A464-72DF2C4C7A0A,Yes,NO APPARENT INJURY,N/A,NOT DISTRACTED,MD,E8DFA52F-CE86-49A6-811F-1F02A045ECDE,DISABLING,PASSENGER CAR,STARTING FROM LANE,38.98988833,-77.0696,"(38.98988833, -77.0696)"
MCP2212001Z,17002258,Montgomery County Police,Property Damage Crash,01/13/2017 02:30:00 PM,County,E RANDOLPH RD,Maryland (State),E RANDOLPH RD (AHEAD),,N/A,,SAME DIR REAR END,CLEAR,DRY,DAYLIGHT,TRAFFIC SIGNAL,NONE DETECTED,,FACB1FC4-0DBE-4A49-BD7E-BB26B0C80A52,Yes,NO APPARENT INJURY,"N/A, VISION OBSTRUCTION (INCL. BLINDED BY SUN)",NOT DISTRACTED,MD,A148B92F-428F-460A-BBE3-ECD1CE195BC6,DISABLING,PASSENGER CAR,MOVING CONSTANT SPEED,39.17382667,-77.06010333,"(39.17382667, -77.06010333)"
MCP137800BB,16035726,Montgomery County Police,Property Damage Crash,07/14/2016 07:08:00 PM,Municipality,E DIAMOND AVE,Municipality,N SUMMIT AVE,,GAITHERSBURG,,SAME DIR REAR END,CLEAR,DRY,DAYLIGHT,NO CONTROLS,NONE DETECTED,,426C71B2-94D5-4961-8DBF-C0A308ECBF31,Yes,NO APPARENT INJURY,N/A,OTHER DISTRACTION,MD,F6E12AAB-6BC2-4635-BC7F-F75968595C6A,DISABLING,(SPORT) UTILITY VEHICLE,ACCELERATING,39.142185,-77.19273,"(39.142185, -77.19273)"
MCP2339001B,16000471,Montgomery County Police,Injury Crash,01/03/2016 08:14:00 PM,County,NORWOOD RD,County,NORBECK RD,,N/A,,SAME DIR REAR END,CLEAR,DRY,DARK NO LIGHTS,TRAFFIC SIGNAL,NONE DETECTED,,CB84C037-E7C0-4D15-9925-94A02C5495F5,Yes,NO APPARENT INJURY,N/A,UNKNOWN,MD,8D9332D7-9C50-40C7-8D86-ADA182BFCD3C,DISABLING,PASSENGER CAR,SLOWING OR STOPPING,39.11929333,-77.02170833,"(39.11929333, -77.02170833)"
MCP28770048,170530944,Montgomery County Police,Property Damage Crash,09/16/2017 12:20:00 PM,Maryland (State),PINEY BRANCH RD,Government,SLIGO CREEK PKWY,,N/A,,HEAD ON LEFT TURN,CLEAR,DRY,DAYLIGHT,TRAFFIC SIGNAL,NONE DETECTED,,52B1CB1D-6748-4B04-A42B-FDFCBA77C018,Unknown,NO APPARENT INJURY,N/A,NOT DISTRACTED,MD,2E27606A-8DAF-490A-9F39-9D2E3A1EBB55,FUNCTIONAL,PASSENGER CAR,MOVING CONSTANT SPEED,38.99575833,-77.006105,"(38.99575833, -77.006105)"
MCP0936001Q,16035242,Montgomery County Police,Injury Crash,07/12/2016 11:46:00 AM,Maryland (State),CONNECTICUT AVE,Municipality,FRANKLIN ST,,CHEVY CHASE VIEW,,HEAD ON LEFT TURN,CLOUDY,DRY,DAYLIGHT,NO CONTROLS,NONE DETECTED,,FACF9363-1CC2-4627-B3C2-BC637C3FA09F,No,NO APPARENT INJURY,N/A,NOT DISTRACTED,MD,A8BF2BB7-6E63-4A84-80AD-B15C0D731CC9,DISABLING,PICKUP TRUCK,MOVING CONSTANT SPEED,38.99230458,-77.07604408,"(38.99230458, -77.07604408)"
MCP137800DF,16054236,Montgomery County Police,Property Damage Crash,10/21/2016 02:04:00 PM,Municipality,ODENDHAL AVE,Municipality,RUSSELL AVE,,GAITHERSBURG,,STRAIGHT MOVEMENT ANGLE,RAINING,WET,DAYLIGHT,TRAFFIC SIGNAL,NONE DETECTED,,C00593AC-2B9E-4441-8FBC-7957452A4F51,No,NO APPARENT INJURY,"RAIN, SNOW, WET",NOT DISTRACTED,MD,0E447267-DB79-49ED-B299-F9466D57FD3F,FUNCTIONAL,PASSENGER CAR,SLOWING OR STOPPING,39.15085167,-77.20359,"(39.15085167, -77.20359)"
MCP0251000Z,16042312,Montgomery County Police,Property Damage Crash,08/20/2016 03:30:00 PM,,,,,"PARKING LOT OF 19945 AIRCRAFT DRIVE, GERMANTOWN, MD.",,,OPPOSITE DIRECTION SIDESWIPE,CLEAR,,DAYLIGHT,NO CONTROLS,NONE DETECTED,,748237E0-292B-44CB-A1C2-990D1B0152B4,Yes,NO APPARENT INJURY,N/A,TALKING OR LISTENING TO CELLULAR PHONE,LA,5EB9E7FC-8D2D-4564-B0CF-CCCFC9DFAE9F,SUPERFICIAL,PASSENGER CAR,MOVING CONSTANT SPEED,39.18298333,-77.26125,"(39.18298333, -77.26125)"
MCP2984000D,16004638,Montgomery County Police,Injury Crash,01/28/2016 08:47:00 PM,Maryland (State),RIDGE RD,Other Public Roadway,HENDERSON CORNER RD,,N/A,,HEAD ON LEFT TURN,CLEAR,DRY,DARK LIGHTS ON,TRAFFIC SIGNAL,NONE DETECTED,,1D9E6111-9161-4D18-98E1-991F3A60267C,Yes,SUSPECTED MINOR INJURY,"DEBRIS OR OBSTRUCTION, VISION OBSTRUCTION (INCL. BLINDED BY SUN)",LOOKED BUT DID NOT SEE,MD,507118D9-CD8F-4757-82FD-5C83151441D1,DISABLING,PASSENGER CAR,MAKING LEFT TURN,39.20502167,-77.24363833,"(39.20502167, -77.24363833)"
MCP2473000Z,170514718,Montgomery County Police,Property Damage Crash,06/20/2017 11:05:00 AM,County,CHERRY HILL RD,Other Public Roadway,CALVERTON BLVD,,N/A,,HEAD ON LEFT TURN,CLEAR,DRY,DAYLIGHT,TRAFFIC SIGNAL,N/A,,9444FD23-A2B2-4124-8738-BE30FAC421B0,No,NO APPARENT INJURY,N/A,NOT DISTRACTED,MD,CA6CB35C-F092-407D-B2DF-01501ECE53B3,DISABLING,PASSENGER CAR,SLOWING OR STOPPING,39.05614333,-76.95432833,"(39.05614333, -76.95432833)"
MCP1568000C,16031997,Montgomery County Police,Property Damage Crash,06/24/2016 03:10:00 PM,Maryland (State),WHITES FERRY RD,County,BUDD RD,,N/A,,SAME DIR REAR END,CLEAR,DRY,DAYLIGHT,NO CONTROLS,NONE DETECTED,,465DD773-617B-4BF5-BE92-FE6C07B2EE36,Yes,NO APPARENT INJURY,N/A,UNKNOWN,MD,34E020FE-2D56-42DA-8230-B4C98825CF7F,DISABLING,PASSENGER CAR,SLOWING OR STOPPING,39.116515,-77.401175,"(39.116515, -77.401175)"
MCP2973000Y,15062871,MONTGOMERY,Injury Crash,12/09/2015 02:20:00 PM,County,ASPEN HILL RD,Maryland (State),CONNECTICUT AVE,,N/A,PEDESTRIAN,OTHER,CLOUDY,DRY,DAYLIGHT,OTHER,NONE DETECTED,NONE DETECTED,79E6EB7C-2F58-4977-B67B-C818BD505715,Yes,NO APPARENT INJURY,N/A,LOOKED BUT DID NOT SEE,MD,FED9F2F3-C3CD-4B7B-BE31-E7A0D2C48BB3,NO DAMAGE,PASSENGER CAR,MOVING CONSTANT SPEED,39.08028854,-77.07865119,"(39.08028854, -77.07865119)"
MCP25860030,170517852,Montgomery County Police,Property Damage Crash,07/07/2017 05:55:00 PM,County,CASTLE BLVD,County,BRIGGS CHANEY RD,,N/A,,OTHER,CLEAR,DRY,DAYLIGHT,NO CONTROLS,NONE DETECTED,,78A56E90-1DD4-4EA5-BD43-8BBE69E9CEAA,No,NO APPARENT INJURY,N/A,NOT DISTRACTED,MD,C75E6398-F631-42A3-B497-C9318C47531F,FUNCTIONAL,PASSENGER CAR,MAKING RIGHT TURN,39.08247263,-76.94379508,"(39.08247263, -76.94379508)"
MCP2094008K,170511281,Montgomery County Police,Property Damage Crash,06/02/2017 07:49:00 AM,Maryland (State),EAST WEST HWY,Maryland (State),CONNECTICUT AVE,,N/A,,SINGLE VEHICLE,CLEAR,DRY,DAYLIGHT,TRAFFIC SIGNAL,NONE DETECTED,,FD2B07EC-50E4-4C36-96A6-380B31D24B65,Yes,NO APPARENT INJURY,N/A,UNKNOWN,MD,C488C879-C211-4783-9D69-C30B42A89F33,FUNCTIONAL,PASSENGER CAR,OTHER,38.98824,-77.077055,"(38.98824, -77.077055)"
EJ7837001Q,170504901,Gaithersburg Police Depar,Property Damage Crash,04/29/2017 06:45:00 AM,Municipality,PHEASANT RUN DR,Municipality,RABBITT RD,,GAITHERSBURG,,SINGLE VEHICLE,CLEAR,DRY,DAWN,NO CONTROLS,N/A,,9B64C867-7D65-4685-9140-3C96E563BC9B,Yes,NO APPARENT INJURY,N/A,EATING OR DRINKING,MD,C4813611-22A5-4E0E-84A0-2937115F4639,SUPERFICIAL,PASSENGER CAR,MOVING CONSTANT SPEED,39.14531,-77.23395667,"(39.14531, -77.23395667)"
MCP2509000W,15052094,MONTGOMERY,Injury Crash,10/14/2015 08:03:00 AM,Maryland (State),UNIVERSITY BLVD E,Ramp,RAMP 4 FR MD 193 NB TO IS 495 EB,,N/A,,SAME DIR REAR END,CLEAR,DRY,DAYLIGHT,NO CONTROLS,NONE DETECTED,,70EA02FF-84B7-4AEA-BE3B-8A4AC9F1034E,No,SUSPECTED MINOR INJURY,N/A,NOT DISTRACTED,MD,5B1B8C8A-A191-405F-9AB7-CB40F292B82E,FUNCTIONAL,PASSENGER CAR,STOPPED IN TRAFFIC LANE,39.0142014,-77.0041493,"(39.0142014, -77.0041493)"
MCP2191001M,17002571,Montgomery County Police,Injury Crash,01/15/2017 08:56:00 AM,County,NICHOLSON LA,Maryland (State),ROCKVILLE PIKE,,N/A,,HEAD ON,CLEAR,WET,DAYLIGHT,NO CONTROLS,NONE DETECTED,,FED2E5D5-2AD8-4636-8723-2F27452B2EB1,No,NO APPARENT INJURY,"N/A, WET",NOT DISTRACTED,MD,048F693B-2D24-4DB2-8C34-EE1873D70C66,SUPERFICIAL,PASSENGER CAR,STOPPED IN TRAFFIC LANE,39.04473167,-77.11117333,"(39.04473167, -77.11117333)"
MCP1022006S,17016364,Montgomery County Police,Property Damage Crash,03/31/2017 01:47:00 PM,,,,,"SERVICE ROAD AT MILESTONE SHOPPING CENTER

20910 FREDERICK RD GERMANTOWN",,,STRAIGHT MOVEMENT ANGLE,RAINING,,DAYLIGHT,STOP SIGN,NONE DETECTED,,311184AC-3D32-4951-BD05-E0BAD1189D11,No,NO APPARENT INJURY,N/A,NOT DISTRACTED,MD,F45AB2F7-C197-4956-BD49-3D829B3F5B19,DISABLING,PICKUP TRUCK,MOVING CONSTANT SPEED,39.19904926,-77.25000009,"(39.19904926, -77.25000009)"
DD5606003T,16057564,Rockville Police Departme,Property Damage Crash,11/08/2016 08:41:00 AM,Maryland (State),HUNGERFORD DR,Municipality,MANNAKEE ST,,ROCKVILLE,,ANGLE MEETS LEFT TURN,CLEAR,DRY,DAYLIGHT,TRAFFIC SIGNAL,NONE DETECTED,,5808955E-458A-457B-8321-9820316FCA6D,No,NO APPARENT INJURY,N/A,NOT DISTRACTED,MD,2F8E5B35-6C6F-4201-B0DF-7406A84801AB,DISABLING,PASSENGER CAR,MOVING CONSTANT SPEED,39.09631667,-77.15332667,"(39.09631667, -77.15332667)"
EJ7846002B,170522907,Gaithersburg Police Depar,Property Damage Crash,08/04/2017 08:33:00 AM,Maryland (State),W DIAMOND AVE,Ramp,RAMP 7 FR MD 117 WB TO RAMP 6 (TO IS270),,N/A,,HEAD ON LEFT TURN,CLEAR,DRY,DAYLIGHT,NO CONTROLS,NONE DETECTED,,696EF0E9-9907-42FC-A631-73F3F6DBFDCD,Yes,NO APPARENT INJURY,N/A,NOT DISTRACTED,MD,55A9A62D-A887-4D6E-9C8C-3D3CE8B75FBA,FUNCTIONAL,(SPORT) UTILITY VEHICLE,MAKING LEFT TURN,39.14062667,-77.21414667,"(39.14062667, -77.21414667)"
MCP24870004,16024718,Montgomery County Police,Property Damage Crash,05/18/2016 03:31:00 PM,Municipality,TWINBROOK PKWY,Municipality,VEIRS MILL SERV RD,,ROCKVILLE,,SAME DIRECTION SIDESWIPE,CLOUDY,DRY,DAYLIGHT,TRAFFIC SIGNAL,NONE DETECTED,,ECC67468-C145-45D6-BA7B-D4FF70F1F297,No,NO APPARENT INJURY,N/A,NOT DISTRACTED,MD,B0623A1D-3416-4355-A73E-19373481335E,SUPERFICIAL,PASSENGER CAR,MOVING CONSTANT SPEED,39.07332774,-77.11199373,"(39.07332774, -77.11199373)"
MCP21990003,15013726,Montgomery County Police,Property Damage Crash,03/25/2015 10:14:00 AM,Maryland (State),RIDGE RD,County,DAVIS MILL RD,,N/A,,OPPOSITE DIRECTION SIDESWIPE,CLOUDY,DRY,DAYLIGHT,NO CONTROLS,NONE DETECTED,,FF8849B1-6F7C-478F-8D66-41339BDE4D3A,No,NO APPARENT INJURY,N/A,NOT DISTRACTED,MD,DFC0E47F-8D60-435A-A58C-800FA3A54FAB,FUNCTIONAL,PICKUP TRUCK,MOVING CONSTANT SPEED,39.23834,-77.23542167,"(39.23834, -77.23542167)"
MCP2592000D,15051424,MONTGOMERY,Injury Crash,10/10/2015 11:39:00 AM,County,GOSHEN RD,County,SEVERN RD,,N/A,,SAME DIR REAR END,CLEAR,DRY,DAYLIGHT,NO CONTROLS,NONE DETECTED,,733DAA9B-3E3A-4D9A-9B46-F75DDE40FF70,Yes,NO APPARENT INJURY,N/A,UNKNOWN,MD,F9FAC454-F414-4C72-96DD-25B927431BE5,SUPERFICIAL,PASSENGER CAR,MOVING CONSTANT SPEED,39.16320833,-77.19210167,"(39.16320833, -77.19210167)"
MCP2975000P,15045689,MONTGOMERY,Injury Crash,09/10/2015 07:57:00 AM,County,GRIDLEY RD,Maryland (State),VEIRS MILL RD,,N/A,,HEAD ON LEFT TURN,CLEAR,DRY,DAYLIGHT,TRAFFIC SIGNAL,NONE DETECTED,,E7E2C4D8-8987-456A-A16F-1CEE73E78734,No,NO APPARENT INJURY,"N/A, ROAD UNDER CONSTRUCTION/MAINTENANCE",NOT DISTRACTED,MD,C5AB0E8D-3B03-42B1-8274-E1B5BDA5C34D,FUNCTIONAL,VAN,STOPPED IN TRAFFIC LANE,39.05712333,-77.08454333,"(39.05712333, -77.08454333)"
MCP2556000V,16040944,Montgomery County Police,Injury Crash,08/12/2016 04:05:00 PM,County,SHADY GROVE RD,County,CRABBS BRANCH WAY,,N/A,,STRAIGHT MOVEMENT ANGLE,CLEAR,DRY,DAYLIGHT,TRAFFIC SIGNAL,NONE DETECTED,,6E17548A-FF14-4C65-B782-1B02EBDEE782,Yes,NO APPARENT INJURY,N/A,LOOKED BUT DID NOT SEE,MD,7191B422-37DD-463D-A738-93CAA79EE021,DISABLING,PASSENGER CAR,ACCELERATING,39.129045,-77.167645,"(39.129045, -77.167645)"
MCP2861002S,170522618,Montgomery County Police,Property Damage Crash,08/02/2017 06:00:00 PM,County,WESTLAKE DR,County,WESTLAKE TERR,,N/A,,SAME DIRECTION SIDESWIPE,CLEAR,DRY,DAYLIGHT,NO CONTROLS,NONE DETECTED,,39E7E50E-4C49-41DE-8665-8579952936A4,No,NO APPARENT INJURY,N/A,NOT DISTRACTED,VA,CE3BF90B-37C0-4446-BB2D-F4DD5E39527F,SUPERFICIAL,PASSENGER CAR,MOVING CONSTANT SPEED,39.0286919,-77.14715213,"(39.0286919, -77.14715213)"
MCP30100018,16040869,Montgomery County Police,Property Damage Crash,08/11/2016 10:00:00 PM,,,,,PARKING GARAGE OF 5405 TUCKERMAN LANE,,,OTHER,N/A,,DARK -- UNKNOWN LIGHTING,OTHER,N/A,,EB4D757A-B897-4F5E-9309-6DFD85B2717B,Yes,NO APPARENT INJURY,N/A,NOT DISTRACTED,,95A22FC5-CACC-4214-ADD3-16D466DE4605,UNKNOWN,PICKUP TRUCK,MOVING CONSTANT SPEED,39.02961077,-77.10852027,"(39.02961077, -77.10852027)"
MCP2986001Q,170504239,Montgomery County Police,Property Damage Crash,04/25/2017 10:39:00 PM,Maryland (State),NEW HAMPSHIRE AVE,County,OAKVIEW DR,,N/A,,SAME DIR REAR END,RAINING,WET,DARK LIGHTS ON,TRAFFIC SIGNAL,NONE DETECTED,,09126C38-9CDD-4F2F-97F1-CF06234E25EF,Yes,NO APPARENT INJURY,"RAIN, SNOW, WET",LOOKED BUT DID NOT SEE,MD,BCE3ADA1-D190-4C5D-BA17-AE780522A898,DISABLING,PASSENGER CAR,MOVING CONSTANT SPEED,39.01447667,-76.97797333,"(39.01447667, -76.97797333)"
MCP2539000X,170522641,Montgomery County Police,Injury Crash,08/02/2017 09:58:00 PM,Maryland (State),WISCONSIN AVE,County,N CHELSEA LA,,N/A,,SAME DIR REAR END,CLEAR,DRY,DARK NO LIGHTS,NO CONTROLS,NONE DETECTED,,4B8D09C9-04E2-44AE-B07B-9F84E7F48175,Yes,NO APPARENT INJURY,N/A,NOT DISTRACTED,DC,8DDC971F-0027-42E2-B073-38EF72A7175D,DISABLING,PASSENGER CAR,MOVING CONSTANT SPEED,38.99452,-77.09640333,"(38.99452, -77.09640333)"
MCP9424000Q,16005924,Montgomery County Police,Property Damage Crash,02/04/2016 09:38:00 PM,County,RIDGE RD,Maryland (State),FREDERICK RD,,N/A,,SAME DIR REAR END,CLEAR,DRY,DARK LIGHTS ON,N/A,ALCOHOL PRESENT,,DCEA9948-022B-49FC-AC13-F0D453243761,Yes,NO APPARENT INJURY,N/A,UNKNOWN,MD,D655EAF2-DF8F-484F-B956-F154D4AE5F64,SUPERFICIAL,PICKUP TRUCK,MOVING CONSTANT SPEED,39.20444333,-77.24720833,"(39.20444333, -77.24720833)"
MCP1151006F,170509770,Montgomery County Police,Property Damage Crash,05/25/2017 09:30:00 AM,Interstate (State),EISENHOWER MEMORIAL HWY,Unknown,STRUC #15038,,N/A,,SAME DIRECTION SIDESWIPE,RAINING,WET,DAYLIGHT,N/A,NONE DETECTED,,4BD0FEAA-CDB4-4A7A-B87F-802BCF1D83F7,No,NO APPARENT INJURY,"RAIN, SNOW, WET",NOT DISTRACTED,MD,23722024-5B22-4668-9F8F-4C017318CE10,DISABLING,PASSENGER CAR,STOPPED IN TRAFFIC LANE,39.23213667,-77.285435,"(39.23213667, -77.285435)"
MCP3040000W,170521844,Montgomery County Police,Injury Crash,07/29/2017 05:00:00 PM,County,E RANDOLPH RD,County,WITHAN DR,,N/A,,SINGLE VEHICLE,CLEAR,WET,DAYLIGHT,N/A,NONE DETECTED,,33D95119-0BDF-444D-9716-6D85C7AC6902,Yes,SUSPECTED MINOR INJURY,"N/A, WET",NOT DISTRACTED,MD,EE9D3A2A-C657-4C0E-AD41-DBA8559192E7,DESTROYED,PASSENGER CAR,MOVING CONSTANT SPEED,39.06525,-76.97737167,"(39.06525, -76.97737167)"
MCP2753002K,170509163,Montgomery County Police,Injury Crash,06/04/2017 11:24:00 AM,County,BAUGHMAN DR,Maryland (State),LAYHILL RD,,N/A,,SAME DIR REAR END,RAINING,WET,DAYLIGHT,STOP SIGN,NONE DETECTED,,352BB7B1-3CB7-45E3-908F-42B70EE71AA2,No,SUSPECTED MINOR INJURY,"N/A, WET",NOT DISTRACTED,MD,C9616AC7-0C72-4E6F-B1FD-87DD60C5DDF0,FUNCTIONAL,PASSENGER CAR,SLOWING OR STOPPING,39.09233,-77.06873167,"(39.09233, -77.06873167)"
DD5615002T,16062900,Rockville Police Departme,Injury Crash,12/07/2016 07:49:00 PM,Municipality,W GUDE DR,Unknown,SPUR FR MD 355,,N/A,,STRAIGHT MOVEMENT ANGLE,CLEAR,DRY,DARK NO LIGHTS,YIELD SIGN,NONE DETECTED,,A2252CDD-44C1-47AB-90D7-00B7E554A242,Yes,NO APPARENT INJURY,N/A,NOT DISTRACTED,MD,47B449AF-1930-4123-A8EC-66CC6CACBA2B,FUNCTIONAL,PASSENGER CAR,STARTING FROM LANE,39.106675,-77.15912667,"(39.106675, -77.15912667)"
MCP21210012,17514914,Montgomery County Police,Injury Crash,06/21/2017 10:43:00 AM,Maryland (State),DARNESTOWN RD,County,JERUSALEM RD,,N/A,,SAME DIR REAR END,CLEAR,DRY,DAYLIGHT,NO CONTROLS,NONE DETECTED,,E9CB1837-AEFB-4E3B-96B1-2284E0135E33,No,POSSIBLE INJURY,"N/A, VISION OBSTRUCTION (INCL. BLINDED BY SUN)",NOT DISTRACTED,MD,20BB5F3C-EA42-419D-B82C-F1C1AA31B40B,DESTROYED,"MEDIUM/HEAVY TRUCKS 3 AXLES (OVER 10,000LBS (4,536KG))",MOVING CONSTANT SPEED,39.17222,-77.403025,"(39.17222, -77.403025)"
MCP2773001H,15057199,MONTGOMERY,Injury Crash,11/09/2015 08:18:00 PM,Maryland (State),PINEY BRANCH RD,County,BARRON ST,,N/A,,SAME DIR REAR END,RAINING,WET,DARK LIGHTS ON,TRAFFIC SIGNAL,NONE DETECTED,,6FBD26B8-3F90-4E4B-9294-8E753C9C0FF1,Yes,NO APPARENT INJURY,"RAIN, SNOW, WET",NOT DISTRACTED,DC,7E00B0E4-9C66-4492-A6D5-034ECF092CA3,NO DAMAGE,PASSENGER CAR,SLOWING OR STOPPING,39.00309167,-76.99638,"(39.00309167, -76.99638)"
MCP2824002B,16048980,Montgomery County Police,Injury Crash,09/23/2016 04:20:00 PM,County,WILD OLIVE DR,County,DEVILWOOD DR,,N/A,,SINGLE VEHICLE,CLEAR,DRY,DAYLIGHT,NO CONTROLS,N/A,,D7F98705-70D1-496B-944D-A42B83269F75,Yes,SUSPECTED SERIOUS INJURY,N/A,NOT DISTRACTED,MD,2165E234-CB72-4997-8CBB-F8FEB787894B,SUPERFICIAL,MOTORCYCLE,MOVING CONSTANT SPEED,39.05437167,-77.17442833,"(39.05437167, -77.17442833)"
MCP2549004Q,15037473,MONTGOMERY,Injury Crash,07/29/2015 09:17:00 AM,Maryland (State),RIVER RD,County,HARRINGTON DR,,N/A,,SAME DIR REAR END,CLEAR,DRY,DAYLIGHT,NO CONTROLS,NONE DETECTED,,54E8B5F1-1FF4-4D09-B4D2-7EADF0CF4B73,No,NO APPARENT INJURY,N/A,NOT DISTRACTED,MD,7FCD1343-D0A1-4BAC-83B7-3AE204D399A5,SUPERFICIAL,(SPORT) UTILITY VEHICLE,SLOWING OR STOPPING,39.003635,-77.18419667,"(39.003635, -77.18419667)"
MCP2923001L,16013152,MONTGOMERY,Property Damage Crash,03/17/2016 01:40:00 PM,Maryland (State),GEORGIA AVE,County,RANDOLPH RD,,N/A,,SAME DIR REAR END,CLEAR,DRY,DAYLIGHT,TRAFFIC SIGNAL,N/A,,3190F4E3-49A4-4999-AF25-49FC9C95D948,No,NO APPARENT INJURY,N/A,NOT DISTRACTED,MD,A8C20ECB-F074-4D11-BA97-39B83D50FC71,NO DAMAGE,"MEDIUM/HEAVY TRUCKS 3 AXLES (OVER 10,000LBS (4,536KG))",STOPPED IN TRAFFIC LANE,39.05779932,-77.04987913,"(39.05779932, -77.04987913)"
DD5508002Q,16058001,Rockville Police Departme,Property Damage Crash,11/10/2016 02:02:00 PM,Municipality,PARK RD,Municipality,S STONESTREET AVE,,ROCKVILLE,,SAME DIRECTION SIDESWIPE,CLEAR,DRY,DAYLIGHT,TRAFFIC SIGNAL,NONE DETECTED,,40FACD60-33AD-49DB-8DAF-905009313CEC,No,NO APPARENT INJURY,N/A,NOT DISTRACTED,MD,CDE45C9C-A1D5-465F-A213-D67E87D1C499,FUNCTIONAL,POLICE VEHICLE/NON EMERGENCY,MAKING RIGHT TURN,39.08573667,-77.14561333,"(39.08573667, -77.14561333)"
MCP2633001B,17002468,Montgomery County Police,Property Damage Crash,01/14/2017 05:28:00 PM,Maryland (State),MONTGOMERY VILLAGE AVE,Municipality,RUSSELL AVE,,GAITHERSBURG,,STRAIGHT MOVEMENT ANGLE,RAINING,WET,DARK LIGHTS ON,TRAFFIC SIGNAL,NONE DETECTED,,10A7A51F-B797-4BFF-897A-606F2F251CF2,Unknown,NO APPARENT INJURY,"SLEET, HAIL, FREEZ. RAIN, WET",UNKNOWN,MD,4D604549-9FB6-45B2-B4C0-FCE57337F5D4,SUPERFICIAL,(SPORT) UTILITY VEHICLE,SLOWING OR STOPPING,39.15438517,-77.20927183,"(39.15438517, -77.20927183)"
MCP27640012,16029477,Montgomery County Police,Property Damage Crash,06/11/2016 07:35:00 PM,Maryland (State),VEIRS MILL RD,County,NEWPORT MILL RD,,N/A,,SAME DIR REAR END,CLEAR,DRY,DAYLIGHT,NO CONTROLS,NONE DETECTED,,FDC12C28-D715-46DD-A82F-716E0EA8FED8,No,NO APPARENT INJURY,N/A,NOT DISTRACTED,VA,62E7423C-1ADE-4227-B1C0-0ED34DB85201,SUPERFICIAL,PASSENGER CAR,STOPPED IN TRAFFIC LANE,39.04430333,-77.063375,"(39.04430333, -77.063375)"